serial,setting,dataset_name,method,acc_in1k,acc_mean,acc_std,acc_max,acc_min,acc_mean_logit,acc_std_logit,acc_max_logit,acc_min_logit,MSC_train,MSC_test,V_intra_train,V_intra_test,S_inter_train,S_inter_test,clustering_diversity_train,clustering_diversity_test,spectral_diversity_train,spectral_diversity_test,MSC_train_ft,MSC_test_ft,V_intra_train_ft,V_intra_test_ft,S_inter_train_ft,S_inter_test_ft,clustering_diversity_train_ft,clustering_diversity_test_ft,spectral_diversity_train_ft,spectral_diversity_test_ft,ada_ratio,MSC_train_matched,MSC_test_matched,V_intra_train_matched,V_intra_test_matched,S_inter_train_matched,S_inter_test_matched,clustering_diversity_train_matched,clustering_diversity_test_matched,spectral_diversity_train_matched,spectral_diversity_test_matched
23,ft_448,aircraft,hiresnet50.tv_in1k,76.13,93.0016508370837,0.9918436686915962,94.39093909390938,91.3906390639064,2.586942956559061,-4.603392010086843,2.8230617752665133,2.3622929637364667,-0.0093438423485979,-0.0194805817733577,0.1672665072738873,0.1606028305847258,0.1899501951237137,0.1864123420132005,0.0806655231704059,0.0809617400419287,0.0108684278093278,0.0098710344788038,0.4749282938086948,0.4037582590238123,0.0784691976515602,0.0781625027467912,0.1613199798776751,0.1433122972570213,0.0775595118856837,0.0750999082809224,0.0367382572820553,0.0192896254220098,1.0664796374733878,0.4749282938086948,0.4037582590238123,0.0784691976515602,0.0781625027467912,0.1613199798776751,0.1433122972570213,0.0775595118856837,0.0750999082809224,0.0367382572820553,0.0192896254220098
23,ft_448,aircraft,hiresnet50.tv2_in1k,80.85,93.15226522652264,0.7777914314599876,94.1029102910291,91.81968196819682,2.61031750722286,-4.84865873963389,2.769930014205981,2.4180956461185343,-0.0477791962590083,-0.052124488502696395,0.060553273659130505,0.059536797571484404,0.0785542338699688,0.0789318629500065,0.0713067992120726,0.0742572392557651,0.0109959168789478,0.0099875673932849,0.1861382527354349,0.1571257363611879,0.0338689426526996,0.0324770137056043,0.0498079760452942,0.0465657559451873,0.0709656283386752,0.0740013266509433,0.0222264454843333,0.0175224154625298,0.8349678127188818,0.1861382527354349,0.1571257363611879,0.0338689426526996,0.0324770137056043,0.0498079760452942,0.0465657559451873,0.0709656283386752,0.0740013266509433,0.0222264454843333,0.0175224154625298
23,ft_448,aircraft,hiresnet50.gluon_in1k,77.58,92.65841584158416,1.07806199121813,94.33993399339934,91.05910591059106,2.5353651386409646,-4.51916605753762,2.813469024098031,2.3208732169881934,-0.0660799506794523,-0.0852677152218784,0.028192672027948295,0.027605932040702504,0.0341513100344773,0.0342392278638411,0.0748551849626068,0.0766693691037735,0.013023374387278,0.0114322873359581,0.2655121086237274,0.2277602241429939,0.029883618362604496,0.0278837221223923,0.0489709871431159,0.0432274998170273,0.0730752537393162,0.0745827600890985,0.034682152649531,0.0222616649742396,1.163479843062789,0.2655121086237274,0.2277602241429939,0.029883618362604496,0.0278837221223923,0.0489709871431159,0.0432274998170273,0.0730752537393162,0.0745827600890985,0.034682152649531,0.0222616649742396
23,ft_448,aircraft,hiresnet50.in21k_miil,82.0,92.47317039396248,0.9265959478756574,93.90246716979392,90.6921461376907,2.508444634553923,-4.672098709584355,2.734372425006668,2.276612216633447,-0.1351229785536753,-0.1774894058118787,0.0448370014939421,0.0413880690871489,0.0481769643887815,0.0442498850345444,0.0730126535790598,0.0760256977201258,0.0005913619668437,0.0008516951270823,0.1734276524474806,0.1385825484230661,0.0015966764236595003,0.0014791161634995,0.0023622266147763,0.0020898902232242,0.0705608139690171,0.0738289439203354,0.0148006268562032,0.0112778166273854,1.0020159835853906,0.1734276524474806,0.1385825484230661,0.0015966764236595003,0.0014791161634995,0.0023622266147763,0.0020898902232242,0.0705608139690171,0.0738289439203354,0.0148006268562032,0.0112778166273854
23,ft_448,aircraft,hiresnet50.a1_in1k,80.38,91.62481248124813,1.8907668256788899,93.6018601860186,87.30873087308731,2.3924286458561403,-3.949099007507284,2.683042963016174,1.9285361811192607,-0.0389730781275197,-0.0405472218944288,0.0506240433009114,0.0497517215588865,0.0679582784305053,0.0678032389806196,0.0705670739850427,0.0737556505503144,0.0111778109119488,0.0099843836055611,-0.0043291446008133,-0.0479492557526361,0.0578257631994511,0.05698179925385459,0.068619980515713,0.0679109244235212,0.0707507011217948,0.074069297038784,0.0097886656697552,0.0094981418465668,2.063596938946918,-0.0043291446008133,-0.0479492557526361,0.0578257631994511,0.05698179925385459,0.068619980515713,0.0679109244235212,0.0707507011217948,0.074069297038784,0.0097886656697552,0.0094981418465668
23,ft_448,aircraft,hiresnet50.fb_swsl_ig1b_ft_in1k,81.18,92.76147614761476,1.390892446242189,94.27242724272426,90.44704470447044,2.5506141280655314,-4.261218037267798,2.8008969144392712,2.247913976406201,-0.0319978857191115,-0.0543090242431626,0.0701236887060024,0.0681776991717368,0.0761835795812475,0.0754113979614402,0.0713589660122863,0.0743980935534591,0.007187405314583001,0.006520663792232201,0.2648152302173157,0.18992753599696,0.0537724210305542,0.052616098257695997,0.0859578140679814,0.0797982303740012,0.0709750183627136,0.0738559682914046,0.0253461717198101,0.0172544743795439,1.4994289698762562,0.2648152302173157,0.18992753599696,0.0537724210305542,0.052616098257695997,0.0859578140679814,0.0797982303740012,0.0709750183627136,0.0738559682914046,0.0253461717198101,0.0172544743795439
23,ft_448,aircraft,hiresnet50.fb_ssl_yfcc100m_ft_in1k,79.22,92.57965796579657,1.2497987773144883,94.22892289228923,90.77707770777076,2.523844288753734,-4.369610881269809,2.792868434650561,2.2867148667996955,-0.0424776666843971,-0.1049501278534913,0.111853039201078,0.1099694013910126,0.1210213206757211,0.1209118779245788,0.0739088792067307,0.076104314072327,0.0076939768802660995,0.006910493421666999,0.2943572469826387,0.24336661636482543,0.0664766260327941,0.0649447308175616,0.1141601042335388,0.1029548793417602,0.0722812750400641,0.0739890428459119,0.0301448175182136,0.0188798713234235,1.3499712623438562,0.2943572469826387,0.24336661636482543,0.0664766260327941,0.0649447308175616,0.1141601042335388,0.1029548793417602,0.0722812750400641,0.0739890428459119,0.0301448175182136,0.0188798713234235
23,ft_448,aircraft,hiresnet50.in1k_supcon,79.1,92.88853885388538,1.206048722547598,94.38043804380438,90.2010201020102,2.569692538937591,-4.405686883380235,2.821080110434934,2.2197624481228373,-0.0303280560574141,-0.0509603908860176,0.099249088399508,0.0978076471275967,0.1296739643034917,0.1305625587006872,0.0740392962072649,0.0761174167976939,0.0095725777344061,0.0089578897744979,0.3189496876454628,0.2703372167805426,0.054682466791894604,0.052750797389693,0.0903517964730505,0.0815485827190589,0.0721352079994658,0.0743227528825995,0.0314725106940246,0.0211791078437049,1.2983827040758225,0.3189496876454628,0.2703372167805426,0.054682466791894604,0.052750797389693,0.0903517964730505,0.0815485827190589,0.0721352079994658,0.0743227528825995,0.0314725106940246,0.0211791078437049
23,ft_448,aircraft,hiresnet50.in1k_swav,75.3,93.12361236123613,0.9622341553151088,94.23042304230422,91.2001200120012,2.605834314218098,-4.633998703811918,2.7931443313986835,2.338318129336728,-0.0214945884336323,-0.0308730768659529,0.1668625504210624,0.1646086914294748,0.1789567774466011,0.1799764808345504,0.073078383747329,0.075631797038784,0.0111321423990795,0.0101122191210962,0.1065619903742004,0.0804504612842805,0.0890116432869349,0.0847167612702149,0.11102036635225461,0.104338480284013,0.0722291082398504,0.0745377194706498,0.0231260646206255,0.0206550129179684,1.0332869729993968,0.1065619903742004,0.0804504612842805,0.0890116432869349,0.0847167612702149,0.11102036635225461,0.104338480284013,0.0722291082398504,0.0745377194706498,0.0231260646206255,0.0206550129179684
23,ft_448,aircraft,hiresnet50.in1k_mocov3,74.6,93.28112811281127,0.7834255835696454,94.4959495949595,91.74617461746176,2.630697549850389,-4.841384282331995,2.8430727136704768,2.40834901691195,-0.0193861874340328,-0.0296022705840863,0.1210794683708933,0.117798540133827,0.1361671187185056,0.1354113057409123,0.0718994140625,0.0747903563941299,0.0111316728692215,0.0098512807404095,0.0841427815104041,0.0622741399281098,0.0640924992472054,0.0618391474469932,0.0764221926412128,0.0735409733197593,0.0706766242654914,0.0738191168763102,0.027360981079534795,0.021245436496892,0.8398543193240493,0.0841427815104041,0.0622741399281098,0.0640924992472054,0.0618391474469932,0.0764221926412128,0.0735409733197593,0.0706766242654914,0.0738191168763102,0.027360981079534795,0.021245436496892
23,ft_448,aircraft,hiresnet50.in1k_spark,80.6,88.90904475062891,2.06741297637511,92.05670567056706,85.17401740174017,2.08148394431684,-3.85798129865684,2.450076660996101,1.7483152047494743,-0.030379560384601,-0.0411482119486962,0.0412033037902584,0.0400857720303661,0.0446533075593326,0.0444608502486075,0.0703625801282051,0.0736553328092243,0.007245358867714,0.006880475946192401,0.1812726507896548,0.1556226005025493,0.0064919023984296,0.006397945619372,0.0092535622390926,0.0088924907464376,0.070335453392094,0.0736184813941299,0.0195029049467008,0.0131748412858765,2.325312325842401,0.1812726507896548,0.1556226005025493,0.0064919023984296,0.006397945619372,0.0092535622390926,0.0088924907464376,0.070335453392094,0.0736184813941299,0.0195029049467008,0.0131748412858765
23,ft_448,aircraft,hivit_base_patch16_224.orig_in21k,81.79,86.57565756575657,4.724455848127626,91.1131113111311,76.68466846684669,1.8639490270845225,-3.004020768228772,2.3275247065819102,1.1905906488862068,-0.0015720425653869999,0.007182414340931501,0.268563470302518,0.2656871700090706,0.3479610157586014,0.345562029230496,0.160320401531339,0.146486285814116,0.0459414483167422,0.0380867541586078,0.46319951255117264,0.387561114898445,0.3201796503150065,0.3480416109973707,0.7329639998056982,0.7213339761579808,0.1878936854522791,0.1376217461565339,0.072263604030013,0.0474533314974802,5.457025659365362,0.46319951255117264,0.387561114898445,0.3201796503150065,0.3480416109973707,0.7329639998056982,0.7213339761579808,0.1878936854522791,0.1376217461565339,0.072263604030013,0.0474533314974802
23,ft_448,aircraft,hideit_base_patch16_224.fb_in1k,81.99,89.24609127579424,3.789087560790437,92.95829582958297,80.66906690669066,2.116128333733422,-3.2344175451796255,2.5803007501002893,1.428648628262575,-0.0418005173537744,-0.0521157896144712,0.267153529999639,0.262429957960985,0.3652668954842434,0.3635905308721464,0.1317844662571225,0.12141094514325639,0.0472993830648752,0.0389285493384367,0.5034271686038694,0.4382475381963683,0.3359037876945828,0.3709516340450339,0.8009934583403957,0.792141722128343,0.1766493055555555,0.116459752795248,0.05223017978744619,0.027876728173321895,4.245662198337791,0.5034271686038694,0.4382475381963683,0.3359037876945828,0.3709516340450339,0.8009934583403957,0.792141722128343,0.1766493055555555,0.116459752795248,0.05223017978744619,0.027876728173321895
23,ft_448,aircraft,hivit_base_patch16_224_miil.in21k,84.27,86.31929859652631,6.104757964389749,92.25622562256224,72.48724872487249,1.8420670122336036,-2.733111253078979,2.477680552662047,0.9687610867982408,-0.0385154877119711,-0.0659226236034144,0.1220216520062194,0.11751560529421609,0.1340269826872652,0.1317037826067598,0.0779316350605413,0.0796607486023759,0.0210485661354584,0.0184660601728367,0.4923777744989943,0.4237698440551837,0.2781784534326685,0.3002571538809872,0.6446376872630258,0.6298580636071707,0.1180444266381766,0.0863000087351502,0.0562443705036854,0.0351739003785751,7.072297926011436,0.4923777744989943,0.4237698440551837,0.2781784534326685,0.3002571538809872,0.6446376872630258,0.6298580636071707,0.1180444266381766,0.0863000087351502,0.0562443705036854,0.0351739003785751
23,ft_448,aircraft,hideit3_base_patch16_224.fb_in1k,83.79,88.69420275360869,6.0918043576977805,93.59135913591358,73.55985598559856,2.0598789044549983,-2.735373343050066,2.681290847531683,1.023215980145951,-0.0678777811949441,-0.0623333755353633,0.1494866281330585,0.1465901321089981,0.2148454918092133,0.212823581375506,0.0971053685897436,0.0919658455625436,0.0304468244982835,0.027025693711244796,0.5778522858651517,0.5188487818306243,0.3179446056103926,0.3553203110946028,0.8288344209628618,0.8178453464708471,0.2007211538461538,0.10940448113207539,0.0521217913199693,0.019806775563168,6.868323034168007,0.5778522858651517,0.5188487818306243,0.3179446056103926,0.3553203110946028,0.8288344209628618,0.8178453464708471,0.2007211538461538,0.10940448113207539,0.0521217913199693,0.019806775563168
23,ft_448,aircraft,hideit3_base_patch16_224.fb_in22k_ft_in1k,85.7,88.02630263026303,9.443846719229876,94.1029102910291,63.63036303630363,1.9949233051091912,-2.260606747930239,2.769930014205981,0.5593564854576311,-0.0425556194854517,-0.0314423228479428,0.1558043996478454,0.1494234864573854,0.2476363060077885,0.243963834894963,0.0826697716346153,0.0797262622292103,0.031908009487849,0.026891660296692,0.5909812639113802,0.5315633865946182,0.2822650601300606,0.3118851596130651,0.7883755097073304,0.7786665982839194,0.134620949074074,0.0828649109014675,0.0447470576335222,0.0211561269730142,10.72843733866328,0.5909812639113802,0.5315633865946182,0.2822650601300606,0.3118851596130651,0.7883755097073304,0.7786665982839194,0.134620949074074,0.0828649109014675,0.0447470576335222,0.0211561269730142
23,ft_448,aircraft,hivit_base_patch16_224.in1k_mocov3,83.2,84.87653765376538,11.949833086665889,91.77767776777677,52.24122412241224,1.7249503667112418,-1.9971894199688196,2.412516427314339,0.08970907930639371,-0.013414209772604902,-0.0248000005128638,0.293765817939504,0.2891649221982583,0.3272101800561235,0.3257322851811708,0.1013816550925926,0.0963683612858141,0.0293768229774939,0.0234581120546508,0.301372460166882,0.2640851030807573,0.44223362381403286,0.45785827956525516,0.7400227750529909,0.7359203874573346,0.1677127849002849,0.1228462395178197,0.0643727225848497,0.0371927957302369,14.079076994649013,0.301372460166882,0.2640851030807573,0.44223362381403286,0.45785827956525516,0.7400227750529909,0.7359203874573346,0.1677127849002849,0.1228462395178197,0.0643727225848497,0.0371927957302369
23,ft_448,aircraft,hivit_base_patch16_224.dino,82.8,70.83164566456645,27.928261465822725,89.06240624062406,13.86888688868887,0.8872215075499029,-0.9480228596025603,2.0971314937927716,-1.8262227283890644,-0.0152117915698435,-0.013582534544512501,0.3320623634314897,0.3228619367079867,0.378215318600804,0.3737359460646964,0.1553054331374644,0.1368836259608665,0.0393674045992203,0.029393357113472303,0.6488854095286315,0.5477708769495333,0.2959441129442269,0.3652070652908728,0.9034069499193986,0.8926309778578927,0.2080286792200854,0.1102976502445842,0.0678107326324933,0.0310096867241949,39.42907326773271,0.6488854095286315,0.5477708769495333,0.2959441129442269,0.3652070652908728,0.9034069499193986,0.8926309778578927,0.2080286792200854,0.1102976502445842,0.0678107326324933,0.0310096867241949
23,ft_448,aircraft,hivit_base_patch16_clip_224.laion2b,85.47,66.89881488148815,26.44868751593093,89.5994599459946,20.10801080108011,0.7036121662746014,-1.0227767559277625,2.1534915595054156,-1.3795573044233385,0.0672011572380822,0.073005096811199,0.2676861960621097,0.2673453130481441,0.3895493713736038,0.3909869019497027,0.1113990718482906,0.1008418501048218,0.0331312007724474,0.0296454214075076,0.5947372195172979,0.4965460228147586,0.3373773213011124,0.40553486790237125,0.8669922927151255,0.8553058246210764,0.1565991697827635,0.1005524982529699,0.0673291692749048,0.0377421261004681,39.53536032407303,0.5947372195172979,0.4965460228147586,0.3373773213011124,0.40553486790237125,0.8669922927151255,0.8553058246210764,0.1565991697827635,0.1005524982529699,0.0673291692749048,0.0377421261004681
23,ft_448,aircraft,hivit_base_patch16_siglip_224.v2_webli,79.2,79.82233937679482,20.489602746484877,95.03750375037504,43.65436543654366,1.3752273246489601,-1.3559702217867988,2.952362699746667,-0.2552014801626152,-0.0404243830437297,-0.0781247434595497,0.49519258786170417,0.4787931861575069,0.5055722555171114,0.4935366278201691,0.2442985165153134,0.2344104865478686,0.0246466142722429,0.0248316813190028,0.2150423924396146,0.1948771330682103,0.1621704476072344,0.1561401103368184,0.2455676777443801,0.236252616896755,0.1870186743233617,0.1716306887665968,0.0441814272736127,0.0375632179795571,25.66900808276914,0.2150423924396146,0.1948771330682103,0.1621704476072344,0.1561401103368184,0.2455676777443801,0.236252616896755,0.1870186743233617,0.1716306887665968,0.0441814272736127,0.0375632179795571
23,ft_448,aircraft,hivit_base_patch16_224.mae,83.6,77.03620362036204,19.107162152338756,90.35403540354037,39.71497149714971,1.21035658291481,-1.443062042651773,2.2371960288061032,-0.4173555569707825,-0.0422818265730992,-0.0374943215193824,0.043584287036777,0.0418551444315798,0.0463502996926592,0.045790785720173,0.0710219684829059,0.0741357660726764,0.0178309239638157,0.0159478683329228,0.4759995169898109,0.3422216294996713,0.21689743174012072,0.2651149362814844,0.5031027988157005,0.49023478105822116,0.1914535478988604,0.1281408324598183,0.061938997119283,0.0326866411000677,24.802834582165715,0.4759995169898109,0.3422216294996713,0.21689743174012072,0.2651149362814844,0.5031027988157005,0.49023478105822116,0.1914535478988604,0.1281408324598183,0.061938997119283,0.0326866411000677
23,ft_448,cars,hiresnet50.tv_in1k,76.13,92.7279825042996,2.165438342863365,94.46677242546583,86.95466223409903,2.5456365251371054,-3.8106550969942035,2.837476864647737,1.8969560484579688,0.0457903820642263,0.0468863094132693,0.1836552343813144,0.1817285908412871,0.1900754476567027,0.1888584430348667,0.0846038044072615,0.0799378284193928,0.0314245433729934,0.0275604495749114,0.1856659414112046,0.1564820257176829,0.2408437540312925,0.23211833804192442,0.2747209396755939,0.2566616366124257,0.0864022856517935,0.0743343668168204,0.0489817725743834,0.031008602075633503,2.3352587691239353,0.1856659414112046,0.1564820257176829,0.2408437540312925,0.23211833804192442,0.2747209396755939,0.2566616366124257,0.0864022856517935,0.0743343668168204,0.0489817725743834,0.031008602075633503
23,ft_448,cars,hiresnet50.tv2_in1k,80.85,93.1894467682396,0.6448392594186547,93.99704562895649,92.40556780645532,2.6161611281741277,-5.037455116145382,2.751011609081652,2.4987718617850936,0.057895341801132406,0.0637941827127025,0.074188032607941,0.0742015332496827,0.0807128612457073,0.0814031556830245,0.0719033655949256,0.0712839270087269,0.0329899333828077,0.0287136690957205,0.0613598266017635,0.0677568750603697,0.0510789216450114,0.050866540602981104,0.05324744499848309,0.0525415956911825,0.0710737573818897,0.0707765425713533,0.0396049433923143,0.030755316868187797,0.69196597016222,0.0613598266017635,0.0677568750603697,0.0510789216450114,0.050866540602981104,0.05324744499848309,0.0525415956911825,0.0710737573818897,0.0707765425713533,0.0396049433923143,0.030755316868187797
23,ft_448,cars,hiresnet50.gluon_in1k,77.58,92.41565634658959,2.274072033506542,94.43328550932569,86.39448436518938,2.5002103283987376,-3.7605948354954655,2.8310885898800118,1.8484485634990402,0.0407403761996582,0.0469521391822906,0.0444013113429931,0.0436509207532158,0.0469585891149317,0.0464234553918675,0.0773432373687663,0.0748342213007323,0.0337094990756568,0.028913490119434497,0.1127453643950012,0.10093071557799309,0.050790691938819,0.0486941643500251,0.05514024831134799,0.0515208491663948,0.0749936775481189,0.071896961839162,0.0473002084479557,0.0335381193056939,2.46069997596296,0.1127453643950012,0.10093071557799309,0.050790691938819,0.0486941643500251,0.05514024831134799,0.0515208491663948,0.0749936775481189,0.071896961839162,0.0473002084479557,0.0335381193056939
23,ft_448,cars,hiresnet50.in21k_miil,82.0,92.87175785077088,0.6534712773549989,93.81323157840455,91.70252456162169,2.567154932544186,-5.024070727408299,2.7188930216565392,2.4025986050600654,-0.0387084365991207,-0.0597557105064049,0.0411438285643651,0.0385681205370575,0.0374703774005213,0.0352491047479353,0.0718256165244969,0.071721935054792,0.0006850964910402,0.0009447816049768,0.0959035148347546,0.0846409802634386,0.0029389270270269,0.0027760767363009,0.0031522925571793,0.0029319219947742,0.0710669222987751,0.0709866671304361,0.0222410501868236,0.0173126640360033,0.7036275531739327,0.0959035148347546,0.0846409802634386,0.0029389270270269,0.0027760767363009,0.0031522925571793,0.0029319219947742,0.0710669222987751,0.0709866671304361,0.0222410501868236,0.0173126640360033
23,ft_448,cars,hiresnet50.a1_in1k,80.38,91.84256296237878,1.4744419616981597,93.3072879541132,88.57762503753628,2.421145807889123,-4.202036399836514,2.6348790379052676,2.0483051388423767,0.0689743497936935,0.0763183330608041,0.0618769197695449,0.06091831210713709,0.0731216536985073,0.072723154642267,0.0705517279090113,0.0704901522911558,0.0295438802559075,0.0258906878649242,0.0363039599050538,0.0494662768260168,0.0788255563968982,0.0755354713605081,0.0804720718055216,0.076670009922783,0.0719025112095363,0.0717420569387985,0.0191032587015253,0.0171136287528844,1.6054015852128727,0.0363039599050538,0.0494662768260168,0.0788255563968982,0.0755354713605081,0.0804720718055216,0.076670009922783,0.0719025112095363,0.0717420569387985,0.0191032587015253,0.0171136287528844
23,ft_448,cars,hiresnet50.fb_swsl_ig1b_ft_in1k,81.18,91.23982880420769,4.419370663395221,94.52403990524174,81.1366745429673,2.343276073434525,-3.073972875419873,2.8484865725775363,1.4589154878095008,0.0473620374143917,0.053055518082151795,0.0885100985178504,0.0895701384089781,0.0966210682971864,0.0979513893717319,0.0723929284230096,0.0714884539873424,0.0242294631018413,0.0211976936293972,0.10774823802325231,0.0962728343765576,0.1057956482955295,0.102705645175265,0.1133414616417815,0.1082001049328372,0.072307489884077,0.0707898906478524,0.0373665501224243,0.0276194594445682,4.8436858347014065,0.10774823802325231,0.0962728343765576,0.1057956482955295,0.102705645175265,0.1133414616417815,0.1082001049328372,0.072307489884077,0.0707898906478524,0.0373665501224243,0.0276194594445682
23,ft_448,cars,hiresnet50.fb_ssl_yfcc100m_ft_in1k,79.22,92.34589193796428,2.2727927875247103,94.5668085209642,86.6749372878631,2.4902987167607677,-3.761170619213967,2.856779842540152,1.872518091646246,0.0289155302082528,0.0361785827498549,0.1659447931113288,0.1651477208169544,0.1664646588352902,0.1664982559928559,0.0766375150371828,0.0741783381995526,0.0236448738577328,0.0207814709652983,0.1252034861033185,0.11386142350865561,0.1323589440755418,0.1292936747241921,0.1442075715407429,0.1379663929670462,0.0753388492454068,0.0711594884891061,0.0426772550980406,0.029800704015152703,2.4611736806348863,0.1252034861033185,0.11386142350865561,0.1323589440755418,0.1292936747241921,0.1442075715407429,0.1379663929670462,0.0753388492454068,0.0711594884891061,0.0426772550980406,0.029800704015152703
23,ft_448,cars,hiresnet50.in1k_supcon,79.1,92.57601135643242,2.476689064330957,94.8117119275906,86.59170531513796,2.523313585674307,-3.673168822454741,2.905489153578678,1.8653305076161895,0.064162448607208,0.0676855176229815,0.1503917262364579,0.1519819891450568,0.1649612706496804,0.1681312665313353,0.0773671601596675,0.0745444388657676,0.0280715391978504,0.0247136127085439,0.11975804831592991,0.1043314181471063,0.1151532904532522,0.1120543597745736,0.12304689566443952,0.11786873859026122,0.0756216508092738,0.071751109686196,0.0438951116025917,0.0323776619893217,2.67530327569991,0.11975804831592991,0.1043314181471063,0.1151532904532522,0.1120543597745736,0.12304689566443952,0.11786873859026122,0.0756216508092738,0.071751109686196,0.0438951116025917,0.0323776619893217
23,ft_448,cars,hiresnet50.in1k_swav,75.3,93.03785780800227,0.6673515338553538,94.1417916106782,91.67589275693776,2.5925192703293214,-5.002912637814874,2.7769582459037663,2.3991036601457756,-0.0004256199298499,0.0053145289844906,0.1876846406399496,0.1826068508131823,0.1783040035373597,0.1743210496481842,0.0753875492125984,0.0738407610390588,0.0216502903366652,0.0199833300910771,0.10906287713209159,0.0879717114973802,0.1414866625102233,0.1398080204957948,0.1506804590761421,0.1465514338409012,0.0730738735783027,0.0719124628312255,0.0116508474617492,0.0116580379979004,0.7172903048053136,0.10906287713209159,0.0879717114973802,0.1414866625102233,0.1398080204957948,0.1506804590761421,0.1465514338409012,0.0730738735783027,0.0719124628312255,0.0116508474617492,0.0116580379979004
23,ft_448,cars,hiresnet50.in1k_mocov3,74.6,93.26304518610415,0.4636691934285988,94.01591235163689,92.49753549643442,2.6278159286958216,-5.369106637472987,2.754360160595855,2.511950433841288,0.0091188096279074,0.0133724601085722,0.1421768353595702,0.1400472157788407,0.1384524735801695,0.1369484988340024,0.0732165559383202,0.0722200567042253,0.0256091802432311,0.0228734516080409,0.1109350500411731,0.0967006703429949,0.0965182269371902,0.0953126945539657,0.10754218016923281,0.10406380103827902,0.071689769247594,0.0708514640329935,0.0363203016967754,0.029324272026618296,0.4971628285387403,0.1109350500411731,0.0967006703429949,0.0965182269371902,0.0953126945539657,0.10754218016923281,0.10406380103827902,0.071689769247594,0.0708514640329935,0.0363203016967754,0.029324272026618296
23,ft_448,cars,hiresnet50.in1k_spark,80.6,88.97934670181175,4.6102223608404245,92.81159666465462,79.00946672692693,2.0886331983471607,-3.0296953297826965,2.5581025163779993,1.3254961377103651,0.0031743845346623003,0.0015539746455441,0.0582648800091378,0.0584575721069593,0.05414366834737659,0.0545187238690001,0.0704141718613298,0.070441496399401,0.0255302946691907,0.0238218697763624,0.1449849366851765,0.1205815637119266,0.013706280431047702,0.0133822206534237,0.0151348850390984,0.014311175631116998,0.0703757245188101,0.070410494415274,0.0374267420724151,0.027014899939771596,5.181227477754176,0.1449849366851765,0.1205815637119266,0.013706280431047702,0.0133822206534237,0.0151348850390984,0.014311175631116998,0.0703757245188101,0.070410494415274,0.0374267420724151,0.027014899939771596
23,ft_448,cars,hivit_base_patch16_224.orig_in21k,81.79,86.37326520013117,6.459857718436955,91.97575838462028,71.41121265708367,1.8466445401672478,-2.672783380831605,2.4390578847145807,0.9154403070244632,0.0779928723656331,0.0840019164364693,0.3819648908259081,0.3777420850367439,0.4277468269517243,0.4281910698361974,0.1718374070428696,0.1533239532027429,0.0552491556237063,0.0486277390724767,0.2407161386781481,0.21469780114399742,0.5844716374620544,0.5965570761575562,0.7151559800434606,0.7038129828608309,0.2741380960192476,0.1972469733997935,0.0906600460918556,0.0524971316415796,7.479001405665447,0.2407161386781481,0.21469780114399742,0.5844716374620544,0.5965570761575562,0.7151559800434606,0.7038129828608309,0.2741380960192476,0.1972469733997935,0.0906600460918556,0.0524971316415796
23,ft_448,cars,hideit_base_patch16_224.fb_in1k,81.99,86.9414103667215,13.013781564703393,93.5240429384769,52.44863974569356,1.8957883210380995,-1.8997407810243214,2.67012214157348,0.09802400479827422,0.0752990578644749,0.0806944656551259,0.47464748355986935,0.4682136068970223,0.5396455514905776,0.5365742915535148,0.1664752843394575,0.145601798641581,0.0522836727967725,0.0448673890617789,0.24663146884160678,0.2098697843698884,0.6363183144653776,0.65701849997203,0.7973537365973596,0.7885138181201377,0.2463944936570428,0.164833964911243,0.0699876250400943,0.0353454902137398,14.96845002837068,0.24663146884160678,0.2098697843698884,0.6363183144653776,0.65701849997203,0.7973537365973596,0.7885138181201377,0.2463944936570428,0.164833964911243,0.0699876250400943,0.0353454902137398
23,ft_448,cars,hivit_base_patch16_224_miil.in21k,84.27,78.45016849621301,21.12161565689238,92.2222997382318,35.34525799181633,1.292095629323947,-1.3176102728008794,2.472941265669727,-0.603897212614458,-0.034531498780003,-0.0208455871483278,0.1692801353313437,0.1699267885279455,0.1548082963863133,0.1558710932577373,0.0834814268008165,0.0804961336857085,0.027759513438842996,0.0243004769796416,0.2397567614325382,0.2132531491330854,0.5549079778980691,0.5643273619882913,0.6731764611912117,0.6607630457716633,0.2663324311023622,0.1889074956804461,0.0823242365531721,0.0431959762302025,26.92360776498775,0.2397567614325382,0.2132531491330854,0.5549079778980691,0.5643273619882913,0.6731764611912117,0.6607630457716633,0.2663324311023622,0.1889074956804461,0.0823242365531721,0.0431959762302025
23,ft_448,cars,hideit3_base_patch16_224.fb_in1k,83.79,85.43962193756994,16.741425230612506,93.23279169864202,41.032695241764,1.7695059420564287,-1.604064923127921,2.6230108633577776,-0.36261393982899626,0.1368965727319719,0.1511214985997591,0.2819338093434811,0.2768230648195721,0.37255786471702,0.3718575127161045,0.1297982283464566,0.110592871078347,0.0457100594450482,0.0397121745048376,0.3213109142321301,0.3049601417845727,0.5548629573423515,0.5592003275205593,0.7640798419662536,0.7516621044773519,0.2054751294109069,0.1195876892941383,0.05665382081911631,0.0249120257203541,19.594451439456666,0.3213109142321301,0.3049601417845727,0.5548629573423515,0.5592003275205593,0.7640798419662536,0.7516621044773519,0.2054751294109069,0.1195876892941383,0.05665382081911631,0.0249120257203541
23,ft_448,cars,hideit3_base_patch16_224.fb_in22k_ft_in1k,85.7,85.57112953295929,16.833201833067278,93.63390671588596,40.904571388706046,1.780116861437902,-1.5974949720020393,2.6884065868824845,-0.36791174465969395,0.1651311070732667,0.1841830686125604,0.339099107154151,0.330291005203652,0.4453426064960486,0.4446249969309545,0.1114938757655293,0.0936760517262084,0.0478503214014483,0.0389152585119797,0.2636811002268755,0.24744564963726862,0.654121815185353,0.6593378509622125,0.8300298739488021,0.8214194982191036,0.21304726232137644,0.1228963599469824,0.0731078372226925,0.0325361467385418,19.671590085279476,0.2636811002268755,0.24744564963726862,0.654121815185353,0.6593378509622125,0.8300298739488021,0.8214194982191036,0.21304726232137644,0.1228963599469824,0.0731078372226925,0.0325361467385418
23,ft_448,cars,hivit_base_patch16_224.in1k_mocov3,83.2,80.78069406486875,21.60636933569644,92.99092152717324,35.656771242504114,1.435822710842401,-1.2887545346541935,2.585295636936459,-0.5902926377910848,0.0084962210446098,0.011478763217706,0.3836097675863776,0.3794096262777422,0.3671302841369149,0.363137046046915,0.1149592629046369,0.10484429946606008,0.0386377196768763,0.0342760088030623,0.1607888875816213,0.1419698608490557,0.568405764156213,0.5786246593200842,0.6643357852354623,0.6594896786448537,0.16739802055993,0.12251932316983552,0.061896325878583805,0.0388872131074547,26.74694688602951,0.1607888875816213,0.1419698608490557,0.568405764156213,0.5786246593200842,0.6643357852354623,0.6594896786448537,0.16739802055993,0.12251932316983552,0.061896325878583805,0.0388872131074547
23,ft_448,cars,hivit_base_patch16_224.dino,82.8,62.14492949244876,34.77538027969598,90.08320164037356,4.312532417700747,0.49570429550909995,-0.6289273275475558,2.2065035827509614,-3.0995620351534154,0.0009142763608426,0.0058956097761727,0.41387273342242137,0.41053228762875343,0.4002543489818099,0.3964891894766382,0.1602246008311461,0.1393805937997376,0.0512015663498029,0.041839138974273,0.43963011159792825,0.3978889183185095,0.4969145424550276,0.5129131919792084,0.844046145733852,0.8305269895354593,0.21688914862204717,0.12290830425252,0.062613759688505,0.0347625774050515,55.95851594605404,0.43963011159792825,0.3978889183185095,0.4969145424550276,0.5129131919792084,0.844046145733852,0.8305269895354593,0.21688914862204717,0.12290830425252,0.062613759688505,0.0347625774050515
23,ft_448,cars,hivit_base_patch16_clip_224.laion2b,85.47,63.967357839851246,34.33823353042006,90.99845001683444,5.837400396140511,0.5739476651972891,-0.6482574014304456,2.313445690730026,-2.7807375108483696,0.11927645638651821,0.1264992290209356,0.4661551004933545,0.4615976611674267,0.5324194907849374,0.5322448112681718,0.1778124088655584,0.1463363524280911,0.0371942130599434,0.028879839946668602,0.2148841861546607,0.2047994932600401,0.7015546433481868,0.7011825929849141,0.8321001821404707,0.8221474106311529,0.1546483121901428,0.0921378548172882,0.0440366711281728,0.0221571088546798,53.680868946298055,0.2148841861546607,0.2047994932600401,0.7015546433481868,0.7011825929849141,0.8321001821404707,0.8221474106311529,0.1546483121901428,0.0921378548172882,0.0440366711281728,0.0221571088546798
23,ft_448,cars,hivit_base_patch16_siglip_224.v2_webli,79.2,78.83664057073352,28.500390685968974,95.57511655206092,10.973880812057716,1.3151065130689623,-0.919774190085347,3.0726685604002455,-2.093411823059873,-0.0024212916783825,-0.0021159674545047,0.60497761398191,0.6025934265438003,0.5421285874824139,0.5412379199992619,0.3498366415135607,0.3449036266776358,0.030479201416331,0.0317256333966734,0.0118432699229153,0.0153761548895105,0.22774912729257019,0.21526778339072022,0.21499120694962484,0.2026562544367462,0.3159961450131233,0.3054279769298189,0.0510759287540681,0.0495407623509881,36.15119883298167,0.0118432699229153,0.0153761548895105,0.22774912729257019,0.21526778339072022,0.21499120694962484,0.2026562544367462,0.3159961450131233,0.3054279769298189,0.0510759287540681,0.0495407623509881
23,ft_448,cars,hivit_base_patch16_224.mae,83.6,82.18192737828385,21.572423857504752,93.21410697007106,29.156972952642096,1.5287221582706838,-1.2907597762381358,2.620053169686196,-0.8877724492226303,-0.0358608114359597,-0.0402106083899394,0.0706948206400815,0.06902342073575,0.0650409032023344,0.0636828005329831,0.0718538112423446,0.0713547491791055,0.0162792559370906,0.0178890391474678,0.2553161393764164,0.22171301416644923,0.4794644385253154,0.4917785503900528,0.62160095043718,0.6085291478107586,0.1532482593321668,0.1069329426243171,0.0538749548550352,0.0330711741926808,26.249595921749037,0.2553161393764164,0.22171301416644923,0.4794644385253154,0.4917785503900528,0.62160095043718,0.6085291478107586,0.1532482593321668,0.1069329426243171,0.0538749548550352,0.0330711741926808
23,ft_448,cub,hiresnet50.tv_in1k,76.13,85.53823748294361,2.728920157315467,88.74209754011224,79.17064912596764,1.7774553995423823,-3.573595734140743,2.064664059656297,1.3352425465356383,0.0938597550014664,0.0896144282376461,0.2130215578608944,0.20917775282734832,0.2677915215099414,0.2648402051007559,0.0943462048237753,0.0871324791936005,0.027468918151752904,0.0247462891697228,0.3974858672258262,0.3135585645187462,0.094270065638445,0.0824763581439109,0.1612959537269395,0.1278140245693472,0.0835235121714456,0.0751819858552395,0.0443879639509544,0.0269974753424361,3.1902927130800602,0.3974858672258262,0.3135585645187462,0.094270065638445,0.0824763581439109,0.1612959537269395,0.1278140245693472,0.0835235121714456,0.0751819858552395,0.0443879639509544,0.0269974753424361
23,ft_448,cub,hiresnet50.tv2_in1k,80.85,86.3373430681829,1.7454780321623902,88.94508263115985,83.12397630740413,1.8435958770036078,-4.030532812736983,2.0851437904603025,1.594439285617697,0.0944622283846095,0.0851130295724339,0.0869660538346771,0.0858383130690421,0.1233292415341896,0.12152907593106019,0.0750354689366786,0.0730779190682683,0.0283422655956719,0.0241095216555909,0.1692936796152002,0.10248858467056161,0.0499323703596703,0.048537484814515,0.0698225639745345,0.0626784173802984,0.0726786514336917,0.0715885613059326,0.0334104607582733,0.0273844535861696,2.0216953291971698,0.1692936796152002,0.10248858467056161,0.0499323703596703,0.048537484814515,0.0698225639745345,0.0626784173802984,0.0726786514336917,0.0715885613059326,0.0334104607582733,0.0273844535861696
23,ft_448,cub,hiresnet50.gluon_in1k,77.58,84.44693438878247,2.8804216477969082,87.4383721585869,77.13949173963448,1.691865577081841,-3.5180062968715493,1.940287469177339,1.2162044722227603,0.0653270839934681,0.0702662969333884,0.0432491353511021,0.0432236751776949,0.0577914958557957,0.0575895965611814,0.0843845672789725,0.0796054499524168,0.0277859633488039,0.0242300262817969,0.2467500805234845,0.1854851032548,0.0449351847461458,0.0402530155673474,0.070214889528902,0.05535162379069479,0.0802426355286738,0.0756423863615959,0.0339888590638355,0.027006312754455496,3.4109250603886103,0.2467500805234845,0.1854851032548,0.0449351847461458,0.0402530155673474,0.070214889528902,0.05535162379069479,0.0802426355286738,0.0756423863615959,0.0339888590638355,0.027006312754455496
23,ft_448,cub,hiresnet50.in21k_miil,82.0,87.01202960485269,2.2637511714943344,89.09994311745517,82.33440454023184,1.902022805578552,-3.765249264306321,2.1009906882605844,1.5391700697924038,-0.1176163486830738,-0.1095000876332342,0.057125641101603696,0.05489655793564589,0.055086871966620196,0.0528145487760633,0.0763153841845878,0.0755853623500682,0.0012513421155432,0.0012406072282529,0.2070261194462127,0.2051027788767851,0.0021799907430675,0.0022261711169433,0.0032539576357112,0.0031731829135517994,0.0717814273446833,0.071556647498743,0.0106287785675576,0.0085066998234161,2.6016531067884485,0.2070261194462127,0.2051027788767851,0.0021799907430675,0.0022261711169433,0.0032539576357112,0.0031731829135517994,0.0717814273446833,0.071556647498743,0.0106287785675576,0.0085066998234161
23,ft_448,cub,hiresnet50.a1_in1k,80.38,85.12771145311746,2.33554946734152,87.63963820245425,79.86706951964321,1.7446529643150759,-3.7332904479424025,1.958738663247574,1.3780068148107816,0.1113512054581727,0.11331256783707319,0.0627738023380453,0.0629980773680761,0.10500003627926471,0.10527771781714682,0.0711350526433691,0.070740285296811,0.0251636697800569,0.0226227672627339,0.074073033166612,0.05169145991497039,0.0426931705282888,0.0383761961138858,0.061011223066439704,0.0523718068879918,0.0723963000298685,0.0717745732106945,0.01866288326921,0.0185969898497665,2.7435830559450447,0.074073033166612,0.05169145991497039,0.0426931705282888,0.0383761961138858,0.061011223066439704,0.0523718068879918,0.0723963000298685,0.0717745732106945,0.01866288326921,0.0185969898497665
23,ft_448,cub,hiresnet50.fb_swsl_ig1b_ft_in1k,81.18,83.92094720874871,4.65182784903272,87.90327127802219,72.4132121840563,1.6523578950694557,-3.020274933797696,1.983301957408294,0.9650518156849986,0.0738568433559889,0.0749826102455659,0.0925236549867862,0.0912653630656078,0.12089586998198329,0.1200361678949468,0.0735163717144563,0.0721962563070099,0.0229199223460689,0.0205631704775841,0.24791329030076267,0.195672958754067,0.0402135680318954,0.0340226419145993,0.05744011116270921,0.0446856045610398,0.071403403151135,0.0708499846252603,0.0321208116027616,0.0240440940136437,5.543106940227396,0.24791329030076267,0.195672958754067,0.0402135680318954,0.0340226419145993,0.05744011116270921,0.0446856045610398,0.071403403151135,0.0708499846252603,0.0321208116027616,0.0240440940136437
23,ft_448,cub,hiresnet50.fb_ssl_yfcc100m_ft_in1k,79.22,84.25556318048481,4.864466430373287,88.02422343762677,71.36266807124281,1.6773675138013315,-2.9733455095602803,1.99472605310923,0.9130636976227665,0.064005857736973,0.0649901467479218,0.1280639593851037,0.1258753307182939,0.1549191351288047,0.1531540880875286,0.0783630152329749,0.075365893552934,0.022793492642782,0.0209119773091195,0.1963261090688245,0.134889140648887,0.0999234595832289,0.0922093460179546,0.1346522301573788,0.11612686793840002,0.0770259296594982,0.072506416428751,0.0315725442062142,0.0249198384910494,5.773466162647394,0.1963261090688245,0.134889140648887,0.0999234595832289,0.0922093460179546,0.1346522301573788,0.11612686793840002,0.0770259296594982,0.072506416428751,0.0315725442062142,0.0249198384910494
23,ft_448,cub,hiresnet50.in1k_supcon,79.1,83.76645300056246,4.185707921798252,87.52638737421731,73.81849887299268,1.6409527016319028,-3.1307360138926015,1.9483248948006135,1.0365562648996778,0.0889731801328304,0.0843116675609171,0.10842887628618829,0.1091527333590037,0.1518571317583336,0.1520097013342926,0.0789137171445639,0.0758297309308338,0.0263811065464891,0.0232712428730267,0.42113887997072263,0.352350470171119,0.057525193223922896,0.0414450559585468,0.1049469754296706,0.0701596378440653,0.0771227691905615,0.0736386902517417,0.0368922603947501,0.0236335083596654,4.996878549662532,0.42113887997072263,0.352350470171119,0.057525193223922896,0.0414450559585468,0.1049469754296706,0.0701596378440653,0.0771227691905615,0.0736386902517417,0.0368922603947501,0.0236335083596654
23,ft_448,cub,hiresnet50.in1k_swav,75.3,87.21295006374227,1.3861574114540733,88.64122385157333,84.03747797900563,1.919919894735934,-4.264676176322675,2.05460635581723,1.6610192648542428,0.0494328229285912,0.054572343792141,0.2247283939768697,0.2198954912732664,0.2993411452083686,0.2951045244169545,0.0803884781959378,0.076918868508942,0.0245275660468045,0.0220221903707299,0.0891831200544854,0.0372506498737957,0.12414508213115158,0.1269244834979856,0.1440384904852516,0.1407189051969317,0.0748184550477897,0.072918279892085,0.0190716363810082,0.0185519974719692,1.589394018251828,0.0891831200544854,0.0372506498737957,0.12414508213115158,0.1269244834979856,0.1440384904852516,0.1407189051969317,0.0748184550477897,0.072918279892085,0.0190716363810082,0.0185519974719692
23,ft_448,cub,hiresnet50.in1k_mocov3,74.6,86.26717843847254,1.4416034487047094,87.63372468015407,83.06917308329677,1.8376605043251333,-4.224893230750905,1.9581928736388479,1.5905376331142684,0.0552526286561771,0.0656946997259089,0.1492984168505024,0.1492315684387047,0.20494476302698442,0.2036606805227331,0.075122974537037,0.0730473379255548,0.022290052705875,0.019940427248622,0.1073744740671706,0.0933428578890257,0.1160960587418168,0.11433799101021788,0.1432349851897831,0.1386205913832668,0.0736505469683393,0.0719286713082668,0.0307426159820889,0.027456642056886905,1.6710914565646648,0.1073744740671706,0.0933428578890257,0.1160960587418168,0.11433799101021788,0.1432349851897831,0.1386205913832668,0.0736505469683393,0.0719286713082668,0.0307426159820889,0.027456642056886905
23,ft_448,cub,hiresnet50.in1k_spark,80.6,74.0035993200024,6.373583806453317,79.9386122279645,60.066184704591606,1.046155638427089,-2.6871506495971484,1.3824620317624268,0.4082235665804413,0.0145639708764092,0.0217300096658935,0.0656774886330186,0.06473244323241,0.0780959754348598,0.077431344926119,0.0706636891427718,0.0706523294413919,0.0233889774930092,0.0212526609200042,0.2578171047012597,0.1630184153982116,0.0102798976440455,0.0094637281846974,0.014930459392617498,0.0118516341305654,0.0704536757019115,0.0705651451285642,0.0350087289047497,0.0241938964105569,8.612532180891645,0.2578171047012597,0.1630184153982116,0.0102798976440455,0.0094637281846974,0.014930459392617498,0.0118516341305654,0.0704536757019115,0.0705651451285642,0.0350087289047497,0.0241938964105569
23,ft_448,cub,hivit_base_patch16_224.orig_in21k,81.79,82.91190777105592,15.10944175146926,92.57763560875586,46.417024343083305,1.5793968319513072,-1.7260430469002506,2.523549938846398,-0.1435651033990842,0.2979022974395598,0.2975873316468518,0.4687353921522176,0.4687970784461152,0.6967342257490975,0.6970518815846957,0.2405665073675826,0.1833041175872058,0.0771669583081344,0.05355151789092309,0.41813795236690054,0.4127840960210355,0.4635123275245506,0.4607847040159963,0.7781728928821374,0.7728682075682033,0.2880591024492234,0.1909916744475568,0.10243427427652478,0.0542040832968421,18.223488227035926,0.41813795236690054,0.4127840960210355,0.4635123275245506,0.4607847040159963,0.7781728928821374,0.7728682075682033,0.2880591024492234,0.1909916744475568,0.10243427427652478,0.0542040832968421
23,ft_448,cub,hideit_base_patch16_224.fb_in1k,81.99,81.66042079524497,13.399369130876712,90.19785545426166,46.90227698113312,1.4935079164531346,-1.8660994743414525,2.2194044584000303,-0.12406782234978733,0.21040942632055176,0.2123582156644849,0.4672913246181783,0.4649712823660418,0.6775036484641304,0.6781367696911368,0.1871484219434488,0.1535446443534678,0.0739322637998929,0.058856422102058305,0.4545908693691351,0.40200911063544637,0.4124947282925701,0.4422668004617646,0.7860045326283303,0.7786646117982617,0.21637607029072078,0.1406395891690009,0.0711003640219302,0.0366760891872448,16.40864570668113,0.4545908693691351,0.40200911063544637,0.4124947282925701,0.4422668004617646,0.7860045326283303,0.7786646117982617,0.21637607029072078,0.1406395891690009,0.0711003640219302,0.0366760891872448
23,ft_448,cub,hivit_base_patch16_224_miil.in21k,84.27,82.95090263729341,12.583495176035516,91.77325905215864,54.306144424717424,1.5821516365562012,-1.9382980585965583,2.41193101981896,0.17267353997702997,0.0403220743863099,0.0479770544485015,0.2739248521119457,0.2723401675086359,0.3056061452454517,0.3072530120972078,0.11091354291119068,0.0991043185436567,0.027176347898326004,0.0236342767656067,0.5013525254264694,0.4942471964818854,0.3017473498642926,0.2991224281803998,0.6082911874699651,0.598522661557872,0.10572543309438469,0.0742599924585218,0.0643045293921638,0.0349558685725425,15.169811027925062,0.5013525254264694,0.4942471964818854,0.3017473498642926,0.2991224281803998,0.6082911874699651,0.598522661557872,0.10572543309438469,0.0742599924585218,0.0643045293921638,0.0349558685725425
23,ft_448,cub,hideit3_base_patch16_224.fb_in1k,83.79,83.88978508548554,9.7471736196472,90.68592732968712,59.20116565151201,1.650050317452462,-2.225637556135902,2.275875742053803,0.3722877206434492,0.21791816325140762,0.2174315352268792,0.2784507164326613,0.2763954176557764,0.41691904646594347,0.4159818628353259,0.1403978743528474,0.11302930627379151,0.0569305615399473,0.0460097548507508,0.44453028790542815,0.4206985195839258,0.4338638419978988,0.4416108803218831,0.7760289979603163,0.7659174227039149,0.23977312325766623,0.1423672834518422,0.0694235460732572,0.0287562980974986,11.61902323353745,0.44453028790542815,0.4206985195839258,0.4338638419978988,0.4416108803218831,0.7760289979603163,0.7659174227039149,0.23977312325766623,0.1423672834518422,0.0694235460732572,0.0287562980974986
23,ft_448,cub,hideit3_base_patch16_224.fb_in22k_ft_in1k,85.7,82.84770632500872,17.611675903407868,92.53349047716624,36.81607707932509,1.574872152167071,-1.5428816433265151,2.517143014281003,-0.5401152576977162,0.2848572457087132,0.2921797231812132,0.2300525821244534,0.2278476585542908,0.4162024307919275,0.4129172281134853,0.1223911663679808,0.0904136627941775,0.05849103154247369,0.0443597702862142,0.5903350467055041,0.5828899402882679,0.2858599552831735,0.2837568855155636,0.7180681184884996,0.7116581491743086,0.1308383736559139,0.0768554617359764,0.0538250631969889,0.027105179516387003,21.25789196180986,0.5903350467055041,0.5828899402882679,0.2858599552831735,0.2837568855155636,0.7180681184884996,0.7116581491743086,0.1308383736559139,0.0768554617359764,0.0538250631969889,0.027105179516387003
23,ft_448,cub,hivit_base_patch16_224.in1k_mocov3,83.2,81.39496552966594,13.373944446194942,89.81533307570545,46.20888211049485,1.4758812080233068,-1.868292273004066,2.1768723611069656,-0.15193632546417316,0.0989307278048983,0.1031429928682365,0.4617490158953138,0.45940505179189917,0.5720115055242436,0.5717017467123964,0.1457991089207486,0.124075551695037,0.0669400726167959,0.0531774181804377,0.3104221714567411,0.2760935173521653,0.4714880153810944,0.4897662627410783,0.7053896667288005,0.7032308652799723,0.1752865516726404,0.12459206438985851,0.0711165890898755,0.044402689123765,16.43092341051555,0.3104221714567411,0.2760935173521653,0.4714880153810944,0.4897662627410783,0.7053896667288005,0.7032308652799723,0.1752865516726404,0.12459206438985851,0.0711165890898755,0.044402689123765
23,ft_448,cub,hivit_base_patch16_224.dino,82.8,74.92013306800413,18.820579979131388,88.02408591385235,31.214940032758165,1.0943572437000564,-1.4617108161734271,1.9947130073384935,-0.7900897423110526,0.130278389104989,0.1344313469098635,0.5547350395117313,0.5529201743870888,0.7093487943507801,0.7109413536099972,0.2372778524492234,0.1926535304292657,0.0774516060574507,0.06146622992260551,0.5219751562547938,0.4572666195607506,0.3976165973843644,0.42813779289292786,0.8431958134246995,0.8248922781175005,0.20642298884906413,0.1110753395909646,0.0637889865478734,0.0313888987451246,25.120857649903215,0.5219751562547938,0.4572666195607506,0.3976165973843644,0.42813779289292786,0.8431958134246995,0.8248922781175005,0.20642298884906413,0.1110753395909646,0.0637889865478734,0.0313888987451246
23,ft_448,cub,hivit_base_patch16_clip_224.laion2b,85.47,56.42251306972471,29.765122143134825,83.22498751971747,13.447349710581216,0.25832758457288496,-0.8585077130382287,1.601657206664198,-1.861970863546142,0.1548832808632493,0.1593576303105024,0.2694172426472436,0.2677563121659013,0.379084622909453,0.378408731929946,0.1427111335125448,0.123641336876631,0.05012386770231321,0.0415729450764673,0.3946346028873525,0.345217316160846,0.4898094293939271,0.5125189411692389,0.7949726868297204,0.7821685510786139,0.1709641639287136,0.1065008401865019,0.0687725659339658,0.0403388357642806,52.75398156468547,0.3946346028873525,0.345217316160846,0.4898094293939271,0.5125189411692389,0.7949726868297204,0.7821685510786139,0.1709641639287136,0.1065008401865019,0.0687725659339658,0.0403388357642806
23,ft_448,cub,hivit_base_patch16_siglip_224.v2_webli,79.2,77.17513618291763,20.532061336574724,89.70510777050583,27.49175888781773,1.2182268749151868,-1.3533660210071734,2.164879838071188,-0.9698139429596543,-0.0122005608252853,-0.0167169444318022,0.5316479765515847,0.5253372652149115,0.5121396588045856,0.5050398908994083,0.3640388540422142,0.3446816026089923,0.0490907978092897,0.0441410573738398,0.199401483880757,0.1753305044844789,0.3317774080713721,0.3320444243224385,0.4234175524806651,0.40996648771475164,0.3652740442054958,0.324628836577366,0.0634383774465984,0.0506440976382175,26.604502890555835,0.199401483880757,0.1753305044844789,0.3317774080713721,0.3320444243224385,0.4234175524806651,0.40996648771475164,0.3652740442054958,0.324628836577366,0.0634383774465984,0.0506440976382175
23,ft_448,cub,hivit_base_patch16_224.mae,83.6,71.71265232477064,20.264998414898376,87.62464811104219,39.01755766028052,0.9302525679632637,-1.3698134742179717,1.95735558597372,-0.44657425100666864,0.030280103588455905,0.024129448655254,0.0788548505359831,0.0788070656894803,0.0894313291812858,0.0890319410589137,0.0742483074472321,0.073194421999569,0.036256948465942,0.0316728619319615,0.46576602262608696,0.3904346699430071,0.2894334282046323,0.3147591038685853,0.5747699103878634,0.5537730628027244,0.11938564068100362,0.0821435678972443,0.05612204226541691,0.0352583837596488,28.25860954510887,0.46576602262608696,0.3904346699430071,0.2894334282046323,0.3147591038685853,0.5747699103878634,0.5537730628027244,0.11938564068100362,0.0821435678972443,0.05612204226541691,0.0352583837596488
23,ft_448,all,hiresnet50.tv_in1k,76.13,90.42262360810898,4.052720796687878,94.46677242546583,79.17064912596764,2.245090805823639,-3.1644104084384734,2.837476864647737,1.3352425465356383,0.04343543157236494,0.03900671862585257,0.1879810998386987,0.18383639141778704,0.2159390547634526,0.21337033004960773,0.08653851080048089,0.08267734921830733,0.023253963111358033,0.02072592440781267,0.3526933674819085,0.2912662830867471,0.1378610057737659,0.1309190663108755,0.19911229109340284,0.17592931947959806,0.08249510323630761,0.07487208698432743,0.043369331269131034,0.025765234280026465,4.481976561808627,0.3526933674819085,0.2912662830867471,0.1378610057737659,0.1309190663108755,0.19911229109340284,0.17592931947959806,0.08249510323630761,0.07487208698432743,0.043369331269131034,0.025765234280026465
23,ft_448,all,hiresnet50.tv2_in1k,80.85,90.89301835431505,3.463737311375679,94.1029102910291,83.12397630740413,2.300641859274339,-3.3275705629881873,2.769930014205981,1.594439285617697,0.03485945797557787,0.03226090792748,0.07390245336724953,0.07319221463006972,0.09419877888328856,0.0939546981880304,0.07274854458122561,0.07287302844425343,0.0241093719524758,0.0209369193815321,0.13893058631746621,0.1091237320307064,0.0449600782191271,0.043960346374366806,0.05762599500610393,0.05392858967222273,0.07157267905141887,0.07212214350940974,0.031747283211640304,0.0252207286389624,3.810784782031878,0.13893058631746621,0.1091237320307064,0.0449600782191271,0.043960346374366806,0.05762599500610393,0.05392858967222273,0.07157267905141887,0.07212214350940974,0.031747283211640304,0.0252207286389624
23,ft_448,all,hiresnet50.gluon_in1k,77.58,89.84033552565207,4.426800625134679,94.43328550932569,77.13949173963448,2.179608627698813,-3.072215322862885,2.8310885898800118,1.2162044722227603,0.013329169837891333,0.010650240297933536,0.03861437290734783,0.03816017599053773,0.0463004650017349,0.046084093272296664,0.07886099653678187,0.07703634678564088,0.024839612270579566,0.0215252679123965,0.20833585118073772,0.17139201432526233,0.041869831682523104,0.03894363401325494,0.05810870832778863,0.05003332425803897,0.07610385560536964,0.07404070276328546,0.0386570733871074,0.027602032344796332,4.927408829490288,0.20833585118073772,0.17139201432526233,0.041869831682523104,0.03894363401325494,0.05810870832778863,0.05003332425803897,0.07610385560536964,0.07404070276328546,0.0386570733871074,0.027602032344796332
23,ft_448,all,hiresnet50.in21k_miil,82.0,90.78565261652868,3.063069153102158,93.90246716979392,82.33440454023184,2.2877394947871887,-3.454643165064144,2.734372425006668,1.5391700697924038,-0.0971492546119566,-0.11558173465050593,0.04770215705330363,0.044950915853284104,0.04691140458530767,0.044104512852847666,0.07371788476271483,0.07444433170832868,0.0008426001911423667,0.001012361320104,0.15878576224281596,0.14277543585442992,0.0022385313979179666,0.0021604546722479,0.0029228256025556,0.0027316650438500667,0.07113638787082517,0.07212408618317151,0.0158901518701948,0.012365726828934933,3.3739572992225066,0.15878576224281596,0.14277543585442992,0.0022385313979179666,0.0021604546722479,0.0029228256025556,0.0027316650438500667,0.07113638787082517,0.07212408618317151,0.0158901518701948,0.012365726828934933
23,ft_448,all,hiresnet50.a1_in1k,80.38,89.53169563224812,3.676566766783033,93.6018601860186,79.86706951964321,2.1462406434673076,-3.2657322520489025,2.683042963016174,1.3780068148107816,0.04711749237478217,0.04969455966781617,0.05842492180283387,0.057889370344699896,0.08202665613609243,0.08193470381334447,0.0707512848458077,0.07166202937942706,0.021961786982637732,0.019499279577739732,0.035349282823617496,0.017736160329450364,0.05978149670821269,0.05696448890941617,0.07003442512922477,0.06565091374476534,0.07168317078706653,0.07252864239609233,0.015851602546830167,0.0150695868164059,4.106441568899297,0.035349282823617496,0.017736160329450364,0.05978149670821269,0.05696448890941617,0.07003442512922477,0.06565091374476534,0.07168317078706653,0.07252864239609233,0.015851602546830167,0.0150695868164059
23,ft_448,all,hiresnet50.fb_swsl_ig1b_ft_in1k,81.18,89.30741738685705,5.365060203518628,94.52403990524174,72.4132121840563,2.122534258516841,-2.870119152773619,2.8484865725775363,0.9650518156849986,0.029740331683756362,0.024576368028185035,0.08371914740354633,0.0830044002154409,0.09790017262013907,0.09779965174270629,0.07242275538325074,0.07269426794927046,0.018112263587497734,0.016093842633071165,0.20682558618044355,0.1606244430425282,0.06659387911932636,0.06311479511585344,0.08557979562415736,0.07756131328929274,0.07156197046597519,0.0718319478548391,0.03161117781499866,0.022972675945918602,6.007407179046003,0.20682558618044355,0.1606244430425282,0.06659387911932636,0.06311479511585344,0.08557979562415736,0.07756131328929274,0.07156197046597519,0.0718319478548391,0.03161117781499866,0.022972675945918602
23,ft_448,all,hiresnet50.fb_ssl_yfcc100m_ft_in1k,79.22,89.72703769474856,4.992560991638469,94.5668085209642,71.36266807124281,2.1672567222970756,-2.9460061910001274,2.856779842540152,0.9130636976227665,0.016814573753609566,-0.0012604661185715293,0.13528726389917015,0.13366415097542028,0.14746837154660533,0.1468547406683211,0.07630313649229613,0.07521618194160454,0.0180441144602603,0.016201313898694933,0.2052956140515939,0.16403906017412268,0.0995863432305216,0.09548258385323609,0.1310066353105535,0.11901604674906881,0.07488201798165636,0.07255164925458966,0.03479820560748947,0.024533471276541867,5.56416562934259,0.2052956140515939,0.16403906017412268,0.0995863432305216,0.09548258385323609,0.1310066353105535,0.11901604674906881,0.07488201798165636,0.07255164925458966,0.03479820560748947,0.024533471276541867
23,ft_448,all,hiresnet50.in1k_supcon,79.1,89.74366773696009,5.127253229491877,94.8117119275906,73.81849887299268,2.169062173820651,-2.9179664030395758,2.905489153578678,1.0365562648996778,0.04093585756087477,0.033678931432627,0.11935656364071807,0.11964745654388573,0.14883078890383525,0.15023450885543838,0.07677339117049878,0.07549719553143178,0.021341741159581866,0.0189809151186895,0.2866155386440384,0.2423397016995893,0.0757869834896899,0.0687500710409378,0.10611522252238688,0.08985898638446181,0.07495987599976703,0.07323751760684574,0.037419960897122136,0.025730092730897332,5.713220061965737,0.2866155386440384,0.2423397016995893,0.0757869834896899,0.0687500710409378,0.10611522252238688,0.08985898638446181,0.07495987599976703,0.07323751760684574,0.037419960897122136,0.025730092730897332
23,ft_448,all,hiresnet50.in1k_swav,75.3,91.12480674432689,2.9896965284642705,94.23042304230422,84.03747797900563,2.328969959139499,-3.4796453074636533,2.7931443313986835,1.6610192648542428,0.009170871521703,0.009671265303559568,0.1930918616792939,0.1890370111719745,0.21886730873077645,0.21646735163322972,0.07628480371862173,0.0754638088622616,0.0191033329275164,0.017372579860967734,0.10160266252025914,0.0685576075518188,0.11821446264276993,0.11714975508799844,0.13524643863788277,0.13053627310728197,0.0733738122886476,0.0731228207313201,0.017949516154460967,0.016955016129279334,3.2808810633229664,0.10160266252025914,0.0685576075518188,0.11821446264276993,0.11714975508799844,0.13524643863788277,0.13053627310728197,0.0733738122886476,0.0731228207313201,0.017949516154460967,0.016955016129279334
23,ft_448,all,hiresnet50.in1k_mocov3,74.6,90.93711724579599,3.490327765196597,94.4959495949595,83.06917308329677,2.305980994140443,-3.319647586401019,2.8430727136704768,1.5905376331142684,0.0149950836166839,0.016488296416798266,0.1375182401936553,0.13569244145045747,0.15985478510855314,0.15867349503254927,0.07341298151261906,0.07335258367463666,0.019676968606109197,0.01755505319902413,0.10081743520624926,0.08410588938671014,0.09223559497540414,0.0904966110037256,0.10906645266674289,0.1054084552471017,0.07200564682714156,0.07219975073919017,0.03147463291946637,0.026008783526799067,3.8381772711823614,0.10081743520624926,0.08410588938671014,0.09223559497540414,0.0904966110037256,0.10906645266674289,0.1054084552471017,0.07200564682714156,0.07219975073919017,0.03147463291946637,0.026008783526799067
23,ft_448,all,hiresnet50.in1k_spark,80.6,83.9639969241477,8.476185244827068,92.81159666465462,60.066184704591606,1.655551712329329,-2.379338713580162,2.5581025163779993,0.4082235665804413,-0.0042137349911765005,-0.005954742545752867,0.0550485574774716,0.054425262456578465,0.05896431711385633,0.0588036396812422,0.07048014704410223,0.07158305288333906,0.018721543676637968,0.017318335547519666,0.19469156405869698,0.1464075265375625,0.010159360157840934,0.009747964819164368,0.013106302223602834,0.011685100169373333,0.07038828453760519,0.07153137364598935,0.0306461253079552,0.02146121254540167,10.095023528339624,0.19469156405869698,0.1464075265375625,0.010159360157840934,0.009747964819164368,0.013106302223602834,0.011685100169373333,0.07038828453760519,0.07153137364598935,0.0306461253079552,0.02146121254540167
23,ft_448,all,hivit_base_patch16_224.orig_in21k,81.79,85.2021208072696,9.904793878707272,92.57763560875586,46.417024343083305,1.750542452916096,-2.207848086886424,2.523549938846398,-0.1435651033990842,0.12477437574660197,0.12959055414141754,0.37308791776021455,0.37074211116397654,0.49081402281980774,0.49026832688379635,0.19090810531393038,0.16103811886802158,0.059452520749527636,0.046755337040669205,0.3740178678654071,0.33834767068782595,0.45605453843387056,0.46846113039030773,0.7420976242437654,0.7326717221956717,0.25003029464025,0.17528679800129474,0.08845264146613113,0.051384848811967296,11.625055555967073,0.3740178678654071,0.33834767068782595,0.45605453843387056,0.46846113039030773,0.7420976242437654,0.7326717221956717,0.25003029464025,0.17528679800129474,0.08845264146613113,0.051384848811967296
23,ft_448,all,hideit_base_patch16_224.fb_in1k,81.99,85.79613295482469,11.181299541471912,93.5240429384769,46.90227698113312,1.798459680363688,-2.07235451954784,2.67012214157348,-0.12406782234978733,0.08130265561041743,0.08031229723504653,0.4030307793925622,0.39853828240801636,0.5274720318129839,0.5261005307055994,0.1618027241800096,0.14018579604610173,0.0578384398871802,0.0475507868340913,0.40154983560487045,0.35004214440056775,0.4615722768175102,0.4900789781596095,0.7947839091886951,0.7864400506822474,0.21313995650110637,0.14064443562516396,0.06443938961649023,0.03329943585810216,13.032405023848034,0.40154983560487045,0.35004214440056775,0.4615722768175102,0.4900789781596095,0.7947839091886951,0.7864400506822474,0.21313995650110637,0.14064443562516396,0.06443938961649023,0.03329943585810216
23,ft_448,all,hivit_base_patch16_224_miil.in21k,84.27,82.4442896104759,14.68184666491305,92.25622562256224,35.34525799181633,1.5467435124810578,-1.7597754394950966,2.477680552662047,-0.603897212614458,-0.0109083040352214,-0.012930385434413568,0.18840887981650295,0.18659418711026582,0.19814714143967674,0.19827596265390163,0.09077553492418282,0.08642040027724704,0.0253281424908758,0.022133604639361665,0.41116235378600063,0.37709006322338484,0.37827792706501007,0.38790231468322606,0.6420351119747342,0.6297145903122353,0.16336743027830783,0.11648916562470603,0.06762437881634044,0.037775248393773365,17.808203253712648,0.41116235378600063,0.37709006322338484,0.37827792706501007,0.38790231468322606,0.6420351119747342,0.6297145903122353,0.16336743027830783,0.11648916562470603,0.06762437881634044,0.037775248393773365
23,ft_448,all,hideit3_base_patch16_224.fb_in1k,83.79,86.00786992555471,11.447828985155535,93.59135913591358,41.032695241764,1.8159437688118245,-2.045791777578878,2.681290847531683,-0.36261393982899626,0.09564565159614512,0.102073219430425,0.23662371796973364,0.2332695381947822,0.3347741343307256,0.33355431897564547,0.12243382376301586,0.10519600763822737,0.04436248182775967,0.03758254102227773,0.44789782933423666,0.4148358143997076,0.4355571349835476,0.45204383964568173,0.7896477536298104,0.778474957884038,0.21532313550490895,0.12378648462601864,0.059399719404114266,0.024491699793673567,13.310211024949648,0.44789782933423666,0.4148358143997076,0.4355571349835476,0.45204383964568173,0.7896477536298104,0.778474957884038,0.21532313550490895,0.12378648462601864,0.059399719404114266,0.024491699793673567
23,ft_448,all,hideit3_base_patch16_224.fb_in22k_ft_in1k,85.7,85.48171282941036,14.65303949735408,94.1029102910291,36.81607707932509,1.7728934290495109,-1.762077048286805,2.769930014205981,-0.5401152576977162,0.13581091109884272,0.14830682298194361,0.2416520296421499,0.2358540500717761,0.3697271144319216,0.36716868664646757,0.1055182712560418,0.08793865891653206,0.04608312081059033,0.0367222296982953,0.4816658036145866,0.4539663255067182,0.40741561019952904,0.4183266320302804,0.7788245007148774,0.7705814152257772,0.15950219501712143,0.0942055775281421,0.0572266526844012,0.026932484409314332,17.141724249952837,0.4816658036145866,0.4539663255067182,0.40741561019952904,0.4183266320302804,0.7788245007148774,0.7705814152257772,0.15950219501712143,0.0942055775281421,0.0572266526844012,0.026932484409314332
23,ft_448,all,hivit_base_patch16_224.in1k_mocov3,83.2,82.35073241610003,15.750256592456152,92.99092152717324,35.656771242504114,1.5402930646704065,-1.6769288668965918,2.585295636936459,-0.5902926377910848,0.03133757969230107,0.029940585191026232,0.3797082004737318,0.3759932000892999,0.422117323239094,0.4201903593134941,0.1207133423059927,0.1084294041489704,0.044984871757055366,0.036970513012716935,0.2575278397350815,0.22738282709399277,0.4940424677837801,0.5087497338754726,0.7032494090057513,0.6995469771273869,0.17013245237761845,0.1233192090258379,0.06579521251776967,0.040160899320485534,19.125824543822624,0.2575278397350815,0.22738282709399277,0.4940424677837801,0.5087497338754726,0.7032494090057513,0.6995469771273869,0.17013245237761845,0.1233192090258379,0.06579521251776967,0.040160899320485534
23,ft_448,all,hivit_base_patch16_224.dino,82.8,69.29890274167312,27.255409168729315,90.08320164037356,4.312532417700747,0.8141306773489917,-0.9817025474373637,2.2065035827509614,-3.0995620351534154,0.038660291298662705,0.04224814071384123,0.4335567121218808,0.42877146624127627,0.4959394873111313,0.493722163050444,0.18426929547261128,0.15630591672995658,0.05600685900215797,0.044232908670116936,0.5368302257937845,0.4676421382762645,0.39682508426120633,0.43541935005433635,0.8635496363593167,0.8493500818369509,0.21044693889706556,0.1147604313626896,0.0647378262896239,0.032387054291457,39.3302174932406,0.5368302257937845,0.4676421382762645,0.39682508426120633,0.43541935005433635,0.8635496363593167,0.8493500818369509,0.21044693889706556,0.1147604313626896,0.0647378262896239,0.032387054291457
23,ft_448,all,hivit_base_patch16_clip_224.laion2b,85.47,62.1892799759295,29.396897573688435,90.99845001683444,5.837400396140511,0.497589976298237,-0.8761849431771231,2.313445690730026,-2.7807375108483696,0.11378696482928323,0.11962065204754567,0.3344195130675693,0.3322330954604907,0.43368449502266476,0.43388014838260686,0.14397420474213127,0.12360651313651463,0.040149760511568,0.0333660688102145,0.4014186695197704,0.3488542774118816,0.5095804646810754,0.5397454673521748,0.8313550538951056,0.8198739287769478,0.16073721530053994,0.09973039775225333,0.06004613544568114,0.0334126902398095,47.27004008579384,0.4014186695197704,0.3488542774118816,0.5095804646810754,0.5397454673521748,0.8313550538951056,0.8198739287769478,0.16073721530053994,0.09973039775225333,0.06004613544568114,0.0334126902398095
23,ft_448,all,hivit_base_patch16_siglip_224.v2_webli,79.2,78.55872128985969,22.545829182730305,95.57511655206092,10.973880812057716,1.2985284112982038,-1.234136326948519,3.0726685604002455,-2.093411823059873,-0.018348745182465834,-0.03231921844861887,0.5439393927983996,0.535574625972073,0.5199468339347036,0.5132714795729464,0.31939133735702946,0.30799857194483227,0.03473887116595453,0.03356612402983867,0.14209571541442897,0.12852793081406658,0.24056566099039225,0.23448410601665906,0.29465881239155667,0.28295845301608424,0.28942962118066023,0.2672291674245939,0.05289857782475973,0.045916025989587564,28.699333202665695,0.14209571541442897,0.12852793081406658,0.24056566099039225,0.23448410601665906,0.29465881239155667,0.28295845301608424,0.28942962118066023,0.2672291674245939,0.05289857782475973,0.045916025989587564
23,ft_448,all,hivit_base_patch16_224.mae,83.6,76.58917684656427,19.965471335792248,93.21410697007106,29.156972952642096,1.1852573289770802,-1.3884538015200953,2.620053169686196,-0.8877724492226303,-0.015954178140201,-0.017858493751355935,0.06437798607094719,0.06322854361893669,0.06694084402542647,0.06616850910402326,0.07237469572416087,0.07289497908378363,0.0234557094556161,0.021836589804117366,0.39902722633077137,0.3181231045363759,0.32859843282335616,0.3572175301800408,0.566491219880248,0.5508456638905681,0.15469581597067694,0.10573911432712656,0.057311998079911705,0.0336720663507991,26.068267290286045,0.39902722633077137,0.3181231045363759,0.32859843282335616,0.3572175301800408,0.566491219880248,0.5508456638905681,0.15469581597067694,0.10573911432712656,0.057311998079911705,0.0336720663507991
24,fz_448,aircraft,hiresnet50.tv_in1k_fz,76.13,67.39320085854739,1.445170591228576,69.00459276696901,64.4095178748644,0.7260233061124161,-4.222385666243399,0.800334024486151,0.5931831692014707,-0.0093438423485979,-0.0194805817733577,0.1672665072738873,0.1606028305847258,0.1899501951237137,0.1864123420132005,0.0806655231704059,0.0809617400419287,0.0108684278093278,0.0098710344788038,0.4749282938086948,0.4037582590238123,0.0784691976515602,0.0781625027467912,0.1613199798776751,0.1433122972570213,0.0775595118856837,0.0750999082809224,0.0367382572820553,0.0192896254220098,2.1443863369271723,-0.0093438423485979,-0.0194805817733577,0.1672665072738873,0.1606028305847258,0.1899501951237137,0.1864123420132005,0.0806655231704059,0.0809617400419287,0.0108684278093278,0.0098710344788038
24,fz_448,aircraft,hiresnet50.gluon_in1k_fz,77.58,67.7056936462877,0.5321461014604486,68.30990791386832,66.66897458976668,0.7402793366971088,-5.2306717161057135,0.7680507411400418,0.6932510388972668,-0.0660799506794523,-0.0852677152218784,0.028192672027948295,0.027605932040702504,0.0341513100344773,0.0342392278638411,0.0748551849626068,0.0766693691037735,0.013023374387278,0.0114322873359581,0.2655121086237274,0.2277602241429939,0.029883618362604496,0.0278837221223923,0.0489709871431159,0.0432274998170273,0.0730752537393162,0.0745827600890985,0.034682152649531,0.0222616649742396,0.7859694994641357,-0.0660799506794523,-0.0852677152218784,0.028192672027948295,0.027605932040702504,0.0341513100344773,0.0342392278638411,0.0748551849626068,0.0766693691037735,0.013023374387278,0.0114322873359581
24,fz_448,aircraft,hiresnet50.in21k_miil_fz,82.0,73.45034503450344,0.7595533916935072,74.33589512797434,71.91257587297191,1.017592848197789,-4.872570320038541,1.0635006277798005,0.9401292210619516,-0.1351229785536753,-0.1774894058118787,0.0448370014939421,0.0413880690871489,0.0481769643887815,0.0442498850345444,0.0730126535790598,0.0760256977201258,0.0005913619668437,0.0008516951270823,0.1734276524474806,0.1385825484230661,0.0015966764236595003,0.0014791161634995,0.0023622266147763,0.0020898902232242,0.0705608139690171,0.0738289439203354,0.0148006268562032,0.0112778166273854,1.034104593159781,-0.1351229785536753,-0.1774894058118787,0.0448370014939421,0.0413880690871489,0.0481769643887815,0.0442498850345444,0.0730126535790598,0.0760256977201258,0.0005913619668437,0.0008516951270823
24,fz_448,aircraft,hiresnet50.a1_in1k_fz,80.38,63.57404971266358,0.5352955530069723,64.13718294906414,62.461630778462464,0.5569239230783606,-5.224739101152731,0.5813232509498155,0.5091888715530927,-0.0389730781275197,-0.0405472218944288,0.0506240433009114,0.0497517215588865,0.0679582784305053,0.0678032389806196,0.0705670739850427,0.0737556505503144,0.0111778109119488,0.0099843836055611,-0.0043291446008133,-0.0479492557526361,0.0578257631994511,0.05698179925385459,0.068619980515713,0.0679109244235212,0.0707507011217948,0.074069297038784,0.0097886656697552,0.0094981418465668,0.8420032315486495,-0.0389730781275197,-0.0405472218944288,0.0506240433009114,0.0497517215588865,0.0679582784305053,0.0678032389806196,0.0705670739850427,0.0737556505503144,0.0111778109119488,0.0099843836055611
24,fz_448,aircraft,hiresnet50.tv2_in1k_fz,80.85,65.15313069768516,0.6609125987855532,65.81042719656581,63.818689561263824,0.6257770564377299,-5.012672796630971,0.6548575850174048,0.5675033879966246,-0.0477791962590083,-0.052124488502696395,0.060553273659130505,0.059536797571484404,0.0785542338699688,0.0789318629500065,0.0713067992120726,0.0742572392557651,0.0109959168789478,0.0099875673932849,0.1861382527354349,0.1571257363611879,0.0338689426526996,0.0324770137056043,0.0498079760452942,0.0465657559451873,0.0709656283386752,0.0740013266509433,0.0222264454843333,0.0175224154625298,1.0143988350340851,-0.0477791962590083,-0.052124488502696395,0.060553273659130505,0.059536797571484404,0.0785542338699688,0.0789318629500065,0.0713067992120726,0.0742572392557651,0.0109959168789478,0.0099875673932849
24,fz_448,aircraft,hiresnet50.fb_swsl_ig1b_ft_in1k_fz,81.18,77.06455260910707,0.6767136373707874,77.76085300837777,75.42061898497542,1.2119597814460883,-4.988887131911354,1.2517840158963838,1.1211727776129838,-0.0319978857191115,-0.0543090242431626,0.0701236887060024,0.0681776991717368,0.0761835795812475,0.0754113979614402,0.0713589660122863,0.0743980935534591,0.007187405314583001,0.006520663792232201,0.2648152302173157,0.18992753599696,0.0537724210305542,0.052616098257695997,0.0859578140679814,0.0797982303740012,0.0709750183627136,0.0738559682914046,0.0253461717198101,0.0172544743795439,0.8781127177929235,-0.0319978857191115,-0.0543090242431626,0.0701236887060024,0.0681776991717368,0.0761835795812475,0.0754113979614402,0.0713589660122863,0.0743980935534591,0.007187405314583001,0.006520663792232201
24,fz_448,aircraft,hiresnet50.fb_ssl_yfcc100m_ft_in1k_fz,79.22,74.32389392785433,0.640292169027956,75.13212859747514,73.09423250017309,1.0628716525910047,-5.044577370364405,1.1056716129794957,0.9994087960523095,-0.0424776666843971,-0.1049501278534913,0.111853039201078,0.1099694013910126,0.1210213206757211,0.1209118779245788,0.0739088792067307,0.076104314072327,0.0076939768802660995,0.006910493421666999,0.2943572469826387,0.24336661636482543,0.0664766260327941,0.0649447308175616,0.1141601042335388,0.1029548793417602,0.0722812750400641,0.0739890428459119,0.0301448175182136,0.0188798713234235,0.8614889979385136,-0.0424776666843971,-0.1049501278534913,0.111853039201078,0.1099694013910126,0.1210213206757211,0.1209118779245788,0.0739088792067307,0.076104314072327,0.0076939768802660995,0.006910493421666999
24,fz_448,aircraft,hiresnet50.in1k_supcon_fz,79.1,72.4007016086224,0.49133442999027505,72.94652542177295,71.55484779247156,0.96442563827381,-5.310874994429748,0.9919111969942624,0.9224865084905116,-0.0303280560574141,-0.0509603908860176,0.099249088399508,0.0978076471275967,0.1296739643034917,0.1305625587006872,0.0740392962072649,0.0761174167976939,0.0095725777344061,0.0089578897744979,0.3189496876454628,0.2703372167805426,0.054682466791894604,0.052750797389693,0.0903517964730505,0.0815485827190589,0.0721352079994658,0.0743227528825995,0.0314725106940246,0.0211791078437049,0.6786321390175045,-0.0303280560574141,-0.0509603908860176,0.099249088399508,0.0978076471275967,0.1296739643034917,0.1305625587006872,0.0740392962072649,0.0761174167976939,0.0095725777344061,0.0089578897744979
24,fz_448,aircraft,hiresnet50.in1k_swav_fz,75.3,72.80574211267282,0.4909557558608472,73.2788663481733,71.61716171617162,0.9847889833340795,-5.311649802470524,1.0088174752488903,0.9255500572869518,-0.0214945884336323,-0.0308730768659529,0.1668625504210624,0.1646086914294748,0.1789567774466011,0.1799764808345504,0.073078383747329,0.075631797038784,0.0111321423990795,0.0101122191210962,0.1065619903742004,0.0804504612842805,0.0890116432869349,0.0847167612702149,0.11102036635225461,0.104338480284013,0.0722291082398504,0.0745377194706498,0.0231260646206255,0.0206550129179684,0.6743365861185141,-0.0214945884336323,-0.0308730768659529,0.1668625504210624,0.1646086914294748,0.1789567774466011,0.1799764808345504,0.073078383747329,0.075631797038784,0.0111321423990795,0.0101122191210962
24,fz_448,aircraft,hiresnet50.in1k_mocov3_fz,74.6,75.03427265803505,0.7545682720905668,75.986060144476,73.54427750467354,1.1004409999366545,-4.879205408910612,1.1519154152648006,1.0224151535354449,-0.0193861874340328,-0.0296022705840863,0.1210794683708933,0.117798540133827,0.1361671187185056,0.1354113057409123,0.0718994140625,0.0747903563941299,0.0111316728692215,0.0098512807404095,0.0841427815104041,0.0622741399281098,0.0640924992472054,0.0618391474469932,0.0764221926412128,0.0735409733197593,0.0706766242654914,0.0738191168763102,0.027360981079534795,0.021245436496892,1.0056314872664573,-0.0193861874340328,-0.0296022705840863,0.1210794683708933,0.117798540133827,0.1361671187185056,0.1354113057409123,0.0718994140625,0.0747903563941299,0.0111316728692215,0.0098512807404095
24,fz_448,aircraft,hiresnet50.in1k_spark_fz,80.6,54.89025825659489,1.6666046645043395,57.14879180225715,52.3967781393524,0.19623766117213198,-4.0775752764253665,0.28792440857316565,0.09594465845161096,-0.030379560384601,-0.0411482119486962,0.0412033037902584,0.0400857720303661,0.0446533075593326,0.0444608502486075,0.0703625801282051,0.0736553328092243,0.007245358867714,0.006880475946192401,0.1812726507896548,0.1556226005025493,0.0064919023984296,0.006397945619372,0.0092535622390926,0.0088924907464376,0.070335453392094,0.0736184813941299,0.0195029049467008,0.0131748412858765,3.036248539246219,-0.030379560384601,-0.0411482119486962,0.0412033037902584,0.0400857720303661,0.0446533075593326,0.0444608502486075,0.0703625801282051,0.0736553328092243,0.007245358867714,0.006880475946192401
24,fz_448,aircraft,hivit_base_patch16_224.orig_in21k_fz,81.79,56.26439567033627,0.7419276209241121,57.00570057005701,54.37005238985437,0.25189941660661525,-4.896226836551149,0.28208373732636,0.17524924794384944,-0.0015720425653869999,0.007182414340931501,0.268563470302518,0.2656871700090706,0.3479610157586014,0.345562029230496,0.160320401531339,0.146486285814116,0.0459414483167422,0.0380867541586078,0.46319951255117264,0.387561114898445,0.3201796503150065,0.3480416109973707,0.7329639998056982,0.7213339761579808,0.1878936854522791,0.1376217461565339,0.072263604030013,0.0474533314974802,1.3186449655857075,-0.0015720425653869999,0.007182414340931501,0.268563470302518,0.2656871700090706,0.3479610157586014,0.345562029230496,0.160320401531339,0.146486285814116,0.0459414483167422,0.0380867541586078
24,fz_448,aircraft,hideit_base_patch16_224.fb_in1k_fz,81.99,66.48641787255649,0.6158157494587482,67.25980290336727,65.10881857416511,0.6850468909796182,-5.083800457047108,0.7199591839577782,0.623825885938185,-0.0418005173537744,-0.0521157896144712,0.267153529999639,0.262429957960985,0.3652668954842434,0.3635905308721464,0.1317844662571225,0.12141094514325639,0.0472993830648752,0.0389285493384367,0.5034271686038694,0.4382475381963683,0.3359037876945828,0.3709516340450339,0.8009934583403957,0.792141722128343,0.1766493055555555,0.116459752795248,0.05223017978744619,0.027876728173321895,0.9262278961082933,-0.0418005173537744,-0.0521157896144712,0.267153529999639,0.262429957960985,0.3652668954842434,0.3635905308721464,0.1317844662571225,0.12141094514325639,0.0472993830648752,0.0389285493384367
24,fz_448,aircraft,hivit_base_patch16_224_miil.in21k_fz,84.27,44.474832098594476,0.8934370466418767,45.67841399524568,43.22047589374322,-0.22191293530576833,-4.7088750686036835,-0.17329583540968677,-0.27286140766822176,-0.0385154877119711,-0.0659226236034144,0.1220216520062194,0.11751560529421609,0.1340269826872652,0.1317037826067598,0.0779316350605413,0.0796607486023759,0.0210485661354584,0.0184660601728367,0.4923777744989943,0.4237698440551837,0.2781784534326685,0.3002571538809872,0.6446376872630258,0.6298580636071707,0.1180444266381766,0.0863000087351502,0.0562443705036854,0.0351739003785751,2.0088598528292403,-0.0385154877119711,-0.0659226236034144,0.1220216520062194,0.11751560529421609,0.1340269826872652,0.1317037826067598,0.0779316350605413,0.0796607486023759,0.0210485661354584,0.0184660601728367
24,fz_448,aircraft,hideit3_base_patch16_224.fb_in1k_fz,83.79,70.13847538600014,0.5973732991416845,70.8993976320709,68.90765999676891,0.8539006582008642,-5.114391608183651,0.8905030635883823,0.795805860709085,-0.0678777811949441,-0.0623333755353633,0.1494866281330585,0.1465901321089981,0.2148454918092133,0.212823581375506,0.0971053685897436,0.0919658455625436,0.0304468244982835,0.027025693711244796,0.5778522858651517,0.5188487818306243,0.3179446056103926,0.3553203110946028,0.8288344209628618,0.8178453464708471,0.2007211538461538,0.10940448113207539,0.0521217913199693,0.019806775563168,0.8517055665297825,-0.0678777811949441,-0.0623333755353633,0.1494866281330585,0.1465901321089981,0.2148454918092133,0.212823581375506,0.0971053685897436,0.0919658455625436,0.0304468244982835,0.027025693711244796
24,fz_448,aircraft,hideit3_base_patch16_224.fb_in22k_ft_in1k_fz,85.7,73.91723787763392,0.5501041744384759,74.78363220937479,73.02037896097303,1.0416714192109358,-5.197301568414875,1.0871057411309208,0.9956567613534313,-0.0425556194854517,-0.0314423228479428,0.1558043996478454,0.1494234864573854,0.2476363060077885,0.243963834894963,0.0826697716346153,0.0797262622292103,0.031908009487849,0.026891660296692,0.5909812639113802,0.5315633865946182,0.2822650601300606,0.3118851596130651,0.7883755097073304,0.7786665982839194,0.134620949074074,0.0828649109014675,0.0447470576335222,0.0211561269730142,0.7442163563378063,-0.0425556194854517,-0.0314423228479428,0.1558043996478454,0.1494234864573854,0.2476363060077885,0.243963834894963,0.0826697716346153,0.0797262622292103,0.031908009487849,0.026891660296692
24,fz_448,aircraft,hivit_base_patch16_224.in1k_mocov3_fz,83.2,69.0946017678691,0.3927992002652496,69.51464377206952,68.18297214336819,0.8045457369796146,-5.535691197651826,0.8242909874899665,0.7621932446937517,-0.013414209772604902,-0.0248000005128638,0.293765817939504,0.2891649221982583,0.3272101800561235,0.3257322851811708,0.1013816550925926,0.0963683612858141,0.0293768229774939,0.0234581120546508,0.301372460166882,0.2640851030807573,0.44223362381403286,0.45785827956525516,0.7400227750529909,0.7359203874573346,0.1677127849002849,0.1228462395178197,0.0643727225848497,0.0371927957302369,0.5684947741429955,-0.013414209772604902,-0.0248000005128638,0.293765817939504,0.2891649221982583,0.3272101800561235,0.3257322851811708,0.1013816550925926,0.0963683612858141,0.0293768229774939,0.0234581120546508
24,fz_448,aircraft,hivit_base_patch16_224.dino_fz,82.8,76.52426781139653,0.36732456921385376,76.90461353827692,75.63525583327564,1.1816407020688562,-5.602999614349114,1.2029329913985591,1.1327853452720107,-0.0152117915698435,-0.013582534544512501,0.3320623634314897,0.3228619367079867,0.378215318600804,0.3737359460646964,0.1553054331374644,0.1368836259608665,0.0393674045992203,0.029393357113472303,0.6488854095286315,0.5477708769495333,0.2959441129442269,0.3652070652908728,0.9034069499193986,0.8926309778578927,0.2080286792200854,0.1102976502445842,0.0678107326324933,0.0310096867241949,0.4800105636020855,-0.0152117915698435,-0.013582534544512501,0.3320623634314897,0.3228619367079867,0.378215318600804,0.3737359460646964,0.1553054331374644,0.1368836259608665,0.0393674045992203,0.029393357113472303
24,fz_448,aircraft,hivit_base_patch16_clip_224.laion2b_fz,85.47,74.40559440559441,0.6319878441310356,75.05135128897506,72.93498580627293,1.0671573365002236,-5.057715371563847,1.1013529022481896,0.9913265342503798,0.0672011572380822,0.073005096811199,0.2676861960621097,0.2673453130481441,0.3895493713736038,0.3909869019497027,0.1113990718482906,0.1008418501048218,0.0331312007724474,0.0296454214075076,0.5947372195172979,0.4965460228147586,0.3373773213011124,0.40553486790237125,0.8669922927151255,0.8553058246210764,0.1565991697827635,0.1005524982529699,0.0673291692749048,0.0377421261004681,0.8493821589355083,0.0672011572380822,0.073005096811199,0.2676861960621097,0.2673453130481441,0.3895493713736038,0.3909869019497027,0.1113990718482906,0.1008418501048218,0.0331312007724474,0.0296454214075076
24,fz_448,aircraft,hivit_base_patch16_siglip_224.v2_webli_fz,79.2,44.03701908652404,0.6355289975629156,44.819866602044826,42.51655934824252,-0.2396597939620925,-5.0520921750534065,-0.20795149422761747,-0.30160328589452257,-0.0404243830437297,-0.0781247434595497,0.49519258786170417,0.4787931861575069,0.5055722555171114,0.4935366278201691,0.2442985165153134,0.2344104865478686,0.0246466142722429,0.0248316813190028,0.2150423924396146,0.1948771330682103,0.1621704476072344,0.1561401103368184,0.2455676777443801,0.236252616896755,0.1870186743233617,0.1716306887665968,0.0441814272736127,0.0375632179795571,1.4431698846695928,-0.0404243830437297,-0.0781247434595497,0.49519258786170417,0.4787931861575069,0.5055722555171114,0.4935366278201691,0.2442985165153134,0.2344104865478686,0.0246466142722429,0.0248316813190028
24,fz_448,aircraft,hivit_base_patch16_224.mae_fz,83.6,55.34214959957535,2.2065975930138233,57.453437651457456,50.121165962750126,0.21450470440353278,-3.7914053361826894,0.3003757788926778,0.004846647997294944,-0.0422818265730992,-0.0374943215193824,0.043584287036777,0.0418551444315798,0.0463502996926592,0.045790785720173,0.0710219684829059,0.0741357660726764,0.0178309239638157,0.0159478683329228,0.4759995169898109,0.3422216294996713,0.21689743174012072,0.2651149362814844,0.5031027988157005,0.49023478105822116,0.1914535478988604,0.1281408324598183,0.061938997119283,0.0326866411000677,3.9871916956235376,-0.0422818265730992,-0.0374943215193824,0.043584287036777,0.0418551444315798,0.0463502996926592,0.045790785720173,0.0710219684829059,0.0741357660726764,0.0178309239638157,0.0159478683329228
24,fz_448,cars,hiresnet50.tv_in1k_fz,76.13,68.06806579693703,2.442782486720602,71.12523924642305,64.12659510253852,0.7569015908955884,-3.6873012991721628,0.9014743729694566,0.5808629677721908,0.0457903820642263,0.0468863094132693,0.1836552343813144,0.1817285908412871,0.1900754476567027,0.1888584430348667,0.0846038044072615,0.0799378284193928,0.0314245433729934,0.0275604495749114,0.1856659414112046,0.1564820257176829,0.2408437540312925,0.23211833804192442,0.2747209396755939,0.2566616366124257,0.0864022856517935,0.0743343668168204,0.0489817725743834,0.031008602075633503,3.5887349789077208,0.0457903820642263,0.0468863094132693,0.1836552343813144,0.1817285908412871,0.1900754476567027,0.1888584430348667,0.0846038044072615,0.0799378284193928,0.0314245433729934,0.0275604495749114
24,fz_448,cars,hiresnet50.gluon_in1k_fz,77.58,70.81908268902363,1.2608086233106794,72.5913231275081,68.37997943466563,0.8866135149974048,-4.360728663724509,0.9739857610962236,0.7712896012891921,0.0407403761996582,0.0469521391822906,0.0444013113429931,0.0436509207532158,0.0469585891149317,0.0464234553918675,0.0773432373687663,0.0748342213007323,0.0337094990756568,0.028913490119434497,0.1127453643950012,0.10093071557799309,0.050790691938819,0.0486941643500251,0.05514024831134799,0.0515208491663948,0.0749936775481189,0.071896961839162,0.0473002084479557,0.0335381193056939,1.7803232906123116,0.0407403761996582,0.0469521391822906,0.0444013113429931,0.0436509207532158,0.0469585891149317,0.0464234553918675,0.0773432373687663,0.0748342213007323,0.0337094990756568,0.028913490119434497
24,fz_448,cars,hiresnet50.in21k_miil_fz,82.0,73.2170674075849,1.0409786416180875,74.49237293019615,70.85206608812761,1.0056637140159879,-4.554544566526079,1.0717192351494813,0.8882100946772523,-0.0387084365991207,-0.0597557105064049,0.0411438285643651,0.0385681205370575,0.0374703774005213,0.0352491047479353,0.0718256165244969,0.071721935054792,0.0006850964910402,0.0009447816049768,0.0959035148347546,0.0846409802634386,0.0029389270270269,0.0027760767363009,0.0031522925571793,0.0029319219947742,0.0710669222987751,0.0709866671304361,0.0222410501868236,0.0173126640360033,1.4217704675648448,-0.0387084365991207,-0.0597557105064049,0.0411438285643651,0.0385681205370575,0.0374703774005213,0.0352491047479353,0.0718256165244969,0.071721935054792,0.0006850964910402,0.0009447816049768
24,fz_448,cars,hiresnet50.a1_in1k_fz,80.38,68.59996784770733,0.7414251346509438,69.6365880957653,67.09206778673929,0.7814831491673682,-4.896909399697336,0.8300517924688585,0.7123520927687885,0.0689743497936935,0.0763183330608041,0.0618769197695449,0.06091831210713709,0.0731216536985073,0.072723154642267,0.0705517279090113,0.0704901522911558,0.0295438802559075,0.0258906878649242,0.0363039599050538,0.0494662768260168,0.0788255563968982,0.0755354713605081,0.0804720718055216,0.076670009922783,0.0719025112095363,0.0717420569387985,0.0191032587015253,0.0171136287528844,1.0807951634859592,0.0689743497936935,0.0763183330608041,0.0618769197695449,0.06091831210713709,0.0731216536985073,0.072723154642267,0.0705517279090113,0.0704901522911558,0.0295438802559075,0.0258906878649242
24,fz_448,cars,hiresnet50.tv2_in1k_fz,80.85,67.21721300287247,0.8921620447401785,68.47073383058168,65.81016194442506,0.7180257696369919,-4.710316027977557,0.775490211381625,0.6548457962145815,0.057895341801132406,0.0637941827127025,0.074188032607941,0.0742015332496827,0.0807128612457073,0.0814031556830245,0.0719033655949256,0.0712839270087269,0.0329899333828077,0.0287136690957205,0.0613598266017635,0.0677568750603697,0.0510789216450114,0.050866540602981104,0.05324744499848309,0.0525415956911825,0.0710737573818897,0.0707765425713533,0.0396049433923143,0.030755316868187797,1.3272821125476486,0.057895341801132406,0.0637941827127025,0.074188032607941,0.0742015332496827,0.0807128612457073,0.0814031556830245,0.0719033655949256,0.0712839270087269,0.0329899333828077,0.0287136690957205
24,fz_448,cars,hiresnet50.fb_swsl_ig1b_ft_in1k_fz,81.18,78.32777745760295,1.1712553364343379,80.04379991567606,76.0144503322909,1.284870923497565,-4.435312389582558,1.3890341075744392,1.1534719063281171,0.0473620374143917,0.053055518082151795,0.0885100985178504,0.0895701384089781,0.0966210682971864,0.0979513893717319,0.0723929284230096,0.0714884539873424,0.0242294631018413,0.0211976936293972,0.10774823802325231,0.0962728343765576,0.1057956482955295,0.102705645175265,0.1133414616417815,0.1082001049328372,0.072307489884077,0.0707898906478524,0.0373665501224243,0.0276194594445682,1.4953256360022622,0.0473620374143917,0.053055518082151795,0.0885100985178504,0.0895701384089781,0.0966210682971864,0.0979513893717319,0.0723929284230096,0.0714884539873424,0.0242294631018413,0.0211976936293972
24,fz_448,cars,hiresnet50.fb_ssl_yfcc100m_ft_in1k_fz,79.22,75.86838792651078,1.3203878393628816,77.80848759861804,73.40562543792333,1.1454774160277363,-4.313952850238731,1.2545406288202217,1.0153008627340008,0.0289155302082528,0.0361785827498549,0.1659447931113288,0.1651477208169544,0.1664646588352902,0.1664982559928559,0.0766375150371828,0.0741783381995526,0.0236448738577328,0.0207814709652983,0.1252034861033185,0.11386142350865561,0.1323589440755418,0.1292936747241921,0.1442075715407429,0.1379663929670462,0.0753388492454068,0.0711594884891061,0.0426772550980406,0.029800704015152703,1.7403662783000782,0.0289155302082528,0.0361785827498549,0.1659447931113288,0.1651477208169544,0.1664646588352902,0.1664982559928559,0.0766375150371828,0.0741783381995526,0.0236448738577328,0.0207814709652983
24,fz_448,cars,hiresnet50.in1k_supcon_fz,79.1,76.78324804887149,1.1322486338077178,78.4445570111714,74.72544671970785,1.196112407030995,-4.469577515476318,1.2917637355968694,1.0840225959548067,0.064162448607208,0.0676855176229815,0.1503917262364579,0.1519819891450568,0.1649612706496804,0.1681312665313353,0.0773671601596675,0.0745444388657676,0.0280715391978504,0.0247136127085439,0.11975804831592991,0.1043314181471063,0.1151532904532522,0.1120543597745736,0.12304689566443952,0.11786873859026122,0.0756216508092738,0.071751109686196,0.0438951116025917,0.0323776619893217,1.4746037222690256,0.064162448607208,0.0676855176229815,0.1503917262364579,0.1519819891450568,0.1649612706496804,0.1681312665313353,0.0773671601596675,0.0745444388657676,0.0280715391978504,0.0247136127085439
24,fz_448,cars,hiresnet50.in1k_swav_fz,75.3,73.84737973980909,1.2839579656103923,75.66119976583424,71.2130817365878,1.038051140860144,-4.342299998840482,1.1341936820085223,0.905755476811944,-0.0004256199298499,0.0053145289844906,0.1876846406399496,0.1826068508131823,0.1783040035373597,0.1743210496481842,0.0753875492125984,0.0738407610390588,0.0216502903366652,0.0199833300910771,0.10906287713209159,0.0879717114973802,0.1414866625102233,0.1398080204957948,0.1506804590761421,0.1465514338409012,0.0730738735783027,0.0719124628312255,0.0116508474617492,0.0116580379979004,1.7386642154863703,-0.0004256199298499,0.0053145289844906,0.1876846406399496,0.1826068508131823,0.1783040035373597,0.1743210496481842,0.0753875492125984,0.0738407610390588,0.0216502903366652,0.0199833300910771
24,fz_448,cars,hiresnet50.in1k_mocov3_fz,74.6,79.03332615467679,1.0119607879415162,80.41925376348651,77.33075306129258,1.3269353961500194,-4.5831092037747085,1.4127068736280697,1.2270824712943884,0.0091188096279074,0.0133724601085722,0.1421768353595702,0.1400472157788407,0.1384524735801695,0.1369484988340024,0.0732165559383202,0.0722200567042253,0.0256091802432311,0.0228734516080409,0.1109350500411731,0.0967006703429949,0.0965182269371902,0.0953126945539657,0.10754218016923281,0.10406380103827902,0.071689769247594,0.0708514640329935,0.0363203016967754,0.029324272026618296,1.2804228762446355,0.0091188096279074,0.0133724601085722,0.1421768353595702,0.1400472157788407,0.1384524735801695,0.1369484988340024,0.0732165559383202,0.0722200567042253,0.0256091802432311,0.0228734516080409
24,fz_448,cars,hiresnet50.in1k_spark_fz,80.6,47.806012478729436,1.9034566721646875,50.29934997770573,44.43246653583312,-0.0878158910087351,-3.942280595353018,0.011974142177300676,-0.22362866969656522,0.0031743845346623003,0.0015539746455441,0.0582648800091378,0.0584575721069593,0.05414366834737659,0.0545187238690001,0.0704141718613298,0.070441496399401,0.0255302946691907,0.0238218697763624,0.1449849366851765,0.1205815637119266,0.013706280431047702,0.0133822206534237,0.0151348850390984,0.014311175631116998,0.0703757245188101,0.070410494415274,0.0374267420724151,0.027014899939771596,3.9816261040629604,0.0031743845346623003,0.0015539746455441,0.0582648800091378,0.0584575721069593,0.05414366834737659,0.0545187238690001,0.0704141718613298,0.070441496399401,0.0255302946691907,0.0238218697763624
24,fz_448,cars,hivit_base_patch16_224.orig_in21k_fz,81.79,52.649597641356344,0.6530583951380288,53.98497335302915,51.425711521137096,0.10608327927268688,-5.024706912241475,0.1597377272156546,0.057043924268678464,0.0779928723656331,0.0840019164364693,0.3819648908259081,0.3777420850367439,0.4277468269517243,0.4281910698361974,0.1718374070428696,0.1533239532027429,0.0552491556237063,0.0486277390724767,0.2407161386781481,0.21469780114399742,0.5844716374620544,0.5965570761575562,0.7151559800434606,0.7038129828608309,0.2741380960192476,0.1972469733997935,0.0906600460918556,0.0524971316415796,1.240386298080748,0.0779928723656331,0.0840019164364693,0.3819648908259081,0.3777420850367439,0.4277468269517243,0.4281910698361974,0.1718374070428696,0.1533239532027429,0.0552491556237063,0.0486277390724767
24,fz_448,cars,hideit_base_patch16_224.fb_in1k_fz,81.99,68.8456174301825,0.7498150728358446,69.91564573026653,67.4239643776863,0.792911641478855,-4.885572455218808,0.8432842094702336,0.727423594847285,0.0752990578644749,0.0806944656551259,0.47464748355986935,0.4682136068970223,0.5396455514905776,0.5365742915535148,0.1664752843394575,0.145601798641581,0.0522836727967725,0.0448673890617789,0.24663146884160678,0.2098697843698884,0.6363183144653776,0.65701849997203,0.7973537365973596,0.7885138181201377,0.2463944936570428,0.164833964911243,0.0699876250400943,0.0353454902137398,1.0891253515102026,0.0752990578644749,0.0806944656551259,0.47464748355986935,0.4682136068970223,0.5396455514905776,0.5365742915535148,0.1664752843394575,0.145601798641581,0.0522836727967725,0.0448673890617789
24,fz_448,cars,hivit_base_patch16_224_miil.in21k_fz,84.27,24.60906148670988,0.5286253264501646,25.260054416238727,23.74064626108268,-1.1195723606917698,-5.2373452766940725,-1.0847904248178122,-1.1669514686836902,-0.034531498780003,-0.0208455871483278,0.1692801353313437,0.1699267885279455,0.1548082963863133,0.1558710932577373,0.0834814268008165,0.0804961336857085,0.027759513438842996,0.0243004769796416,0.2397567614325382,0.2132531491330854,0.5549079778980691,0.5643273619882913,0.6731764611912117,0.6607630457716633,0.2663324311023622,0.1889074956804461,0.0823242365531721,0.0431959762302025,2.148092184399834,-0.034531498780003,-0.0208455871483278,0.1692801353313437,0.1699267885279455,0.1548082963863133,0.1558710932577373,0.0834814268008165,0.0804961336857085,0.027759513438842996,0.0243004769796416
24,fz_448,cars,hideit3_base_patch16_224.fb_in1k_fz,83.79,73.42361252240802,0.8627764458952667,74.50395988849827,71.65902796946139,1.0162224476315322,-4.744104651346897,1.0723291264780497,0.9276106147419794,0.1368965727319719,0.1511214985997591,0.2819338093434811,0.2768230648195721,0.37255786471702,0.3718575127161045,0.1297982283464566,0.110592871078347,0.0457100594450482,0.0397121745048376,0.3213109142321301,0.3049601417845727,0.5548629573423515,0.5592003275205593,0.7640798419662536,0.7516621044773519,0.2054751294109069,0.1195876892941383,0.05665382081911631,0.0249120257203541,1.1750667343314896,0.1368965727319719,0.1511214985997591,0.2819338093434811,0.2768230648195721,0.37255786471702,0.3718575127161045,0.1297982283464566,0.110592871078347,0.0457100594450482,0.0397121745048376
24,fz_448,cars,hideit3_base_patch16_224.fb_in22k_ft_in1k_fz,85.7,74.48039165132354,0.5870985974060742,75.24018672595629,73.56171571913455,1.0710887799112745,-5.131844402958143,1.1114635798156853,1.023311601704959,0.1651311070732667,0.1841830686125604,0.339099107154151,0.330291005203652,0.4453426064960486,0.4446249969309545,0.1114938757655293,0.0936760517262084,0.0478503214014483,0.0389152585119797,0.2636811002268755,0.24744564963726862,0.654121815185353,0.6593378509622125,0.8300298739488021,0.8214194982191036,0.21304726232137644,0.1228963599469824,0.0731078372226925,0.0325361467385418,0.7882592778976629,0.1651311070732667,0.1841830686125604,0.339099107154151,0.330291005203652,0.4453426064960486,0.4446249969309545,0.1114938757655293,0.0936760517262084,0.0478503214014483,0.0389152585119797
24,fz_448,cars,hivit_base_patch16_224.in1k_mocov3_fz,83.2,73.13105092498506,1.3109284750725745,75.03993254085009,70.30687240089662,1.0012817394202378,-4.321238570385216,1.100743159533811,0.8619539271672293,0.0084962210446098,0.011478763217706,0.3836097675863776,0.3794096262777422,0.3671302841369149,0.363137046046915,0.1149592629046369,0.10484429946606008,0.0386377196768763,0.0342760088030623,0.1607888875816213,0.1419698608490557,0.568405764156213,0.5786246593200842,0.6643357852354623,0.6594896786448537,0.16739802055993,0.12251932316983552,0.061896325878583805,0.0388872131074547,1.7925743695619432,0.0084962210446098,0.011478763217706,0.3836097675863776,0.3794096262777422,0.3671302841369149,0.363137046046915,0.1149592629046369,0.10484429946606008,0.0386377196768763,0.0342760088030623
24,fz_448,cars,hivit_base_patch16_224.dino_fz,82.8,78.4195267546507,1.103788118534843,79.41179503823393,75.75231814996921,1.2902840726909062,-4.495322927563512,1.349928572198622,1.1391480275601358,0.0009142763608426,0.0058956097761727,0.41387273342242137,0.41053228762875343,0.4002543489818099,0.3964891894766382,0.1602246008311461,0.1393805937997376,0.0512015663498029,0.041839138974273,0.43963011159792825,0.3978889183185095,0.4969145424550276,0.5129131919792084,0.844046145733852,0.8305269895354593,0.21688914862204717,0.12290830425252,0.062613759688505,0.0347625774050515,1.4075424377250305,0.0009142763608426,0.0058956097761727,0.41387273342242137,0.41053228762875343,0.4002543489818099,0.3964891894766382,0.1602246008311461,0.1393805937997376,0.0512015663498029,0.041839138974273
24,fz_448,cars,hivit_base_patch16_clip_224.laion2b_fz,85.47,92.86359844819688,0.2008195221872743,93.16872977211304,92.46028736869884,2.5659230682002594,-6.208508645480681,2.6129015139066922,2.506595157853866,0.11927645638651821,0.1264992290209356,0.4661551004933545,0.4615976611674267,0.5324194907849374,0.5322448112681718,0.1778124088655584,0.1463363524280911,0.0371942130599434,0.028879839946668602,0.2148841861546607,0.2047994932600401,0.7015546433481868,0.7011825929849141,0.8321001821404707,0.8221474106311529,0.1546483121901428,0.0921378548172882,0.0440366711281728,0.0221571088546798,0.21625214351272382,0.11927645638651821,0.1264992290209356,0.4661551004933545,0.4615976611674267,0.5324194907849374,0.5322448112681718,0.1778124088655584,0.1463363524280911,0.0371942130599434,0.028879839946668602
24,fz_448,cars,hivit_base_patch16_siglip_224.v2_webli_fz,79.2,36.62735796118066,0.7265309495733356,38.18030156423937,35.8763168032128,-0.5482368082736138,-4.917352551550618,-0.4819023418369389,-0.5807363896150012,-0.0024212916783825,-0.0021159674545047,0.60497761398191,0.6025934265438003,0.5421285874824139,0.5412379199992619,0.3498366415135607,0.3449036266776358,0.030479201416331,0.0317256333966734,0.0118432699229153,0.0153761548895105,0.22774912729257019,0.21526778339072022,0.21499120694962484,0.2026562544367462,0.3159961450131233,0.3054279769298189,0.0510759287540681,0.0495407623509881,1.9835745464997674,-0.0024212916783825,-0.0021159674545047,0.60497761398191,0.6025934265438003,0.5421285874824139,0.5412379199992619,0.3498366415135607,0.3449036266776358,0.030479201416331,0.0317256333966734
24,fz_448,cars,hivit_base_patch16_224.mae_fz,83.6,42.59489627852379,2.2320035991780642,45.10475277616848,37.64287295901189,-0.29839877395151504,-3.779697631269502,-0.19643914923321615,-0.5047343334965716,-0.0358608114359597,-0.0402106083899394,0.0706948206400815,0.06902342073575,0.0650409032023344,0.0636828005329831,0.0718538112423446,0.0713547491791055,0.0162792559370906,0.0178890391474678,0.2553161393764164,0.22171301416644923,0.4794644385253154,0.4917785503900528,0.62160095043718,0.6085291478107586,0.1532482593321668,0.1069329426243171,0.0538749548550352,0.0330711741926808,5.240072858924728,-0.0358608114359597,-0.0402106083899394,0.0706948206400815,0.06902342073575,0.0650409032023344,0.0636828005329831,0.0718538112423446,0.0713547491791055,0.0162792559370906,0.0178890391474678
24,fz_448,cub,hiresnet50.tv_in1k_fz,76.13,63.96581537319649,1.9848686505569424,66.33655343637015,61.06122409291788,0.5738807450013935,-3.8995691273311155,0.6783285021711708,0.4498864703941021,0.0938597550014664,0.0896144282376461,0.2130215578608944,0.20917775282734832,0.2677915215099414,0.2648402051007559,0.0943462048237753,0.0871324791936005,0.027468918151752904,0.0247462891697228,0.3974858672258262,0.3135585645187462,0.094270065638445,0.0824763581439109,0.1612959537269395,0.1278140245693472,0.0835235121714456,0.0751819858552395,0.0443879639509544,0.0269974753424361,3.103014694609301,0.0938597550014664,0.0896144282376461,0.2130215578608944,0.20917775282734832,0.2677915215099414,0.2648402051007559,0.0943462048237753,0.0871324791936005,0.027468918151752904,0.0247462891697228
24,fz_448,cub,hiresnet50.gluon_in1k_fz,77.58,64.69759067580028,0.9969437521979679,65.49822464877865,62.53190527354669,0.6057727479974966,-4.598211648512996,0.6410122555060576,0.5121871473264425,0.0653270839934681,0.0702662969333884,0.0432491353511021,0.0432236751776949,0.0577914958557957,0.0575895965611814,0.0843845672789725,0.0796054499524168,0.0277859633488039,0.0242300262817969,0.2467500805234845,0.1854851032548,0.0449351847461458,0.0402530155673474,0.070214889528902,0.05535162379069479,0.0802426355286738,0.0756423863615959,0.0339888590638355,0.027006312754455496,1.540928714322075,0.0653270839934681,0.0702662969333884,0.0432491353511021,0.0432236751776949,0.0577914958557957,0.0575895965611814,0.0843845672789725,0.0796054499524168,0.0277859633488039,0.0242300262817969
24,fz_448,cub,hiresnet50.in21k_miil_fz,82.0,77.78719607947998,0.7249319648446236,78.76530845410745,76.507427952828,1.2533079670299219,-4.919571932461688,1.3108364139630282,1.180703545455171,-0.1176163486830738,-0.1095000876332342,0.057125641101603696,0.05489655793564589,0.055086871966620196,0.0528145487760633,0.0763153841845878,0.0755853623500682,0.0012513421155432,0.0012406072282529,0.2070261194462127,0.2051027788767851,0.0021799907430675,0.0022261711169433,0.0032539576357112,0.0031731829135517994,0.0717814273446833,0.071556647498743,0.0106287785675576,0.0085066998234161,0.9319425321667539,-0.1176163486830738,-0.1095000876332342,0.057125641101603696,0.05489655793564589,0.055086871966620196,0.0528145487760633,0.0763153841845878,0.0755853623500682,0.0012513421155432,0.0012406072282529
24,fz_448,cub,hiresnet50.a1_in1k_fz,80.38,63.159355395981926,0.7465907437491488,64.15524559160278,61.61319545393405,0.5390592748166154,-4.889914379616265,0.5821086226443404,0.473162290587948,0.1113512054581727,0.11331256783707319,0.0627738023380453,0.0629980773680761,0.10500003627926471,0.10527771781714682,0.0711350526433691,0.070740285296811,0.0251636697800569,0.0226227672627339,0.074073033166612,0.05169145991497039,0.0426931705282888,0.0383761961138858,0.061011223066439704,0.0523718068879918,0.0723963000298685,0.0717745732106945,0.01866288326921,0.0185969898497665,1.182074672973381,0.1113512054581727,0.11331256783707319,0.0627738023380453,0.0629980773680761,0.10500003627926471,0.10527771781714682,0.0711350526433691,0.070740285296811,0.0251636697800569,0.0226227672627339
24,fz_448,cub,hiresnet50.tv2_in1k_fz,80.85,60.928117317412706,0.8413599819058397,62.09450929486712,59.46745945700668,0.44429166934779996,-4.76945666232388,0.4935615927969221,0.38332414136458154,0.0944622283846095,0.0851130295724339,0.0869660538346771,0.0858383130690421,0.1233292415341896,0.12152907593106019,0.0750354689366786,0.0730779190682683,0.0283422655956719,0.0241095216555909,0.1692936796152002,0.10248858467056161,0.0499323703596703,0.048537484814515,0.0698225639745345,0.0626784173802984,0.0726786514336917,0.0715885613059326,0.0334104607582733,0.0273844535861696,1.380905924800973,0.0944622283846095,0.0851130295724339,0.0869660538346771,0.0858383130690421,0.1233292415341896,0.12152907593106019,0.0750354689366786,0.0730779190682683,0.0283422655956719,0.0241095216555909
24,fz_448,cub,hiresnet50.fb_swsl_ig1b_ft_in1k_fz,81.18,77.34309898048977,0.8602082124386426,78.11731741270312,75.62728806390294,1.2277868686493278,-4.747111703955315,1.2725161915270469,1.132353028094185,0.0738568433559889,0.0749826102455659,0.0925236549867862,0.0912653630656078,0.12089586998198329,0.1200361678949468,0.0735163717144563,0.0721962563070099,0.0229199223460689,0.0205631704775841,0.24791329030076267,0.195672958754067,0.0402135680318954,0.0340226419145993,0.05744011116270921,0.0446856045610398,0.071403403151135,0.0708499846252603,0.0321208116027616,0.0240440940136437,1.1121977574956428,0.0738568433559889,0.0749826102455659,0.0925236549867862,0.0912653630656078,0.12089586998198329,0.1200361678949468,0.0735163717144563,0.0721962563070099,0.0229199223460689,0.0205631704775841
24,fz_448,cub,hiresnet50.fb_ssl_yfcc100m_ft_in1k_fz,79.22,76.24106854913857,1.311748624455707,77.46697652258044,73.55269576265555,1.1659417539687311,-4.320604830720768,1.2348697928786676,1.0228478645681311,0.064005857736973,0.0649901467479218,0.1280639593851037,0.1258753307182939,0.1549191351288047,0.1531540880875286,0.0783630152329749,0.075365893552934,0.022793492642782,0.0209119773091195,0.1963261090688245,0.134889140648887,0.0999234595832289,0.0922093460179546,0.1346522301573788,0.11612686793840002,0.0770259296594982,0.072506416428751,0.0315725442062142,0.0249198384910494,1.7205275967640252,0.064005857736973,0.0649901467479218,0.1280639593851037,0.1258753307182939,0.1549191351288047,0.1531540880875286,0.0783630152329749,0.075365893552934,0.022793492642782,0.0209119773091195
24,fz_448,cub,hiresnet50.in1k_supcon_fz,79.1,63.53283548952211,1.123553228396363,65.52164210669609,61.39482158165886,0.5551446133239726,-4.477374869489701,0.6420486821520502,0.46393906914716915,0.0889731801328304,0.0843116675609171,0.10842887628618829,0.1091527333590037,0.1518571317583336,0.1520097013342926,0.0789137171445639,0.0758297309308338,0.0263811065464891,0.0232712428730267,0.42113887997072263,0.352350470171119,0.057525193223922896,0.0414450559585468,0.1049469754296706,0.0701596378440653,0.0771227691905615,0.0736386902517417,0.0368922603947501,0.0236335083596654,1.768460701839225,0.0889731801328304,0.0843116675609171,0.10842887628618829,0.1091527333590037,0.1518571317583336,0.1520097013342926,0.0789137171445639,0.0758297309308338,0.0263811065464891,0.0232712428730267
24,fz_448,cub,hiresnet50.in1k_swav_fz,75.3,59.59491849266118,1.0224458652881117,60.8700760540692,58.12221158037861,0.38861475330409634,-4.572695434466629,0.44185419936099035,0.32779231289253774,0.0494328229285912,0.054572343792141,0.2247283939768697,0.2198954912732664,0.2993411452083686,0.2951045244169545,0.0803884781959378,0.076918868508942,0.0245275660468045,0.0220221903707299,0.0891831200544854,0.0372506498737957,0.12414508213115158,0.1269244834979856,0.1440384904852516,0.1407189051969317,0.0748184550477897,0.072918279892085,0.0190716363810082,0.0185519974719692,1.7156594742453097,0.0494328229285912,0.054572343792141,0.2247283939768697,0.2198954912732664,0.2993411452083686,0.2951045244169545,0.0803884781959378,0.076918868508942,0.0245275660468045,0.0220221903707299
24,fz_448,cub,hiresnet50.in1k_mocov3_fz,74.6,66.36270158055687,1.012604124036526,67.5015111958137,64.45310917397146,0.6794996521703798,-4.582467174379589,0.730956395792122,0.5950852766248208,0.0552526286561771,0.0656946997259089,0.1492984168505024,0.1492315684387047,0.20494476302698442,0.2036606805227331,0.075122974537037,0.0730473379255548,0.022290052705875,0.019940427248622,0.1073744740671706,0.0933428578890257,0.1160960587418168,0.11433799101021788,0.1432349851897831,0.1386205913832668,0.0736505469683393,0.0719286713082668,0.0307426159820889,0.027456642056886905,1.5258633237035086,0.0552526286561771,0.0656946997259089,0.1492984168505024,0.1492315684387047,0.20494476302698442,0.2036606805227331,0.075122974537037,0.0730473379255548,0.022290052705875,0.019940427248622
24,fz_448,cub,hiresnet50.in1k_spark_fz,80.6,29.541422971148723,1.1981853042559103,31.17682044400797,27.843762610179542,-0.8692315303262528,-4.412307806209186,-0.7918657161322681,-0.9522247542308012,0.0145639708764092,0.0217300096658935,0.0656774886330186,0.06473244323241,0.0780959754348598,0.077431344926119,0.0706636891427718,0.0706523294413919,0.0233889774930092,0.0212526609200042,0.2578171047012597,0.1630184153982116,0.0102798976440455,0.0094637281846974,0.014930459392617498,0.0118516341305654,0.0704536757019115,0.0705651451285642,0.0350087289047497,0.0241938964105569,4.055949862083839,0.0145639708764092,0.0217300096658935,0.0656774886330186,0.06473244323241,0.0780959754348598,0.077431344926119,0.0706636891427718,0.0706523294413919,0.0233889774930092,0.0212526609200042
24,fz_448,cub,hivit_base_patch16_224.orig_in21k_fz,81.79,85.10624557377633,0.34188047981102493,85.47274904750097,84.51555032646692,1.7429584648310164,-5.675039600959342,1.7721713389052283,1.697099271496909,0.2979022974395598,0.2975873316468518,0.4687353921522176,0.4687970784461152,0.6967342257490975,0.6970518815846957,0.2405665073675826,0.1833041175872058,0.0771669583081344,0.05355151789092309,0.41813795236690054,0.4127840960210355,0.4635123275245506,0.4607847040159963,0.7781728928821374,0.7728682075682033,0.2880591024492234,0.1909916744475568,0.10243427427652478,0.0542040832968421,0.40171021234235726,0.2979022974395598,0.2975873316468518,0.4687353921522176,0.4687970784461152,0.6967342257490975,0.6970518815846957,0.2405665073675826,0.1833041175872058,0.0771669583081344,0.05355151789092309
24,fz_448,cub,hideit_base_patch16_224.fb_in1k_fz,81.99,77.92659072603843,0.4776217835671905,78.85411652980824,77.14788327248036,1.2613935551731505,-5.339318633034448,1.3161542675766364,1.2166803930853103,0.21040942632055176,0.2123582156644849,0.4672913246181783,0.4649712823660418,0.6775036484641304,0.6781367696911368,0.1871484219434488,0.1535446443534678,0.0739322637998929,0.058856422102058305,0.4545908693691351,0.40200911063544637,0.4124947282925701,0.4422668004617646,0.7860045326283303,0.7786646117982617,0.21637607029072078,0.1406395891690009,0.0711003640219302,0.0366760891872448,0.6129124591711386,0.21040942632055176,0.2123582156644849,0.4672913246181783,0.4649712823660418,0.6775036484641304,0.6781367696911368,0.1871484219434488,0.1535446443534678,0.0739322637998929,0.058856422102058305
24,fz_448,cub,hivit_base_patch16_224_miil.in21k_fz,84.27,44.473415108068735,0.7780133157800052,46.43479331865083,43.709211893151576,-0.22197031577901616,-4.848371269245963,-0.14285069398588413,-0.2529720218532369,0.0403220743863099,0.0479770544485015,0.2739248521119457,0.2723401675086359,0.3056061452454517,0.3072530120972078,0.11091354291119068,0.0991043185436567,0.027176347898326004,0.0236342767656067,0.5013525254264694,0.4942471964818854,0.3017473498642926,0.2991224281803998,0.6082911874699651,0.598522661557872,0.10572543309438469,0.0742599924585218,0.0643045293921638,0.0349558685725425,1.7493896384828147,0.0403220743863099,0.0479770544485015,0.2739248521119457,0.2723401675086359,0.3056061452454517,0.3072530120972078,0.11091354291119068,0.0991043185436567,0.027176347898326004,0.0236342767656067
24,fz_448,cub,hideit3_base_patch16_224.fb_in1k_fz,83.79,79.42559973811342,0.8883326018893386,80.787717907954,77.61598934303092,1.3507731338634994,-4.714656222428998,1.436275181071379,1.2434265601784558,0.21791816325140762,0.2174315352268792,0.2784507164326613,0.2763954176557764,0.41691904646594347,0.4159818628353259,0.1403978743528474,0.11302930627379151,0.0569305615399473,0.0460097548507508,0.44453028790542815,0.4206985195839258,0.4338638419978988,0.4416108803218831,0.7760289979603163,0.7659174227039149,0.23977312325766623,0.1423672834518422,0.0694235460732572,0.0287562980974986,1.1184461997371113,0.21791816325140762,0.2174315352268792,0.2784507164326613,0.2763954176557764,0.41691904646594347,0.4159818628353259,0.1403978743528474,0.11302930627379151,0.0569305615399473,0.0460097548507508
24,fz_448,cub,hideit3_base_patch16_224.fb_in22k_ft_in1k_fz,85.7,86.77774158470557,0.4189985157849228,87.37936768001867,86.0965933675925,1.8814485023629839,-5.470859299591053,1.9349262266065022,1.8233359530759115,0.2848572457087132,0.2921797231812132,0.2300525821244534,0.2278476585542908,0.4162024307919275,0.4129172281134853,0.1223911663679808,0.0904136627941775,0.05849103154247369,0.0443597702862142,0.5903350467055041,0.5828899402882679,0.2858599552831735,0.2837568855155636,0.7180681184884996,0.7116581491743086,0.1308383736559139,0.0768554617359764,0.0538250631969889,0.027105179516387003,0.48284100062218094,0.2848572457087132,0.2921797231812132,0.2300525821244534,0.2278476585542908,0.4162024307919275,0.4129172281134853,0.1223911663679808,0.0904136627941775,0.05849103154247369,0.0443597702862142
24,fz_448,cub,hivit_base_patch16_224.in1k_mocov3_fz,83.2,76.68976000751952,0.8874770092705866,78.49232085644694,75.35470561257314,1.1908754437052171,-4.715628463579817,1.2945907556872103,1.1176203879861626,0.0989307278048983,0.1031429928682365,0.4617490158953138,0.45940505179189917,0.5720115055242436,0.5717017467123964,0.1457991089207486,0.124075551695037,0.0669400726167959,0.0531774181804377,0.3104221714567411,0.2760935173521653,0.4714880153810944,0.4897662627410783,0.7053896667288005,0.7032308652799723,0.1752865516726404,0.12459206438985851,0.0711165890898755,0.044402689123765,1.1572301297899075,0.0989307278048983,0.1031429928682365,0.4617490158953138,0.45940505179189917,0.5720115055242436,0.5717017467123964,0.1457991089207486,0.124075551695037,0.0669400726167959,0.0531774181804377
24,fz_448,cub,hivit_base_patch16_224.dino_fz,82.8,83.28085067764775,0.7199796826154929,84.5136056240793,81.86257112343836,1.605663910411217,-4.926476631503418,1.696950678454442,1.5070641825044306,0.130278389104989,0.1344313469098635,0.5547350395117313,0.5529201743870888,0.7093487943507801,0.7109413536099972,0.2372778524492234,0.1926535304292657,0.0774516060574507,0.06146622992260551,0.5219751562547938,0.4572666195607506,0.3976165973843644,0.42813779289292786,0.8431958134246995,0.8248922781175005,0.20642298884906413,0.1110753395909646,0.0637889865478734,0.0313888987451246,0.8645200868592143,0.130278389104989,0.1344313469098635,0.5547350395117313,0.5529201743870888,0.7093487943507801,0.7109413536099972,0.2372778524492234,0.1926535304292657,0.0774516060574507,0.06146622992260551
24,fz_448,cub,hivit_base_patch16_clip_224.laion2b_fz,85.47,81.88768209301836,0.5810269853598521,82.89067045235399,81.00576766316459,1.508756323601395,-5.142301047653259,1.5778986137181126,1.4503849859922948,0.1548832808632493,0.1593576303105024,0.2694172426472436,0.2677563121659013,0.379084622909453,0.378408731929946,0.1427111335125448,0.123641336876631,0.05012386770231321,0.0415729450764673,0.3946346028873525,0.345217316160846,0.4898094293939271,0.5125189411692389,0.7949726868297204,0.7821685510786139,0.1709641639287136,0.1065008401865019,0.0687725659339658,0.0403388357642806,0.709541374855193,0.1548832808632493,0.1593576303105024,0.2694172426472436,0.2677563121659013,0.379084622909453,0.378408731929946,0.1427111335125448,0.123641336876631,0.05012386770231321,0.0415729450764673
24,fz_448,cub,hivit_base_patch16_siglip_224.v2_webli_fz,79.2,46.59891809723836,1.1496480078565596,49.674181320809446,45.64670267607254,-0.13625368204762642,-4.454151295083396,-0.013032931642711366,-0.17457390616337784,-0.0122005608252853,-0.0167169444318022,0.5316479765515847,0.5253372652149115,0.5121396588045856,0.5050398908994083,0.3640388540422142,0.3446816026089923,0.0490907978092897,0.0441410573738398,0.199401483880757,0.1753305044844789,0.3317774080713721,0.3320444243224385,0.4234175524806651,0.40996648771475164,0.3652740442054958,0.324628836577366,0.0634383774465984,0.0506440976382175,2.467113089315892,-0.0122005608252853,-0.0167169444318022,0.5316479765515847,0.5253372652149115,0.5121396588045856,0.5050398908994083,0.3640388540422142,0.3446816026089923,0.0490907978092897,0.0441410573738398
24,fz_448,cub,hivit_base_patch16_224.mae_fz,83.6,42.32438932293566,1.7757672355193834,44.51237397923383,39.11120618545007,-0.3094708926169189,-4.01302037951427,-0.22039282384571132,-0.44264011903379563,0.030280103588455905,0.024129448655254,0.0788548505359831,0.0788070656894803,0.0894313291812858,0.0890319410589137,0.0742483074472321,0.073194421999569,0.036256948465942,0.0316728619319615,0.46576602262608696,0.3904346699430071,0.2894334282046323,0.3147591038685853,0.5747699103878634,0.5537730628027244,0.11938564068100362,0.0821435678972443,0.05612204226541691,0.0352583837596488,4.195612184667936,0.030280103588455905,0.024129448655254,0.0788548505359831,0.0788070656894803,0.0894313291812858,0.0890319410589137,0.0742483074472321,0.073194421999569,0.036256948465942,0.0316728619319615
24,fz_448,all,hiresnet50.tv_in1k_fz,76.13,66.4756940095603,2.6569897787090797,71.12523924642305,61.06122409291788,0.6845656495345737,-3.601047108899016,0.9014743729694566,0.4498864703941021,0.04343543157236494,0.03900671862585257,0.1879810998386987,0.18383639141778704,0.2159390547634526,0.21337033004960773,0.08653851080048089,0.08267734921830733,0.023253963111358033,0.02072592440781267,0.3526933674819085,0.2912662830867471,0.1378610057737659,0.1309190663108755,0.19911229109340284,0.17592931947959806,0.08249510323630761,0.07487208698432743,0.043369331269131034,0.025765234280026465,3.9969342453603582,0.04343543157236494,0.03900671862585257,0.1879810998386987,0.18383639141778704,0.2159390547634526,0.21337033004960773,0.08653851080048089,0.08267734921830733,0.023253963111358033,0.02072592440781267
24,fz_448,all,hiresnet50.gluon_in1k_fz,77.58,67.74078900370388,2.7112933033575657,72.5913231275081,62.53190527354669,0.7418848801015056,-3.5802571608543774,0.9739857610962236,0.5121871473264425,0.013329169837891333,0.010650240297933536,0.03861437290734783,0.03816017599053773,0.0463004650017349,0.046084093272296664,0.07886099653678187,0.07703634678564088,0.024839612270579566,0.0215252679123965,0.20833585118073772,0.17139201432526233,0.041869831682523104,0.03894363401325494,0.05810870832778863,0.05003332425803897,0.07610385560536964,0.07404070276328546,0.0386570733871074,0.027602032344796332,4.002453091016285,0.013329169837891333,0.010650240297933536,0.03861437290734783,0.03816017599053773,0.0463004650017349,0.046084093272296664,0.07886099653678187,0.07703634678564088,0.024839612270579566,0.0215252679123965
24,fz_448,all,hiresnet50.in21k_miil_fz,82.0,74.81820284052279,2.29069077985022,78.76530845410745,70.85206608812761,1.0889398102912855,-3.753143415568383,1.3108364139630282,0.8882100946772523,-0.0971492546119566,-0.11558173465050593,0.04770215705330363,0.044950915853284104,0.04691140458530767,0.044104512852847666,0.07371788476271483,0.07444433170832868,0.0008426001911423667,0.001012361320104,0.15878576224281596,0.14277543585442992,0.0022385313979179666,0.0021604546722479,0.0029228256025556,0.0027316650438500667,0.07113638787082517,0.07212408618317151,0.0158901518701948,0.012365726828934933,3.0616757592171724,-0.0971492546119566,-0.11558173465050593,0.04770215705330363,0.044950915853284104,0.04691140458530767,0.044104512852847666,0.07371788476271483,0.07444433170832868,0.0008426001911423667,0.001012361320104
24,fz_448,all,hiresnet50.a1_in1k_fz,80.38,65.11112431878428,2.5996229640627,69.6365880957653,61.61319545393405,0.6239273850809135,-3.6234636609566366,0.8300517924688585,0.473162290587948,0.04711749237478217,0.04969455966781617,0.05842492180283387,0.057889370344699896,0.08202665613609243,0.08193470381334447,0.0707512848458077,0.07166202937942706,0.021961786982637732,0.019499279577739732,0.035349282823617496,0.017736160329450364,0.05978149670821269,0.05696448890941617,0.07003442512922477,0.06565091374476534,0.07168317078706653,0.07252864239609233,0.015851602546830167,0.0150695868164059,3.992594186110099,0.04711749237478217,0.04969455966781617,0.05842492180283387,0.057889370344699896,0.08202665613609243,0.08193470381334447,0.0707512848458077,0.07166202937942706,0.021961786982637732,0.019499279577739732
24,fz_448,all,hiresnet50.tv2_in1k_fz,80.85,64.43282033932344,2.7730981967637724,68.47073383058168,59.46745945700668,0.5941998429051285,-3.557082262946518,0.775490211381625,0.38332414136458154,0.03485945797557787,0.03226090792748,0.07390245336724953,0.07319221463006972,0.09419877888328856,0.0939546981880304,0.07274854458122561,0.07287302844425343,0.0241093719524758,0.0209369193815321,0.13893058631746621,0.1091237320307064,0.0449600782191271,0.043960346374366806,0.05762599500610393,0.05392858967222273,0.07157267905141887,0.07212214350940974,0.031747283211640304,0.0252207286389624,4.3038597133569,0.03485945797557787,0.03226090792748,0.07390245336724953,0.07319221463006972,0.09419877888328856,0.0939546981880304,0.07274854458122561,0.07287302844425343,0.0241093719524758,0.0209369193815321
24,fz_448,all,hiresnet50.fb_swsl_ig1b_ft_in1k_fz,81.18,77.5784763490666,1.0494229922585754,80.04379991567606,75.42061898497542,1.2412686472924468,-4.546380021398178,1.3890341075744392,1.1211727776129838,0.029740331683756362,0.024576368028185035,0.08371914740354633,0.0830044002154409,0.09790017262013907,0.09779965174270629,0.07242275538325074,0.07269426794927046,0.018112263587497734,0.016093842633071165,0.20682558618044355,0.1606244430425282,0.06659387911932636,0.06311479511585344,0.08557979562415736,0.07756131328929274,0.07156197046597519,0.0718319478548391,0.03161117781499866,0.022972675945918602,1.3527244174488118,0.029740331683756362,0.024576368028185035,0.08371914740354633,0.0830044002154409,0.09790017262013907,0.09779965174270629,0.07242275538325074,0.07269426794927046,0.018112263587497734,0.016093842633071165
24,fz_448,all,hiresnet50.fb_ssl_yfcc100m_ft_in1k_fz,79.22,75.47778346783456,1.3838117440469302,77.80848759861804,73.09423250017309,1.1242588503585205,-4.266393604371187,1.2545406288202217,0.9994087960523095,0.016814573753609566,-0.0012604661185715293,0.13528726389917015,0.13366415097542028,0.14746837154660533,0.1468547406683211,0.07630313649229613,0.07521618194160454,0.0180441144602603,0.016201313898694933,0.2052956140515939,0.16403906017412268,0.0995863432305216,0.09548258385323609,0.1310066353105535,0.11901604674906881,0.07488201798165636,0.07255164925458966,0.03479820560748947,0.024533471276541867,1.8334027318603656,0.016814573753609566,-0.0012604661185715293,0.13528726389917015,0.13366415097542028,0.14746837154660533,0.1468547406683211,0.07630313649229613,0.07521618194160454,0.0180441144602603,0.016201313898694933
24,fz_448,all,hiresnet50.in1k_supcon_fz,79.1,70.90559504900533,5.682608781867609,78.4445570111714,61.39482158165886,0.890803459113018,-2.8092551771329353,1.2917637355968694,0.46393906914716915,0.04093585756087477,0.033678931432627,0.11935656364071807,0.11964745654388573,0.14883078890383525,0.15023450885543838,0.07677339117049878,0.07549719553143178,0.021341741159581866,0.0189809151186895,0.2866155386440384,0.2423397016995893,0.0757869834896899,0.0687500710409378,0.10611522252238688,0.08985898638446181,0.07495987599976703,0.07323751760684574,0.037419960897122136,0.025730092730897332,8.01433057284148,0.04093585756087477,0.033678931432627,0.11935656364071807,0.11964745654388573,0.14883078890383525,0.15023450885543838,0.07677339117049878,0.07549719553143178,0.021341741159581866,0.0189809151186895
24,fz_448,all,hiresnet50.in1k_swav_fz,75.3,68.74934678171437,6.666677905706422,75.66119976583424,58.12221158037861,0.7884269561955738,-2.639055523342426,1.1341936820085223,0.32779231289253774,0.009170871521703,0.009671265303559568,0.1930918616792939,0.1890370111719745,0.21886730873077645,0.21646735163322972,0.07628480371862173,0.0754638088622616,0.0191033329275164,0.017372579860967734,0.10160266252025914,0.0685576075518188,0.11821446264276993,0.11714975508799844,0.13524643863788277,0.13053627310728197,0.0733738122886476,0.0731228207313201,0.017949516154460967,0.016955016129279334,9.697078180064388,0.009170871521703,0.009671265303559568,0.1930918616792939,0.1890370111719745,0.21886730873077645,0.21646735163322972,0.07628480371862173,0.0754638088622616,0.0191033329275164,0.017372579860967734
24,fz_448,all,hiresnet50.in1k_mocov3_fz,74.6,73.47676679775623,5.454135565674271,80.41925376348651,64.45310917397146,1.0189481847529718,-2.852710914383655,1.4127068736280697,0.5950852766248208,0.0149950836166839,0.016488296416798266,0.1375182401936553,0.13569244145045747,0.15985478510855314,0.15867349503254927,0.07341298151261906,0.07335258367463666,0.019676968606109197,0.01755505319902413,0.10081743520624926,0.08410588938671014,0.09223559497540414,0.0904966110037256,0.10906645266674289,0.1054084552471017,0.07200564682714156,0.07219975073919017,0.03147463291946637,0.026008783526799067,7.4229389824496534,0.0149950836166839,0.016488296416798266,0.1375182401936553,0.13569244145045747,0.15985478510855314,0.15867349503254927,0.07341298151261906,0.07335258367463666,0.019676968606109197,0.01755505319902413
24,fz_448,all,hiresnet50.in1k_spark_fz,80.6,44.079231235491015,10.972815981061197,57.14879180225715,27.843762610179542,-0.23794712092672082,-2.093520821799875,0.28792440857316565,-0.9522247542308012,-0.0042137349911765005,-0.005954742545752867,0.0550485574774716,0.054425262456578465,0.05896431711385633,0.0588036396812422,0.07048014704410223,0.07158305288333906,0.018721543676637968,0.017318335547519666,0.19469156405869698,0.1464075265375625,0.010159360157840934,0.009747964819164368,0.013106302223602834,0.011685100169373333,0.07038828453760519,0.07153137364598935,0.0306461253079552,0.02146121254540167,24.893392360768487,-0.0042137349911765005,-0.005954742545752867,0.0550485574774716,0.054425262456578465,0.05896431711385633,0.0588036396812422,0.07048014704410223,0.07158305288333906,0.018721543676637968,0.017318335547519666
24,fz_448,all,hivit_base_patch16_224.orig_in21k_fz,81.79,64.67341296182298,14.783131077631728,85.47274904750097,51.425711521137096,0.6047143347735622,-1.7517126676228094,1.7721713389052283,0.057043924268678464,0.12477437574660197,0.12959055414141754,0.37308791776021455,0.37074211116397654,0.49081402281980774,0.49026832688379635,0.19090810531393038,0.16103811886802158,0.059452520749527636,0.046755337040669205,0.3740178678654071,0.33834767068782595,0.45605453843387056,0.46846113039030773,0.7420976242437654,0.7326717221956717,0.25003029464025,0.17528679800129474,0.08845264146613113,0.051384848811967296,22.858127320972347,0.12477437574660197,0.12959055414141754,0.37308791776021455,0.37074211116397654,0.49081402281980774,0.49026832688379635,0.19090810531393038,0.16103811886802158,0.059452520749527636,0.046755337040669205
24,fz_448,all,hideit_base_patch16_224.fb_in1k_fz,81.99,71.08620867625913,5.052202250461544,78.85411652980824,65.10881857416511,0.8995746574717903,-2.9335030057699365,1.3161542675766364,0.623825885938185,0.08130265561041743,0.08031229723504653,0.4030307793925622,0.39853828240801636,0.5274720318129839,0.5261005307055994,0.1618027241800096,0.14018579604610173,0.0578384398871802,0.0475507868340913,0.40154983560487045,0.35004214440056775,0.4615722768175102,0.4900789781596095,0.7947839091886951,0.7864400506822474,0.21313995650110637,0.14064443562516396,0.06443938961649023,0.03329943585810216,7.10714827044763,0.08130265561041743,0.08031229723504653,0.4030307793925622,0.39853828240801636,0.5274720318129839,0.5261005307055994,0.1618027241800096,0.14018579604610173,0.0578384398871802,0.0475507868340913
24,fz_448,all,hivit_base_patch16_224_miil.in21k_fz,84.27,37.85243623112436,9.551947702195232,46.43479331865083,23.74064626108268,-0.4958162747433303,-2.248030596569349,-0.14285069398588413,-1.1669514686836902,-0.0109083040352214,-0.012930385434413568,0.18840887981650295,0.18659418711026582,0.19814714143967674,0.19827596265390163,0.09077553492418282,0.08642040027724704,0.0253281424908758,0.022133604639361665,0.41116235378600063,0.37709006322338484,0.37827792706501007,0.38790231468322606,0.6420351119747342,0.6297145903122353,0.16336743027830783,0.11648916562470603,0.06762437881634044,0.037775248393773365,25.234697296289465,-0.0109083040352214,-0.012930385434413568,0.18840887981650295,0.18659418711026582,0.19814714143967674,0.19827596265390163,0.09077553492418282,0.08642040027724704,0.0253281424908758,0.022133604639361665
24,fz_448,all,hideit3_base_patch16_224.fb_in1k_fz,83.79,74.3292292155072,3.985183218959696,80.787717907954,68.90765999676891,1.063151247822969,-3.181919232688073,1.436275181071379,0.795805860709085,0.09564565159614512,0.102073219430425,0.23662371796973364,0.2332695381947822,0.3347741343307256,0.33355431897564547,0.12243382376301586,0.10519600763822737,0.04436248182775967,0.03758254102227773,0.44789782933423666,0.4148358143997076,0.4355571349835476,0.45204383964568173,0.7896477536298104,0.778474957884038,0.21532313550490895,0.12378648462601864,0.059399719404114266,0.024491699793673567,5.361529052595467,0.09564565159614512,0.102073219430425,0.23662371796973364,0.2332695381947822,0.3347741343307256,0.33355431897564547,0.12243382376301586,0.10519600763822737,0.04436248182775967,0.03758254102227773
24,fz_448,all,hideit3_base_patch16_224.fb_in22k_ft_in1k_fz,85.7,78.39179037122102,6.056783342514352,87.37936768001867,73.02037896097303,1.2886458893344142,-2.7415116640385424,1.9349262266065022,0.9956567613534313,0.13581091109884272,0.14830682298194361,0.2416520296421499,0.2358540500717761,0.3697271144319216,0.36716868664646757,0.1055182712560418,0.08793865891653206,0.04608312081059033,0.0367222296982953,0.4816658036145866,0.4539663255067182,0.40741561019952904,0.4183266320302804,0.7788245007148774,0.7705814152257772,0.15950219501712143,0.0942055775281421,0.0572266526844012,0.026932484409314332,7.726298013902616,0.13581091109884272,0.14830682298194361,0.2416520296421499,0.2358540500717761,0.3697271144319216,0.36716868664646757,0.1055182712560418,0.08793865891653206,0.04608312081059033,0.0367222296982953
24,fz_448,all,hivit_base_patch16_224.in1k_mocov3_fz,83.2,72.9718042334579,3.284007734158144,78.49232085644694,68.18297214336819,0.9931925143949133,-3.382714222300264,1.2945907556872103,0.7621932446937517,0.03133757969230107,0.029940585191026232,0.3797082004737318,0.3759932000892999,0.422117323239094,0.4201903593134941,0.1207133423059927,0.1084294041489704,0.044984871757055366,0.036970513012716935,0.2575278397350815,0.22738282709399277,0.4940424677837801,0.5087497338754726,0.7032494090057513,0.6995469771273869,0.17013245237761845,0.1233192090258379,0.06579521251776967,0.040160899320485534,4.500378973297211,0.03133757969230107,0.029940585191026232,0.3797082004737318,0.3759932000892999,0.422117323239094,0.4201903593134941,0.1207133423059927,0.1084294041489704,0.044984871757055366,0.036970513012716935
24,fz_448,all,hivit_base_patch16_224.dino_fz,82.8,79.40821508123166,2.992890690583573,84.5136056240793,75.63525583327564,1.349709621493682,-3.478544561153109,1.696950678454442,1.1327853452720107,0.038660291298662705,0.04224814071384123,0.4335567121218808,0.42877146624127627,0.4959394873111313,0.493722163050444,0.18426929547261128,0.15630591672995658,0.05600685900215797,0.044232908670116936,0.5368302257937845,0.4676421382762645,0.39682508426120633,0.43541935005433635,0.8635496363593167,0.8493500818369509,0.21044693889706556,0.1147604313626896,0.0647378262896239,0.032387054291457,3.76899378423499,0.038660291298662705,0.04224814071384123,0.4335567121218808,0.42877146624127627,0.4959394873111313,0.493722163050444,0.18426929547261128,0.15630591672995658,0.05600685900215797,0.044232908670116936
24,fz_448,all,hivit_base_patch16_clip_224.laion2b_fz,85.47,83.05229164893655,7.7255292480453575,93.16872977211304,72.93498580627293,1.5893378051252904,-2.480237181836916,2.6129015139066922,0.9913265342503798,0.11378696482928323,0.11962065204754567,0.3344195130675693,0.3322330954604907,0.43368449502266476,0.43388014838260686,0.14397420474213127,0.12360651313651463,0.040149760511568,0.0333660688102145,0.4014186695197704,0.3488542774118816,0.5095804646810754,0.5397454673521748,0.8313550538951056,0.8198739287769478,0.16073721530053994,0.09973039775225333,0.06004613544568114,0.0334126902398095,9.302006115257242,0.11378696482928323,0.11962065204754567,0.3344195130675693,0.3322330954604907,0.43368449502266476,0.43388014838260686,0.14397420474213127,0.12360651313651463,0.040149760511568,0.0333660688102145
24,fz_448,all,hivit_base_patch16_siglip_224.v2_webli_fz,79.2,42.42109838164768,4.381028722785975,49.674181320809446,35.8763168032128,-0.3055103674375616,-3.083087679665099,-0.013032931642711366,-0.5807363896150012,-0.018348745182465834,-0.03231921844861887,0.5439393927983996,0.535574625972073,0.5199468339347036,0.5132714795729464,0.31939133735702946,0.30799857194483227,0.03473887116595453,0.03356612402983867,0.14209571541442897,0.12852793081406658,0.24056566099039225,0.23448410601665906,0.29465881239155667,0.28295845301608424,0.28942962118066023,0.2672291674245939,0.05289857782475973,0.045916025989587564,10.327475925708955,-0.018348745182465834,-0.03231921844861887,0.5439393927983996,0.535574625972073,0.5199468339347036,0.5132714795729464,0.31939133735702946,0.30799857194483227,0.03473887116595453,0.03356612402983867
24,fz_448,all,hivit_base_patch16_224.mae_fz,83.6,46.75381173367826,6.496145913242487,57.453437651457456,37.64287295901189,-0.13003043335314154,-2.6667935910032985,0.3003757788926778,-0.5047343334965716,-0.015954178140201,-0.017858493751355935,0.06437798607094719,0.06322854361893669,0.06694084402542647,0.06616850910402326,0.07237469572416087,0.07289497908378363,0.0234557094556161,0.021836589804117366,0.39902722633077137,0.3181231045363759,0.32859843282335616,0.3572175301800408,0.566491219880248,0.5508456638905681,0.15469581597067694,0.10573911432712656,0.057311998079911705,0.0336720663507991,13.894366410692255,-0.015954178140201,-0.017858493751355935,0.06437798607094719,0.06322854361893669,0.06694084402542647,0.06616850910402326,0.07237469572416087,0.07289497908378363,0.0234557094556161,0.021836589804117366
