serial,setting,dataset_name,method,augreg,acc_in1k,acc_2,acc_2_std,acc_2_max,acc_2_min,last_acc,acc_2_combined,cka_avg_test,cka_avg_train,MSC_train,MSC_train_ft,MSC_test,MSC_test_ft,V_intra_train,V_intra_train_ft,V_intra_test,V_intra_test_ft,S_inter_train,S_inter_train_ft,S_inter_test,S_inter_test_ft,clustering_diversity_train,clustering_diversity_train_ft,clustering_diversity_test,clustering_diversity_test_ft,spectral_diversity_train,spectral_diversity_train_ft,spectral_diversity_test,spectral_diversity_test_ft,dist_avg_train,dist_avg_test,dist_norm_avg_train,dist_norm_avg_test,l2_norm_avg_train,l2_norm_avg_test,cka_0_train,cka_0_test,cka_11_train,cka_11_test,cka_15_train,cka_15_test,cka_avg_test_ft,cka_avg_train_ft,dist_avg_train_ft,dist_avg_test_ft,dist_norm_avg_train_ft,dist_norm_avg_test_ft,l2_norm_avg_train_ft,l2_norm_avg_test_ft,cka_0_train_ft,cka_0_test_ft,cka_11_train_ft,cka_11_test_ft,cka_15_train_ft,cka_15_test_ft,cka_high_mean_train,cka_mid_mean_train,cka_low_mean_train,cka_high_mean_test,cka_mid_mean_test,cka_low_mean_test,cka_high_mean_train_ft,cka_mid_mean_train_ft,cka_low_mean_train_ft,cka_high_mean_test_ft,cka_mid_mean_test_ft,cka_low_mean_test_ft,cis_spectral_train,cis_spectral_test,cis_clustering_train,cis_clustering_test,cis_spectral_train_ft,cis_spectral_test_ft,cis_clustering_train_ft,cis_clustering_test_ft,cka_last_combined_train,cka_last_combined_test,cka_last_combined_train_ft,cka_last_combined_test_ft,MSC_train_combined,MSC_test_combined,V_intra_train_combined,V_intra_test_combined,S_inter_train_combined,S_inter_test_combined,clustering_diversity_train_combined,clustering_diversity_test_combined,spectral_diversity_train_combined,spectral_diversity_test_combined,cka_avg_test_combined,cka_avg_train_combined,dist_avg_train_combined,dist_avg_test_combined,dist_norm_avg_train_combined,dist_norm_avg_test_combined,l2_norm_avg_train_combined,l2_norm_avg_test_combined,cka_0_train_combined,cka_0_test_combined,cka_11_train_combined,cka_11_test_combined,cka_15_train_combined,cka_15_test_combined,cka_high_mean_train_combined,cka_mid_mean_train_combined,cka_low_mean_train_combined,cka_high_mean_test_combined,cka_mid_mean_test_combined,cka_low_mean_test_combined,cis_spectral_train_combined,cis_spectral_test_combined,cis_clustering_train_combined,cis_clustering_test_combined,cka_last_combined_train_combined,cka_last_combined_test_combined,acc_2_logit,acc_2_max_logit,acc_2_std_logit,acc_2_mean_std_latex,acc_2_mean_std
23,,aircraft,hivit_base_patch16_224.orig_in21k,weak,81.79,88.17,4.52,92.1992,78.3378,88.5089,92.1992,0.8338279128074646,0.818028450012207,-0.0109375808491277,0.5721947575978454,-0.0047782036625947,0.4894624234099998,0.2887131649975947,0.3676040400324366,0.2841914388836972,0.4237975007761277,0.3866991495090604,0.9537808013395002,0.3849398545327757,0.9542562770870124,0.160320401531339,0.1878936854522791,0.146486285814116,0.1376217461565339,0.0459414483167422,0.072263604030013,0.0380867541586078,0.0474533314974802,13.887813568115234,13.915714263916016,0.6020435094833374,0.6038769483566284,13.569334983825684,13.592992782592772,0.721100389957428,0.750511884689331,0.5173433423042297,0.5421308279037476,,,0.6970137357711792,0.6710785627365112,14.870792388916016,14.868610382080078,0.6130424737930298,0.6134099364280701,13.48095989227295,13.494895935058594,0.5586841702461243,0.5927413702011108,0.3052893579006195,0.344823956489563,,,0.8466086983680725,0.9779801964759828,0.9268250465393066,0.8559147715568542,0.980595886707306,0.9373693466186525,0.8007116317749023,0.9775535464286804,0.9132477641105652,0.8184537291526794,0.9791776537895204,0.9274082779884338,3.7575510578263445,3.1151156226325325,13.112605641248217,11.981113316736549,5.910440173614764,3.8812079831789057,15.36782453314191,11.256082618142907,0.5173433423042297,0.5421308279037476,0.3052893579006195,0.344823956489563,0.5721947575978454,0.4894624234099998,0.3676040400324366,0.4237975007761277,0.9537808013395002,0.9542562770870124,0.1878936854522791,0.1376217461565339,0.072263604030013,0.0474533314974802,0.6970137357711792,0.6710785627365112,14.870792388916016,14.868610382080078,0.6130424737930298,0.6134099364280701,13.48095989227295,13.494895935058594,0.5586841702461243,0.5927413702011108,0.3052893579006195,0.344823956489563,,,0.8007116317749023,0.9775535464286804,0.9132477641105652,0.8184537291526794,0.9791776537895204,0.9274082779884338,5.910440173614764,3.8812079831789057,15.36782453314191,11.256082618142907,0.3052893579006195,0.344823956489563,2.008513049064442,2.469725161196545,-3.051029776994839,88.17\pm{4.52},88.17+-4.52
23,,aircraft,hideit_base_patch16_224.fb_in1k,strong,81.99,90.69,3.55,93.7294,82.4782,91.8692,93.7294,0.8318833708763123,0.8156874775886536,-0.0409780454122913,0.5708890509592817,-0.0495995880330877,0.5028630892436328,0.3143739384534625,0.3676621710516278,0.3100217263416121,0.4158177117203325,0.4284265118564112,0.949866451646366,0.4287217397923875,0.9475382213007236,0.1317844662571225,0.1766493055555555,0.1214109451432564,0.116459752795248,0.0472993830648752,0.0522301797874462,0.0389285493384367,0.0278767281733219,22.839155197143555,22.866851806640625,0.4652815759181976,0.4654115438461304,22.653499603271484,22.660137176513672,0.6399619579315186,0.6729714870452881,0.5825480818748474,0.5805234909057617,,,0.7490124702453613,0.7319059371948242,24.482913970947266,24.49513053894043,0.4783373773097992,0.4789271354675293,23.55113983154297,23.55257225036621,0.5788244605064392,0.6239097714424133,0.5007385611534119,0.5034548044204712,,,0.8758755326271057,0.9809376001358032,0.8826919794082642,0.8750452995300293,0.984155774116516,0.8946572542190552,0.8555389642715454,0.973156213760376,0.9160492420196532,0.8657448291778564,0.9777277708053588,0.9289002418518066,3.8780764174891176,3.191751760258425,10.805008388421474,9.954483392295591,4.282352440772714,2.2856129429306624,14.483476562499995,9.548535131682383,0.5825480818748474,0.5805234909057617,0.5007385611534119,0.5034548044204712,0.5708890509592817,0.5028630892436328,0.3676621710516278,0.4158177117203325,0.949866451646366,0.9475382213007236,0.1766493055555555,0.116459752795248,0.0522301797874462,0.0278767281733219,0.7490124702453613,0.7319059371948242,24.482913970947266,24.49513053894043,0.4783373773097992,0.4789271354675293,23.55113983154297,23.55257225036621,0.5788244605064392,0.6239097714424133,0.5007385611534119,0.5034548044204712,,,0.8555389642715454,0.973156213760376,0.9160492420196532,0.8657448291778564,0.9777277708053588,0.9289002418518066,4.282352440772714,2.2856129429306624,14.483476562499995,9.548535131682383,0.5007385611534119,0.5034548044204712,2.2758527747513977,2.704539863525904,-3.301153399262666,90.69\pm{3.55},90.69+-3.55
23,,aircraft,hivit_base_patch16_224_miil.in21k,strong,84.27,87.79,5.93,93.4293,74.2574,88.1188,93.4293,0.8623701930046082,0.8528745174407959,-0.0399820094028593,0.5794739956056277,-0.0570998142914391,0.5070131591389765,0.2185738826942015,0.3613420418860335,0.2069027764865618,0.4108092605112588,0.2384979457271032,0.9455411835043288,0.2314639938528496,0.9451933974017468,0.0779316350605413,0.1180444266381766,0.0796607486023759,0.0863000087351502,0.0210485661354584,0.0562443705036854,0.0184660601728367,0.0351739003785751,13.242826461791992,13.26386547088623,0.5758021473884583,0.5785667300224304,13.732040405273438,13.762922286987305,0.7137245535850525,0.7300052642822266,0.7002573013305664,0.7206956148147583,,,0.6699905395507812,0.6598296761512756,15.317885398864746,15.317587852478027,0.6201743483543396,0.6208652257919312,14.048213005065918,14.0484037399292,0.5394291877746582,0.5564028024673462,0.3272563815116882,0.3371209502220154,,,0.9272948503494264,0.9793182611465454,0.9172936081886292,0.935833752155304,0.980726718902588,0.9221476316452026,0.8154808282852173,0.9728326797485352,0.9173091053962708,0.8260802030563354,0.9708585739135742,0.9250596761703492,1.773762668235079,1.5561348907649486,6.567298886551814,6.713011284722217,4.7397131023455685,2.9641045849025236,9.947603832799143,7.272501736111107,0.7002573013305664,0.7206956148147583,0.3272563815116882,0.3371209502220154,0.5794739956056277,0.5070131591389765,0.3613420418860335,0.4108092605112588,0.9455411835043288,0.9451933974017468,0.1180444266381766,0.0863000087351502,0.0562443705036854,0.0351739003785751,0.6699905395507812,0.6598296761512756,15.317885398864746,15.317587852478027,0.6201743483543396,0.6208652257919312,14.048213005065918,14.0484037399292,0.5394291877746582,0.5564028024673462,0.3272563815116882,0.3371209502220154,,,0.8154808282852173,0.9728326797485352,0.9173091053962708,0.8260802030563354,0.9708585739135742,0.9250596761703492,4.7397131023455685,2.9641045849025236,9.947603832799143,7.272501736111107,0.3272563815116882,0.3371209502220154,1.9728892729327867,2.6545846288145367,-2.7645416635029054,87.79\pm{5.93},87.79+-5.93
23,,aircraft,hideit3_base_patch16_224.fb_in22k_ft_in1k,strong,85.7,89.14,9.34,94.7495,64.8065,91.7192,94.7495,0.8111335039138794,0.7943703532218933,-0.0332230640128434,0.6156120427265962,-0.0194693609238162,0.5645150864865668,0.231437122489508,0.3385231681512217,0.2233304748138584,0.3734857181186142,0.3635400668856057,0.958409035054073,0.3588926674477866,0.957273796032556,0.0826697716346153,0.134620949074074,0.0797262622292103,0.0828649109014675,0.031908009487849,0.0447470576335222,0.026891660296692,0.0211561269730142,29.172897338867188,29.141742706298828,0.6493135094642639,0.6494184732437134,33.08243179321289,33.08730697631836,0.6513385772705078,0.6870049834251404,0.5339515209197998,0.5458143353462219,,,0.656015932559967,0.6471807360649109,31.957576751708984,31.8778076171875,0.6467446088790894,0.6459004878997803,34.040977478027344,33.9871826171875,0.5008624792098999,0.5280939936637878,0.3547530770301819,0.3638231456279754,,,0.8534794449806213,0.9879835247993468,0.8915294408798218,0.8533716201782227,0.9898412823677064,0.9040640592575072,0.8192518949508667,0.9854097962379456,0.9012417197227478,0.823760986328125,0.9863216876983644,0.9113651514053344,2.7345164131086594,2.3046152874265045,7.084799429086531,6.832540673043322,3.8348228391928525,1.8130800815873171,11.53701533564814,7.101522864255765,0.5339515209197998,0.5458143353462219,0.3547530770301819,0.3638231456279754,0.6156120427265962,0.5645150864865668,0.3385231681512217,0.3734857181186142,0.958409035054073,0.957273796032556,0.134620949074074,0.0828649109014675,0.0447470576335222,0.0211561269730142,0.656015932559967,0.6471807360649109,31.957576751708984,31.8778076171875,0.6467446088790894,0.6459004878997803,34.040977478027344,33.9871826171875,0.5008624792098999,0.5280939936637878,0.3547530770301819,0.3638231456279754,,,0.8192518949508667,0.9854097962379456,0.9012417197227478,0.823760986328125,0.9863216876983644,0.9113651514053344,3.8348228391928525,1.8130800815873171,11.53701533564814,7.101522864255765,0.3547530770301819,0.3638231456279754,2.1050105241311092,2.892913256739846,-2.2728023460332674,89.14\pm{9.34},89.14+-9.34
23,,aircraft,hideit3_base_patch16_224.fb_in1k,strong,83.79,89.92,5.82,94.4794,75.3375,91.8392,94.4794,0.8677628040313721,0.8442214131355286,-0.0757441346028572,0.6023715092871542,-0.0645257145717447,0.5426004864679421,0.0967543049886487,0.3437911614757819,0.0945195610496566,0.3874375572108803,0.1425853253877728,0.9568577615688684,0.1401298516863121,0.9566971424267564,0.0971053685897436,0.2007211538461538,0.0919658455625436,0.1094044811320754,0.0304468244982835,0.0521217913199693,0.0270256937112448,0.019806775563168,24.548263549804688,24.54997634887696,0.6341435313224792,0.6332362294197083,24.04093170166016,24.04833602905273,0.6373839974403381,0.6862034797668457,0.8210049271583557,0.8448854684829712,,,0.7128004431724548,0.6985975503921509,27.785688400268555,27.767765045166016,0.6246525645256042,0.6250503063201904,26.7509822845459,26.729698181152344,0.5757178664207458,0.6102548837661743,0.5248531699180603,0.5308094620704651,,,0.9713699221611024,0.9771808385849,0.8951666355133057,0.9716776609420776,0.98027503490448,0.9055756330490112,0.8870235681533813,0.95614093542099,0.9456194639205932,0.8946657180786133,0.960795521736145,0.9507337808609008,2.5511394247111747,2.264482876065202,8.136458834134617,7.705818199685528,4.367284894700228,1.659609724437847,16.81842548076923,9.1670014740566,0.8210049271583557,0.8448854684829712,0.5248531699180603,0.5308094620704651,0.6023715092871542,0.5426004864679421,0.3437911614757819,0.3874375572108803,0.9568577615688684,0.9566971424267564,0.2007211538461538,0.1094044811320754,0.0521217913199693,0.019806775563168,0.7128004431724548,0.6985975503921509,27.785688400268555,27.767765045166016,0.6246525645256042,0.6250503063201904,26.7509822845459,26.729698181152344,0.5757178664207458,0.6102548837661743,0.5248531699180603,0.5308094620704651,,,0.8870235681533813,0.95614093542099,0.9456194639205932,0.8946657180786133,0.960795521736145,0.9507337808609008,4.367284894700228,1.659609724437847,16.81842548076923,9.1670014740566,0.5248531699180603,0.5308094620704651,2.188254349514843,2.839895271284328,-2.783765371085599,89.92\pm{5.82},89.92+-5.82
23,,aircraft,hivit_base_patch16_224.in1k_mocov3,medium,83.2,86.34,11.78,93.0093,54.1254,89.4689,93.0093,0.8961269855499268,0.8770550489425659,-0.0224157434489003,0.5228098308800093,-0.0274719850879788,0.4311458565504385,0.1134718070587422,0.398155120761647,0.1122453280813008,0.462323283317643,0.1325015366875498,0.9369711490173648,0.1324389569795168,0.9346388822244156,0.1013816550925926,0.1677127849002849,0.0963683612858141,0.1228462395178197,0.0293768229774939,0.0643727225848497,0.0234581120546508,0.0371927957302369,8.820255279541016,8.84404182434082,0.5956567525863647,0.5975190997123718,8.557538032531738,8.573452949523926,0.6587470173835754,0.7032187581062317,0.8780660033226013,0.9065113067626952,,,0.8580936789512634,0.8310399055480957,9.077564239501951,9.096986770629885,0.5671602487564087,0.569043755531311,8.684186935424805,8.692338943481445,0.6732721924781799,0.7273334264755249,0.8167572617530823,0.8436291217803955,,,0.9901686906814576,0.9877514243125916,0.8774338960647583,0.993739128112793,0.9897005558013916,0.8932340145111084,0.9905810952186584,0.9781585931777954,0.934266984462738,0.9913498163223268,0.9830451607704164,0.9429054260253906,2.4441516717274925,1.9517149229469468,8.434953703703705,8.017847658979733,5.355810519059496,3.09444060475571,13.953703703703704,10.2208071278826,0.8780660033226013,0.9065113067626952,0.8167572617530823,0.8436291217803955,0.5228098308800093,0.4311458565504385,0.398155120761647,0.462323283317643,0.9369711490173648,0.9346388822244156,0.1677127849002849,0.1228462395178197,0.0643727225848497,0.0371927957302369,0.8580936789512634,0.8310399055480957,9.077564239501951,9.096986770629885,0.5671602487564087,0.569043755531311,8.684186935424805,8.692338943481445,0.6732721924781799,0.7273334264755249,0.8167572617530823,0.8436291217803955,,,0.9905810952186584,0.9781585931777954,0.934266984462738,0.9913498163223268,0.9830451607704164,0.9429054260253906,5.355810519059496,3.09444060475571,13.953703703703704,10.2208071278826,0.8167572617530823,0.8436291217803955,1.8435354282046754,2.588118793860335,-2.0137965257773813,86.34\pm{11.78},86.34+-11.78
23,,aircraft,hivit_base_patch16_224.dino,medium,82.8,72.39,28.28,90.399,14.4614,90.339,90.399,0.9011822938919068,0.8833465576171875,-0.0298069251887461,0.6184499355315224,-0.0327101113401175,0.543437829100059,0.2908345907778479,0.3378417153583999,0.2830349646614478,0.3934045938378531,0.3336971239416822,0.9600682082434856,0.3335937217092389,0.95828933512641,0.1553054331374644,0.2080286792200854,0.1368836259608665,0.1102976502445842,0.0393674045992203,0.0678107326324933,0.0293933571134723,0.0310096867241949,72.74507141113281,72.95295715332031,0.622918963432312,0.6235924959182739,64.17193603515625,64.30653381347656,0.6948323845863342,0.7325263619422913,0.8884533047676086,0.9072256684303284,,,0.7811325192451477,0.7741879224777222,56.915672302246094,56.98974609375,0.5076630115509033,0.5090326070785522,61.7171630859375,61.75200653076172,0.5915016531944275,0.6234714984893799,0.7287576198577881,0.7173076868057251,,,0.9926040768623352,0.9788710474967957,0.8950643539428711,0.9934154152870178,0.9824360013008118,0.9076811075210572,0.9679893851280212,0.9593601822853088,0.916932225227356,0.9659829139709472,0.9605731964111328,0.9276703596115112,3.2596211008154405,2.4337699689955063,12.85928986378205,11.333964229559747,5.614728661970446,2.567602060763338,17.22477463942307,9.13264544025157,0.8884533047676086,0.9072256684303284,0.7287576198577881,0.7173076868057251,0.6184499355315224,0.543437829100059,0.3378417153583999,0.3934045938378531,0.9600682082434856,0.95828933512641,0.2080286792200854,0.1102976502445842,0.0678107326324933,0.0310096867241949,0.7811325192451477,0.7741879224777222,56.915672302246094,56.98974609375,0.5076630115509033,0.5090326070785522,61.7171630859375,61.75200653076172,0.5915016531944275,0.6234714984893799,0.7287576198577881,0.7173076868057251,,,0.9679893851280212,0.9593601822853088,0.916932225227356,0.9659829139709472,0.9605731964111328,0.9276703596115112,5.614728661970446,2.567602060763338,17.22477463942307,9.13264544025157,0.7287576198577881,0.7173076868057251,0.9638763833787636,2.2423659456745573,-0.9308533366012699,72.39\pm{28.28},72.39+-28.28
23,,aircraft,hivit_base_patch16_clip_224.laion2b,medium,85.47,68.14,26.67,90.6991,20.8221,89.3789,90.6991,0.8595055341720581,0.8395462036132812,0.0537328318008181,0.5822574316516902,0.0555720969331914,0.48052851334676,0.2717453609501729,0.2349637637556298,0.2695485242791504,0.2902792301878161,0.3910299189340198,0.7168922422895425,0.3894371719520338,0.7120646835826177,0.1113990718482906,0.1565991697827635,0.1008418501048218,0.1005524982529699,0.0331312007724474,0.0673291692749048,0.0296454214075076,0.0377421261004681,62.16567993164063,62.299949645996094,0.6266566514968872,0.6277371644973755,58.2520751953125,58.37960052490234,0.6725378632545471,0.6879881620407104,0.8282999396324158,0.8466764688491821,,,0.7995827794075012,0.7825027704238892,61.760215759277344,61.64637756347656,0.6179674863815308,0.6181501150131226,64.81361389160156,64.81047821044922,0.5703251361846924,0.5958203673362732,0.6256524920463562,0.6495168209075928,,,0.9699786901474,0.9804243445396424,0.8385920524597168,0.9707099199295044,0.9843227863311768,0.8472270369529724,0.9110533595085144,0.9804476499557496,0.8894385099411011,0.9173529744148254,0.9840814471244812,0.8972607851028442,2.831723730021079,2.5337941676996745,9.521278670873398,8.61895292845912,5.754624097926113,3.2258195178070084,13.384531041332796,8.594222025681336,0.8282999396324158,0.8466764688491821,0.6256524920463562,0.6495168209075928,0.5822574316516902,0.48052851334676,0.2349637637556298,0.2902792301878161,0.7168922422895425,0.7120646835826177,0.1565991697827635,0.1005524982529699,0.0673291692749048,0.0377421261004681,0.7995827794075012,0.7825027704238892,61.760215759277344,61.64637756347656,0.6179674863815308,0.6181501150131226,64.81361389160156,64.81047821044922,0.5703251361846924,0.5958203673362732,0.6256524920463562,0.6495168209075928,,,0.9110533595085144,0.9804476499557496,0.8894385099411011,0.9173529744148254,0.9840814471244812,0.8972607851028442,5.754624097926113,3.2258195178070084,13.384531041332796,8.594222025681336,0.6256524920463562,0.6495168209075928,0.76041233737145,2.2774362645789292,-1.0116756328059409,68.14\pm{26.67},68.14+-26.67
23,,aircraft,hivit_base_patch16_siglip_224.v2_webli,medium,79.2,80.91,20.35,95.5896,44.7645,92.0492,95.5896,0.8342464566230774,0.8274514675140381,-0.0387834743879266,0.622160056926322,-0.0539730855718772,0.5778730319578245,0.2231529217313783,0.3493550846711653,0.2137080541563896,0.3838563965330992,0.2391499278355376,0.9669998103862022,0.2331523923286747,0.9665495098206136,0.2442985165153134,0.1870186743233617,0.2344104865478686,0.1716306887665968,0.0246466142722429,0.0441814272736127,0.0248316813190028,0.0375632179795571,82.31655883789062,82.00126647949219,0.5695326328277588,0.5696879625320435,87.93669128417969,87.85896301269531,0.554495096206665,0.578490674495697,0.8062923550605774,0.809614360332489,,,0.5990819931030273,0.573051929473877,91.49071502685548,91.38396453857422,0.6337404251098633,0.6353185176849365,98.04000091552734,98.02254486083984,0.415535420179367,0.4460086524486542,0.3553469479084015,0.4017916619777679,,,0.9800727367401124,0.9682819843292236,0.8405748605728149,0.9793455600738524,0.9692955017089844,0.8460307121276855,0.8364460468292236,0.9603549242019652,0.8812873959541321,0.8593964576721191,0.948448121547699,0.8996434807777405,1.9520118503616377,1.966669160465022,19.348442508012823,18.565310534591195,3.4991690400701256,2.9750068639809224,14.811879006410246,13.593150550314466,0.8062923550605774,0.809614360332489,0.3553469479084015,0.4017916619777679,0.622160056926322,0.5778730319578245,0.3493550846711653,0.3838563965330992,0.9669998103862022,0.9665495098206136,0.1870186743233617,0.1716306887665968,0.0441814272736127,0.0375632179795571,0.5990819931030273,0.573051929473877,91.49071502685548,91.38396453857422,0.6337404251098633,0.6353185176849365,98.04000091552734,98.02254486083984,0.415535420179367,0.4460086524486542,0.3553469479084015,0.4017916619777679,,,0.8364460468292236,0.9603549242019652,0.8812873959541321,0.8593964576721191,0.948448121547699,0.8996434807777405,3.4991690400701256,2.9750068639809224,14.811879006410246,13.593150550314466,0.3553469479084015,0.4017916619777679,1.4438657510928385,3.0760986392354495,-1.364659911803165,80.91\pm{20.35},80.91+-20.35
23,,aircraft,hivit_base_patch16_224.mae,weak,83.6,78.41,19.21,91.2991,40.174,88.9289,91.2991,0.8881218433380127,0.8680473566055298,-0.1075354430696044,0.5698911125668057,-0.0844919877487882,0.4322521171006209,0.0553302686352674,0.3477053331667833,0.0542703202675248,0.4440359243013624,0.0578548287615759,0.95929711958036,0.0581219156934669,0.9554263879990008,0.0710219684829059,0.1914535478988604,0.0741357660726764,0.1281408324598183,0.0178309239638157,0.061938997119283,0.0159478683329228,0.0326866411000677,11.94702434539795,11.972784042358398,0.5420602560043335,0.5427629947662354,11.06549072265625,11.083778381347656,0.6746780872344971,0.7033029794692993,0.8863528966903687,0.9027002453804016,,,0.5412130951881409,0.5199148654937744,16.527759552001953,16.404991149902344,0.5976978540420532,0.597836971282959,18.210844039916992,18.2096004486084,0.4913402795791626,0.506616473197937,0.3839164972305298,0.4064072370529175,,,0.9872509241104126,0.9786953926086426,0.868858814239502,0.9888931512832642,0.982729196548462,0.8782972097396851,0.9007021188735962,0.8513888716697693,0.9235454797744752,0.907246470451355,0.8583072423934937,0.9283687472343444,1.4906652433749923,1.333241792632346,5.937436565170933,6.197750043675747,5.178100159172058,2.7326031959656594,16.005516604344727,10.71257359364081,0.8863528966903687,0.9027002453804016,0.3839164972305298,0.4064072370529175,0.5698911125668057,0.4322521171006209,0.3477053331667833,0.4440359243013624,0.95929711958036,0.9554263879990008,0.1914535478988604,0.1281408324598183,0.061938997119283,0.0326866411000677,0.5412130951881409,0.5199148654937744,16.527759552001953,16.404991149902344,0.5976978540420532,0.597836971282959,18.210844039916992,18.2096004486084,0.4913402795791626,0.506616473197937,0.3839164972305298,0.4064072370529175,,,0.9007021188735962,0.8513888716697693,0.9235454797744752,0.907246470451355,0.8583072423934937,0.9283687472343444,5.178100159172058,2.7326031959656594,16.005516604344727,10.71257359364081,0.3839164972305298,0.4064072370529175,1.2895932427370302,2.3507144613540727,-1.4362697387828487,78.41\pm{19.21},78.41+-19.21
23,,aircraft,hiresnet50.tv_in1k,weak,76.13,93.8,0.91,95.1695,92.4092,92.4092,95.1695,0.7375680208206177,0.7154243588447571,-0.0098519584588927,0.583561771295,-0.010700075806884,0.5072351093503039,0.1332954487383411,0.3691418595513466,0.1272703443357263,0.4271902951294603,0.1497642666361357,0.9567395705362732,0.1468648724414407,0.9531806242875268,0.0806655231704059,0.0775595118856837,0.0809617400419287,0.0750999082809224,0.0108684278093278,0.0367382572820553,0.0098710344788038,0.0192896254220098,0.970773994922638,0.9718973636627196,0.4813666939735412,0.4782379269599914,1.211902141571045,1.212928295135498,0.3735834062099457,0.4070185124874115,0.7686151266098022,0.7866512537002563,0.5720602869987488,0.6041543483734131,0.6662830114364624,0.6445803046226501,0.9540547728538512,0.9536717534065248,0.4663282036781311,0.4643846750259399,1.187822699546814,1.1882425546646118,0.3655356168746948,0.4014266431331634,0.7091825008392334,0.7333362698554993,0.4045885503292084,0.4156056046485901,0.8315327763557434,0.923111855983734,0.6894751191139221,0.8560768961906433,0.9286285638809204,0.7117412090301514,0.8383532166481018,0.9050448536872864,0.6890948414802551,0.8436405658721924,0.9140020608901978,0.7100328207015991,0.8274134091241253,0.7514818548713332,6.141066278963001,6.163617269392032,2.7968835268828696,1.468519183377606,5.9046056398571,5.7173560174266225,0.5720602869987488,0.6041543483734131,0.4045885503292084,0.4156056046485901,0.583561771295,0.5072351093503039,0.3691418595513466,0.4271902951294603,0.9567395705362732,0.9531806242875268,0.0775595118856837,0.0750999082809224,0.0367382572820553,0.0192896254220098,0.6662830114364624,0.6445803046226501,0.9540547728538512,0.9536717534065248,0.4663282036781311,0.4643846750259399,1.187822699546814,1.1882425546646118,0.3655356168746948,0.4014266431331634,0.7091825008392334,0.7333362698554993,0.4045885503292084,0.4156056046485901,0.8383532166481018,0.9050448536872864,0.6890948414802551,0.8436405658721924,0.9140020608901978,0.7100328207015991,2.7968835268828696,1.468519183377606,5.9046056398571,5.7173560174266225,0.4045885503292084,0.4156056046485901,2.7173689592343315,2.980709530338587,-4.694788959026367,93.8\pm{0.91},93.8+-0.91
23,,aircraft,hiresnet50.tv2_in1k,strong,80.85,94.06,0.65,94.9895,93.1293,93.1293,94.9895,0.7265939712524414,0.7095609307289124,-0.0604839082300966,0.5109111632670663,-0.0500213463109001,0.4425994865713109,0.1759362393741423,0.4235273426602072,0.16770007002266,0.47535419756675,0.2060441066477605,0.9352818139436184,0.2004324054091565,0.9338680311593678,0.0713067992120726,0.0709656283386752,0.0742572392557651,0.0740013266509433,0.0109959168789478,0.0222264454843333,0.0099875673932849,0.0175224154625298,7.555711269378662,7.557337760925293,0.4928819537162781,0.4904702603816986,15.082313537597656,15.087594032287598,0.1961820274591446,0.2310206741094589,0.7804050445556641,0.793808102607727,0.5422126054763794,0.5159334540367126,0.7381631135940552,0.7346804141998291,8.9796142578125,8.964166641235352,0.3604262471199035,0.3609161376953125,15.716341018676758,15.71440887451172,0.1391676515340805,0.1731806546449661,0.6934565305709839,0.7011550664901733,0.67960125207901,0.6839341521263123,0.8555685877799988,0.8964336514472961,0.6683610677719116,0.8478720188140869,0.9105473160743712,0.6921963691711426,0.9032623767852784,0.9883878231048584,0.6619836688041687,0.9046922326087952,0.9870964288711548,0.6763918995857239,0.8890198796629295,0.8074948237470841,5.7651547162960695,6.003697793828608,1.7970081174083472,1.416687290145534,5.73757105118189,5.983007259728766,0.5422126054763794,0.5159334540367126,0.67960125207901,0.6839341521263123,0.5109111632670663,0.4425994865713109,0.4235273426602072,0.47535419756675,0.9352818139436184,0.9338680311593678,0.0709656283386752,0.0740013266509433,0.0222264454843333,0.0175224154625298,0.7381631135940552,0.7346804141998291,8.9796142578125,8.964166641235352,0.3604262471199035,0.3609161376953125,15.716341018676758,15.71440887451172,0.1391676515340805,0.1731806546449661,0.6934565305709839,0.7011550664901733,0.67960125207901,0.6839341521263123,0.9032623767852784,0.9883878231048584,0.6619836688041687,0.9046922326087952,0.9870964288711548,0.6763918995857239,1.7970081174083472,1.416687290145534,5.73757105118189,5.983007259728766,0.67960125207901,0.6839341521263123,2.7626551709914886,2.9422306486600225,-5.035543788843717,94.06\pm{0.65},94.06+-0.65
23,,aircraft,hiresnet50.gluon_in1k,medium,77.58,93.57,0.92,95.0495,92.2892,92.6193,95.0495,0.71262526512146,0.6894676089286804,-0.0282339433705024,0.5371453229817544,-0.0338071982354053,0.4655251619349785,0.2998519399636741,0.4008648763974451,0.2884563800597302,0.4550505704554093,0.3311405823182496,0.940685149100356,0.3237579392229112,0.937730543930898,0.0748551849626068,0.0730752537393162,0.0766693691037735,0.0745827600890985,0.0130233761066427,0.034682152649531,0.0114322859301881,0.0222616649742396,4.388266563415527,4.389727115631104,0.4849625825881958,0.4826570153236389,6.688648223876953,6.692361354827881,0.1904955953359604,0.228649377822876,0.7752971649169922,0.8000763058662415,0.4556349217891693,0.4558164179325104,0.6797206401824951,0.6526134014129639,4.635527610778809,4.625033378601074,0.4481096267700195,0.4469950199127197,6.642224311828613,6.637513637542725,0.278141587972641,0.3193307220935821,0.728713870048523,0.7591789364814758,0.4434370398521423,0.4805968105792999,0.8110382556915283,0.8769450187683105,0.6860975027084351,0.8118252754211426,0.8911283612251282,0.70440673828125,0.8080538511276245,0.9010621905326844,0.6859719753265381,0.8289134502410889,0.9101998805999756,0.7106396555900574,1.0103535183533405,0.8869167424639928,5.807265249399036,5.948009655070749,2.690641402550615,1.727059968701508,5.6691781850961505,5.786130527712261,0.4556349217891693,0.4558164179325104,0.4434370398521423,0.4805968105792999,0.5371453229817544,0.4655251619349785,0.4008648763974451,0.4550505704554093,0.940685149100356,0.937730543930898,0.0730752537393162,0.0745827600890985,0.034682152649531,0.0222616649742396,0.6797206401824951,0.6526134014129639,4.635527610778809,4.625033378601074,0.4481096267700195,0.4469950199127197,6.642224311828613,6.637513637542725,0.278141587972641,0.3193307220935821,0.728713870048523,0.7591789364814758,0.4434370398521423,0.4805968105792999,0.8080538511276245,0.9010621905326844,0.6859719753265381,0.8289134502410889,0.9101998805999756,0.7106396555900574,2.690641402550615,1.727059968701508,5.6691781850961505,5.786130527712261,0.4434370398521423,0.4805968105792999,2.6772965753044002,2.9549092269509005,-4.680857614723974,93.57\pm{0.92},93.57+-0.92
23,,aircraft,hiresnet50.a1_in1k,strong,80.38,92.98,1.46,94.4494,89.3789,92.9493,94.4494,0.7238094806671143,0.7058530449867249,-0.039912033678255,0.4671064290907509,-0.0512463939870867,0.3971657217095937,0.0627680944248307,0.076183823882856,0.0608603479857843,0.0829858025917245,0.0739654043690387,0.1621548430279404,0.0734368236096102,0.1593279623529258,0.0705670739850427,0.0707507011217948,0.0737556505503144,0.074069297038784,0.0111778076881399,0.0097886656697552,0.0099843839570036,0.0094981418465668,8.581119537353516,8.595128059387207,0.4882004261016845,0.4869864583015442,21.39661026000977,21.412391662597656,0.2030961960554123,0.2363890111446381,0.7846850156784058,0.8033939003944397,0.573844313621521,0.5520505309104919,0.5798765420913696,0.5651839375495911,10.344664573669434,10.327350616455078,0.3911025524139404,0.3897949457168579,22.52152633666992,22.51728057861328,0.170055404305458,0.1969357430934906,0.7042422890663147,0.7163898348808289,0.2180458158254623,0.2356720119714737,0.8639334440231323,0.8871986269950867,0.6737319827079773,0.8577215671539307,0.9039629101753236,0.6893508434295654,0.7121410965919495,0.8574022054672241,0.638258159160614,0.7328085899353027,0.8535733222961426,0.658548891544342,0.8984721819726852,0.8025447824639493,5.672181406917732,5.9284791912342705,0.7868129465349228,0.7634606416270393,5.686941356169865,5.953690095977457,0.573844313621521,0.5520505309104919,0.2180458158254623,0.2356720119714737,0.4671064290907509,0.3971657217095937,0.076183823882856,0.0829858025917245,0.1621548430279404,0.1593279623529258,0.0707507011217948,0.074069297038784,0.0097886656697552,0.0094981418465668,0.5798765420913696,0.5651839375495911,10.344664573669434,10.327350616455078,0.3911025524139404,0.3897949457168579,22.52152633666992,22.51728057861328,0.170055404305458,0.1969357430934906,0.7042422890663147,0.7163898348808289,0.2180458158254623,0.2356720119714737,0.7121410965919495,0.8574022054672241,0.638258159160614,0.7328085899353027,0.8535733222961426,0.658548891544342,0.7868129465349228,0.7634606416270393,5.686941356169865,5.953690095977457,0.2180458158254623,0.2356720119714737,2.5839720909184307,2.834158211336653,-4.208815981790864,92.98\pm{1.46},92.98+-1.46
23,,aircraft,hiresnet50.in21k_miil,strong,82.0,94.01,0.55,94.9295,92.9493,93.7594,94.9295,0.8719392418861389,0.8701015710830688,-0.0508990679119758,0.495588764316852,-0.0906953493377073,0.4271097568031781,0.2208034643666844,0.1753067858835275,0.2133411888229232,0.1916389141789505,0.2268835883681083,0.4011193131612136,0.2229855162232683,0.3950550271449091,0.0730126535790598,0.0705608139690171,0.0760256977201258,0.0738289439203354,0.0005913619668437,0.0148006268562032,0.0008516951270823,0.0112778166273854,42.20716857910156,41.71343231201172,0.2417552769184112,0.2427864968776703,41.37910079956055,41.11963653564453,0.5009368062019348,0.5061147809028625,0.8840898871421814,0.877788245677948,0.9118986129760742,0.9126988649368286,0.6279323697090149,0.6156154870986938,5.9652204513549805,5.9640045166015625,0.4149280786514282,0.4149985909461975,13.019827842712402,13.024325370788574,0.15438774228096,0.185184508562088,0.7110888361930847,0.7192944288253784,0.3621519207954407,0.3800168335437774,0.9514977931976318,0.9554009437561036,0.8318850994110107,0.9495446085929872,0.953002154827118,0.8361058235168457,0.7915687561035156,0.8966560363769531,0.6716621518135071,0.8066542744636536,0.902702808380127,0.6848624348640442,0.048491681281183405,0.0698390004207486,5.987037593482904,6.234107213050315,1.2136514022086624,0.9247809634456028,5.785986745459402,6.053973401467503,0.9118986129760742,0.9126988649368286,0.3621519207954407,0.3800168335437774,0.495588764316852,0.4271097568031781,0.1753067858835275,0.1916389141789505,0.4011193131612136,0.3950550271449091,0.0705608139690171,0.0738289439203354,0.0148006268562032,0.0112778166273854,0.6279323697090149,0.6156154870986938,5.9652204513549805,5.9640045166015625,0.4149280786514282,0.4149985909461975,13.019827842712402,13.024325370788574,0.15438774228096,0.185184508562088,0.7110888361930847,0.7192944288253784,0.3621519207954407,0.3800168335437774,0.7915687561035156,0.8966560363769531,0.6716621518135071,0.8066542744636536,0.902702808380127,0.6848624348640442,1.2136514022086624,0.9247809634456028,5.785986745459402,6.053973401467503,0.3621519207954407,0.3800168335437774,2.7540913774150027,2.9296950787710516,-5.198833384439583,94.01\pm{0.55},94.01+-0.55
23,,aircraft,hiresnet50.fb_swsl_ig1b_ft_in1k,weak,81.18,93.59,1.28,94.9295,91.4491,91.9892,94.9295,0.7722455263137817,0.7523627877235413,-0.0010216163564823,0.545241644958834,-0.0038126384427603,0.4742664595829413,0.2671811474496127,0.3917152819014757,0.2538993595592566,0.4452713622983043,0.2932810087373367,0.935141003480299,0.2834962562866156,0.9303482607782454,0.0713589660122863,0.0709750183627136,0.0743980935534591,0.0738559682914046,0.007187405314583,0.0253461717198101,0.0065206637922322,0.0172544743795439,7.016519546508789,7.01662015914917,0.4691336452960968,0.4677802324295044,13.23891830444336,13.239832878112791,0.2015826255083084,0.2228323072195053,0.83243328332901,0.8477339148521423,0.6733675003051758,0.7181857824325562,0.6745760440826416,0.6511990427970886,7.335277557373047,7.320436477661133,0.4378505051136017,0.4387141466140747,13.404769897460938,13.398942947387695,0.3050685226917267,0.3421726822853088,0.7233479619026184,0.7511857151985168,0.4868141114711761,0.5069602727890015,0.8891004920005798,0.9438318610191344,0.7075991630554199,0.908733069896698,0.9451120495796204,0.7242085933685303,0.8176905512809753,0.878767728805542,0.7016077637672424,0.8309664130210876,0.8911846876144409,0.7193233370780945,0.5834735634378481,0.52934748665341,5.792920860877403,6.03963723466981,2.0576022202141844,1.4007182301313739,5.76175199068509,5.995627505896226,0.6733675003051758,0.7181857824325562,0.4868141114711761,0.5069602727890015,0.545241644958834,0.4742664595829413,0.3917152819014757,0.4452713622983043,0.935141003480299,0.9303482607782454,0.0709750183627136,0.0738559682914046,0.0253461717198101,0.0172544743795439,0.6745760440826416,0.6511990427970886,7.335277557373047,7.320436477661133,0.4378505051136017,0.4387141466140747,13.404769897460938,13.398942947387695,0.3050685226917267,0.3421726822853088,0.7233479619026184,0.7511857151985168,0.4868141114711761,0.5069602727890015,0.8176905512809753,0.878767728805542,0.7016077637672424,0.8309664130210876,0.8911846876144409,0.7193233370780945,2.0576022202141844,1.4007182301313739,5.76175199068509,5.995627505896226,0.4868141114711761,0.5069602727890015,2.6802910829732087,2.9296950787710516,-4.347931655786995,93.59\pm{1.28},93.59+-1.28
23,,aircraft,hiresnet50.fb_ssl_yfcc100m_ft_in1k,weak,79.22,93.44,1.17,95.1695,91.9592,92.0792,95.1695,0.7575060129165649,0.7411988377571106,-0.0171099774136269,0.5415768317417949,-0.0283854143295058,0.4705967981988946,0.2298783314791255,0.3958392630331053,0.2217879447915784,0.4506680254805849,0.2517384260832396,0.9366220042529404,0.2457055775083969,0.9305717338749584,0.0739088792067307,0.0722812750400641,0.076104314072327,0.0739890428459119,0.0076939768802661,0.0301448175182136,0.006910493421667,0.0188798713234235,5.934673309326172,5.926015853881836,0.4488839209079742,0.447681576013565,10.164119720458984,10.15911102294922,0.2139052450656891,0.2320791035890579,0.825839102268219,0.8356311321258545,0.6763226985931396,0.7118222713470459,0.6630653142929077,0.6381195783615112,6.124790668487549,6.10954475402832,0.4350588917732239,0.4359232187271118,10.17063808441162,10.162025451660156,0.2672986388206482,0.3067265748977661,0.7312195897102356,0.7557290196418762,0.4427096247673034,0.4607439935207367,0.854308009147644,0.970570743083954,0.69471275806427,0.8756275177001953,0.9737404584884644,0.7122565507888794,0.7958549857139587,0.891476035118103,0.6797400712966919,0.8092381954193115,0.8997406959533691,0.7016770243644714,0.6095168484546805,0.5474492888644598,5.855061410757206,6.028983760809744,2.3880724437928813,1.4956634062416096,5.726122608673878,5.861411974253141,0.6763226985931396,0.7118222713470459,0.4427096247673034,0.4607439935207367,0.5415768317417949,0.4705967981988946,0.3958392630331053,0.4506680254805849,0.9366220042529404,0.9305717338749584,0.0722812750400641,0.0739890428459119,0.0301448175182136,0.0188798713234235,0.6630653142929077,0.6381195783615112,6.124790668487549,6.10954475402832,0.4350588917732239,0.4359232187271118,10.17063808441162,10.162025451660156,0.2672986388206482,0.3067265748977661,0.7312195897102356,0.7557290196418762,0.4427096247673034,0.4607439935207367,0.7958549857139587,0.891476035118103,0.6797400712966919,0.8092381954193115,0.8997406959533691,0.7016770243644714,2.3880724437928813,1.4956634062416096,5.726122608673878,5.861411974253141,0.4427096247673034,0.4607439935207367,2.6560581337861078,2.980709530338587,-4.43522284794879,93.44\pm{1.17},93.44+-1.17
23,,aircraft,hiresnet50.in1k_mocov3,medium,74.6,94.29,0.54,94.9895,93.3693,94.2094,94.9895,0.7440775632858276,0.7132874131202698,-0.0062094365341705,0.4860022910148597,-0.0048260373184019,0.4219132677733591,0.0907570188068392,0.1847428912234453,0.0897997703124756,0.198473241013163,0.1038704464919024,0.4175266635238422,0.1043728772154716,0.4031101255534451,0.0718994140625,0.0706766242654914,0.0747903563941299,0.0738191168763102,0.0111316728692215,0.0273609810795348,0.0098512807404095,0.021245436496892,7.442183971405029,7.455620765686035,0.4903493523597718,0.4905312359333038,14.106913566589355,14.120306015014648,0.1947452872991562,0.2368672788143158,0.7132689356803894,0.7728328108787537,0.6440967321395874,0.6867660880088806,0.6193503737449646,0.5881098508834839,7.670035839080811,7.653834819793701,0.4345258176326752,0.4512680768966675,14.15919589996338,14.153627395629885,0.2008322775363922,0.226491168141365,0.6757325530052185,0.7118238806724548,0.5179262161254883,0.5456272959709167,0.8687511682510376,0.85611891746521,0.6874375939369202,0.8914915919303894,0.8713409304618835,0.7015941143035889,0.8174030780792236,0.7720162272453308,0.590941846370697,0.8522500395774841,0.7984524369239807,0.6186059713363647,0.8304227960439239,0.7349055432345486,5.363696289062499,5.57936058700209,2.041129188533296,1.584909562668143,5.272476170205658,5.50690611897274,0.6440967321395874,0.6867660880088806,0.5179262161254883,0.5456272959709167,0.4860022910148597,0.4219132677733591,0.1847428912234453,0.198473241013163,0.4175266635238422,0.4031101255534451,0.0706766242654914,0.0738191168763102,0.0273609810795348,0.021245436496892,0.6193503737449646,0.5881098508834839,7.670035839080811,7.653834819793701,0.4345258176326752,0.4512680768966675,14.15919589996338,14.153627395629885,0.2008322775363922,0.226491168141365,0.6757325530052185,0.7118238806724548,0.5179262161254883,0.5456272959709167,0.8174030780792236,0.7720162272453308,0.590941846370697,0.8522500395774841,0.7984524369239807,0.6186059713363647,2.041129188533296,1.584909562668143,5.272476170205658,5.50690611897274,0.5179262161254883,0.5456272959709167,2.804235985513574,2.9422306486600225,-5.218921594979035,94.29\pm{0.54},94.29+-0.54
23,,aircraft,hiresnet50.in1k_supcon,strong,79.1,93.62,1.18,94.8995,90.8491,93.4593,94.8995,0.8016236424446106,0.7826499938964844,-0.0358249957162676,0.5585041234809177,-0.0502304900933288,0.4830322796421938,0.0058294772639944,0.3754210920761559,0.0057817131778753,0.4308980568650622,0.0077687210606809,0.9271945195535,0.0077664988123625,0.9212770265333208,0.0740392962072649,0.0721352079994658,0.0761174167976939,0.0743227528825995,0.0095725777344061,0.0314725106940246,0.0089578897744979,0.0211791078437049,0.601360559463501,0.6022964119911194,0.4930995404720306,0.4918204247951507,0.9621939063072203,0.9632158279418944,0.5548921227455139,0.5830362439155579,0.8410440683364868,0.858956515789032,0.4512899219989776,0.4471499025821686,0.6734289526939392,0.6396392583847046,0.8003217577934265,0.7986456155776978,0.4639223217964173,0.4627416729927063,1.2355687618255615,1.2347402572631836,0.4255656003952026,0.4621251523494721,0.6715500950813293,0.7078741788864136,0.4542451798915863,0.4962467551231384,0.811214029788971,0.9629321098327636,0.8380905985832214,0.8229586482048035,0.9675759673118592,0.853577196598053,0.8262906670570374,0.8653426170349121,0.7462945580482483,0.8546390533447266,0.8860594034194946,0.7678735256195068,0.7571908987915225,0.7085690811627838,5.856508329994654,6.020887668697587,2.4894755958973454,1.6752674304370574,5.705894952757744,5.87892975301362,0.4512899219989776,0.4471499025821686,0.4542451798915863,0.4962467551231384,0.5585041234809177,0.4830322796421938,0.3754210920761559,0.4308980568650622,0.9271945195535,0.9212770265333208,0.0721352079994658,0.0743227528825995,0.0314725106940246,0.0211791078437049,0.6734289526939392,0.6396392583847046,0.8003217577934265,0.7986456155776978,0.4639223217964173,0.4627416729927063,1.2355687618255615,1.2347402572631836,0.4255656003952026,0.4621251523494721,0.6715500950813293,0.7078741788864136,0.4542451798915863,0.4962467551231384,0.8262906670570374,0.8653426170349121,0.7462945580482483,0.8546390533447266,0.8860594034194946,0.7678735256195068,2.4894755958973454,1.6752674304370574,5.705894952757744,5.87892975301362,0.4542451798915863,0.4962467551231384,2.685801400478352,2.923479862757668,-4.4256535599643785,93.62\pm{1.18},93.62+-1.18
23,,aircraft,hiresnet50.in1k_swav,strong,75.3,94.21,0.63,95.1095,92.8593,93.9694,95.1095,0.7847186923027039,0.7667604088783264,-0.0108274854539759,0.4794269161506972,-0.0338383834106744,0.3959136566562033,0.0886089191813247,0.2460708529981416,0.0873832603431245,0.2772888921575891,0.0963067050401181,0.5552751757239275,0.0966698674154544,0.5439450672636303,0.073078383747329,0.0722291082398504,0.075631797038784,0.0745377194706498,0.0111321423990795,0.0231260646206255,0.0101122191210962,0.0206550129179684,4.626498699188232,4.633462905883789,0.5059158205986023,0.5040510892868042,8.761152267456055,8.770000457763672,0.5076945424079895,0.5460731983184814,0.7818456292152405,0.8008372187614441,0.753975510597229,0.7698382139205933,0.7140145897865295,0.7228518128395081,5.269259452819824,5.245073795318604,0.39894899725914,0.4051843285560608,9.135608673095703,9.128010749816896,0.26810422539711,0.2994572520256042,0.8044152855873108,0.792059063911438,0.7660053372383118,0.7367409467697144,0.8726985454559326,0.8991149663925171,0.7610527276992798,0.8798661828041077,0.908460021018982,0.775825023651123,0.974492371082306,0.9548296928405762,0.7161612510681152,0.9593226313591005,0.9436753988265992,0.7430645823478699,0.8382503226506863,0.7614500998185438,5.502802296173874,5.695074317020436,1.7413926659331,1.5553224727230204,5.438851850460735,5.612690276139929,0.753975510597229,0.7698382139205933,0.7660053372383118,0.7367409467697144,0.4794269161506972,0.3959136566562033,0.2460708529981416,0.2772888921575891,0.5552751757239275,0.5439450672636303,0.0722291082398504,0.0745377194706498,0.0231260646206255,0.0206550129179684,0.7140145897865295,0.7228518128395081,5.269259452819824,5.245073795318604,0.39894899725914,0.4051843285560608,9.135608673095703,9.128010749816896,0.26810422539711,0.2994572520256042,0.8044152855873108,0.792059063911438,0.7660053372383118,0.7367409467697144,0.974492371082306,0.9548296928405762,0.7161612510681152,0.9593226313591005,0.9436753988265992,0.7430645823478699,1.7413926659331,1.5553224727230204,5.438851850460735,5.612690276139929,0.7660053372383118,0.7367409467697144,2.789839611796515,2.9677343116613057,-5.062320559498958,94.21\pm{0.63},94.21+-0.63
23,,aircraft,hiresnet50.in1k_spark,medium,80.6,89.94,1.98,92.7993,86.0786,89.1689,92.7993,0.7487069368362427,0.7332032918930054,-0.0454897218081279,0.4672755436156316,-0.045030458529481,0.3774863155409398,0.0288113936265535,0.190743386388609,0.0279283065230591,0.2147253458999517,0.0305784762825413,0.4161351082235383,0.0303314802949544,0.4078732299787654,0.0703625801282051,0.070335453392094,0.0736553328092243,0.0736184813941299,0.007245358867714,0.0195029049467008,0.0068804739781145,0.0131748412858765,6.6142425537109375,6.619336128234863,0.4559781849384308,0.45197394490242,24.2421932220459,24.24526596069336,0.2111191153526306,0.2472533881664276,0.7943950891494751,0.8091297149658203,0.7151782512664795,0.7391358613967896,0.5636765956878662,0.5370694994926453,7.000166416168213,7.007216930389404,0.4108690023422241,0.4090786278247833,24.022214889526367,24.02229118347168,0.2720307111740112,0.3004166185855865,0.6219438314437866,0.6430577039718628,0.4555143415927887,0.4812812507152557,0.8924930095672607,0.901868462562561,0.6077656745910645,0.9011783599853516,0.9123818278312684,0.6169854402542114,0.8171465992927551,0.7252017855644226,0.691739022731781,0.8380556106567383,0.7557364106178284,0.7049126625061035,0.5839759247377484,0.5545662026360286,5.67122395833333,5.936619824423478,1.5719341387040844,1.0618922076416457,5.669037543402776,5.933649600366869,0.7151782512664795,0.7391358613967896,0.4555143415927887,0.4812812507152557,0.4672755436156316,0.3774863155409398,0.190743386388609,0.2147253458999517,0.4161351082235383,0.4078732299787654,0.070335453392094,0.0736184813941299,0.0195029049467008,0.0131748412858765,0.5636765956878662,0.5370694994926453,7.000166416168213,7.007216930389404,0.4108690023422241,0.4090786278247833,24.022214889526367,24.02229118347168,0.2720307111740112,0.3004166185855865,0.6219438314437866,0.6430577039718628,0.4555143415927887,0.4812812507152557,0.8171465992927551,0.7252017855644226,0.691739022731781,0.8380556106567383,0.7557364106178284,0.7049126625061035,1.5719341387040844,1.0618922076416457,5.669037543402776,5.933649600366869,0.4555143415927887,0.4812812507152557,2.190905015868603,2.5562608531418003,-3.900364653541867,89.94\pm{1.98},89.94+-1.98
23,,cars,hivit_base_patch16_224.orig_in21k,weak,81.79,93.52,4.39,96.6173,83.6463,94.5156,96.6173,,0.6793540716171265,0.0825996290857477,0.1776833678892287,0.089020895690436,0.1621231826338041,0.4686881873461609,0.7770695847419855,0.4651473399001764,0.7899468432443012,0.5289974256670229,0.8743850312379434,0.5313973194029831,0.8720755233996433,0.1718374070428696,0.2741380960192476,0.1533239532027429,0.1972469733997935,0.0552491556237063,0.0906600460918556,0.0486277390724767,0.0524971316415796,14.461610794067385,14.408125877380373,0.592111349105835,0.5903608798980713,13.54950714111328,13.553996086120604,0.4818564653396606,,0.3935699760913849,,,,,0.6052197813987732,15.994630813598633,15.919992446899414,0.6341285109519958,0.6325352191925049,13.40356731414795,13.361221313476562,0.4330661594867706,,0.3068027794361114,,,,0.8318476676940918,0.9424725770950316,0.894117534160614,,,,0.8110679984092712,0.9554258584976196,0.9001366496086121,,,,4.518828438462939,3.97726277873787,14.054581522036305,12.540366132452341,7.41508516985287,4.293740396964796,22.42175487341426,16.13282995436911,0.3935699760913849,,0.3068027794361114,,0.1776833678892287,0.1621231826338041,0.7770695847419855,0.7899468432443012,0.8743850312379434,0.8720755233996433,0.2741380960192476,0.1972469733997935,0.0906600460918556,0.0524971316415796,,0.6052197813987732,15.994630813598633,15.919992446899414,0.6341285109519958,0.6325352191925049,13.40356731414795,13.361221313476562,0.4330661594867706,,0.3068027794361114,,,,0.8110679984092712,0.9554258584976196,0.9001366496086121,,,,7.41508516985287,4.293740396964796,22.42175487341426,16.13282995436911,0.3068027794361114,,2.669341136189348,3.3520836070320317,-3.081392911107317,93.52\pm{4.39},93.52+-4.39
23,,cars,hideit_base_patch16_224.fb_in1k,strong,81.99,93.37,8.93,97.3884,69.6182,95.7219,97.3884,,0.6842241287231445,0.0953470973739868,0.2154899835101884,0.0987804643538411,0.1913911914103047,0.5223598927646953,0.7397926137348634,0.5140710677468487,0.7597976848100739,0.6231578802867698,0.8805003771972043,0.6188681678983465,0.8768765870797116,0.1664752843394575,0.2463944936570428,0.145601798641581,0.164833964911243,0.0522836727967725,0.0699876250400943,0.0448673890617789,0.0353454902137398,24.78528594970703,24.676313400268555,0.4791258573532105,0.478850930929184,23.25840759277344,23.243030548095703,0.3943468332290649,,0.588831901550293,,,,,0.6552849411964417,26.83322525024414,26.75815391540528,0.5411375761032104,0.5406545996665955,22.78132438659668,22.707195281982425,0.5262150168418884,,0.4371486008167267,,,,0.90884530544281,0.9420840740203856,0.7702672481536865,,,,0.8484933376312256,0.939495086669922,0.924859344959259,,,,4.286738332607377,3.678677229175252,13.649308562992118,11.937891470623224,5.738285377037331,2.8979767426245258,20.201884534940937,13.514736783072813,0.588831901550293,,0.4371486008167267,,0.2154899835101884,0.1913911914103047,0.7397926137348634,0.7597976848100739,0.8805003771972043,0.8768765870797116,0.2463944936570428,0.164833964911243,0.0699876250400943,0.0353454902137398,,0.6552849411964417,26.83322525024414,26.75815391540528,0.5411375761032104,0.5406545996665955,22.78132438659668,22.707195281982425,0.5262150168418884,,0.4371486008167267,,,,0.8484933376312256,0.939495086669922,0.924859344959259,,,,5.738285377037331,2.8979767426245258,20.201884534940937,13.514736783072813,0.4371486008167267,,2.6449814443753183,3.6187440467163587,-2.3224251935883005,93.37\pm{8.93},93.37+-8.93
23,,cars,hivit_base_patch16_224_miil.in21k,strong,84.27,87.46,15.65,96.7168,54.334,94.2296,96.7168,,0.8117762207984924,-0.0253519367779352,0.1899496767003728,-0.0199600888433185,0.1748367633062559,0.3188872728703765,0.7690769935339774,0.3175442855841939,0.7818152447631906,0.2917209645008302,0.8821023779588775,0.2910812193649867,0.8804968393842333,0.0834814268008165,0.2663324311023622,0.0804961336857085,0.1889074956804461,0.027759513438843,0.0823242365531721,0.0243004769796416,0.0431959762302025,12.75735092163086,12.688392639160156,0.530509352684021,0.5278753042221069,13.417746543884276,13.44552230834961,0.6718654632568359,,0.604496419429779,,,,,0.6296417713165283,16.83828353881836,16.76746368408203,0.6497094631195068,0.648103654384613,14.119680404663086,14.080358505249023,0.4343065023422241,,0.3389908969402313,,,,0.9172844290733336,0.974245309829712,0.9293419122695924,,,,0.8256634473800659,0.9606141448020936,0.8882356286048889,,,,2.3392941974912995,2.0478011950743973,7.034979836504806,6.783409185694655,6.937463414335813,3.6401249169191643,22.443833968996064,15.919234660991192,0.604496419429779,,0.3389908969402313,,0.1899496767003728,0.1748367633062559,0.7690769935339774,0.7818152447631906,0.8821023779588775,0.8804968393842333,0.2663324311023622,0.1889074956804461,0.0823242365531721,0.0431959762302025,,0.6296417713165283,16.83828353881836,16.76746368408203,0.6497094631195068,0.648103654384613,14.119680404663086,14.080358505249023,0.4343065023422241,,0.3389908969402313,,,,0.8256634473800659,0.9606141448020936,0.8882356286048889,,,,6.937463414335813,3.6401249169191643,22.443833968996064,15.919234660991192,0.3389908969402313,,1.942530662684793,3.382968564010577,-1.6847305392817653,87.46\pm{15.65},87.46+-15.65
23,,cars,hideit3_base_patch16_224.fb_in22k_ft_in1k,strong,85.7,92.79,11.65,97.7242,61.7958,96.7666,97.7242,,0.6372957229614258,0.1660892384323369,0.193396620273575,0.1824447541802569,0.1869538942870477,0.4661772820468437,0.7573870923919412,0.4568761780840746,0.7576843665356672,0.6012754485807935,0.8751501837232618,0.602519624816731,0.8716631753135031,0.1114938757655293,0.2130472623213764,0.0936760517262084,0.1228963599469824,0.0478503214014483,0.0731078372226925,0.0389152585119797,0.0325361467385418,31.304105758666992,31.163497924804688,0.6553105115890503,0.6542340517044067,32.232879638671875,32.18288803100586,0.3260354697704315,,0.4674180746078491,,,,,0.5871491432189941,34.655914306640625,34.47972106933594,0.6416734457015991,0.6397590637207031,31.11351776123047,30.92924118041992,0.4250504672527313,,0.3202598392963409,,,,0.8474676012992859,0.9568597078323364,0.7730414271354675,,,,0.8091859817504883,0.9563958644866944,0.901547074317932,,,,4.100772544104119,3.3350376544766607,9.555025153105861,8.02803763293606,6.265341649984747,2.7883477754930324,18.25815038094196,10.532218047456393,0.4674180746078491,,0.3202598392963409,,0.193396620273575,0.1869538942870477,0.7573870923919412,0.7576843665356672,0.8751501837232618,0.8716631753135031,0.2130472623213764,0.1228963599469824,0.0731078372226925,0.0325361467385418,,0.5871491432189941,34.655914306640625,34.47972106933594,0.6416734457015991,0.6397590637207031,31.11351776123047,30.92924118041992,0.4250504672527313,,0.3202598392963409,,,,0.8091859817504883,0.9563958644866944,0.901547074317932,,,,6.265341649984747,2.7883477754930324,18.25815038094196,10.532218047456393,0.3202598392963409,,2.5552436670301875,3.759817586467848,-2.0258340538716118,92.79\pm{11.65},92.79+-11.65
23,,cars,hideit3_base_patch16_224.fb_in1k,strong,83.79,92.54,11.99,97.6993,60.6517,96.3064,97.6993,,0.6899849772453308,0.1396616643001597,0.2019857092412756,0.1516435548267743,0.200308073690557,0.2072817124936737,0.7614773232253306,0.2037861978221989,0.7580258098591466,0.2711413644949029,0.8875003458255151,0.2711452590196753,0.8846715555554837,0.1297982283464566,0.2054751294109069,0.110592871078347,0.1195876892941383,0.0457100594450482,0.0566538208191163,0.0397121745048376,0.0249120257203541,27.16263961791992,27.05604553222656,0.6366013288497925,0.6356654167175293,24.648712158203125,24.61823081970215,0.3807042241096496,,0.6981126666069031,,,,,0.6148141622543335,29.550933837890625,29.515682220458984,0.6387902498245239,0.6392786502838135,25.918643951416016,25.851104736328125,0.4502391517162323,,0.4806061089038849,,,,0.9642731547355652,0.933886170387268,0.8038736581802368,,,,0.8827567100524902,0.9291843175888062,0.9053264260292052,,,,3.8300458809005886,3.327483101760343,10.875793553149599,9.266576667654697,4.747023646433755,2.08737863510847,17.21676109333989,10.020252485955849,0.6981126666069031,,0.4806061089038849,,0.2019857092412756,0.200308073690557,0.7614773232253306,0.7580258098591466,0.8875003458255151,0.8846715555554837,0.2054751294109069,0.1195876892941383,0.0566538208191163,0.0249120257203541,,0.6148141622543335,29.550933837890625,29.515682220458984,0.6387902498245239,0.6392786502838135,25.918643951416016,25.851104736328125,0.4502391517162323,,0.4806061089038849,,,,0.8827567100524902,0.9291843175888062,0.9053264260292052,,,,4.747023646433755,2.08737863510847,17.21676109333989,10.020252485955849,0.4806061089038849,,2.517432296564383,3.7486809697761045,-1.993826656289112,92.54\pm{11.99},92.54+-11.99
23,,cars,hivit_base_patch16_224.in1k_mocov3,medium,83.2,88.38,16.11,97.1272,53.5754,96.008,97.1272,,0.7037928104400635,0.0147539852642339,0.2203344413329858,0.0152881942394167,0.1888895060233773,0.1597257080811189,0.7306390363974331,0.1581729869309643,0.7583127296496289,0.1543707609784247,0.8847533814928377,0.152931625281108,0.88280792499472,0.1149592629046369,0.16739802055993,0.1048442994660601,0.1225193231698355,0.0386377196768763,0.0618963258785838,0.0342760088030623,0.0388872131074547,9.039932250976562,8.996952056884766,0.5933301448822021,0.5922544002532959,8.391252517700195,8.377347946166992,0.4033532440662384,,0.7131085991859436,,,,,0.7073081731796265,9.537968635559082,9.512451171875,0.6006072163581848,0.5997462272644043,8.363176345825195,8.341531753540039,0.5189830660820007,,0.7023764252662659,,,,0.9819633960723876,0.9479718804359436,0.7523188591003418,,,,0.9894524812698364,0.9376708269119264,0.9283236265182496,,,,3.2146582771161083,2.8517639324147837,9.56461067366579,8.7230457155762,5.149774313098172,3.2354161305402314,13.927515310586177,10.193607687730314,0.7131085991859436,,0.7023764252662659,,0.2203344413329858,0.1888895060233773,0.7306390363974331,0.7583127296496289,0.8847533814928377,0.88280792499472,0.16739802055993,0.1225193231698355,0.0618963258785838,0.0388872131074547,,0.7073081731796265,9.537968635559082,9.512451171875,0.6006072163581848,0.5997462272644043,8.363176345825195,8.341531753540039,0.5189830660820007,,0.7023764252662659,,,,0.9894524812698364,0.9376708269119264,0.9283236265182496,,,,5.149774313098172,3.2354161305402314,13.927515310586177,10.193607687730314,0.7023764252662659,,2.029359124009564,3.5207342957241923,-1.649971171727761,88.38\pm{16.11},88.38+-16.11
23,,cars,hivit_base_patch16_224.dino,medium,82.8,75.33,26.93,95.809,28.3547,94.1052,95.809,,0.7028736472129822,0.0031201807926806,0.1999906264067917,0.0063023657162704,0.201850152093553,0.3749894942188816,0.7574073501421157,0.3693936479603487,0.7448501284107845,0.3656019050409932,0.8879315564533147,0.360397253156899,0.8870624145162067,0.1602246008311461,0.2168891486220472,0.1393805937997376,0.12290830425252,0.0512015663498029,0.062613759688505,0.041839138974273,0.0347625774050515,75.03898620605469,74.74993896484375,0.6109435558319092,0.6089321970939636,64.98920440673828,64.91243743896484,0.3684965074062347,,0.735851526260376,,,,,0.6929845809936523,68.5289306640625,68.45220947265625,0.5721391439437866,0.5726771354675293,60.906394958496094,60.78280258178711,0.4414398372173309,,0.721713662147522,,,,0.9822316765785216,0.9329550266265868,0.7710697650909424,,,,0.9751405119895936,0.9251254796981812,0.8727610111236572,,,,4.23948969376368,3.4642807070698045,13.266596948818895,11.540713166618273,5.184419302208213,2.8783414091382644,17.958421505905505,10.176807592108656,0.735851526260376,,0.721713662147522,,0.1999906264067917,0.201850152093553,0.7574073501421157,0.7448501284107845,0.8879315564533147,0.8870624145162067,0.2168891486220472,0.12290830425252,0.062613759688505,0.0347625774050515,,0.6929845809936523,68.5289306640625,68.45220947265625,0.5721391439437866,0.5726771354675293,60.906394958496094,60.78280258178711,0.4414398372173309,,0.721713662147522,,,,0.9751405119895936,0.9251254796981812,0.8727610111236572,,,,5.184419302208213,2.8783414091382644,17.958421505905505,10.176807592108656,0.721713662147522,,1.1165172188810801,3.129417257341508,-0.9983216836232874,75.33\pm{26.93},75.33+-26.93
23,,cars,hivit_base_patch16_clip_224.laion2b,medium,85.47,76.49,25.71,96.3686,30.046,96.1945,96.3686,,0.6194131970405579,0.0869124304249797,0.0426959676687314,0.0922546475717874,0.0345430417288456,0.4594256868013105,0.4278747129617505,0.4524993625041863,0.4188152804451702,0.5051440947620083,0.4475875130717886,0.5005647054658848,0.4379053813803842,0.1778124088655584,0.1546483121901428,0.1463363524280911,0.0921378548172882,0.0371942130599434,0.0440366711281728,0.0288798399466686,0.0221571088546798,66.56524658203125,66.51385498046875,0.6323891878128052,0.6312031149864197,58.59794616699219,58.62563705444336,0.3658517599105835,,0.6354792714118958,,,,,0.652022123336792,67.74913787841797,67.65858459472656,0.634858250617981,0.6340394020080566,62.648555755615234,62.49477767944336,0.4372894465923309,,0.5870378017425537,,,,0.9563491940498352,0.8957410454750061,0.7006244659423828,,,,0.9153233766555786,0.9489185214042664,0.8299334645271301,,,,3.1789893902333626,2.468359920241765,15.197626585739277,12.507368042028945,3.763814281324929,1.8937680938094825,13.217791242891504,7.875022451233622,0.6354792714118958,,0.5870378017425537,,0.0426959676687314,0.0345430417288456,0.4278747129617505,0.4188152804451702,0.4475875130717886,0.4379053813803842,0.1546483121901428,0.0921378548172882,0.0440366711281728,0.0221571088546798,,0.652022123336792,67.74913787841797,67.65858459472656,0.634858250617981,0.6340394020080566,62.648555755615234,62.49477767944336,0.4372894465923309,,0.5870378017425537,,,,0.9153233766555786,0.9489185214042664,0.8299334645271301,,,,3.763814281324929,1.8937680938094825,13.217791242891504,7.875022451233622,0.5870378017425537,,1.1797786382627449,3.2785621735607107,-1.0608601375596525,76.49\pm{25.71},76.49+-25.71
23,,cars,hivit_base_patch16_siglip_224.v2_webli,medium,79.2,87.64,20.93,98.6071,37.0849,96.6671,98.6071,,0.8021151423454285,-0.0088227972936845,0.1370646180937987,-0.0014587430755826,0.1432163120415143,0.1935147562902248,0.8399643123342039,0.1925356259123832,0.834946406805239,0.1795849268168042,0.8842692224104913,0.1799533245472754,0.884462906804962,0.3498366415135607,0.3159961450131233,0.3449036266776358,0.3054279769298189,0.030479201416331,0.0510759287540681,0.0317256333966734,0.0495407623509881,84.61778259277344,84.14469146728516,0.5384301543235779,0.5365229845046997,89.66259002685547,89.53218078613281,0.5611242651939392,,0.7658998966217041,,,,,0.5830920934677124,89.54534149169922,89.36140441894531,0.6300670504570007,0.6297926902770996,96.3461456298828,96.25353240966795,0.3245035707950592,,0.4109807014465332,,,,0.986050009727478,0.9625935554504396,0.8688894510269165,,,,0.8222752809524536,0.9434219598770142,0.8056536912918091,,,,2.413952752173415,2.5126701650165333,27.707062007874008,27.316367232868757,4.045213557322193,3.923628378198258,25.026894685039366,24.189895772841655,0.7658998966217041,,0.4109807014465332,,0.1370646180937987,0.1432163120415143,0.8399643123342039,0.834946406805239,0.8842692224104913,0.884462906804962,0.3159961450131233,0.3054279769298189,0.0510759287540681,0.0495407623509881,,0.5830920934677124,89.54534149169922,89.36140441894531,0.6300670504570007,0.6297926902770996,96.3461456298828,96.25353240966795,0.3245035707950592,,0.4109807014465332,,,,0.8222752809524536,0.9434219598770142,0.8056536912918091,,,,4.045213557322193,3.923628378198258,25.026894685039366,24.189895772841655,0.4109807014465332,,1.958762831083419,4.259755362417874,-1.3290925119685124,87.64\pm{20.93},87.64+-20.93
23,,cars,hivit_base_patch16_224.mae,weak,83.6,89.76,16.29,96.8288,49.6083,95.2991,96.8288,,0.7008170485496521,-0.0935953051597332,0.2179471939619187,-0.0901675997298356,0.1954810726516646,0.0697831869454425,0.7313555702301991,0.0669565427914319,0.7491001436585712,0.0646835322997072,0.8870180669972939,0.0620134785851355,0.8843452918508803,0.0718538112423446,0.1532482593321668,0.0713547491791055,0.1069329426243171,0.0162792559370906,0.0538749548550352,0.0178890391474678,0.0330711741926808,12.159612655639648,12.104803085327148,0.5295323133468628,0.5283446311950684,10.751753807067873,10.723856925964355,0.2970284521579742,,0.701881468296051,,,,,0.6392603516578674,14.468550682067873,14.415624618530272,0.5995010733604431,0.5995250940322876,12.334696769714355,12.278712272644045,0.472366064786911,,0.5881337523460388,,,,0.964313268661499,0.9519113302230836,0.7199462652206421,,,,0.9409400224685668,0.91996031999588,0.9139651656150818,,,,1.360945796340774,1.495523672728308,6.006978619860009,5.96525703137322,4.503946225880942,2.7647501625081143,12.811554480169143,8.939594003392909,0.701881468296051,,0.5881337523460388,,0.2179471939619187,0.1954810726516646,0.7313555702301991,0.7491001436585712,0.8870180669972939,0.8843452918508803,0.1532482593321668,0.1069329426243171,0.0538749548550352,0.0330711741926808,,0.6392603516578674,14.468550682067873,14.415624618530272,0.5995010733604431,0.5995250940322876,12.334696769714355,12.278712272644045,0.472366064786911,,0.5881337523460388,,,,0.9409400224685668,0.91996031999588,0.9139651656150818,,,,4.503946225880942,2.7647501625081143,12.811554480169143,8.939594003392909,0.5881337523460388,,2.171379204108572,3.4188344055396627,-1.636957840214055,89.76\pm{16.29},89.76+-16.29
23,,cars,hiresnet50.tv_in1k,weak,76.13,96.89,1.15,97.7863,93.7321,97.065,97.7863,,0.568024218082428,0.0461718681597749,0.195679046637914,0.0453002160784778,0.174042691880977,0.1578222301330247,0.7621244318464192,0.153174383603866,0.7787409506058731,0.160417776360328,0.8846358334633002,0.1565410015782521,0.8824504632249996,0.0846038044072615,0.0864022856517935,0.0799378284193928,0.0743343668168204,0.0314245433729934,0.0489817725743834,0.0275604495749114,0.0310086020756335,1.017669439315796,1.0173276662826538,0.4878097772598266,0.4884819984436035,1.249394774436951,1.2510143518447876,0.3302210569381714,,0.6514005064964294,,0.4544572234153747,,,0.5393944382667542,1.0340261459350586,1.032479166984558,0.4786426723003387,0.4807466864585877,1.247804880142212,1.248906493186951,0.3061950802803039,,0.6289299130439758,,0.3685955703258514,,0.77529376745224,0.8038977980613708,0.6206845641136169,,,,0.7962943911552429,0.8221489787101746,0.609483540058136,,,,2.3923504869859875,2.098177026138005,6.440887629524817,6.085666877568373,3.728982346087808,2.360684876017978,6.577806006671039,5.659075345764537,0.4544572234153747,,0.3685955703258514,,0.195679046637914,0.174042691880977,0.7621244318464192,0.7787409506058731,0.8846358334633002,0.8824504632249996,0.0864022856517935,0.0743343668168204,0.0489817725743834,0.0310086020756335,,0.5393944382667542,1.0340261459350586,1.032479166984558,0.4786426723003387,0.4807466864585877,1.247804880142212,1.248906493186951,0.3061950802803039,,0.6289299130439758,,0.3685955703258514,,0.7962943911552429,0.8221489787101746,0.609483540058136,,,,3.728982346087808,2.360684876017978,6.577806006671039,5.659075345764537,0.3685955703258514,,3.4380247725399666,3.788119161678512,-4.45421045072025,96.89\pm{1.15},96.89+-1.15
23,,cars,hiresnet50.tv2_in1k,strong,80.85,97.16,0.34,97.5998,96.692,96.8288,97.5998,,0.5593058466911316,0.020805369145677,0.2151550799133252,0.0248609168645933,0.188507887188714,0.21375239857845,0.7286624366708943,0.2066019766028026,0.7532913188862292,0.2133811541818517,0.8777748593078529,0.2078943262680105,0.8744495872233331,0.0719033655949256,0.0710737573818897,0.0712839270087269,0.0707765425713533,0.0329899333828077,0.0396049433923143,0.0287136690365889,0.0307553166020957,8.274669647216797,8.271886825561523,0.4923366904258728,0.4933400154113769,15.423900604248049,15.432300567626951,0.1985458433628082,,0.6152172088623047,,0.4846414625644684,,,0.6923916935920715,9.055198669433594,9.013660430908203,0.3422466814517975,0.342900663614273,15.803226470947266,15.79494285583496,0.3622821867465973,,0.7181961536407471,,0.709976315498352,,0.8137131929397583,0.799777090549469,0.5852084159851074,,,,0.9197139739990234,0.9572912454605104,0.673402726650238,,,,2.6672361140000023,2.321500141608212,5.813387108349735,5.76330549865557,3.2020596732686113,2.486567347279437,5.746313284325782,5.722283466893914,0.4846414625644684,,0.709976315498352,,0.2151550799133252,0.188507887188714,0.7286624366708943,0.7532913188862292,0.8777748593078529,0.8744495872233331,0.0710737573818897,0.0707765425713533,0.0396049433923143,0.0307553166020957,,0.6923916935920715,9.055198669433594,9.013660430908203,0.3422466814517975,0.342900663614273,15.803226470947266,15.79494285583496,0.3622821867465973,,0.7181961536407471,,0.709976315498352,,0.9197139739990234,0.9572912454605104,0.673402726650238,,,,3.2020596732686113,2.486567347279437,5.746313284325782,5.722283466893914,0.709976315498352,,3.53284864063828,3.7053233770214167,-5.690330730495519,97.16\pm{0.34},97.16+-0.34
23,,cars,hiresnet50.gluon_in1k,medium,77.58,96.79,1.33,97.7863,93.1601,96.7666,97.7863,,0.5326598882675171,0.0300524516384368,0.2076336400096647,0.0304176483953606,0.1826840425688447,0.3037528633585664,0.7393871650383307,0.294923799834472,0.7604406411640734,0.3019999370922885,0.8767464596455735,0.2952954637591456,0.8747306550862524,0.0773432373687663,0.0749936775481189,0.0748342213007323,0.071896961839162,0.0337094990756568,0.0473002084479557,0.0289134900307371,0.0335381193056939,4.931727409362793,4.927713871002197,0.4760181903839111,0.4774909615516662,6.971018314361572,6.9768829345703125,0.2084629386663437,,0.6131657958030701,,0.4292365610599518,,,0.5654336810112,4.799240589141846,4.787320137023926,0.4502562284469605,0.4532855153083801,6.758771896362305,6.755759239196777,0.2651804983615875,,0.6352455019950867,,0.4509198367595672,,0.7917284965515137,0.7104540467262268,0.6118240356445312,,,,0.7924361824989319,0.7497648596763611,0.6413164734840393,,,,2.6151829382894545,2.243108556584584,6.00028835506889,5.805638888510813,3.669550171392403,2.6018872957357324,5.818009504183064,5.577766299482188,0.4292365610599518,,0.4509198367595672,,0.2076336400096647,0.1826840425688447,0.7393871650383307,0.7604406411640734,0.8767464596455735,0.8747306550862524,0.0749936775481189,0.071896961839162,0.0473002084479557,0.0335381193056939,,0.5654336810112,4.799240589141846,4.787320137023926,0.4502562284469605,0.4532855153083801,6.758771896362305,6.755759239196777,0.2651804983615875,,0.6352455019950867,,0.4509198367595672,,0.7924361824989319,0.7497648596763611,0.6413164734840393,,,,3.669550171392403,2.6018872957357324,5.818009504183064,5.577766299482188,0.4509198367595672,,3.405535944977308,3.788119161678512,-4.307096722876041,96.79\pm{1.33},96.79+-1.33
23,,cars,hiresnet50.a1_in1k,strong,80.38,95.73,1.84,97.3262,91.1578,95.4483,97.3262,,0.5307393670082092,0.0388373707950005,0.0851434111550548,0.0405482217020019,0.0603167831475758,0.0755986388762285,0.1692761336005153,0.0751114925373356,0.1689999308575221,0.0759804656056933,0.1899621491639508,0.0758248366359345,0.1822299686408046,0.0705517279090113,0.0719025112095363,0.0704901522911558,0.0717420569387985,0.0295438802559075,0.0191032587015253,0.0258906878649242,0.0171136287528844,9.435173988342283,9.434370994567873,0.4950580000877381,0.4965159893035888,21.957603454589844,21.98391342163086,0.1996976435184478,,0.6098148822784424,,0.4645490646362304,,,0.4894593358039856,10.939567565917969,10.89116382598877,0.3361592292785644,0.3345092236995697,22.51982307434082,22.52019119262696,0.2007267922163009,,0.5684292912483215,,0.4365447759628296,,0.8112289905548096,0.8116191029548645,0.555566132068634,,,,0.7450759410858154,0.8142954111099243,0.5402891039848328,,,,2.374737094969845,2.081093490582607,5.670947889326328,5.665998441163103,1.5355199344286037,1.375593479156848,5.779523851022527,5.766626536740623,0.4645490646362304,,0.4365447759628296,,0.0851434111550548,0.0603167831475758,0.1692761336005153,0.1689999308575221,0.1899621491639508,0.1822299686408046,0.0719025112095363,0.0717420569387985,0.0191032587015253,0.0171136287528844,,0.4894593358039856,10.939567565917969,10.89116382598877,0.3361592292785644,0.3345092236995697,22.51982307434082,22.52019119262696,0.2007267922163009,,0.5684292912483215,,0.4365447759628296,,0.7450759410858154,0.8142954111099243,0.5402891039848328,,,,1.5355199344286037,1.375593479156848,5.779523851022527,5.766626536740623,0.4365447759628296,,3.1103754706666895,3.59456754167638,-3.9787475061484474,95.73\pm{1.84},95.73+-1.84
23,,cars,hiresnet50.in21k_miil,strong,82.0,96.67,0.87,97.4754,94.6275,96.493,97.4754,,0.9051764011383056,-0.0429485689546431,0.056380440613653,-0.0349256417596957,0.048294628158088,0.1722096302932271,0.1868142478912313,0.1672482732592735,0.182647470755317,0.156220521706097,0.2066757851882875,0.1522330892960144,0.1967954352500012,0.0718256165244969,0.0710669222987751,0.071721935054792,0.0709866671304361,0.0006850964910402,0.0222410501868236,0.0009447816049768,0.0173126640360033,54.24540710449219,52.72803497314453,0.2295776307582855,0.2275328785181045,62.91356658935547,62.38983154296875,0.721335768699646,,0.91459858417511,,0.9236019849777222,,,0.4592392742633819,6.180882453918457,6.111416339874268,0.306735098361969,0.3074595034122467,13.151893615722656,13.134444236755373,0.2605337798595428,,0.4758123159408569,,0.3076749145984649,,0.9515782594680786,0.958853542804718,0.8957933783531189,,,,0.6935338973999023,0.737872302532196,0.7353302240371704,,,,0.0561779122652964,0.07747209160809759,5.889700555008746,5.8811986744929445,1.8237661153195353,1.4196384509522706,5.827487628499559,5.820906704695759,0.9236019849777222,,0.3076749145984649,,0.056380440613653,0.048294628158088,0.1868142478912313,0.182647470755317,0.2066757851882875,0.1967954352500012,0.0710669222987751,0.0709866671304361,0.0222410501868236,0.0173126640360033,,0.4592392742633819,6.180882453918457,6.111416339874268,0.306735098361969,0.3074595034122467,13.151893615722656,13.134444236755373,0.2605337798595428,,0.4758123159408569,,0.3076749145984649,,0.6935338973999023,0.737872302532196,0.7353302240371704,,,,1.8237661153195353,1.4196384509522706,5.827487628499559,5.820906704695759,0.3076749145984649,,3.3678090563371765,3.6535174041399245,-4.736129030222547,96.67\pm{0.87},96.67+-0.87
23,,cars,hiresnet50.fb_swsl_ig1b_ft_in1k,weak,81.18,95.84,3.25,98.0973,87.9617,97.2143,98.0973,,0.6284620761871338,0.0367055993479116,0.2044267464745673,0.0442407926480848,0.1808414895931125,0.2801268467776562,0.734011588017845,0.2729253215369481,0.7560197881927821,0.2868710476804985,0.8724675639549292,0.2820034112040677,0.8705645165267516,0.0723929284230096,0.072307489884077,0.0714884539873424,0.0707898906478524,0.0242294631018413,0.0373665501224243,0.0211976935406999,0.0276194594445682,7.286757946014404,7.283608913421631,0.4544663727283478,0.4548018872737885,13.456257820129396,13.463714599609377,0.2567419409751892,,0.7171924710273743,,0.5007209181785583,,,0.4728931486606598,7.580171585083008,7.562298774719238,0.4096572399139404,0.4123150110244751,13.575425148010254,13.571823120117188,0.2357309013605117,,0.558701753616333,,0.3868861496448517,,0.825977087020874,0.8801795840263367,0.6708346605300903,,,,0.7422982454299927,0.6328686475753784,0.6434698700904846,,,,1.9669478146074768,1.720828761634018,5.876857929379919,5.803432694692456,3.033416538938405,2.2421477177100466,5.869922028789371,5.746723322792659,0.5007209181785583,,0.3868861496448517,,0.2044267464745673,0.1808414895931125,0.734011588017845,0.7560197881927821,0.8724675639549292,0.8705645165267516,0.072307489884077,0.0707898906478524,0.0373665501224243,0.0276194594445682,,0.4728931486606598,7.580171585083008,7.562298774719238,0.4096572399139404,0.4123150110244751,13.575425148010254,13.571823120117188,0.2357309013605117,,0.558701753616333,,0.3868861496448517,,0.7422982454299927,0.6328686475753784,0.6434698700904846,,,,3.033416538938405,2.2421477177100466,5.869922028789371,5.746723322792659,0.3868861496448517,,3.1378123643045734,3.9426859131925616,-3.393460164394781,95.84\pm{3.25},95.84+-3.25
23,,cars,hiresnet50.fb_ssl_yfcc100m_ft_in1k,weak,79.22,96.69,1.43,97.8734,93.0481,96.6173,97.8734,,0.6269415616989136,0.033660385890777,0.2090804645698575,0.0330782836741924,0.1828216114353459,0.2607273398198156,0.7298384398965939,0.255822706497603,0.7516849785195973,0.261641547000852,0.8715454564747235,0.2581367915498876,0.8682229356899155,0.0766375150371828,0.0753388492454068,0.0741783381995526,0.0711594884891061,0.0236448738577328,0.0426772550980406,0.0207814709652983,0.0298007040151527,6.067669868469238,6.063492774963379,0.4421905875205993,0.4416678249835968,10.180697441101074,10.184053421020508,0.266056478023529,,0.73358154296875,,0.4948493242263794,,,0.500245988368988,6.348649978637695,6.334020614624023,0.4125714898109436,0.4151758849620819,10.332818984985352,10.327225685119627,0.2188013046979904,,0.5682557225227356,,0.3916679918766022,,0.7474497556686401,0.9288515448570251,0.6599334478378296,,,,0.7358960509300232,0.724141538143158,0.624103844165802,,,,1.8731469070095925,1.6463081298709312,6.071223941245622,5.876407952168556,3.3808921488667765,2.360811772080397,5.968343637221127,5.637254678106985,0.4948493242263794,,0.3916679918766022,,0.2090804645698575,0.1828216114353459,0.7298384398965939,0.7516849785195973,0.8715454564747235,0.8682229356899155,0.0753388492454068,0.0711594884891061,0.0426772550980406,0.0298007040151527,,0.500245988368988,6.348649978637695,6.334020614624023,0.4125714898109436,0.4151758849620819,10.332818984985352,10.327225685119627,0.2188013046979904,,0.5682557225227356,,0.3916679918766022,,0.7358960509300232,0.724141538143158,0.624103844165802,,,,3.3808921488667765,2.360811772080397,5.968343637221127,5.637254678106985,0.3916679918766022,,3.3740026428356336,3.829150346560634,-4.236323885313878,96.69\pm{1.43},96.69+-1.43
23,,cars,hiresnet50.in1k_mocov3,medium,74.6,96.64,0.82,97.4879,94.5902,96.6546,97.4879,,0.509191632270813,0.0143242478231215,0.0955514506818268,0.0131361801103552,0.0673548180287702,0.14200159439077,0.2646836374929359,0.1430911205693524,0.2649312588628305,0.1343562168914409,0.2946171542092392,0.1354085503744276,0.2837657881319773,0.0732165559383202,0.071689769247594,0.0722200567042253,0.0708514640329935,0.0256091802432311,0.0363203016967754,0.0228734517263041,0.0293242720266183,8.723159790039062,8.722861289978027,0.4799855947494507,0.4812926650047302,14.851608276367188,14.864850044250488,0.1777444183826446,,0.5549709796905518,,0.4548018276691437,,,0.5606946349143982,8.010686874389648,7.990360260009766,0.4366897344589233,0.4396871328353882,14.278319358825684,14.27872085571289,0.3148879408836365,,0.6052405834197998,,0.4342667162418365,,0.8115408420562744,0.6727726459503174,0.5847733020782471,,,,0.7771698832511902,0.7041931748390198,0.6621235609054565,,,,1.91044484614504,1.7063594987822857,5.461955072998687,5.387616230135206,2.7094945065794445,2.187590693185725,5.348056785870512,5.2855192168613145,0.4548018276691437,,0.4342667162418365,,0.0955514506818268,0.0673548180287702,0.2646836374929359,0.2649312588628305,0.2946171542092392,0.2837657881319773,0.071689769247594,0.0708514640329935,0.0363203016967754,0.0293242720266183,,0.5606946349143982,8.010686874389648,7.990360260009766,0.4366897344589233,0.4396871328353882,14.278319358825684,14.27872085571289,0.3148879408836365,,0.6052405834197998,,0.4342667162418365,,0.7771698832511902,0.7041931748390198,0.6621235609054565,,,,2.7094945065794445,2.187590693185725,5.348056785870512,5.2855192168613145,0.4342667162418365,,3.3601147722973486,3.65860921100754,-4.800413284372187,96.64\pm{0.82},96.64+-0.82
23,,cars,hiresnet50.in1k_supcon,strong,79.1,96.78,1.51,98.0475,93.0481,97.3386,98.0475,,0.6440669894218445,0.0381831446236155,0.2126723616856227,0.0439431144783931,0.1944576656442155,0.0083411687569829,0.7468509250631344,0.0083754291445643,0.7633556278107858,0.0087628123428242,0.8832522382481391,0.0088939237793375,0.8813613491338496,0.0773671601596675,0.0756216508092738,0.0745444388657676,0.071751109686196,0.0280715391978504,0.0438951116025917,0.0247136129155045,0.0323776619893217,0.64259934425354,0.6430616974830627,0.5096358060836792,0.5100288987159729,0.9961991310119628,0.9974628686904908,0.3716640770435333,,0.7047675251960754,,0.4822460412979126,,,0.5845839381217957,0.8702362775802612,0.8683977723121643,0.4842195510864258,0.4862751364707947,1.2782853841781616,1.2778109312057495,0.3278647661209106,,0.6329896450042725,,0.4233834147453308,,0.7928706407546997,0.8830462694168091,0.6987724304199219,,,,0.75686115026474,0.7966994643211365,0.6834823489189148,,,,2.2204587505499664,1.954846781616406,6.1197423686297,5.896465114282217,3.4721033277650033,2.5610730633553467,5.981672579013557,5.675512776178103,0.4822460412979126,,0.4233834147453308,,0.2126723616856227,0.1944576656442155,0.7468509250631344,0.7633556278107858,0.8832522382481391,0.8813613491338496,0.0756216508092738,0.071751109686196,0.0438951116025917,0.0323776619893217,,0.5845839381217957,0.8702362775802612,0.8683977723121643,0.4842195510864258,0.4862751364707947,1.2782853841781616,1.2778109312057495,0.3278647661209106,,0.6329896450042725,,0.4233834147453308,,0.75686115026474,0.7966994643211365,0.6834823489189148,,,,3.4721033277650033,2.5610730633553467,5.981672579013557,5.675512776178103,0.4233834147453308,,3.4043337017644997,3.916341452390283,-4.177374781626935,96.78\pm{1.51},96.78+-1.51
23,,cars,hiresnet50.in1k_swav,strong,75.3,96.58,0.93,97.3759,94.2918,96.5427,97.3759,,0.5261286497116089,0.0070894774431467,0.1264729344813127,0.0100276243813241,0.0985357930242105,0.1191263663373057,0.1956620494922577,0.1181897653474856,0.1977238751413843,0.112133888828788,0.2216677578575217,0.111617471732153,0.2154896651336206,0.0753875492125984,0.0730738735783027,0.0738407610390588,0.0719124628312255,0.0216502903366652,0.0116508474617492,0.0199833299136824,0.0116580379979004,5.466521263122559,5.461647987365723,0.4922037720680237,0.4947164356708526,9.371212005615234,9.38478183746338,0.3419607877731323,,0.5758377909660339,,0.4850432574748993,,,0.8113657832145691,5.511144638061523,5.466779708862305,0.302704393863678,0.3111317455768585,9.301161766052246,9.29088020324707,0.3823661208152771,,0.8797085881233215,,0.8634154200553894,,0.7980883121490479,0.8199735879898071,0.5926255583763123,,,,0.9956330060958862,0.985627830028534,0.735184907913208,,,,1.6302668623508894,1.504744742500285,5.676682455708659,5.560209306241128,0.8773088138697147,0.8778502612419001,5.502462680446193,5.41500845119128,0.4850432574748993,,0.8634154200553894,,0.1264729344813127,0.0985357930242105,0.1956620494922577,0.1977238751413843,0.2216677578575217,0.2154896651336206,0.0730738735783027,0.0719124628312255,0.0116508474617492,0.0116580379979004,,0.8113657832145691,5.511144638061523,5.466779708862305,0.302704393863678,0.3111317455768585,9.301161766052246,9.29088020324707,0.3823661208152771,,0.8797085881233215,,0.8634154200553894,,0.9956330060958862,0.985627830028534,0.735184907913208,,,,0.8773088138697147,0.8778502612419001,5.502462680446193,5.41500845119128,0.8634154200553894,,3.3403618357412754,3.6138407666551613,-4.666444660690728,96.58\pm{0.93},96.58+-0.93
23,,cars,hiresnet50.in1k_spark,medium,80.6,94.19,3.95,97.1397,84.4671,95.9582,97.1397,,0.5852023363113403,-0.0007556792883095,0.2081697111386777,-0.0016341414081872,0.1793797505496872,0.0280526001021437,0.7431599525487506,0.0276658322326808,0.7667995376974442,0.0260007330705366,0.8846845498512932,0.0257780271190241,0.8816285011954842,0.0704141718613298,0.0703757245188101,0.070441496399401,0.070410494415274,0.0255302946691907,0.0374267420724151,0.0238218697467966,0.0270148999397716,7.853807926177979,7.863044738769531,0.4596450328826904,0.4600904881954193,24.618385314941406,24.63264846801757,0.2881475389003753,,0.634665310382843,,0.4965297877788544,,,0.6098881363868713,7.735554695129395,7.725579261779785,0.4542738199234009,0.4562734067440033,24.472930908203125,24.479217529296875,0.4976071119308472,,0.6383331418037415,,0.4450217485427856,,0.8045684099197388,0.7628140449523926,0.6071191430091858,,,,0.8446489572525024,0.8251258730888367,0.7275469899177551,,,,2.0577417503367705,1.9200427015918058,5.675382252023181,5.677584609791721,3.016595411036657,2.1774009351455907,5.672283396216094,5.675085849871084,0.4965297877788544,,0.4450217485427856,,0.2081697111386777,0.1793797505496872,0.7431599525487506,0.7667995376974442,0.8846845498512932,0.8816285011954842,0.0703757245188101,0.070410494415274,0.0374267420724151,0.0270148999397716,,0.6098881363868713,7.735554695129395,7.725579261779785,0.4542738199234009,0.4562734067440033,24.472930908203125,24.479217529296875,0.4976071119308472,,0.6383331418037415,,0.4450217485427856,,0.8446489572525024,0.8251258730888367,0.7275469899177551,,,,3.016595411036657,2.1774009351455907,5.672283396216094,5.675085849871084,0.4450217485427856,,2.7852383474959117,3.5252236341511556,-3.1923256408680185,94.19\pm{3.95},94.19+-3.95
23,,cub,hivit_base_patch16_224.orig_in21k,weak,81.79,91.16,12.49,98.4639,60.2175,97.7218,98.4639,,0.6721516847610474,0.3070767490870732,0.3233347444544193,0.3047418355277007,0.3447855572048072,0.5334697401220915,0.6238515803447701,0.5349158021467203,0.601847378776598,0.8182100748692966,0.9070143247549451,0.8167708191719223,0.9064099972076172,0.2405665073675826,0.2880591024492234,0.1833041175872058,0.1909916744475568,0.0771669583081344,0.1024342742765248,0.0535515178909231,0.0542040832968421,15.205724716186523,15.165653228759766,0.6086120009422302,0.607109010219574,13.357089042663574,13.350031852722168,0.5118860602378845,,0.4025387763977051,,,,,0.6183837652206421,15.729144096374512,15.650789260864258,0.6166908144950867,0.614499032497406,13.489830017089844,13.454883575439451,0.4465098083019256,,0.3333590924739837,,,,0.8355656862258911,0.9414764046669006,0.8746780157089233,,,,0.805070161819458,0.9484392404556274,0.8827399015426636,,,,6.3114855200223134,4.379978648298601,19.675934637594583,14.992443777457563,8.378099293076964,4.433351972848715,23.56035398932198,15.621209053065671,0.4025387763977051,,0.3333590924739837,,0.3233347444544193,0.3447855572048072,0.6238515803447701,0.601847378776598,0.9070143247549451,0.9064099972076172,0.2880591024492234,0.1909916744475568,0.1024342742765248,0.0542040832968421,,0.6183837652206421,15.729144096374512,15.650789260864258,0.6166908144950867,0.614499032497406,13.489830017089844,13.454883575439451,0.4465098083019256,,0.3333590924739837,,,,0.805070161819458,0.9484392404556274,0.8827399015426636,,,,8.378099293076964,4.433351972848715,23.56035398932198,15.621209053065671,0.3333590924739837,,2.3330948166826486,4.160443246766538,-1.9464760412206628,91.16\pm{12.49},91.16+-12.49
23,,cub,hideit_base_patch16_224.fb_in1k,strong,81.99,90.39,11.15,96.8416,60.8733,95.5989,96.8416,,0.6686438322067261,0.1949204016124096,0.3272441842756322,0.1969184294094705,0.3096195423063639,0.4990079051994332,0.5994227510187575,0.4967118932491876,0.6072286478888822,0.7210382623088626,0.8875784521655058,0.7226575760684011,0.8857884655915678,0.1871484219434488,0.2163760702907208,0.1535446443534678,0.1406395891690009,0.0739322637998929,0.0711003640219302,0.0588564221020583,0.0366760891872448,24.352689743041992,24.26053237915039,0.4737986922264099,0.4725414216518402,23.00155639648437,22.9856014251709,0.3787130117416382,,0.4972457885742187,,,,,0.6596542000770569,27.410743713378903,27.24835205078125,0.5249020457267761,0.5230996608734131,24.566749572753903,24.51159286499023,0.5147120952606201,,0.4262066781520843,,,,0.8632469177246094,0.9512609243392944,0.7708715200424194,,,,0.8286378979682922,0.9608049988746644,0.8924100399017334,,,,6.061706308953219,4.825638048147759,15.344299115143366,12.589125390540824,5.829518846158058,3.007072552462201,17.7406740031362,11.531039915966383,0.4972457885742187,,0.4262066781520843,,0.3272441842756322,0.3096195423063639,0.5994227510187575,0.6072286478888822,0.8875784521655058,0.8857884655915678,0.2163760702907208,0.1406395891690009,0.0711003640219302,0.0366760891872448,,0.6596542000770569,27.410743713378903,27.24835205078125,0.5249020457267761,0.5230996608734131,24.566749572753903,24.51159286499023,0.5147120952606201,,0.4262066781520843,,,,0.8286378979682922,0.9608049988746644,0.8924100399017334,,,,5.829518846158058,3.007072552462201,17.7406740031362,11.531039915966383,0.4262066781520843,,2.2409380677851174,3.423011083774649,-2.075923707207352,90.39\pm{11.15},90.39+-11.15
23,,cub,hivit_base_patch16_224_miil.in21k,strong,84.27,91.61,9.92,98.1187,68.5882,96.6862,98.1187,,0.7963821291923523,0.0447951076228653,0.3409916217100507,0.0523539605326288,0.3591618342264238,0.5258978328639266,0.5969246710324109,0.524869548303518,0.5735185584470155,0.5832706384499851,0.893390324853763,0.5866505790742681,0.8911952820508153,0.1109135429111907,0.1057254330943847,0.0991043185436567,0.0742599924585218,0.027176347898326,0.0643045293921638,0.0236342767656067,0.0349558685725425,13.741442680358888,13.753924369812012,0.5651072263717651,0.5649410486221313,13.49709129333496,13.505934715270996,0.6039788722991943,,0.6540496945381165,,,,,0.6028730273246765,15.494857788085938,15.437503814697266,0.6096886396408081,0.6082078218460083,13.771003723144531,13.75177764892578,0.4458672702312469,,0.3365949392318725,,,,0.933695673942566,0.9655128717422484,0.905448079109192,,,,0.8067471981048584,0.9438109397888184,0.8771940469741821,,,,2.290150837391932,1.9916605030376764,9.34668426112604,8.35152092367395,5.4189426918776435,2.9457310446081566,8.9094822468638,6.2578895644796315,0.6540496945381165,,0.3365949392318725,,0.3409916217100507,0.3591618342264238,0.5969246710324109,0.5735185584470155,0.893390324853763,0.8911952820508153,0.1057254330943847,0.0742599924585218,0.0643045293921638,0.0349558685725425,,0.6028730273246765,15.494857788085938,15.437503814697266,0.6096886396408081,0.6082078218460083,13.771003723144531,13.75177764892578,0.4458672702312469,,0.3365949392318725,,,,0.8067471981048584,0.9438109397888184,0.8771940469741821,,,,5.4189426918776435,2.9457310446081566,8.9094822468638,6.2578895644796315,0.3365949392318725,,2.390985306528991,3.954214942984817,-2.2063013426915044,91.61\pm{9.92},91.61+-9.92
23,,cub,hideit3_base_patch16_224.fb_in22k_ft_in1k,strong,85.7,90.98,15.05,98.3259,51.398,97.3421,98.3259,,0.6535972356796265,0.2462552486924561,0.3494769788851703,0.2546627789059897,0.3707907097660791,0.300436238525834,0.5906599175039192,0.2954472547628801,0.5637515502559238,0.5084535446168116,0.901328304104834,0.5019112408922082,0.897127859741156,0.1223911663679808,0.1308383736559139,0.0904136627941775,0.0768554617359764,0.0584910315424737,0.0538250631969889,0.0443597702862142,0.027105179516387,29.792919158935547,29.628501892089844,0.6514039039611816,0.6501445770263672,33.14446258544922,33.133995056152344,0.4193387925624847,,0.4813165962696075,,,,,0.6206730008125305,31.00873374938965,30.85361862182617,0.6316189169883728,0.6300835013389587,34.133480072021484,34.07512664794922,0.4584505259990692,,0.3968611061573028,,,,0.8602120876312256,0.9542504549026488,0.7886961698532104,,,,0.8097802996635437,0.9563460946083068,0.877548336982727,,,,5.012681403189996,3.801632313528557,10.488922957735955,7.748450901461012,4.612807915981948,2.322913884554366,11.212848622311821,6.5865130707731785,0.4813165962696075,,0.3968611061573028,,0.3494769788851703,0.3707907097660791,0.5906599175039192,0.5637515502559238,0.901328304104834,0.897127859741156,0.1308383736559139,0.0768554617359764,0.0538250631969889,0.027105179516387,,0.6206730008125305,31.00873374938965,30.85361862182617,0.6316189169883728,0.6300835013389587,34.133480072021484,34.07512664794922,0.4584505259990692,,0.3968611061573028,,,,0.8097802996635437,0.9563460946083068,0.877548336982727,,,,4.612807915981948,2.322913884554366,11.212848622311821,6.5865130707731785,0.3968611061573028,,2.3115650544570943,4.073011764154457,-1.7304136482655887,90.98\pm{15.05},90.98+-15.05
23,,cub,hideit3_base_patch16_224.fb_in1k,strong,83.79,92.24,7.83,96.8761,72.04,95.4263,96.8761,,0.7042356133460999,0.209393153420494,0.3296885855542691,0.198594143912114,0.3298281298374363,0.245489461878045,0.5966734870791842,0.2424707244168493,0.5874920187878104,0.36157503535835,0.8916910963506122,0.358117981806911,0.8855052793469808,0.1403978743528474,0.2397731232576662,0.1130293062737915,0.1423672834518422,0.0569305615399473,0.0694235460732572,0.0460097548507508,0.0287562980974986,26.13336753845215,26.046539306640625,0.6380959749221802,0.6368685960769653,23.96162223815918,23.94766998291016,0.4800938665866852,,0.6309909224510193,,,,,0.7092801332473755,30.479698181152344,30.374588012695312,0.6208789944648743,0.620812177658081,27.245086669921875,27.184797286987305,0.5807223916053772,,0.5612563490867615,,,,0.9317010641098022,0.9416451454162598,0.8474456071853638,,,,0.8942450881004333,0.9530649185180664,0.940955638885498,,,,4.770211751432185,3.85515735894441,11.763937892025083,9.47072557268099,5.816998925478221,2.4094902175894077,20.090589997759853,11.92895468042986,0.6309909224510193,,0.5612563490867615,,0.3296885855542691,0.3298281298374363,0.5966734870791842,0.5874920187878104,0.8916910963506122,0.8855052793469808,0.2397731232576662,0.1423672834518422,0.0694235460732572,0.0287562980974986,,0.7092801332473755,30.479698181152344,30.374588012695312,0.6208789944648743,0.620812177658081,27.245086669921875,27.184797286987305,0.5807223916053772,,0.5612563490867615,,,,0.8942450881004333,0.9530649185180664,0.940955638885498,,,,5.816998925478221,2.4094902175894077,20.090589997759853,11.92895468042986,0.5612563490867615,,2.4750157706889513,3.434350621225932,-2.4658080502587985,92.24\pm{7.83},92.24+-7.83
23,,cub,hivit_base_patch16_224.in1k_mocov3,medium,83.2,90.42,10.97,96.2202,60.8906,95.6852,96.2202,,0.7286561131477356,0.1180167957387177,0.3242131686971637,0.1147845946505575,0.2971425859979091,0.1766695782649912,0.6024483000096237,0.1749434068183217,0.6185265622177296,0.2256100650508417,0.8896727010363746,0.223883150246912,0.884380745311409,0.1457991089207486,0.1752865516726404,0.124075551695037,0.1245920643898585,0.0669400726167959,0.0711165890898755,0.0531774181804377,0.044402689123765,8.990190505981445,8.959291458129883,0.5981141328811646,0.5968994498252869,8.320436477661133,8.31283187866211,0.4375892579555511,,0.7360606789588928,,,,,0.7557860612869263,9.271743774414062,9.23369598388672,0.5684038400650024,0.5666981935501099,8.53730297088623,8.525979995727539,0.6154121160507202,,0.6986510157585144,,,,0.9708670973777772,0.9513336420059204,0.7594553232192993,,,,0.9656385183334352,0.9562169313430786,0.9309911727905272,,,,5.569414041717419,4.424361192612417,12.130485862206283,10.32308590102708,5.916900212277642,3.694303735097248,14.583841099163681,10.366059757236227,0.7360606789588928,,0.6986510157585144,,0.3242131686971637,0.2971425859979091,0.6024483000096237,0.6185265622177296,0.8896727010363746,0.884380745311409,0.1752865516726404,0.1245920643898585,0.0711165890898755,0.044402689123765,,0.7557860612869263,9.271743774414062,9.23369598388672,0.5684038400650024,0.5666981935501099,8.53730297088623,8.525979995727539,0.6154121160507202,,0.6986510157585144,,,,0.9656385183334352,0.9562169313430786,0.9309911727905272,,,,5.916900212277642,3.694303735097248,14.583841099163681,10.366059757236227,0.6986510157585144,,2.2443215855007277,3.2369682166602916,-2.0934228017608323,90.42\pm{10.97},90.42+-10.97
23,,cub,hivit_base_patch16_224.dino,medium,82.8,84.48,16.74,95.6679,45.2019,93.4415,95.6679,,0.7136783599853516,0.1422744516070844,0.3714835753170704,0.1419206034379556,0.3625461626412236,0.4969676701168332,0.5687044627508651,0.4931973270702532,0.5666641894649339,0.6676996237595831,0.885800315995904,0.6665962101393927,0.88391365612169,0.2372778524492234,0.2064229888490641,0.1926535304292657,0.1110753395909646,0.0774516060574507,0.0637889865478734,0.0614662299226055,0.0313888987451246,74.70394897460938,74.49714660644531,0.6106375455856323,0.6087706089019775,63.01985931396485,62.98680877685547,0.4106154441833496,,0.7388166785240173,,,,,0.6935867667198181,63.524658203125,63.20247650146485,0.5234132409095764,0.5216549634933472,63.56510543823242,63.50504684448242,0.5010631084442139,,0.6654365062713623,,,,0.9709049463272096,0.9245022535324096,0.7740688323974609,,,,0.9717183113098145,0.9222924709320068,0.869182288646698,,,,6.412992981556918,5.089403837591735,19.646606182795697,15.9517123195432,5.281728086163918,2.599000816096317,17.09182347670251,9.19703811813187,0.7388166785240173,,0.6654365062713623,,0.3714835753170704,0.3625461626412236,0.5687044627508651,0.5666641894649339,0.885800315995904,0.88391365612169,0.2064229888490641,0.1110753395909646,0.0637889865478734,0.0313888987451246,,0.6935867667198181,63.524658203125,63.20247650146485,0.5234132409095764,0.5216549634933472,63.56510543823242,63.50504684448242,0.5010631084442139,,0.6654365062713623,,,,0.9717183113098145,0.9222924709320068,0.869182288646698,,,,5.281728086163918,2.599000816096317,17.09182347670251,9.19703811813187,0.6654365062713623,,1.6945216444353024,3.0948304060963086,-1.6042332098141867,84.48\pm{16.74},84.48+-16.74
23,,cub,hivit_base_patch16_clip_224.laion2b,medium,85.47,68.19,27.25,92.1643,27.2006,92.1643,92.1643,,0.6358963847160339,0.1429947828825564,0.2907715615540297,0.1515632375252441,0.267443748664028,0.3155321679120286,0.3369301508989132,0.3144464629436849,0.3283593341567182,0.4383470478587498,0.4765631664162409,0.4392739497598497,0.452358712531889,0.1427111335125448,0.1709641639287136,0.123641336876631,0.1065008401865019,0.0501238677023132,0.0687725659339658,0.0415729450764673,0.0403388357642806,62.94100189208984,62.83657455444336,0.6218740344047546,0.6205594539642334,58.699798583984375,58.73588180541992,0.4018579721450805,,0.6068422198295593,,,,,0.6852431297302246,66.52827453613281,65.82890319824219,0.628108561038971,0.6249847412109375,65.12931823730469,64.94749450683594,0.4988069236278534,,0.5228420495986938,,,,0.934911608695984,0.9342148303985596,0.7055543065071106,,,,0.878895103931427,0.9593817591667176,0.8260550498962402,,,,4.284086972516709,3.55323961568566,12.197520581317205,10.567625062845652,5.877991210376057,3.447760292773063,14.612307090987152,9.102626810740317,0.6068422198295593,,0.5228420495986938,,0.2907715615540297,0.267443748664028,0.3369301508989132,0.3283593341567182,0.4765631664162409,0.452358712531889,0.1709641639287136,0.1065008401865019,0.0687725659339658,0.0403388357642806,,0.6852431297302246,66.52827453613281,65.82890319824219,0.628108561038971,0.6249847412109375,65.12931823730469,64.94749450683594,0.4988069236278534,,0.5228420495986938,,,,0.878895103931427,0.9593817591667176,0.8260550498962402,,,,5.877991210376057,3.447760292773063,14.612307090987152,9.102626810740317,0.5228420495986938,,0.7625740799527498,2.4648826393350345,-0.9820262017736072,68.19\pm{27.25},68.19+-27.25
23,,cub,hivit_base_patch16_siglip_224.v2_webli,medium,79.2,86.57,18.01,96.5482,42.6303,92.9237,96.5482,,0.7549439668655396,0.0634318365911449,0.3784598107662448,0.0664974434696506,0.3929448414507975,0.2322015976277288,0.5697001986302386,0.2265809696135255,0.5449030050708974,0.2674119380287554,0.9014592977082828,0.2621676153260245,0.8967393089719219,0.3640388540422142,0.3652740442054958,0.3446816026089923,0.324628836577366,0.0490907978092897,0.0634383774465984,0.0441410573738398,0.0506440976382175,84.34750366210938,84.25831604003906,0.5665401220321655,0.5645313262939453,88.43222045898438,88.43389129638672,0.3589974343776703,,0.728838324546814,,,,,0.6202408671379089,102.17807006835938,101.20457458496094,0.6405572295188904,0.6386747360229492,98.53807067871094,97.87252807617188,0.443827748298645,,0.4109042286872864,,,,0.9717538356781006,0.956642746925354,0.7873611450195312,,,,0.8399614095687866,0.9461357593536376,0.8671159148216248,,,,3.8879911864957446,3.495971744008112,28.831877240143367,27.29878292663219,5.0243194937705935,4.011012532946826,28.92970430107527,25.71060385692739,0.728838324546814,,0.4109042286872864,,0.3784598107662448,0.3929448414507975,0.5697001986302386,0.5449030050708974,0.9014592977082828,0.8967393089719219,0.3652740442054958,0.324628836577366,0.0634383774465984,0.0506440976382175,,0.6202408671379089,102.17807006835938,101.20457458496094,0.6405572295188904,0.6386747360229492,98.53807067871094,97.87252807617188,0.443827748298645,,0.4109042286872864,,,,0.8399614095687866,0.9461357593536376,0.8671159148216248,,,,5.0243194937705935,4.011012532946826,28.92970430107527,25.71060385692739,0.4109042286872864,,1.8636633913801377,3.331146531395513,-1.5159782684438512,86.57\pm{18.01},86.57+-18.01
23,,cub,hivit_base_patch16_224.mae,weak,83.6,81.88,17.43,95.0466,53.0204,89.8688,95.0466,,0.7334713935852051,-0.0202544943300384,0.3409372469566439,-0.0211792294476821,0.3063961785392928,0.1371720205387675,0.5675333039834856,0.1400570715942318,0.5824557856919717,0.1711073809760043,0.8727638868180269,0.1751655124817687,0.8660360852513593,0.0742483074472321,0.1193856406810036,0.073194421999569,0.0821435678972443,0.036256948465942,0.0561220422654169,0.0316728619319615,0.0352583837596488,12.162681579589844,12.152904510498049,0.5411512851715088,0.5404578447341919,10.952372550964355,10.954017639160156,0.3496641516685486,,0.788474440574646,,,,,0.6667699813842773,14.653938293457031,14.56686019897461,0.5608483552932739,0.5590355396270752,12.732748031616213,12.699312210083008,0.5043373703956604,,0.5766711831092834,,,,0.966932773590088,0.948649525642395,0.7197636961936951,,,,0.9087240695953368,0.9485446810722352,0.8639035224914551,,,,3.031080891752751,2.647851257511981,6.207158502588603,6.119053679163969,4.691802733388853,2.9476008823066393,9.9806395609319,6.867202276209622,0.788474440574646,,0.5766711831092834,,0.3409372469566439,0.3063961785392928,0.5675333039834856,0.5824557856919717,0.8727638868180269,0.8660360852513593,0.1193856406810036,0.0821435678972443,0.0561220422654169,0.0352583837596488,,0.6667699813842773,14.653938293457031,14.56686019897461,0.5608483552932739,0.5590355396270752,12.732748031616213,12.699312210083008,0.5043373703956604,,0.5766711831092834,,,,0.9087240695953368,0.9485446810722352,0.8639035224914551,,,,4.691802733388853,2.9476008823066393,9.9806395609319,6.867202276209622,0.5766711831092834,,1.507973598056935,2.9542930881664917,-1.555127326991575,81.88\pm{17.43},81.88+-17.43
23,,cub,hiresnet50.tv_in1k,weak,76.13,93.81,1.86,95.7542,89.4546,94.408,95.7542,,0.52826988697052,0.0797689497013673,0.3346468580000876,0.0888897776645136,0.3115989169832601,0.2249084404347726,0.6018358735486149,0.2197324604483508,0.6052173549001618,0.3039797040249548,0.894211137822081,0.298851255619408,0.8804647855697205,0.0943462048237753,0.0835235121714456,0.0871324791936005,0.0751819858552395,0.0274689181517529,0.0443879639509544,0.0247462891697228,0.0269974753424361,0.9472447633743286,0.9466577768325806,0.4904048442840576,0.4917757213115692,1.2013764381408691,1.2020277976989746,0.2359947115182877,,0.618023157119751,,0.3325873613357544,,,0.5165902972221375,0.9245653748512268,0.9218970537185668,0.4349599778652191,0.4360671043395996,1.1754164695739746,1.1748063564300537,0.2470835894346237,,0.6226559281349182,,0.1299715489149093,,0.7305470705032349,0.8171913027763367,0.548350989818573,,,,0.6852599382400513,0.8585102558135986,0.570817768573761,,,,2.091208738892948,1.8839349944909967,7.182576573234013,6.633395641008805,3.3792556955861586,2.05531779781966,6.358644981612153,5.723604583159383,0.3325873613357544,,0.1299715489149093,,0.3346468580000876,0.3115989169832601,0.6018358735486149,0.6052173549001618,0.894211137822081,0.8804647855697205,0.0835235121714456,0.0751819858552395,0.0443879639509544,0.0269974753424361,,0.5165902972221375,0.9245653748512268,0.9218970537185668,0.4349599778652191,0.4360671043395996,1.1754164695739746,1.1748063564300537,0.2470835894346237,,0.6226559281349182,,0.1299715489149093,,0.6852599382400513,0.8585102558135986,0.570817768573761,,,,3.3792556955861586,2.05531779781966,6.358644981612153,5.723604583159383,0.1299715489149093,,2.7175875024887226,3.1158542323127487,-3.966254872958776,93.81\pm{1.86},93.81+-1.86
23,,cub,hiresnet50.tv2_in1k,strong,80.85,94.5,1.09,96.0131,92.2333,94.5288,96.0131,,0.51449054479599,0.0857378063013695,0.2801183668915425,0.0871220057671117,0.2566705681746793,0.2482163335287004,0.6477438619452173,0.2399773855701563,0.6573700780869934,0.3032762780148261,0.8813196240134418,0.2974181846523033,0.8746380534256434,0.0750354689366786,0.0726786514336917,0.0730779190682683,0.0715885613059326,0.0283422655956719,0.0334104607582733,0.0241095216965282,0.0273844535861696,7.653226852416992,7.654030799865723,0.4886402785778045,0.490544319152832,15.224348068237305,15.22975730895996,0.0986411422491073,,0.5708572268486023,,0.507229208946228,,,0.6112148761749268,8.976702690124512,8.947017669677734,0.3718690574169159,0.3745794892311096,15.722357749938965,15.709991455078123,0.350281149148941,,0.5812022089958191,,0.3301301002502441,,0.7955637574195862,0.7291585803031921,0.5252943634986877,,,,0.7308782935142517,0.9720118641853333,0.733967125415802,,,,2.2914721734100727,1.949254829164305,6.066617663530464,5.908349756669492,2.7012357523063963,2.214033072441812,5.876068968413974,5.78793518158465,0.507229208946228,,0.3301301002502441,,0.2801183668915425,0.2566705681746793,0.6477438619452173,0.6573700780869934,0.8813196240134418,0.8746380534256434,0.0726786514336917,0.0715885613059326,0.0334104607582733,0.0273844535861696,,0.6112148761749268,8.976702690124512,8.947017669677734,0.3718690574169159,0.3745794892311096,15.722357749938965,15.709991455078123,0.350281149148941,,0.5812022089958191,,0.3301301002502441,,0.7308782935142517,0.9720118641853333,0.733967125415802,,,,2.7012357523063963,2.214033072441812,5.876068968413974,5.78793518158465,0.3301301002502441,,2.843417001940491,3.181470653921829,-4.511654873119139,94.5\pm{1.09},94.5+-1.09
23,,cub,hiresnet50.gluon_in1k,medium,77.58,93.09,2.08,94.7532,87.5043,92.8892,94.7532,,0.4960079789161682,0.0849060545951613,0.3038885610520706,0.0978905734760309,0.2703315583172486,0.4456110671137716,0.6253782520297038,0.4374581041777707,0.6412549171257155,0.577181883399702,0.8777841670300409,0.5686964119682154,0.8695706478057549,0.0843845672789725,0.0802426355286738,0.0796054499524168,0.0756423863615959,0.0277859633488039,0.0339888590638355,0.0242300262817969,0.0270063127544555,4.455883502960205,4.452023506164551,0.4751022160053253,0.476489245891571,6.738461494445801,6.741425514221191,0.1236007958650589,,0.5642549991607666,,0.3334203958511352,,,0.5617667436599731,4.634438514709473,4.6120195388793945,0.4371078014373779,0.4420502781867981,6.666808128356934,6.65560245513916,0.2701151072978973,,0.6381903886795044,,0.3485572934150696,,0.7190124988555908,0.7287582159042358,0.5983555316925049,,,,0.7169139385223389,0.7966760993003845,0.6835574507713318,,,,2.1556350366002066,1.8797654389418035,6.546554729502687,6.175790807308496,2.636855686172358,2.0951497434906576,6.225223664314513,5.86833633393261,0.3334203958511352,,0.3485572934150696,,0.3038885610520706,0.2703315583172486,0.6253782520297038,0.6412549171257155,0.8777841670300409,0.8695706478057549,0.0802426355286738,0.0756423863615959,0.0339888590638355,0.0270063127544555,,0.5617667436599731,4.634438514709473,4.6120195388793945,0.4371078014373779,0.4420502781867981,6.666808128356934,6.65560245513916,0.2701151072978973,,0.6381903886795044,,0.3485572934150696,,0.7169139385223389,0.7966760993003845,0.6835574507713318,,,,2.636855686172358,2.0951497434906576,6.225223664314513,5.86833633393261,0.3485572934150696,,2.6007712577172835,2.8936572495204564,-3.851044172100128,93.09\pm{2.08},93.09+-2.08
23,,cub,hiresnet50.a1_in1k,strong,80.38,93.62,2.25,95.6507,88.8505,95.271,95.6507,,0.5058198571205139,0.0839401664957779,0.1694235193756171,0.0723400424552754,0.1341228169741331,0.0589714040006814,0.1642994246125532,0.0581721850063762,0.1562256482688666,0.0728144738736441,0.2114800332779447,0.0730875062544342,0.1956775033964251,0.0711350526433691,0.0723963000298685,0.070740285296811,0.0717745732106945,0.0251636697800569,0.01866288326921,0.0226227671808593,0.0185969898497665,8.532547950744629,8.534178733825684,0.4887108206748962,0.4897697269916534,21.564807891845703,21.57492446899414,0.1210121884942054,,0.5714922547340393,,0.4717721045017242,,,0.4860639572143554,10.547094345092772,10.48106575012207,0.3702263236045837,0.3754989504814148,22.221454620361328,22.197418212890625,0.1662976145744323,,0.5658647418022156,,0.364117681980133,,0.7981023788452148,0.7728598117828369,0.5342909097671509,,,,0.7315185070037842,0.8289947509765625,0.5269128680229187,,,,2.0226557769209736,1.8184180259974705,5.717835531474008,5.686104132157668,1.5001225571790997,1.4948260441242314,5.819214596400829,5.769240194675623,0.4717721045017242,,0.364117681980133,,0.1694235193756171,0.1341228169741331,0.1642994246125532,0.1562256482688666,0.2114800332779447,0.1956775033964251,0.0723963000298685,0.0717745732106945,0.01866288326921,0.0185969898497665,,0.4860639572143554,10.547094345092772,10.48106575012207,0.3702263236045837,0.3754989504814148,22.221454620361328,22.197418212890625,0.1662976145744323,,0.5658647418022156,,0.364117681980133,,0.7315185070037842,0.8289947509765625,0.5269128680229187,,,,1.5001225571790997,1.4948260441242314,5.819214596400829,5.769240194675623,0.364117681980133,,2.6868178548891573,3.0906881015962027,-3.77014866514114,93.62\pm{2.25},93.62+-2.25
23,,cub,hiresnet50.in21k_miil,strong,82.0,96.06,1.53,97.4284,92.8374,96.5827,97.4284,,0.8424276113510132,-0.0362548240749164,0.3004996178884597,-0.0331632913396812,0.2728602257397898,0.3684225669896312,0.6335305086255866,0.3632579092299642,0.6534224241586626,0.3614995092861711,0.8952593417113303,0.35463289491987,0.891882269121876,0.0763153841845878,0.0717814273446833,0.0755853623500682,0.071556647498743,0.0012513421155432,0.0106287785675576,0.0012406073101274,0.0085066998234161,40.109901428222656,40.16549301147461,0.2363688349723816,0.2344667911529541,42.75633239746094,42.71310043334961,0.4639659821987152,,0.8555330038070679,,0.8862246870994568,,,0.5297826528549194,6.412893295288086,6.406612396240234,0.3565142750740051,0.3572216331958771,13.155920028686523,13.161103248596191,0.1063039749860763,,0.6369408965110779,,0.5265806317329407,,0.9458057880401612,0.9286330938339232,0.8048760294914246,,,,0.9139320850372314,0.7980635762214661,0.5814669132232666,,,,0.1026100534745424,0.1017297994304468,6.2578615031361995,6.197999712705593,0.8715598425397232,0.6975493855201202,5.886077042264031,5.867645094896926,0.8862246870994568,,0.5265806317329407,,0.3004996178884597,0.2728602257397898,0.6335305086255866,0.6534224241586626,0.8952593417113303,0.891882269121876,0.0717814273446833,0.071556647498743,0.0106287785675576,0.0085066998234161,,0.5297826528549194,6.412893295288086,6.406612396240234,0.3565142750740051,0.3572216331958771,13.155920028686523,13.161103248596191,0.1063039749860763,,0.6369408965110779,,0.5265806317329407,,0.9139320850372314,0.7980635762214661,0.5814669132232666,,,,0.8715598425397232,0.6975493855201202,5.886077042264031,5.867645094896926,0.5265806317329407,,3.195090355545197,3.6345894759704116,-4.164197443934693,96.06\pm{1.53},96.06+-1.53
23,,cub,hiresnet50.fb_swsl_ig1b_ft_in1k,weak,81.18,92.65,3.64,95.6334,83.5002,92.8202,95.6334,,0.615320086479187,0.0797266235500429,0.3464789290141892,0.0924433853348682,0.3368594614335414,0.3538844908979104,0.6033404752820206,0.3497526649389906,0.58858136003565,0.4452503825476719,0.9017511631918396,0.4433010781776297,0.8855890379426296,0.0735163717144563,0.071403403151135,0.0721962563070099,0.0708499846252603,0.0229199223460689,0.0321208116027616,0.0205631703138351,0.0240440940136437,6.876345634460449,6.882617950439453,0.4557400345802307,0.4563837051391601,13.262001991271973,13.271493911743164,0.1287779510021209,,0.7150962948799133,,0.4867563545703888,,,0.5853206515312195,7.3210296630859375,7.301039695739746,0.427760511636734,0.4299294948577881,13.325105667114258,13.320350646972656,0.1655183285474777,,0.6767977476119995,,0.2234326750040054,,0.8308150768280029,0.9098846316337584,0.628173828125,,,,0.7214086055755615,0.8877342939376831,0.6861180067062378,,,,1.8606392960538736,1.6693181660771335,5.9680590557795625,5.860892087003064,2.6075674859121865,1.9518995520275957,5.79652826780914,5.751601751878632,0.4867563545703888,,0.2234326750040054,,0.3464789290141892,0.3368594614335414,0.6033404752820206,0.58858136003565,0.9017511631918396,0.8855890379426296,0.071403403151135,0.0708499846252603,0.0321208116027616,0.0240440940136437,,0.5853206515312195,7.3210296630859375,7.301039695739746,0.427760511636734,0.4299294948577881,13.325105667114258,13.320350646972656,0.1655183285474777,,0.6767977476119995,,0.2234326750040054,,0.7214086055755615,0.8877342939376831,0.6861180067062378,,,,2.6075674859121865,1.9518995520275957,5.79652826780914,5.751601751878632,0.2234326750040054,,2.5342754964345353,3.086537457179091,-3.2767170344052827,92.65\pm{3.64},92.65+-3.64
23,,cub,hiresnet50.fb_ssl_yfcc100m_ft_in1k,weak,79.22,92.87,3.61,95.6162,83.224,93.8212,95.6162,,0.6152352094650269,0.0838123565855717,0.2966193150374217,0.0997036812882274,0.2465821053510753,0.3582395348925053,0.6252538295567175,0.3526728777609972,0.6522300262654639,0.4646485372632944,0.8754011616650368,0.463187366783894,0.8634097227241754,0.0783630152329749,0.0770259296594982,0.075365893552934,0.072506416428751,0.022793492642782,0.0315725442062142,0.0209119773091195,0.0249198384910494,5.76830005645752,5.772286415100098,0.4451693296432495,0.445819616317749,10.112000465393066,10.118097305297852,0.1308316886425018,,0.7330506443977356,,0.4449809193611145,,,0.5512218475341797,6.219043731689453,6.199916839599609,0.4299744665622711,0.4336928427219391,10.235506057739258,10.22865390777588,0.2268613427877426,,0.5870152711868286,,0.35636767745018,,0.759108304977417,0.9488833546638488,0.6099468469619751,,,,0.7007893919944763,0.839079737663269,0.6317981481552124,,,,1.80570048716119,1.6566468424284466,6.207918066756271,5.97048608726343,2.501176952016289,1.9741496052609333,6.101994147625447,5.743958309485654,0.4449809193611145,,0.35636767745018,,0.2966193150374217,0.2465821053510753,0.6252538295567175,0.6522300262654639,0.8754011616650368,0.8634097227241754,0.0770259296594982,0.072506416428751,0.0315725442062142,0.0249198384910494,,0.5512218475341797,6.219043731689453,6.199916839599609,0.4299744665622711,0.4336928427219391,10.235506057739258,10.22865390777588,0.2268613427877426,,0.5870152711868286,,0.35636767745018,,0.7007893919944763,0.839079737663269,0.6317981481552124,,,,2.501176952016289,1.9741496052609333,6.101994147625447,5.743958309485654,0.35636767745018,,2.566922656277688,3.082426333601131,-3.283476555211175,92.87\pm{3.61},92.87+-3.61
23,,cub,hiresnet50.in1k_mocov3,medium,74.6,94.91,1.18,95.8405,92.1816,95.1847,95.8405,,0.5043412446975708,0.0432413223963249,0.2798829320353754,0.047090866089593,0.2315067392654344,0.1150424482689466,0.6173846091812105,0.114731814769132,0.6530567600421858,0.1353886035190387,0.861640221083504,0.1348507674261354,0.8574469051029793,0.075122974537037,0.0736505469683393,0.0730473379255548,0.0719286713082668,0.022290052705875,0.0307426159820889,0.019940427412371,0.0274566420568869,7.567941665649414,7.569047927856445,0.4909367263317108,0.494196891784668,14.259437561035156,14.269515991210938,0.0992147251963615,,0.5217573046684265,,0.4295829236507416,,,0.5278930068016052,7.949034214019775,7.938769817352295,0.4527581632137298,0.4567896127700805,14.187296867370604,14.18770980834961,0.2016915827989578,,0.5612033605575562,,0.374570220708847,,0.7580961585044861,0.7092553973197937,0.6027564406394958,,,,0.7756848931312561,0.7696503400802612,0.6039093136787415,,,,1.6628379318582747,1.4875558849628763,5.60417390046296,5.449331409246388,2.2933991522638317,2.048265497443763,5.494330803838111,5.3658788795967025,0.4295829236507416,,0.374570220708847,,0.2798829320353754,0.2315067392654344,0.6173846091812105,0.6530567600421858,0.861640221083504,0.8574469051029793,0.0736505469683393,0.0719286713082668,0.0307426159820889,0.0274566420568869,,0.5278930068016052,7.949034214019775,7.938769817352295,0.4527581632137298,0.4567896127700805,14.187296867370604,14.18770980834961,0.2016915827989578,,0.5612033605575562,,0.374570220708847,,0.7756848931312561,0.7696503400802612,0.6039093136787415,,,,2.2933991522638317,2.048265497443763,5.494330803838111,5.3658788795967025,0.374570220708847,,2.9253490646619156,3.1372904766401075,-4.429393048024185,94.91\pm{1.18},94.91+-1.18
23,,cub,hiresnet50.in1k_supcon,strong,79.1,92.76,3.35,95.34,84.8464,94.2527,95.34,,0.6508970856666565,0.0823006748794453,0.3468288303279184,0.0854355480658728,0.3451010255575888,0.0069691514258894,0.5968102721439358,0.0068813197513151,0.5707874933583645,0.0100908623740821,0.9025919918825184,0.0100675651813675,0.8846893146537139,0.0789137171445639,0.0771227691905615,0.0758297309308338,0.0736386902517417,0.0263811065464891,0.0368922603947501,0.0232712428730267,0.0236335083596654,0.5897351503372192,0.5896679759025574,0.5000882148742676,0.5012931823730469,0.9677873253822328,0.9682920575141908,0.3106330037117004,,0.7039279341697693,,0.5360440611839294,,,0.5998238325119019,0.6892011165618896,0.6860314607620239,0.444636344909668,0.446698397397995,1.0527195930480957,1.0516033172607422,0.2943566739559173,,0.6720524430274963,,0.1265097707509994,,0.8251947164535522,0.8924137353897095,0.6900721192359924,,,,0.6899478435516357,0.9015294909477234,0.6995474100112915,,,,2.0867455278272877,1.840755311256412,6.242075026135004,5.9981317166289525,2.9181777972247325,1.869410511249533,6.100411042973414,5.8248203989127685,0.5360440611839294,,0.1265097707509994,,0.3468288303279184,0.3451010255575888,0.5968102721439358,0.5707874933583645,0.9025919918825184,0.8846893146537139,0.0771227691905615,0.0736386902517417,0.0368922603947501,0.0236335083596654,,0.5998238325119019,0.6892011165618896,0.6860314607620239,0.444636344909668,0.446698397397995,1.0527195930480957,1.0516033172607422,0.2943566739559173,,0.6720524430274963,,0.1265097707509994,,0.6899478435516357,0.9015294909477234,0.6995474100112915,,,,2.9181777972247325,1.869410511249533,6.100411042973414,5.8248203989127685,0.1265097707509994,,2.550357081068283,3.018434001639126,-3.3609261821621637,92.76\pm{3.35},92.76+-3.35
23,,cub,hiresnet50.in1k_swav,strong,75.3,95.06,1.0,96.0476,92.5785,95.5816,96.0476,,0.5154157876968384,0.0528772423785036,0.2104767557080529,0.0539323803318079,0.1468291472760746,0.1105288333069772,0.1630352599056614,0.1089952207355014,0.1570100979047246,0.1280198146344078,0.2201279317337395,0.1262650617452165,0.1987010239834407,0.0803884781959378,0.0748184550477897,0.076918868508942,0.072918279892085,0.0245275660468045,0.0190716363810082,0.0220221903707299,0.0185519974719692,4.723806381225586,4.721884727478027,0.4927111566066742,0.4947493076324463,8.912744522094727,8.919600486755371,0.278894305229187,,0.5652064085006714,,0.4332580268383026,,,0.7332929968833923,5.448622703552246,5.4198317527771,0.3418161571025848,0.3409925699234009,9.250865936279297,9.240979194641112,0.1740060001611709,,0.8210436701774597,,0.8020855188369751,,0.729594349861145,0.7638131976127625,0.5904066562652588,,,,0.9965892434120178,0.954850435256958,0.6628861427307129,,,,1.8469257233243788,1.6582709349159612,6.0532524081541155,5.791990798723332,1.4360942194899173,1.3969654096392807,5.633829665098564,5.490746475874,0.4332580268383026,,0.8020855188369751,,0.2104767557080529,0.1468291472760746,0.1630352599056614,0.1570100979047246,0.2201279317337395,0.1987010239834407,0.0748184550477897,0.072918279892085,0.0190716363810082,0.0185519974719692,,0.7332929968833923,5.448622703552246,5.4198317527771,0.3418161571025848,0.3409925699234009,9.250865936279297,9.240979194641112,0.1740060001611709,,0.8210436701774597,,0.8020855188369751,,0.9965892434120178,0.954850435256958,0.6628861427307129,,,,1.4360942194899173,1.3969654096392807,5.633829665098564,5.490746475874,0.8020855188369751,,2.9561276387273767,3.19052091257777,-4.590167143479188,95.06\pm{1.0},95.06+-1.0
23,,cub,hiresnet50.in1k_spark,medium,80.6,86.62,5.01,91.4912,75.8716,89.5064,91.4912,,0.5868627429008484,0.0074265962227045,0.3367607961246577,0.0196397666943205,0.2517438607154926,0.0431713547911799,0.5739898046430509,0.042700318260605,0.6212165078707829,0.0482992091503539,0.8750691557554049,0.0478543600466815,0.8570254793754959,0.0706636891427718,0.0704536757019115,0.0706523294413919,0.0705651451285642,0.0233889774930092,0.0350087289047497,0.0212526609200042,0.0241938964105569,6.690636157989502,6.679070949554443,0.472044050693512,0.4743363261222839,24.12813186645508,24.12845802307129,0.195422425866127,,0.6162016987800598,,0.5361990332603455,,,0.5867851972579956,7.858891487121582,7.82297420501709,0.4455063343048096,0.4491357207298279,24.4527645111084,24.439529418945312,0.3854160606861114,,0.6511353254318237,,0.2969980835914612,,0.813537061214447,0.7979282140731812,0.5426602363586426,,,,0.7529788613319397,0.8438889384269714,0.6165112257003784,,,,1.8851515859365415,1.7129644701523385,5.6954933449074066,5.694577752976186,2.8217035497228258,1.950028050690886,5.678566261574066,5.687550697362274,0.5361990332603455,,0.2969980835914612,,0.3367607961246577,0.2517438607154926,0.5739898046430509,0.6212165078707829,0.8750691557554049,0.8570254793754959,0.0704536757019115,0.0705651451285642,0.0350087289047497,0.0241938964105569,,0.5867851972579956,7.858891487121582,7.82297420501709,0.4455063343048096,0.4491357207298279,24.4527645111084,24.439529418945312,0.3854160606861114,,0.6511353254318237,,0.2969980835914612,,0.7529788613319397,0.8438889384269714,0.6165112257003784,,,,2.8217035497228258,1.950028050690886,5.678566261574066,5.687550697362274,0.2969980835914612,,1.8675272471176534,2.3751418707264262,-2.9433811319580934,86.62\pm{5.01},86.62+-5.01
23,,all,hivit_base_patch16_224.orig_in21k,weak,81.79,90.96,8.28,98.4639,60.2175,88.5089,98.4639,0.8338279128074646,0.818028450012207,0.3070767490870732,0.5721947575978454,0.3047418355277007,0.4894624234099998,0.5334697401220915,0.7770695847419855,0.5349158021467203,0.7899468432443012,0.8182100748692966,0.9537808013395002,0.8167708191719223,0.9542562770870124,0.2405665073675826,0.2880591024492234,0.1833041175872058,0.1972469733997935,0.0771669583081344,0.1024342742765248,0.0535515178909231,0.0542040832968421,15.205724716186523,15.165653228759766,0.6086120009422302,0.607109010219574,13.569334983825684,13.592992782592772,0.721100389957428,0.750511884689331,0.5173433423042297,0.5421308279037476,,,0.6970137357711792,0.6710785627365112,15.994630813598633,15.919992446899414,0.6341285109519958,0.6325352191925049,13.489830017089844,13.494895935058594,0.5586841702461243,0.5927413702011108,0.3333590924739837,0.344823956489563,,,0.8466086983680725,0.9779801964759828,0.9268250465393066,0.8559147715568542,0.980595886707306,0.9373693466186525,0.8110679984092712,0.9775535464286804,0.9132477641105652,0.8184537291526794,0.9791776537895204,0.9274082779884338,6.3114855200223134,4.379978648298601,19.675934637594583,14.992443777457563,8.378099293076964,4.433351972848715,23.56035398932198,16.13282995436911,0.5173433423042297,0.5421308279037476,0.3333590924739837,0.344823956489563,0.5721947575978454,0.4894624234099998,0.7770695847419855,0.7899468432443012,0.9537808013395002,0.9542562770870124,0.2880591024492234,0.1972469733997935,0.1024342742765248,0.0542040832968421,0.6970137357711792,0.6710785627365112,15.994630813598633,15.919992446899414,0.6341285109519958,0.6325352191925049,13.489830017089844,13.494895935058594,0.5586841702461243,0.5927413702011108,0.3333590924739837,0.344823956489563,,,0.8110679984092712,0.9775535464286804,0.9132477641105652,0.8184537291526794,0.9791776537895204,0.9274082779884338,8.378099293076964,4.433351972848715,23.56035398932198,16.13282995436911,0.3333590924739837,0.344823956489563,2.308300802748542,4.160443246766538,-2.404739918639094,90.96\pm{8.28},90.96+-8.28
23,,all,hideit_base_patch16_224.fb_in1k,strong,81.99,91.44,8.4,97.3884,60.8733,91.8692,97.3884,0.8318833708763123,0.8156874775886536,0.1949204016124096,0.5708890509592817,0.1969184294094705,0.5028630892436328,0.5223598927646953,0.7397926137348634,0.5140710677468487,0.7597976848100739,0.7210382623088626,0.949866451646366,0.7226575760684011,0.9475382213007236,0.1871484219434488,0.2463944936570428,0.1535446443534678,0.164833964911243,0.0739322637998929,0.0711003640219302,0.0588564221020583,0.0366760891872448,24.78528594970703,24.676313400268555,0.4791258573532105,0.478850930929184,23.25840759277344,23.243030548095703,0.6399619579315186,0.6729714870452881,0.588831901550293,0.5805234909057617,,,0.7490124702453613,0.7319059371948242,27.410743713378903,27.24835205078125,0.5411375761032104,0.5406545996665955,24.566749572753903,24.51159286499023,0.5788244605064392,0.6239097714424133,0.5007385611534119,0.5034548044204712,,,0.90884530544281,0.9809376001358032,0.8826919794082642,0.8750452995300293,0.984155774116516,0.8946572542190552,0.8555389642715454,0.973156213760376,0.924859344959259,0.8657448291778564,0.9777277708053588,0.9289002418518066,6.061706308953219,4.825638048147759,15.344299115143366,12.589125390540824,5.829518846158058,3.007072552462201,20.201884534940937,13.514736783072813,0.588831901550293,0.5805234909057617,0.5007385611534119,0.5034548044204712,0.5708890509592817,0.5028630892436328,0.7397926137348634,0.7597976848100739,0.949866451646366,0.9475382213007236,0.2463944936570428,0.164833964911243,0.0711003640219302,0.0366760891872448,0.7490124702453613,0.7319059371948242,27.410743713378903,27.24835205078125,0.5411375761032104,0.5406545996665955,24.566749572753903,24.51159286499023,0.5788244605064392,0.6239097714424133,0.5007385611534119,0.5034548044204712,,,0.8555389642715454,0.973156213760376,0.924859344959259,0.8657448291778564,0.9777277708053588,0.9289002418518066,5.829518846158058,3.007072552462201,20.201884534940937,13.514736783072813,0.5007385611534119,0.5034548044204712,2.3688041457117968,3.6187440467163587,-2.38879400663644,91.44\pm{8.4},91.44+-8.4
23,,all,hivit_base_patch16_224_miil.in21k,strong,84.27,89.0,11.14,98.1187,54.334,88.1188,98.1187,0.8623701930046082,0.8528745174407959,0.0447951076228653,0.5794739956056277,0.0523539605326288,0.5070131591389765,0.5258978328639266,0.7690769935339774,0.524869548303518,0.7818152447631906,0.5832706384499851,0.9455411835043288,0.5866505790742681,0.9451933974017468,0.1109135429111907,0.2663324311023622,0.0991043185436567,0.1889074956804461,0.027759513438843,0.0823242365531721,0.0243004769796416,0.0431959762302025,13.741442680358888,13.753924369812012,0.5758021473884583,0.5785667300224304,13.732040405273438,13.762922286987305,0.7137245535850525,0.7300052642822266,0.7002573013305664,0.7206956148147583,,,0.6699905395507812,0.6598296761512756,16.83828353881836,16.76746368408203,0.6497094631195068,0.648103654384613,14.119680404663086,14.080358505249023,0.5394291877746582,0.5564028024673462,0.3389908969402313,0.3371209502220154,,,0.933695673942566,0.9793182611465454,0.9293419122695924,0.935833752155304,0.980726718902588,0.9221476316452026,0.8256634473800659,0.9728326797485352,0.9173091053962708,0.8260802030563354,0.9708585739135742,0.9250596761703492,2.3392941974912995,2.0478011950743973,9.34668426112604,8.35152092367395,6.937463414335813,3.6401249169191643,22.443833968996064,15.919234660991192,0.7002573013305664,0.7206956148147583,0.3389908969402313,0.3371209502220154,0.5794739956056277,0.5070131591389765,0.7690769935339774,0.7818152447631906,0.9455411835043288,0.9451933974017468,0.2663324311023622,0.1889074956804461,0.0823242365531721,0.0431959762302025,0.6699905395507812,0.6598296761512756,16.83828353881836,16.76746368408203,0.6497094631195068,0.648103654384613,14.119680404663086,14.080358505249023,0.5394291877746582,0.5564028024673462,0.3389908969402313,0.3371209502220154,,,0.8256634473800659,0.9728326797485352,0.9173091053962708,0.8260802030563354,0.9708585739135742,0.9250596761703492,6.937463414335813,3.6401249169191643,22.443833968996064,15.919234660991192,0.3389908969402313,0.3371209502220154,2.0903755402337967,3.954214942984817,-2.0764890019512405,89.0\pm{11.14},89.0+-11.14
23,,all,hideit3_base_patch16_224.fb_in22k_ft_in1k,strong,85.7,90.97,11.86,98.3259,51.398,91.7192,98.3259,0.8111335039138794,0.7943703532218933,0.2462552486924561,0.6156120427265962,0.2546627789059897,0.5645150864865668,0.4661772820468437,0.7573870923919412,0.4568761780840746,0.7576843665356672,0.6012754485807935,0.958409035054073,0.602519624816731,0.957273796032556,0.1223911663679808,0.2130472623213764,0.0936760517262084,0.1228963599469824,0.0584910315424737,0.0731078372226925,0.0443597702862142,0.0325361467385418,31.304105758666992,31.163497924804688,0.6553105115890503,0.6542340517044067,33.14446258544922,33.133995056152344,0.6513385772705078,0.6870049834251404,0.5339515209197998,0.5458143353462219,,,0.656015932559967,0.6471807360649109,34.655914306640625,34.47972106933594,0.6467446088790894,0.6459004878997803,34.133480072021484,34.07512664794922,0.5008624792098999,0.5280939936637878,0.3968611061573028,0.3638231456279754,,,0.8602120876312256,0.9879835247993468,0.8915294408798218,0.8533716201782227,0.9898412823677064,0.9040640592575072,0.8192518949508667,0.9854097962379456,0.901547074317932,0.823760986328125,0.9863216876983644,0.9113651514053344,5.012681403189996,3.801632313528557,10.488922957735955,8.02803763293606,6.265341649984747,2.7883477754930324,18.25815038094196,10.532218047456393,0.5339515209197998,0.5458143353462219,0.3968611061573028,0.3638231456279754,0.6156120427265962,0.5645150864865668,0.7573870923919412,0.7576843665356672,0.958409035054073,0.957273796032556,0.2130472623213764,0.1228963599469824,0.0731078372226925,0.0325361467385418,0.656015932559967,0.6471807360649109,34.655914306640625,34.47972106933594,0.6467446088790894,0.6459004878997803,34.133480072021484,34.07512664794922,0.5008624792098999,0.5280939936637878,0.3968611061573028,0.3638231456279754,,,0.8192518949508667,0.9854097962379456,0.901547074317932,0.823760986328125,0.9863216876983644,0.9113651514053344,6.265341649984747,2.7883477754930324,18.25815038094196,10.532218047456393,0.3968611061573028,0.3638231456279754,2.310158226232431,4.073011764154457,-2.0057908832125575,90.97\pm{11.86},90.97+-11.86
23,,all,hideit3_base_patch16_224.fb_in1k,strong,83.79,91.56,8.65,97.6993,60.6517,91.8392,97.6993,0.8677628040313721,0.8442214131355286,0.209393153420494,0.6023715092871542,0.198594143912114,0.5426004864679421,0.245489461878045,0.7614773232253306,0.2424707244168493,0.7580258098591466,0.36157503535835,0.9568577615688684,0.358117981806911,0.9566971424267564,0.1403978743528474,0.2397731232576662,0.1130293062737915,0.1423672834518422,0.0569305615399473,0.0694235460732572,0.0460097548507508,0.0287562980974986,27.16263961791992,27.05604553222656,0.6380959749221802,0.6368685960769653,24.648712158203125,24.61823081970215,0.6373839974403381,0.6862034797668457,0.8210049271583557,0.8448854684829712,,,0.7128004431724548,0.7092801332473755,30.479698181152344,30.374588012695312,0.6387902498245239,0.6392786502838135,27.245086669921875,27.184797286987305,0.5807223916053772,0.6102548837661743,0.5612563490867615,0.5308094620704651,,,0.9713699221611024,0.9771808385849,0.8951666355133057,0.9716776609420776,0.98027503490448,0.9055756330490112,0.8942450881004333,0.95614093542099,0.9456194639205932,0.8946657180786133,0.960795521736145,0.9507337808609008,4.770211751432185,3.85515735894441,11.763937892025083,9.47072557268099,5.816998925478221,2.4094902175894077,20.090589997759853,11.92895468042986,0.8210049271583557,0.8448854684829712,0.5612563490867615,0.5308094620704651,0.6023715092871542,0.5426004864679421,0.7614773232253306,0.7580258098591466,0.9568577615688684,0.9566971424267564,0.2397731232576662,0.1423672834518422,0.0694235460732572,0.0287562980974986,0.7128004431724548,0.7092801332473755,30.479698181152344,30.374588012695312,0.6387902498245239,0.6392786502838135,27.245086669921875,27.184797286987305,0.5807223916053772,0.6102548837661743,0.5612563490867615,0.5308094620704651,,,0.8942450881004333,0.95614093542099,0.9456194639205932,0.8946657180786133,0.960795521736145,0.9507337808609008,5.816998925478221,2.4094902175894077,20.090589997759853,11.92895468042986,0.5612563490867615,0.5308094620704651,2.3845140958165696,3.7486809697761045,-2.3565443770990564,91.56\pm{8.65},91.56+-8.65
23,,all,hivit_base_patch16_224.in1k_mocov3,medium,83.2,88.38,12.8,97.1272,53.5754,89.4689,97.1272,0.8961269855499268,0.8770550489425659,0.1180167957387177,0.5228098308800093,0.1147845946505575,0.4311458565504385,0.1766695782649912,0.7306390363974331,0.1749434068183217,0.7583127296496289,0.2256100650508417,0.9369711490173648,0.223883150246912,0.9346388822244156,0.1457991089207486,0.1752865516726404,0.124075551695037,0.1245920643898585,0.0669400726167959,0.0711165890898755,0.0531774181804377,0.044402689123765,9.039932250976562,8.996952056884766,0.5981141328811646,0.5975190997123718,8.557538032531738,8.573452949523926,0.6587470173835754,0.7032187581062317,0.8780660033226013,0.9065113067626952,,,0.8580936789512634,0.8310399055480957,9.537968635559082,9.512451171875,0.6006072163581848,0.5997462272644043,8.684186935424805,8.692338943481445,0.6732721924781799,0.7273334264755249,0.8167572617530823,0.8436291217803955,,,0.9901686906814576,0.9877514243125916,0.8774338960647583,0.993739128112793,0.9897005558013916,0.8932340145111084,0.9905810952186584,0.9781585931777954,0.934266984462738,0.9913498163223268,0.9830451607704164,0.9429054260253906,5.569414041717419,4.424361192612417,12.130485862206283,10.32308590102708,5.916900212277642,3.694303735097248,14.583841099163681,10.366059757236227,0.8780660033226013,0.9065113067626952,0.8167572617530823,0.8436291217803955,0.5228098308800093,0.4311458565504385,0.7306390363974331,0.7583127296496289,0.9369711490173648,0.9346388822244156,0.1752865516726404,0.1245920643898585,0.0711165890898755,0.044402689123765,0.8580936789512634,0.8310399055480957,9.537968635559082,9.512451171875,0.6006072163581848,0.5997462272644043,8.684186935424805,8.692338943481445,0.6732721924781799,0.7273334264755249,0.8167572617530823,0.8436291217803955,,,0.9905810952186584,0.9781585931777954,0.934266984462738,0.9913498163223268,0.9830451607704164,0.9429054260253906,5.916900212277642,3.694303735097248,14.583841099163681,10.366059757236227,0.8167572617530823,0.8436291217803955,2.0288244732673473,3.5207342957241923,-1.918767704099878,88.38\pm{12.8},88.38+-12.8
23,,all,hivit_base_patch16_224.dino,medium,82.8,77.4,24.02,95.809,14.4614,90.339,95.809,0.9011822938919068,0.8833465576171875,0.1422744516070844,0.6184499355315224,0.1419206034379556,0.543437829100059,0.4969676701168332,0.7574073501421157,0.4931973270702532,0.7448501284107845,0.6676996237595831,0.9600682082434856,0.6665962101393927,0.95828933512641,0.2372778524492234,0.2168891486220472,0.1926535304292657,0.12290830425252,0.0774516060574507,0.0678107326324933,0.0614662299226055,0.0347625774050515,75.03898620605469,74.74993896484375,0.622918963432312,0.6235924959182739,64.98920440673828,64.91243743896484,0.6948323845863342,0.7325263619422913,0.8884533047676086,0.9072256684303284,,,0.7811325192451477,0.7741879224777222,68.5289306640625,68.45220947265625,0.5721391439437866,0.5726771354675293,63.56510543823242,63.50504684448242,0.5915016531944275,0.6234714984893799,0.7287576198577881,0.7173076868057251,,,0.9926040768623352,0.9788710474967957,0.8950643539428711,0.9934154152870178,0.9824360013008118,0.9076811075210572,0.9751405119895936,0.9593601822853088,0.916932225227356,0.9659829139709472,0.9605731964111328,0.9276703596115112,6.412992981556918,5.089403837591735,19.646606182795697,15.9517123195432,5.614728661970446,2.8783414091382644,17.958421505905505,10.176807592108656,0.8884533047676086,0.9072256684303284,0.7287576198577881,0.7173076868057251,0.6184499355315224,0.543437829100059,0.7574073501421157,0.7448501284107845,0.9600682082434856,0.95828933512641,0.2168891486220472,0.12290830425252,0.0678107326324933,0.0347625774050515,0.7811325192451477,0.7741879224777222,68.5289306640625,68.45220947265625,0.5721391439437866,0.5726771354675293,63.56510543823242,63.50504684448242,0.5915016531944275,0.6234714984893799,0.7287576198577881,0.7173076868057251,,,0.9751405119895936,0.9593601822853088,0.916932225227356,0.9659829139709472,0.9605731964111328,0.9276703596115112,5.614728661970446,2.8783414091382644,17.958421505905505,10.176807592108656,0.7287576198577881,0.7173076868057251,1.2311459725761644,3.129417257341508,-1.1516151152118217,77.4\pm{24.02},77.4+-24.02
23,,all,hivit_base_patch16_clip_224.laion2b,medium,85.47,70.83,25.76,96.3686,20.8221,92.1643,96.3686,0.8595055341720581,0.8395462036132812,0.1429947828825564,0.5822574316516902,0.1515632375252441,0.48052851334676,0.4594256868013105,0.4278747129617505,0.4524993625041863,0.4188152804451702,0.5051440947620083,0.7168922422895425,0.5005647054658848,0.7120646835826177,0.1778124088655584,0.1709641639287136,0.1463363524280911,0.1065008401865019,0.0501238677023132,0.0687725659339658,0.0415729450764673,0.0403388357642806,66.56524658203125,66.51385498046875,0.6323891878128052,0.6312031149864197,58.699798583984375,58.73588180541992,0.6725378632545471,0.6879881620407104,0.8282999396324158,0.8466764688491821,,,0.7995827794075012,0.7825027704238892,67.74913787841797,67.65858459472656,0.634858250617981,0.6340394020080566,65.12931823730469,64.94749450683594,0.5703251361846924,0.5958203673362732,0.6256524920463562,0.6495168209075928,,,0.9699786901474,0.9804243445396424,0.8385920524597168,0.9707099199295044,0.9843227863311768,0.8472270369529724,0.9153233766555786,0.9804476499557496,0.8894385099411011,0.9173529744148254,0.9840814471244812,0.8972607851028442,4.284086972516709,3.55323961568566,15.197626585739277,12.507368042028945,5.877991210376057,3.447760292773063,14.612307090987152,9.102626810740317,0.8282999396324158,0.8466764688491821,0.6256524920463562,0.6495168209075928,0.5822574316516902,0.48052851334676,0.4278747129617505,0.4188152804451702,0.7168922422895425,0.7120646835826177,0.1709641639287136,0.1065008401865019,0.0687725659339658,0.0403388357642806,0.7995827794075012,0.7825027704238892,67.74913787841797,67.65858459472656,0.634858250617981,0.6340394020080566,65.12931823730469,64.94749450683594,0.5703251361846924,0.5958203673362732,0.6256524920463562,0.6495168209075928,,,0.9153233766555786,0.9804476499557496,0.8894385099411011,0.9173529744148254,0.9840814471244812,0.8972607851028442,5.877991210376057,3.447760292773063,14.612307090987152,9.102626810740317,0.6256524920463562,0.6495168209075928,0.8872427238299466,3.2785621735607107,-1.0586150522057411,70.83\pm{25.76},70.83+-25.76
23,,all,hivit_base_patch16_siglip_224.v2_webli,medium,79.2,85.22,19.08,98.6071,37.0849,92.9237,98.6071,0.8342464566230774,0.8274514675140381,0.0634318365911449,0.622160056926322,0.0664974434696506,0.5778730319578245,0.2322015976277288,0.8399643123342039,0.2265809696135255,0.834946406805239,0.2674119380287554,0.9669998103862022,0.2621676153260245,0.9665495098206136,0.3640388540422142,0.3652740442054958,0.3449036266776358,0.324628836577366,0.0490907978092897,0.0634383774465984,0.0441410573738398,0.0506440976382175,84.61778259277344,84.25831604003906,0.5695326328277588,0.5696879625320435,89.66259002685547,89.53218078613281,0.5611242651939392,0.578490674495697,0.8062923550605774,0.809614360332489,,,0.5990819931030273,0.6202408671379089,102.17807006835938,101.20457458496094,0.6405572295188904,0.6386747360229492,98.53807067871094,98.02254486083984,0.443827748298645,0.4460086524486542,0.4109807014465332,0.4017916619777679,,,0.986050009727478,0.9682819843292236,0.8688894510269165,0.9793455600738524,0.9692955017089844,0.8460307121276855,0.8399614095687866,0.9603549242019652,0.8812873959541321,0.8593964576721191,0.948448121547699,0.8996434807777405,3.8879911864957446,3.495971744008112,28.831877240143367,27.316367232868757,5.0243194937705935,4.011012532946826,28.92970430107527,25.71060385692739,0.8062923550605774,0.809614360332489,0.4109807014465332,0.4017916619777679,0.622160056926322,0.5778730319578245,0.8399643123342039,0.834946406805239,0.9669998103862022,0.9665495098206136,0.3652740442054958,0.324628836577366,0.0634383774465984,0.0506440976382175,0.5990819931030273,0.6202408671379089,102.17807006835938,101.20457458496094,0.6405572295188904,0.6386747360229492,98.53807067871094,98.02254486083984,0.443827748298645,0.4460086524486542,0.4109807014465332,0.4017916619777679,,,0.8399614095687866,0.9603549242019652,0.8812873959541321,0.8593964576721191,0.948448121547699,0.8996434807777405,5.0243194937705935,4.011012532946826,28.92970430107527,25.71060385692739,0.4109807014465332,0.4017916619777679,1.7518739025711574,4.259755362417874,-1.4445714386419557,85.22\pm{19.08},85.22+-19.08
23,,all,hivit_base_patch16_224.mae,weak,83.6,83.06,17.67,96.8288,40.174,89.8688,96.8288,0.8881218433380127,0.8680473566055298,-0.0202544943300384,0.5698911125668057,-0.0211792294476821,0.4322521171006209,0.1371720205387675,0.7313555702301991,0.1400570715942318,0.7491001436585712,0.1711073809760043,0.95929711958036,0.1751655124817687,0.9554263879990008,0.0742483074472321,0.1914535478988604,0.0741357660726764,0.1281408324598183,0.036256948465942,0.061938997119283,0.0316728619319615,0.0352583837596488,12.162681579589844,12.152904510498049,0.5420602560043335,0.5427629947662354,11.06549072265625,11.083778381347656,0.6746780872344971,0.7033029794692993,0.8863528966903687,0.9027002453804016,,,0.5412130951881409,0.6667699813842773,16.527759552001953,16.404991149902344,0.5995010733604431,0.5995250940322876,18.210844039916992,18.2096004486084,0.5043373703956604,0.506616473197937,0.5881337523460388,0.4064072370529175,,,0.9872509241104126,0.9786953926086426,0.868858814239502,0.9888931512832642,0.982729196548462,0.8782972097396851,0.9409400224685668,0.9485446810722352,0.9235454797744752,0.907246470451355,0.8583072423934937,0.9283687472343444,3.031080891752751,2.647851257511981,6.207158502588603,6.197750043675747,5.178100159172058,2.9476008823066393,16.005516604344727,10.71257359364081,0.8863528966903687,0.9027002453804016,0.5881337523460388,0.4064072370529175,0.5698911125668057,0.4322521171006209,0.7313555702301991,0.7491001436585712,0.95929711958036,0.9554263879990008,0.1914535478988604,0.1281408324598183,0.061938997119283,0.0352583837596488,0.5412130951881409,0.6667699813842773,16.527759552001953,16.404991149902344,0.5995010733604431,0.5995250940322876,18.210844039916992,18.2096004486084,0.5043373703956604,0.506616473197937,0.5881337523460388,0.4064072370529175,,,0.9409400224685668,0.9485446810722352,0.9235454797744752,0.907246470451355,0.8583072423934937,0.9283687472343444,5.178100159172058,2.9476008823066393,16.005516604344727,10.71257359364081,0.5881337523460388,0.4064072370529175,1.5897039330573663,3.4188344055396627,-1.5391501050657574,83.06\pm{17.67},83.06+-17.67
23,,all,hiresnet50.tv_in1k,weak,76.13,94.83,1.98,97.7863,89.4546,94.408,97.7863,0.7375680208206177,0.7154243588447571,0.0797689497013673,0.583561771295,0.0888897776645136,0.5072351093503039,0.2249084404347726,0.7621244318464192,0.2197324604483508,0.7787409506058731,0.3039797040249548,0.9567395705362732,0.298851255619408,0.9531806242875268,0.0943462048237753,0.0864022856517935,0.0871324791936005,0.0751819858552395,0.0314245433729934,0.0489817725743834,0.0275604495749114,0.0310086020756335,1.017669439315796,1.0173276662826538,0.4904048442840576,0.4917757213115692,1.249394774436951,1.2510143518447876,0.3735834062099457,0.4070185124874115,0.7686151266098022,0.7866512537002563,0.5720602869987488,0.6041543483734131,0.6662830114364624,0.6445803046226501,1.0340261459350586,1.032479166984558,0.4786426723003387,0.4807466864585877,1.247804880142212,1.248906493186951,0.3655356168746948,0.4014266431331634,0.7091825008392334,0.7333362698554993,0.4045885503292084,0.4156056046485901,0.8315327763557434,0.923111855983734,0.6894751191139221,0.8560768961906433,0.9286285638809204,0.7117412090301514,0.8383532166481018,0.9050448536872864,0.6890948414802551,0.8436405658721924,0.9140020608901978,0.7100328207015991,2.3923504869859875,2.098177026138005,7.182576573234013,6.633395641008805,3.728982346087808,2.360684876017978,6.577806006671039,5.723604583159383,0.5720602869987488,0.6041543483734131,0.4045885503292084,0.4156056046485901,0.583561771295,0.5072351093503039,0.7621244318464192,0.7787409506058731,0.9567395705362732,0.9531806242875268,0.0864022856517935,0.0751819858552395,0.0489817725743834,0.0310086020756335,0.6662830114364624,0.6445803046226501,1.0340261459350586,1.032479166984558,0.4786426723003387,0.4807466864585877,1.247804880142212,1.248906493186951,0.3655356168746948,0.4014266431331634,0.7091825008392334,0.7333362698554993,0.4045885503292084,0.4156056046485901,0.8383532166481018,0.9050448536872864,0.6890948414802551,0.8436405658721924,0.9140020608901978,0.7100328207015991,3.728982346087808,2.360684876017978,6.577806006671039,5.723604583159383,0.4045885503292084,0.4156056046485901,2.9097047995034253,3.788119161678512,-3.901931722048945,94.83\pm{1.98},94.83+-1.98
23,,all,hiresnet50.tv2_in1k,strong,80.85,95.24,1.57,97.5998,92.2333,94.5288,97.5998,0.7265939712524414,0.7095609307289124,0.0857378063013695,0.5109111632670663,0.0871220057671117,0.4425994865713109,0.2482163335287004,0.7286624366708943,0.2399773855701563,0.7532913188862292,0.3032762780148261,0.9352818139436184,0.2974181846523033,0.9338680311593678,0.0750354689366786,0.0726786514336917,0.0742572392557651,0.0740013266509433,0.0329899333828077,0.0396049433923143,0.0287136690365889,0.0307553166020957,8.274669647216797,8.271886825561523,0.4928819537162781,0.4933400154113769,15.423900604248049,15.432300567626951,0.1985458433628082,0.2310206741094589,0.7804050445556641,0.793808102607727,0.5422126054763794,0.5159334540367126,0.7381631135940552,0.7346804141998291,9.055198669433594,9.013660430908203,0.3718690574169159,0.3745794892311096,15.803226470947266,15.79494285583496,0.3622821867465973,0.1731806546449661,0.7181961536407471,0.7011550664901733,0.709976315498352,0.6839341521263123,0.8555685877799988,0.8964336514472961,0.6683610677719116,0.8478720188140869,0.9105473160743712,0.6921963691711426,0.9197139739990234,0.9883878231048584,0.733967125415802,0.9046922326087952,0.9870964288711548,0.6763918995857239,2.6672361140000023,2.321500141608212,6.066617663530464,6.003697793828608,3.2020596732686113,2.486567347279437,5.876068968413974,5.983007259728766,0.5422126054763794,0.5159334540367126,0.709976315498352,0.6839341521263123,0.5109111632670663,0.4425994865713109,0.7286624366708943,0.7532913188862292,0.9352818139436184,0.9338680311593678,0.0726786514336917,0.0740013266509433,0.0396049433923143,0.0307553166020957,0.7381631135940552,0.7346804141998291,9.055198669433594,9.013660430908203,0.3718690574169159,0.3745794892311096,15.803226470947266,15.79494285583496,0.3622821867465973,0.1731806546449661,0.7181961536407471,0.7011550664901733,0.709976315498352,0.6839341521263123,0.9197139739990234,0.9883878231048584,0.733967125415802,0.9046922326087952,0.9870964288711548,0.6763918995857239,3.2020596732686113,2.486567347279437,5.876068968413974,5.983007259728766,0.709976315498352,0.6839341521263123,2.9962229424530777,3.7053233770214167,-4.136969766932525,95.24\pm{1.57},95.24+-1.57
23,,all,hiresnet50.gluon_in1k,medium,77.58,94.48,2.22,97.7863,87.5043,92.8892,97.7863,0.71262526512146,0.6894676089286804,0.0849060545951613,0.5371453229817544,0.0978905734760309,0.4655251619349785,0.4456110671137716,0.7393871650383307,0.4374581041777707,0.7604406411640734,0.577181883399702,0.940685149100356,0.5686964119682154,0.937730543930898,0.0843845672789725,0.0802426355286738,0.0796054499524168,0.0756423863615959,0.0337094990756568,0.0473002084479557,0.0289134900307371,0.0335381193056939,4.931727409362793,4.927713871002197,0.4849625825881958,0.4826570153236389,6.971018314361572,6.9768829345703125,0.2084629386663437,0.228649377822876,0.7752971649169922,0.8000763058662415,0.4556349217891693,0.4558164179325104,0.6797206401824951,0.6526134014129639,4.799240589141846,4.787320137023926,0.4502562284469605,0.4532855153083801,6.758771896362305,6.755759239196777,0.278141587972641,0.3193307220935821,0.728713870048523,0.7591789364814758,0.4509198367595672,0.4805968105792999,0.8110382556915283,0.8769450187683105,0.6860975027084351,0.8118252754211426,0.8911283612251282,0.70440673828125,0.8080538511276245,0.9010621905326844,0.6859719753265381,0.8289134502410889,0.9101998805999756,0.7106396555900574,2.6151829382894545,2.243108556584584,6.546554729502687,6.175790807308496,3.669550171392403,2.6018872957357324,6.225223664314513,5.86833633393261,0.4556349217891693,0.4558164179325104,0.4509198367595672,0.4805968105792999,0.5371453229817544,0.4655251619349785,0.7393871650383307,0.7604406411640734,0.940685149100356,0.937730543930898,0.0802426355286738,0.0756423863615959,0.0473002084479557,0.0335381193056939,0.6797206401824951,0.6526134014129639,4.799240589141846,4.787320137023926,0.4502562284469605,0.4532855153083801,6.758771896362305,6.755759239196777,0.278141587972641,0.3193307220935821,0.728713870048523,0.7591789364814758,0.4509198367595672,0.4805968105792999,0.8080538511276245,0.9010621905326844,0.6859719753265381,0.8289134502410889,0.9101998805999756,0.7106396555900574,3.669550171392403,2.6018872957357324,6.225223664314513,5.86833633393261,0.4509198367595672,0.4805968105792999,2.8404060123470583,3.788119161678512,-3.7836291679017693,94.48\pm{2.22},94.48+-2.22
23,,all,hiresnet50.a1_in1k,strong,80.38,94.11,2.17,97.3262,88.8505,95.271,97.3262,0.7238094806671143,0.7058530449867249,0.0839401664957779,0.4671064290907509,0.0723400424552754,0.3971657217095937,0.0755986388762285,0.1692761336005153,0.0751114925373356,0.1689999308575221,0.0759804656056933,0.2114800332779447,0.0758248366359345,0.1956775033964251,0.0711350526433691,0.0723963000298685,0.0737556505503144,0.074069297038784,0.0295438802559075,0.0191032587015253,0.0258906878649242,0.0185969898497665,9.435173988342283,9.434370994567873,0.4950580000877381,0.4965159893035888,21.957603454589844,21.98391342163086,0.2030961960554123,0.2363890111446381,0.7846850156784058,0.8033939003944397,0.573844313621521,0.5520505309104919,0.5798765420913696,0.5651839375495911,10.939567565917969,10.89116382598877,0.3911025524139404,0.3897949457168579,22.52152633666992,22.52019119262696,0.2007267922163009,0.1969357430934906,0.7042422890663147,0.7163898348808289,0.4365447759628296,0.2356720119714737,0.8639334440231323,0.8871986269950867,0.6737319827079773,0.8577215671539307,0.9039629101753236,0.6893508434295654,0.7450759410858154,0.8574022054672241,0.638258159160614,0.7328085899353027,0.8535733222961426,0.658548891544342,2.374737094969845,2.081093490582607,5.717835531474008,5.9284791912342705,1.5355199344286037,1.4948260441242314,5.819214596400829,5.953690095977457,0.573844313621521,0.5520505309104919,0.4365447759628296,0.2356720119714737,0.4671064290907509,0.3971657217095937,0.1692761336005153,0.1689999308575221,0.2114800332779447,0.1956775033964251,0.0723963000298685,0.074069297038784,0.0191032587015253,0.0185969898497665,0.5798765420913696,0.5651839375495911,10.939567565917969,10.89116382598877,0.3911025524139404,0.3897949457168579,22.52152633666992,22.52019119262696,0.2007267922163009,0.1969357430934906,0.7042422890663147,0.7163898348808289,0.4365447759628296,0.2356720119714737,0.7450759410858154,0.8574022054672241,0.638258159160614,0.7328085899353027,0.8535733222961426,0.658548891544342,1.5355199344286037,1.4948260441242314,5.819214596400829,5.953690095977457,0.4365447759628296,0.2356720119714737,2.7717249910264354,3.59456754167638,-3.807886493457231,94.11\pm{2.17},94.11+-2.17
23,,all,hiresnet50.in21k_miil,strong,82.0,95.58,1.55,97.4754,92.8374,96.5827,97.4754,0.8719392418861389,0.9051764011383056,-0.0362548240749164,0.495588764316852,-0.0331632913396812,0.4271097568031781,0.3684225669896312,0.6335305086255866,0.3632579092299642,0.6534224241586626,0.3614995092861711,0.8952593417113303,0.35463289491987,0.891882269121876,0.0763153841845878,0.0717814273446833,0.0760256977201258,0.0738289439203354,0.0012513421155432,0.0222410501868236,0.0012406073101274,0.0173126640360033,54.24540710449219,52.72803497314453,0.2417552769184112,0.2427864968776703,62.91356658935547,62.38983154296875,0.721335768699646,0.5061147809028625,0.91459858417511,0.877788245677948,0.9236019849777222,0.9126988649368286,0.6279323697090149,0.6156154870986938,6.412893295288086,6.406612396240234,0.4149280786514282,0.4149985909461975,13.155920028686523,13.161103248596191,0.2605337798595428,0.185184508562088,0.7110888361930847,0.7192944288253784,0.5265806317329407,0.3800168335437774,0.9515782594680786,0.958853542804718,0.8957933783531189,0.9495446085929872,0.953002154827118,0.8361058235168457,0.9139320850372314,0.8966560363769531,0.7353302240371704,0.8066542744636536,0.902702808380127,0.6848624348640442,0.1026100534745424,0.1017297994304468,6.2578615031361995,6.234107213050315,1.8237661153195353,1.4196384509522706,5.886077042264031,6.053973401467503,0.9236019849777222,0.9126988649368286,0.5265806317329407,0.3800168335437774,0.495588764316852,0.4271097568031781,0.6335305086255866,0.6534224241586626,0.8952593417113303,0.891882269121876,0.0717814273446833,0.0738289439203354,0.0222410501868236,0.0173126640360033,0.6279323697090149,0.6156154870986938,6.412893295288086,6.406612396240234,0.4149280786514282,0.4149985909461975,13.155920028686523,13.161103248596191,0.2605337798595428,0.185184508562088,0.7110888361930847,0.7192944288253784,0.5265806317329407,0.3800168335437774,0.9139320850372314,0.8966560363769531,0.7353302240371704,0.8066542744636536,0.902702808380127,0.6848624348640442,1.8237661153195353,1.4196384509522706,5.886077042264031,6.053973401467503,0.5265806317329407,0.3800168335437774,3.074426086574293,3.6535174041399245,-4.153957070663501,95.58\pm{1.55},95.58+-1.55
23,,all,hiresnet50.fb_swsl_ig1b_ft_in1k,weak,81.18,94.03,3.12,98.0973,83.5002,92.8202,98.0973,0.7722455263137817,0.7523627877235413,0.0797266235500429,0.545241644958834,0.0924433853348682,0.4742664595829413,0.3538844908979104,0.734011588017845,0.3497526649389906,0.7560197881927821,0.4452503825476719,0.935141003480299,0.4433010781776297,0.9303482607782454,0.0735163717144563,0.072307489884077,0.0743980935534591,0.0738559682914046,0.0242294631018413,0.0373665501224243,0.0211976935406999,0.0276194594445682,7.286757946014404,7.283608913421631,0.4691336452960968,0.4677802324295044,13.456257820129396,13.463714599609377,0.2567419409751892,0.2228323072195053,0.83243328332901,0.8477339148521423,0.6733675003051758,0.7181857824325562,0.6745760440826416,0.6511990427970886,7.580171585083008,7.562298774719238,0.4378505051136017,0.4387141466140747,13.575425148010254,13.571823120117188,0.3050685226917267,0.3421726822853088,0.7233479619026184,0.7511857151985168,0.4868141114711761,0.5069602727890015,0.8891004920005798,0.9438318610191344,0.7075991630554199,0.908733069896698,0.9451120495796204,0.7242085933685303,0.8176905512809753,0.8877342939376831,0.7016077637672424,0.8309664130210876,0.8911846876144409,0.7193233370780945,1.9669478146074768,1.720828761634018,5.9680590557795625,6.03963723466981,3.033416538938405,2.2421477177100466,5.869922028789371,5.995627505896226,0.6733675003051758,0.7181857824325562,0.4868141114711761,0.5069602727890015,0.545241644958834,0.4742664595829413,0.734011588017845,0.7560197881927821,0.935141003480299,0.9303482607782454,0.072307489884077,0.0738559682914046,0.0373665501224243,0.0276194594445682,0.6745760440826416,0.6511990427970886,7.580171585083008,7.562298774719238,0.4378505051136017,0.4387141466140747,13.575425148010254,13.571823120117188,0.3050685226917267,0.3421726822853088,0.7233479619026184,0.7511857151985168,0.4868141114711761,0.5069602727890015,0.8176905512809753,0.8877342939376831,0.7016077637672424,0.8309664130210876,0.8911846876144409,0.7193233370780945,3.033416538938405,2.2421477177100466,5.869922028789371,5.995627505896226,0.4868141114711761,0.5069602727890015,2.756210403260193,3.9426859131925616,-3.434919400708666,94.03\pm{3.12},94.03+-3.12
23,,all,hiresnet50.fb_ssl_yfcc100m_ft_in1k,weak,79.22,94.33,2.83,97.8734,83.224,93.8212,97.8734,0.7575060129165649,0.7411988377571106,0.0838123565855717,0.5415768317417949,0.0997036812882274,0.4705967981988946,0.3582395348925053,0.7298384398965939,0.3526728777609972,0.7516849785195973,0.4646485372632944,0.9366220042529404,0.463187366783894,0.9305717338749584,0.0783630152329749,0.0770259296594982,0.076104314072327,0.0739890428459119,0.0236448738577328,0.0426772550980406,0.0209119773091195,0.0298007040151527,6.067669868469238,6.063492774963379,0.4488839209079742,0.447681576013565,10.180697441101074,10.184053421020508,0.266056478023529,0.2320791035890579,0.825839102268219,0.8356311321258545,0.6763226985931396,0.7118222713470459,0.6630653142929077,0.6381195783615112,6.348649978637695,6.334020614624023,0.4350588917732239,0.4359232187271118,10.332818984985352,10.327225685119627,0.2672986388206482,0.3067265748977661,0.7312195897102356,0.7557290196418762,0.4427096247673034,0.4607439935207367,0.854308009147644,0.970570743083954,0.69471275806427,0.8756275177001953,0.9737404584884644,0.7122565507888794,0.7958549857139587,0.891476035118103,0.6797400712966919,0.8092381954193115,0.8997406959533691,0.7016770243644714,1.8731469070095925,1.6566468424284466,6.207918066756271,6.028983760809744,3.3808921488667765,2.360811772080397,6.101994147625447,5.861411974253141,0.6763226985931396,0.7118222713470459,0.4427096247673034,0.4607439935207367,0.5415768317417949,0.4705967981988946,0.7298384398965939,0.7516849785195973,0.9366220042529404,0.9305717338749584,0.0770259296594982,0.0739890428459119,0.0426772550980406,0.0298007040151527,0.6630653142929077,0.6381195783615112,6.348649978637695,6.334020614624023,0.4350588917732239,0.4359232187271118,10.332818984985352,10.327225685119627,0.2672986388206482,0.3067265748977661,0.7312195897102356,0.7557290196418762,0.4427096247673034,0.4607439935207367,0.7958549857139587,0.891476035118103,0.6797400712966919,0.8092381954193115,0.8997406959533691,0.7016770243644714,3.3808921488667765,2.360811772080397,6.101994147625447,5.861411974253141,0.4427096247673034,0.4607439935207367,2.8120321581420407,3.829150346560634,-3.534384889169591,94.33\pm{2.83},94.33+-2.83
23,,all,hiresnet50.in1k_mocov3,medium,74.6,95.28,1.32,97.4879,92.1816,95.1847,97.4879,0.7440775632858276,0.7132874131202698,0.0432413223963249,0.4860022910148597,0.047090866089593,0.4219132677733591,0.14200159439077,0.6173846091812105,0.1430911205693524,0.6530567600421858,0.1353886035190387,0.861640221083504,0.1354085503744276,0.8574469051029793,0.075122974537037,0.0736505469683393,0.0747903563941299,0.0738191168763102,0.0256091802432311,0.0363203016967754,0.0228734517263041,0.0293242720266183,8.723159790039062,8.722861289978027,0.4909367263317108,0.494196891784668,14.851608276367188,14.864850044250488,0.1947452872991562,0.2368672788143158,0.7132689356803894,0.7728328108787537,0.6440967321395874,0.6867660880088806,0.6193503737449646,0.5881098508834839,8.010686874389648,7.990360260009766,0.4527581632137298,0.4567896127700805,14.278319358825684,14.27872085571289,0.3148879408836365,0.226491168141365,0.6757325530052185,0.7118238806724548,0.5179262161254883,0.5456272959709167,0.8687511682510376,0.85611891746521,0.6874375939369202,0.8914915919303894,0.8713409304618835,0.7015941143035889,0.8174030780792236,0.7720162272453308,0.6621235609054565,0.8522500395774841,0.7984524369239807,0.6186059713363647,1.91044484614504,1.7063594987822857,5.60417390046296,5.57936058700209,2.7094945065794445,2.187590693185725,5.494330803838111,5.50690611897274,0.6440967321395874,0.6867660880088806,0.5179262161254883,0.5456272959709167,0.4860022910148597,0.4219132677733591,0.6173846091812105,0.6530567600421858,0.861640221083504,0.8574469051029793,0.0736505469683393,0.0738191168763102,0.0363203016967754,0.0293242720266183,0.6193503737449646,0.5881098508834839,8.010686874389648,7.990360260009766,0.4527581632137298,0.4567896127700805,14.278319358825684,14.27872085571289,0.3148879408836365,0.226491168141365,0.6757325530052185,0.7118238806724548,0.5179262161254883,0.5456272959709167,0.8174030780792236,0.7720162272453308,0.6621235609054565,0.8522500395774841,0.7984524369239807,0.6186059713363647,2.7094945065794445,2.187590693185725,5.494330803838111,5.50690611897274,0.5179262161254883,0.5456272959709167,3.005190510249127,3.65860921100754,-4.311002375134841,95.28\pm{1.32},95.28+-1.32
23,,all,hiresnet50.in1k_supcon,strong,79.1,94.39,2.78,98.0475,84.8464,94.2527,98.0475,0.8016236424446106,0.7826499938964844,0.0823006748794453,0.5585041234809177,0.0854355480658728,0.4830322796421938,0.0083411687569829,0.7468509250631344,0.0083754291445643,0.7633556278107858,0.0100908623740821,0.9271945195535,0.0100675651813675,0.9212770265333208,0.0789137171445639,0.0771227691905615,0.0761174167976939,0.0743227528825995,0.0280715391978504,0.0438951116025917,0.0247136129155045,0.0323776619893217,0.64259934425354,0.6430616974830627,0.5096358060836792,0.5100288987159729,0.9961991310119628,0.9974628686904908,0.5548921227455139,0.5830362439155579,0.8410440683364868,0.858956515789032,0.5360440611839294,0.4471499025821686,0.6734289526939392,0.6396392583847046,0.8702362775802612,0.8683977723121643,0.4842195510864258,0.4862751364707947,1.2782853841781616,1.2778109312057495,0.4255656003952026,0.4621251523494721,0.6720524430274963,0.7078741788864136,0.4542451798915863,0.4962467551231384,0.8251947164535522,0.9629321098327636,0.8380905985832214,0.8229586482048035,0.9675759673118592,0.853577196598053,0.8262906670570374,0.9015294909477234,0.7462945580482483,0.8546390533447266,0.8860594034194946,0.7678735256195068,2.2204587505499664,1.954846781616406,6.242075026135004,6.020887668697587,3.4721033277650033,2.5610730633553467,6.100411042973414,5.87892975301362,0.5360440611839294,0.4471499025821686,0.4542451798915863,0.4962467551231384,0.5585041234809177,0.4830322796421938,0.7468509250631344,0.7633556278107858,0.9271945195535,0.9212770265333208,0.0771227691905615,0.0743227528825995,0.0438951116025917,0.0323776619893217,0.6734289526939392,0.6396392583847046,0.8702362775802612,0.8683977723121643,0.4842195510864258,0.4862751364707947,1.2782853841781616,1.2778109312057495,0.4255656003952026,0.4621251523494721,0.6720524430274963,0.7078741788864136,0.4542451798915863,0.4962467551231384,0.8262906670570374,0.9015294909477234,0.7462945580482483,0.8546390533447266,0.8860594034194946,0.7678735256195068,3.4721033277650033,2.5610730633553467,6.100411042973414,5.87892975301362,0.4542451798915863,0.4962467551231384,2.8223859688032107,3.916341452390283,-3.5543375282371286,94.39\pm{2.78},94.39+-2.78
23,,all,hiresnet50.in1k_swav,strong,75.3,95.28,1.3,97.3759,92.5785,95.5816,97.3759,0.7847186923027039,0.7667604088783264,0.0528772423785036,0.4794269161506972,0.0539323803318079,0.3959136566562033,0.1191263663373057,0.2460708529981416,0.1181897653474856,0.2772888921575891,0.1280198146344078,0.5552751757239275,0.1262650617452165,0.5439450672636303,0.0803884781959378,0.0748184550477897,0.076918868508942,0.0745377194706498,0.0245275660468045,0.0231260646206255,0.0220221903707299,0.0206550129179684,5.466521263122559,5.461647987365723,0.5059158205986023,0.5040510892868042,9.371212005615234,9.38478183746338,0.5076945424079895,0.5460731983184814,0.7818456292152405,0.8008372187614441,0.753975510597229,0.7698382139205933,0.7140145897865295,0.8113657832145691,5.511144638061523,5.466779708862305,0.39894899725914,0.4051843285560608,9.301161766052246,9.29088020324707,0.3823661208152771,0.2994572520256042,0.8797085881233215,0.792059063911438,0.8634154200553894,0.7367409467697144,0.8726985454559326,0.8991149663925171,0.7610527276992798,0.8798661828041077,0.908460021018982,0.775825023651123,0.9965892434120178,0.985627830028534,0.735184907913208,0.9593226313591005,0.9436753988265992,0.7430645823478699,1.8469257233243788,1.6582709349159612,6.0532524081541155,5.791990798723332,1.7413926659331,1.5553224727230204,5.633829665098564,5.612690276139929,0.753975510597229,0.7698382139205933,0.8634154200553894,0.7367409467697144,0.4794269161506972,0.3959136566562033,0.2460708529981416,0.2772888921575891,0.5552751757239275,0.5439450672636303,0.0748184550477897,0.0745377194706498,0.0231260646206255,0.0206550129179684,0.7140145897865295,0.8113657832145691,5.511144638061523,5.466779708862305,0.39894899725914,0.4051843285560608,9.301161766052246,9.29088020324707,0.3823661208152771,0.2994572520256042,0.8797085881233215,0.792059063911438,0.8634154200553894,0.7367409467697144,0.9965892434120178,0.985627830028534,0.735184907913208,0.9593226313591005,0.9436753988265992,0.7430645823478699,1.7413926659331,1.5553224727230204,5.633829665098564,5.612690276139929,0.8634154200553894,0.7367409467697144,3.0054885609963473,3.6138407666551613,-4.327396971604593,95.28\pm{1.3},95.28+-1.3
23,,all,hiresnet50.in1k_spark,medium,80.6,90.25,4.87,97.1397,75.8716,89.5064,97.1397,0.7487069368362427,0.7332032918930054,0.0074265962227045,0.4672755436156316,0.0196397666943205,0.3774863155409398,0.0431713547911799,0.7431599525487506,0.042700318260605,0.7667995376974442,0.0482992091503539,0.8846845498512932,0.0478543600466815,0.8816285011954842,0.0706636891427718,0.0704536757019115,0.0736553328092243,0.0736184813941299,0.0255302946691907,0.0374267420724151,0.0238218697467966,0.0270148999397716,7.853807926177979,7.863044738769531,0.472044050693512,0.4743363261222839,24.618385314941406,24.63264846801757,0.2881475389003753,0.2472533881664276,0.7943950891494751,0.8091297149658203,0.7151782512664795,0.7391358613967896,0.5636765956878662,0.6098881363868713,7.858891487121582,7.82297420501709,0.4542738199234009,0.4562734067440033,24.472930908203125,24.479217529296875,0.4976071119308472,0.3004166185855865,0.6511353254318237,0.6430577039718628,0.4555143415927887,0.4812812507152557,0.8924930095672607,0.901868462562561,0.6077656745910645,0.9011783599853516,0.9123818278312684,0.6169854402542114,0.8446489572525024,0.8438889384269714,0.7275469899177551,0.8380556106567383,0.7557364106178284,0.7049126625061035,2.0577417503367705,1.9200427015918058,5.6954933449074066,5.936619824423478,3.016595411036657,2.1774009351455907,5.678566261574066,5.933649600366869,0.7151782512664795,0.7391358613967896,0.4555143415927887,0.4812812507152557,0.4672755436156316,0.3774863155409398,0.7431599525487506,0.7667995376974442,0.8846845498512932,0.8816285011954842,0.0704536757019115,0.0736184813941299,0.0374267420724151,0.0270148999397716,0.5636765956878662,0.6098881363868713,7.858891487121582,7.82297420501709,0.4542738199234009,0.4562734067440033,24.472930908203125,24.479217529296875,0.4976071119308472,0.3004166185855865,0.6511353254318237,0.6430577039718628,0.4555143415927887,0.4812812507152557,0.8446489572525024,0.8438889384269714,0.7275469899177551,0.8380556106567383,0.7557364106178284,0.7049126625061035,3.016595411036657,2.1774009351455907,5.678566261574066,5.933649600366869,0.4555143415927887,0.4812812507152557,2.225220096974452,3.5252236341511556,-2.9713032732724045,90.25\pm{4.87},90.25+-4.87
24,,aircraft,hivit_base_patch16_224.orig_in21k_fz,weak,81.79,49.04,2.71,50.9151,41.8242,41.8242,50.9151,0.8338279128074646,0.818028450012207,-0.0109375808491277,0.5721947575978454,-0.0047782036625947,0.4894624234099998,0.2887131649975947,0.3676040400324366,0.2841914388836972,0.4237975007761277,0.3866991495090604,0.9537808013395002,0.3849398545327757,0.9542562770870124,0.160320401531339,0.1878936854522791,0.146486285814116,0.1376217461565339,0.0459414483167422,0.072263604030013,0.0380867541586078,0.0474533314974802,13.887813568115234,13.915714263916016,0.6020435094833374,0.6038769483566284,13.569334983825684,13.592992782592772,0.721100389957428,0.750511884689331,0.5173433423042297,0.5421308279037476,,,0.6970137357711792,0.6710785627365112,14.870792388916016,14.868610382080078,0.6130424737930298,0.6134099364280701,13.48095989227295,13.494895935058594,0.5586841702461243,0.5927413702011108,0.3052893579006195,0.344823956489563,,,0.8466086983680725,0.9779801964759828,0.9268250465393066,0.8559147715568542,0.980595886707306,0.9373693466186525,0.8007116317749023,0.9775535464286804,0.9132477641105652,0.8184537291526794,0.9791776537895204,0.9274082779884338,3.7575510578263445,3.1151156226325325,13.112605641248217,11.981113316736549,5.910440173614764,3.8812079831789057,15.36782453314191,11.256082618142907,0.5173433423042297,0.5421308279037476,0.3052893579006195,0.344823956489563,-0.0109375808491277,-0.0047782036625947,0.2887131649975947,0.2841914388836972,0.3866991495090604,0.3849398545327757,0.160320401531339,0.146486285814116,0.0459414483167422,0.0380867541586078,0.8338279128074646,0.818028450012207,13.887813568115234,13.915714263916016,0.6020435094833374,0.6038769483566284,13.569334983825684,13.592992782592772,0.721100389957428,0.750511884689331,0.5173433423042297,0.5421308279037476,,,0.8466086983680725,0.9779801964759828,0.9268250465393066,0.8559147715568542,0.980595886707306,0.9373693466186525,3.7575510578263445,3.1151156226325325,13.112605641248217,11.981113316736549,0.5173433423042297,0.5421308279037476,-0.038288676987084866,0.03660808781929946,-3.5810308249750538,49.04\pm{2.71},49.04+-2.71
24,,aircraft,hideit_base_patch16_224.fb_in1k_fz,strong,81.99,54.89,3.18,56.7357,46.1746,46.1746,56.7357,0.8318833708763123,0.8156874775886536,-0.0409780454122913,0.5708890509592817,-0.0495995880330877,0.5028630892436328,0.3143739384534625,0.3676621710516278,0.3100217263416121,0.4158177117203325,0.4284265118564112,0.949866451646366,0.4287217397923875,0.9475382213007236,0.1317844662571225,0.1766493055555555,0.1214109451432564,0.116459752795248,0.0472993830648752,0.0522301797874462,0.0389285493384367,0.0278767281733219,22.839155197143555,22.866851806640625,0.4652815759181976,0.4654115438461304,22.653499603271484,22.660137176513672,0.6399619579315186,0.6729714870452881,0.5825480818748474,0.5805234909057617,,,0.7490124702453613,0.7319059371948242,24.482913970947266,24.49513053894043,0.4783373773097992,0.4789271354675293,23.55113983154297,23.55257225036621,0.5788244605064392,0.6239097714424133,0.5007385611534119,0.5034548044204712,,,0.8758755326271057,0.9809376001358032,0.8826919794082642,0.8750452995300293,0.984155774116516,0.8946572542190552,0.8555389642715454,0.973156213760376,0.9160492420196532,0.8657448291778564,0.9777277708053588,0.9289002418518066,3.8780764174891176,3.191751760258425,10.805008388421474,9.954483392295591,4.282352440772714,2.2856129429306624,14.483476562499995,9.548535131682383,0.5825480818748474,0.5805234909057617,0.5007385611534119,0.5034548044204712,-0.0409780454122913,-0.0495995880330877,0.3143739384534625,0.3100217263416121,0.4284265118564112,0.4287217397923875,0.1317844662571225,0.1214109451432564,0.0472993830648752,0.0389285493384367,0.8318833708763123,0.8156874775886536,22.839155197143555,22.866851806640625,0.4652815759181976,0.4654115438461304,22.653499603271484,22.660137176513672,0.6399619579315186,0.6729714870452881,0.5825480818748474,0.5805234909057617,,,0.8758755326271057,0.9809376001358032,0.8826919794082642,0.8750452995300293,0.984155774116516,0.8946572542190552,3.8780764174891176,3.191751760258425,10.805008388421474,9.954483392295591,0.5825480818748474,0.5805234909057617,0.19612545820116675,0.2710758276617083,-3.416643957138878,54.89\pm{3.18},54.89+-3.18
24,,aircraft,hivit_base_patch16_224_miil.in21k_fz,strong,84.27,35.63,2.42,37.2937,29.4029,29.4029,37.2937,0.8623701930046082,0.8528745174407959,-0.0399820094028593,0.5794739956056277,-0.0570998142914391,0.5070131591389765,0.2185738826942015,0.3613420418860335,0.2069027764865618,0.4108092605112588,0.2384979457271032,0.9455411835043288,0.2314639938528496,0.9451933974017468,0.0779316350605413,0.1180444266381766,0.0796607486023759,0.0863000087351502,0.0210485661354584,0.0562443705036854,0.0184660601728367,0.0351739003785751,13.242826461791992,13.26386547088623,0.5758021473884583,0.5785667300224304,13.732040405273438,13.762922286987305,0.7137245535850525,0.7300052642822266,0.7002573013305664,0.7206956148147583,,,0.6699905395507812,0.6598296761512756,15.317885398864746,15.317587852478027,0.6201743483543396,0.6208652257919312,14.048213005065918,14.0484037399292,0.5394291877746582,0.5564028024673462,0.3272563815116882,0.3371209502220154,,,0.9272948503494264,0.9793182611465454,0.9172936081886292,0.935833752155304,0.980726718902588,0.9221476316452026,0.8154808282852173,0.9728326797485352,0.9173091053962708,0.8260802030563354,0.9708585739135742,0.9250596761703492,1.773762668235079,1.5561348907649486,6.567298886551814,6.713011284722217,4.7397131023455685,2.9641045849025236,9.947603832799143,7.272501736111107,0.7002573013305664,0.7206956148147583,0.3272563815116882,0.3371209502220154,-0.0399820094028593,-0.0570998142914391,0.2185738826942015,0.2069027764865618,0.2384979457271032,0.2314639938528496,0.0779316350605413,0.0796607486023759,0.0210485661354584,0.0184660601728367,0.8623701930046082,0.8528745174407959,13.242826461791992,13.26386547088623,0.5758021473884583,0.5785667300224304,13.732040405273438,13.762922286987305,0.7137245535850525,0.7300052642822266,0.7002573013305664,0.7206956148147583,,,0.9272948503494264,0.9793182611465454,0.9172936081886292,0.935833752155304,0.980726718902588,0.9221476316452026,1.773762668235079,1.5561348907649486,6.567298886551814,6.713011284722217,0.7002573013305664,0.7206956148147583,-0.5913916888908858,-0.5196375094800179,-3.6954315217405562,35.63\pm{2.42},35.63+-2.42
24,,aircraft,hideit3_base_patch16_224.fb_in22k_ft_in1k_fz,strong,85.7,62.89,4.31,66.2466,51.9352,51.9352,66.2466,0.8111335039138794,0.7943703532218933,-0.0332230640128434,0.6156120427265962,-0.0194693609238162,0.5645150864865668,0.231437122489508,0.3385231681512217,0.2233304748138584,0.3734857181186142,0.3635400668856057,0.958409035054073,0.3588926674477866,0.957273796032556,0.0826697716346153,0.134620949074074,0.0797262622292103,0.0828649109014675,0.031908009487849,0.0447470576335222,0.026891660296692,0.0211561269730142,29.172897338867188,29.141742706298828,0.6493135094642639,0.6494184732437134,33.08243179321289,33.08730697631836,0.6513385772705078,0.6870049834251404,0.5339515209197998,0.5458143353462219,,,0.656015932559967,0.6471807360649109,31.957576751708984,31.8778076171875,0.6467446088790894,0.6459004878997803,34.040977478027344,33.9871826171875,0.5008624792098999,0.5280939936637878,0.3547530770301819,0.3638231456279754,,,0.8534794449806213,0.9879835247993468,0.8915294408798218,0.8533716201782227,0.9898412823677064,0.9040640592575072,0.8192518949508667,0.9854097962379456,0.9012417197227478,0.823760986328125,0.9863216876983644,0.9113651514053344,2.7345164131086594,2.3046152874265045,7.084799429086531,6.832540673043322,3.8348228391928525,1.8130800815873171,11.53701533564814,7.101522864255765,0.5339515209197998,0.5458143353462219,0.3547530770301819,0.3638231456279754,-0.0332230640128434,-0.0194693609238162,0.231437122489508,0.2233304748138584,0.3635400668856057,0.3588926674477866,0.0826697716346153,0.0797262622292103,0.031908009487849,0.026891660296692,0.8111335039138794,0.7943703532218933,29.172897338867188,29.141742706298828,0.6493135094642639,0.6494184732437134,33.08243179321289,33.08730697631836,0.6513385772705078,0.6870049834251404,0.5339515209197998,0.5458143353462219,,,0.8534794449806213,0.9879835247993468,0.8915294408798218,0.8533716201782227,0.9898412823677064,0.9040640592575072,2.7345164131086594,2.3046152874265045,7.084799429086531,6.832540673043322,0.5339515209197998,0.5458143353462219,0.5275983874548781,0.6743029898093877,-3.0992334481243513,62.89\pm{4.31},62.89+-4.31
24,,aircraft,hideit3_base_patch16_224.fb_in1k_fz,strong,83.79,57.23,4.51,60.396,45.9646,45.9646,60.396,0.8677628040313721,0.8442214131355286,-0.0757441346028572,0.6023715092871542,-0.0645257145717447,0.5426004864679421,0.0967543049886487,0.3437911614757819,0.0945195610496566,0.3874375572108803,0.1425853253877728,0.9568577615688684,0.1401298516863121,0.9566971424267564,0.0971053685897436,0.2007211538461538,0.0919658455625436,0.1094044811320754,0.0304468244982835,0.0521217913199693,0.0270256937112448,0.019806775563168,24.548263549804688,24.54997634887696,0.6341435313224792,0.6332362294197083,24.04093170166016,24.04833602905273,0.6373839974403381,0.6862034797668457,0.8210049271583557,0.8448854684829712,,,0.7128004431724548,0.6985975503921509,27.785688400268555,27.767765045166016,0.6246525645256042,0.6250503063201904,26.7509822845459,26.729698181152344,0.5757178664207458,0.6102548837661743,0.5248531699180603,0.5308094620704651,,,0.9713699221611024,0.9771808385849,0.8951666355133057,0.9716776609420776,0.98027503490448,0.9055756330490112,0.8870235681533813,0.95614093542099,0.9456194639205932,0.8946657180786133,0.960795521736145,0.9507337808609008,2.5511394247111747,2.264482876065202,8.136458834134617,7.705818199685528,4.367284894700228,1.659609724437847,16.81842548076923,9.1670014740566,0.8210049271583557,0.8448854684829712,0.5248531699180603,0.5308094620704651,-0.0757441346028572,-0.0645257145717447,0.0967543049886487,0.0945195610496566,0.1425853253877728,0.1401298516863121,0.0971053685897436,0.0919658455625436,0.0304468244982835,0.0270256937112448,0.8677628040313721,0.8442214131355286,24.548263549804688,24.54997634887696,0.6341435313224792,0.6332362294197083,24.04093170166016,24.04833602905273,0.6373839974403381,0.6862034797668457,0.8210049271583557,0.8448854684829712,,,0.9713699221611024,0.9771808385849,0.8951666355133057,0.9716776609420776,0.98027503490448,0.9055756330490112,2.5511394247111747,2.264482876065202,8.136458834134617,7.705818199685528,0.8210049271583557,0.8448854684829712,0.29127032074461023,0.4219927543219552,-3.0532758894640284,57.23\pm{4.51},57.23+-4.51
24,,aircraft,hivit_base_patch16_224.in1k_mocov3_fz,medium,83.2,57.37,3.96,59.886,47.2247,47.2247,59.886,0.8961269855499268,0.8770550489425659,-0.0224157434489003,0.5228098308800093,-0.0274719850879788,0.4311458565504385,0.1134718070587422,0.398155120761647,0.1122453280813008,0.462323283317643,0.1325015366875498,0.9369711490173648,0.1324389569795168,0.9346388822244156,0.1013816550925926,0.1677127849002849,0.0963683612858141,0.1228462395178197,0.0293768229774939,0.0643727225848497,0.0234581120546508,0.0371927957302369,8.820255279541016,8.84404182434082,0.5956567525863647,0.5975190997123718,8.557538032531738,8.573452949523926,0.6587470173835754,0.7032187581062317,0.8780660033226013,0.9065113067626952,,,0.8580936789512634,0.8310399055480957,9.077564239501951,9.096986770629885,0.5671602487564087,0.569043755531311,8.684186935424805,8.692338943481445,0.6732721924781799,0.7273334264755249,0.8167572617530823,0.8436291217803955,,,0.9901686906814576,0.9877514243125916,0.8774338960647583,0.993739128112793,0.9897005558013916,0.8932340145111084,0.9905810952186584,0.9781585931777954,0.934266984462738,0.9913498163223268,0.9830451607704164,0.9429054260253906,2.4441516717274925,1.9517149229469468,8.434953703703705,8.017847658979733,5.355810519059496,3.09444060475571,13.953703703703704,10.2208071278826,0.8780660033226013,0.9065113067626952,0.8167572617530823,0.8436291217803955,-0.0224157434489003,-0.0274719850879788,0.1134718070587422,0.1122453280813008,0.1325015366875498,0.1324389569795168,0.1013816550925926,0.0963683612858141,0.0293768229774939,0.0234581120546508,0.8961269855499268,0.8770550489425659,8.820255279541016,8.84404182434082,0.5956567525863647,0.5975190997123718,8.557538032531738,8.573452949523926,0.6587470173835754,0.7032187581062317,0.8780660033226013,0.9065113067626952,,,0.9901686906814576,0.9877514243125916,0.8774338960647583,0.993739128112793,0.9897005558013916,0.8932340145111084,2.4441516717274925,1.9517149229469468,8.434953703703705,8.017847658979733,0.8780660033226013,0.9065113067626952,0.29691176868374586,0.4007173543686496,-3.1892409955516476,57.37\pm{3.96},57.37+-3.96
24,,aircraft,hivit_base_patch16_224.dino_fz,medium,82.8,67.17,3.06,69.2469,59.1359,59.1359,69.2469,0.9011822938919068,0.8833465576171875,-0.0298069251887461,0.6184499355315224,-0.0327101113401175,0.543437829100059,0.2908345907778479,0.3378417153583999,0.2830349646614478,0.3934045938378531,0.3336971239416822,0.9600682082434856,0.3335937217092389,0.95828933512641,0.1553054331374644,0.2080286792200854,0.1368836259608665,0.1102976502445842,0.0393674045992203,0.0678107326324933,0.0293933571134723,0.0310096867241949,72.74507141113281,72.95295715332031,0.622918963432312,0.6235924959182739,64.17193603515625,64.30653381347656,0.6948323845863342,0.7325263619422913,0.8884533047676086,0.9072256684303284,,,0.7811325192451477,0.7741879224777222,56.915672302246094,56.98974609375,0.5076630115509033,0.5090326070785522,61.7171630859375,61.75200653076172,0.5915016531944275,0.6234714984893799,0.7287576198577881,0.7173076868057251,,,0.9926040768623352,0.9788710474967957,0.8950643539428711,0.9934154152870178,0.9824360013008118,0.9076811075210572,0.9679893851280212,0.9593601822853088,0.916932225227356,0.9659829139709472,0.9605731964111328,0.9276703596115112,3.2596211008154405,2.4337699689955063,12.85928986378205,11.333964229559747,5.614728661970446,2.567602060763338,17.22477463942307,9.13264544025157,0.8884533047676086,0.9072256684303284,0.7287576198577881,0.7173076868057251,-0.0298069251887461,-0.0327101113401175,0.2908345907778479,0.2830349646614478,0.3336971239416822,0.3335937217092389,0.1553054331374644,0.1368836259608665,0.0393674045992203,0.0293933571134723,0.9011822938919068,0.8833465576171875,72.74507141113281,72.95295715332031,0.622918963432312,0.6235924959182739,64.17193603515625,64.30653381347656,0.6948323845863342,0.7325263619422913,0.8884533047676086,0.9072256684303284,,,0.9926040768623352,0.9788710474967957,0.8950643539428711,0.9934154152870178,0.9824360013008118,0.9076811075210572,3.2596211008154405,2.4337699689955063,12.85928986378205,11.333964229559747,0.8884533047676086,0.9072256684303284,0.715916184699365,0.8116875765431226,-3.4562475091929503,67.17\pm{3.06},67.17+-3.06
24,,aircraft,hivit_base_patch16_clip_224.laion2b_fz,medium,85.47,69.17,2.0,70.9271,64.2364,64.2364,70.9271,0.8595055341720581,0.8395462036132812,0.0537328318008181,0.5822574316516902,0.0555720969331914,0.48052851334676,0.2717453609501729,0.2349637637556298,0.2695485242791504,0.2902792301878161,0.3910299189340198,0.7168922422895425,0.3894371719520338,0.7120646835826177,0.1113990718482906,0.1565991697827635,0.1008418501048218,0.1005524982529699,0.0331312007724474,0.0673291692749048,0.0296454214075076,0.0377421261004681,62.16567993164063,62.299949645996094,0.6266566514968872,0.6277371644973755,58.2520751953125,58.37960052490234,0.6725378632545471,0.6879881620407104,0.8282999396324158,0.8466764688491821,,,0.7995827794075012,0.7825027704238892,61.760215759277344,61.64637756347656,0.6179674863815308,0.6181501150131226,64.81361389160156,64.81047821044922,0.5703251361846924,0.5958203673362732,0.6256524920463562,0.6495168209075928,,,0.9699786901474,0.9804243445396424,0.8385920524597168,0.9707099199295044,0.9843227863311768,0.8472270369529724,0.9110533595085144,0.9804476499557496,0.8894385099411011,0.9173529744148254,0.9840814471244812,0.8972607851028442,2.831723730021079,2.5337941676996745,9.521278670873398,8.61895292845912,5.754624097926113,3.2258195178070084,13.384531041332796,8.594222025681336,0.8282999396324158,0.8466764688491821,0.6256524920463562,0.6495168209075928,0.0537328318008181,0.0555720969331914,0.2717453609501729,0.2695485242791504,0.3910299189340198,0.3894371719520338,0.1113990718482906,0.1008418501048218,0.0331312007724474,0.0296454214075076,0.8595055341720581,0.8395462036132812,62.16567993164063,62.299949645996094,0.6266566514968872,0.6277371644973755,58.2520751953125,58.37960052490234,0.6725378632545471,0.6879881620407104,0.8282999396324158,0.8466764688491821,,,0.9699786901474,0.9804243445396424,0.8385920524597168,0.9707099199295044,0.9843227863311768,0.8472270369529724,2.831723730021079,2.5337941676996745,9.521278670873398,8.61895292845912,0.8282999396324158,0.8466764688491821,0.8081695059168,0.8918461202011206,-3.889851480851105,69.17\pm{2.0},69.17+-2.0
24,,aircraft,hivit_base_patch16_siglip_224.v2_webli_fz,medium,79.2,38.33,1.59,39.3039,34.2934,34.2934,39.3039,0.8342464566230774,0.8274514675140381,-0.0387834743879266,0.622160056926322,-0.0539730855718772,0.5778730319578245,0.2231529217313783,0.3493550846711653,0.2137080541563896,0.3838563965330992,0.2391499278355376,0.9669998103862022,0.2331523923286747,0.9665495098206136,0.2442985165153134,0.1870186743233617,0.2344104865478686,0.1716306887665968,0.0246466142722429,0.0441814272736127,0.0248316813190028,0.0375632179795571,82.31655883789062,82.00126647949219,0.5695326328277588,0.5696879625320435,87.93669128417969,87.85896301269531,0.554495096206665,0.578490674495697,0.8062923550605774,0.809614360332489,,,0.5990819931030273,0.573051929473877,91.49071502685548,91.38396453857422,0.6337404251098633,0.6353185176849365,98.04000091552734,98.02254486083984,0.415535420179367,0.4460086524486542,0.3553469479084015,0.4017916619777679,,,0.9800727367401124,0.9682819843292236,0.8405748605728149,0.9793455600738524,0.9692955017089844,0.8460307121276855,0.8364460468292236,0.9603549242019652,0.8812873959541321,0.8593964576721191,0.948448121547699,0.8996434807777405,1.9520118503616377,1.966669160465022,19.348442508012823,18.565310534591195,3.4991690400701256,2.9750068639809224,14.811879006410246,13.593150550314466,0.8062923550605774,0.809614360332489,0.3553469479084015,0.4017916619777679,-0.0387834743879266,-0.0539730855718772,0.2231529217313783,0.2137080541563896,0.2391499278355376,0.2331523923286747,0.2442985165153134,0.2344104865478686,0.0246466142722429,0.0248316813190028,0.8342464566230774,0.8274514675140381,82.31655883789062,82.00126647949219,0.5695326328277588,0.5696879625320435,87.93669128417969,87.85896301269531,0.554495096206665,0.578490674495697,0.8062923550605774,0.809614360332489,,,0.9800727367401124,0.9682819843292236,0.8405748605728149,0.9793455600738524,0.9692955017089844,0.8460307121276855,1.9520118503616377,1.966669160465022,19.348442508012823,18.565310534591195,0.8062923550605774,0.809614360332489,-0.4757415463417963,-0.4345556949966379,-4.12495612038376,38.33\pm{1.59},38.33+-1.59
24,,aircraft,hivit_base_patch16_224.mae_fz,weak,83.6,33.34,7.42,42.0342,18.0318,18.0318,42.0342,0.8881218433380127,0.8680473566055298,-0.1075354430696044,0.5698911125668057,-0.0844919877487882,0.4322521171006209,0.0553302686352674,0.3477053331667833,0.0542703202675248,0.4440359243013624,0.0578548287615759,0.95929711958036,0.0581219156934669,0.9554263879990008,0.0710219684829059,0.1914535478988604,0.0741357660726764,0.1281408324598183,0.0178309239638157,0.061938997119283,0.0159478683329228,0.0326866411000677,11.94702434539795,11.972784042358398,0.5420602560043335,0.5427629947662354,11.06549072265625,11.083778381347656,0.6746780872344971,0.7033029794692993,0.8863528966903687,0.9027002453804016,,,0.5412130951881409,0.5199148654937744,16.527759552001953,16.404991149902344,0.5976978540420532,0.597836971282959,18.210844039916992,18.2096004486084,0.4913402795791626,0.506616473197937,0.3839164972305298,0.4064072370529175,,,0.9872509241104126,0.9786953926086426,0.868858814239502,0.9888931512832642,0.982729196548462,0.8782972097396851,0.9007021188735962,0.8513888716697693,0.9235454797744752,0.907246470451355,0.8583072423934937,0.9283687472343444,1.4906652433749923,1.333241792632346,5.937436565170933,6.197750043675747,5.178100159172058,2.7326031959656594,16.005516604344727,10.71257359364081,0.8863528966903687,0.9027002453804016,0.3839164972305298,0.4064072370529175,-0.1075354430696044,-0.0844919877487882,0.0553302686352674,0.0542703202675248,0.0578548287615759,0.0581219156934669,0.0710219684829059,0.0741357660726764,0.0178309239638157,0.0159478683329228,0.8881218433380127,0.8680473566055298,11.94702434539795,11.972784042358398,0.5420602560043335,0.5427629947662354,11.06549072265625,11.083778381347656,0.6746780872344971,0.7033029794692993,0.8863528966903687,0.9027002453804016,,,0.9872509241104126,0.9786953926086426,0.868858814239502,0.9888931512832642,0.982729196548462,0.8782972097396851,1.4906652433749923,1.333241792632346,5.937436565170933,6.197750043675747,0.8863528966903687,0.9027002453804016,-0.6927419079305639,-0.32136960881211885,-2.5245952073933586,33.34\pm{7.42},33.34+-7.42
24,,aircraft,hiresnet50.tv_in1k_fz,weak,76.13,53.47,2.69,55.2655,46.3846,46.3846,55.2655,0.7375680208206177,0.7154243588447571,-0.0098519584588927,0.583561771295,-0.010700075806884,0.5072351093503039,0.1332954487383411,0.3691418595513466,0.1272703443357263,0.4271902951294603,0.1497642666361357,0.9567395705362732,0.1468648724414407,0.9531806242875268,0.0806655231704059,0.0775595118856837,0.0809617400419287,0.0750999082809224,0.0108684278093278,0.0367382572820553,0.0098710344788038,0.0192896254220098,0.970773994922638,0.9718973636627196,0.4813666939735412,0.4782379269599914,1.211902141571045,1.212928295135498,0.3735834062099457,0.4070185124874115,0.7686151266098022,0.7866512537002563,0.5720602869987488,0.6041543483734131,0.6662830114364624,0.6445803046226501,0.9540547728538512,0.9536717534065248,0.4663282036781311,0.4643846750259399,1.187822699546814,1.1882425546646118,0.3655356168746948,0.4014266431331634,0.7091825008392334,0.7333362698554993,0.4045885503292084,0.4156056046485901,0.8315327763557434,0.923111855983734,0.6894751191139221,0.8560768961906433,0.9286285638809204,0.7117412090301514,0.8383532166481018,0.9050448536872864,0.6890948414802551,0.8436405658721924,0.9140020608901978,0.7100328207015991,0.8274134091241253,0.7514818548713332,6.141066278963001,6.163617269392032,2.7968835268828696,1.468519183377606,5.9046056398571,5.7173560174266225,0.5720602869987488,0.6041543483734131,0.4045885503292084,0.4156056046485901,-0.0098519584588927,-0.010700075806884,0.1332954487383411,0.1272703443357263,0.1497642666361357,0.1468648724414407,0.0806655231704059,0.0809617400419287,0.0108684278093278,0.0098710344788038,0.7375680208206177,0.7154243588447571,0.970773994922638,0.9718973636627196,0.4813666939735412,0.4782379269599914,1.211902141571045,1.212928295135498,0.3735834062099457,0.4070185124874115,0.7686151266098022,0.7866512537002563,0.5720602869987488,0.6041543483734131,0.8315327763557434,0.923111855983734,0.6894751191139221,0.8560768961906433,0.9286285638809204,0.7117412090301514,0.8274134091241253,0.7514818548713332,6.141066278963001,6.163617269392032,0.5720602869987488,0.6041543483734131,0.13907774454842123,0.21140382803318022,-3.5885466339768857,53.47\pm{2.69},53.47+-2.69
24,,aircraft,hiresnet50.tv2_in1k_fz,strong,80.85,48.16,2.03,49.655,42.7543,42.7543,49.655,0.7265939712524414,0.7095609307289124,-0.0604839082300966,0.5109111632670663,-0.0500213463109001,0.4425994865713109,0.1759362393741423,0.4235273426602072,0.16770007002266,0.47535419756675,0.2060441066477605,0.9352818139436184,0.2004324054091565,0.9338680311593678,0.0713067992120726,0.0709656283386752,0.0742572392557651,0.0740013266509433,0.0109959168789478,0.0222264454843333,0.0099875673932849,0.0175224154625298,7.555711269378662,7.557337760925293,0.4928819537162781,0.4904702603816986,15.082313537597656,15.087594032287598,0.1961820274591446,0.2310206741094589,0.7804050445556641,0.793808102607727,0.5422126054763794,0.5159334540367126,0.7381631135940552,0.7346804141998291,8.9796142578125,8.964166641235352,0.3604262471199035,0.3609161376953125,15.716341018676758,15.71440887451172,0.1391676515340805,0.1731806546449661,0.6934565305709839,0.7011550664901733,0.67960125207901,0.6839341521263123,0.8555685877799988,0.8964336514472961,0.6683610677719116,0.8478720188140869,0.9105473160743712,0.6921963691711426,0.9032623767852784,0.9883878231048584,0.6619836688041687,0.9046922326087952,0.9870964288711548,0.6763918995857239,0.8890198796629295,0.8074948237470841,5.7651547162960695,6.003697793828608,1.7970081174083472,1.416687290145534,5.73757105118189,5.983007259728766,0.5422126054763794,0.5159334540367126,0.67960125207901,0.6839341521263123,-0.0604839082300966,-0.0500213463109001,0.1759362393741423,0.16770007002266,0.2060441066477605,0.2004324054091565,0.0713067992120726,0.0742572392557651,0.0109959168789478,0.0099875673932849,0.7265939712524414,0.7095609307289124,7.555711269378662,7.557337760925293,0.4928819537162781,0.4904702603816986,15.082313537597656,15.087594032287598,0.1961820274591446,0.2310206741094589,0.7804050445556641,0.793808102607727,0.5422126054763794,0.5159334540367126,0.8555685877799988,0.8964336514472961,0.6683610677719116,0.8478720188140869,0.9105473160743712,0.6921963691711426,0.8890198796629295,0.8074948237470841,5.7651547162960695,6.003697793828608,0.5422126054763794,0.5159334540367126,-0.0734798437252635,-0.013800219012256315,-3.8771811313716094,48.16\pm{2.03},48.16+-2.03
24,,aircraft,hiresnet50.gluon_in1k_fz,medium,77.58,50.86,2.0,52.2652,45.5146,45.5146,52.2652,0.71262526512146,0.6894676089286804,-0.0282339433705024,0.5371453229817544,-0.0338071982354053,0.4655251619349785,0.2998519399636741,0.4008648763974451,0.2884563800597302,0.4550505704554093,0.3311405823182496,0.940685149100356,0.3237579392229112,0.937730543930898,0.0748551849626068,0.0730752537393162,0.0766693691037735,0.0745827600890985,0.0130233761066427,0.034682152649531,0.0114322859301881,0.0222616649742396,4.388266563415527,4.389727115631104,0.4849625825881958,0.4826570153236389,6.688648223876953,6.692361354827881,0.1904955953359604,0.228649377822876,0.7752971649169922,0.8000763058662415,0.4556349217891693,0.4558164179325104,0.6797206401824951,0.6526134014129639,4.635527610778809,4.625033378601074,0.4481096267700195,0.4469950199127197,6.642224311828613,6.637513637542725,0.278141587972641,0.3193307220935821,0.728713870048523,0.7591789364814758,0.4434370398521423,0.4805968105792999,0.8110382556915283,0.8769450187683105,0.6860975027084351,0.8118252754211426,0.8911283612251282,0.70440673828125,0.8080538511276245,0.9010621905326844,0.6859719753265381,0.8289134502410889,0.9101998805999756,0.7106396555900574,1.0103535183533405,0.8869167424639928,5.807265249399036,5.948009655070749,2.690641402550615,1.727059968701508,5.6691781850961505,5.786130527712261,0.4556349217891693,0.4558164179325104,0.4434370398521423,0.4805968105792999,-0.0282339433705024,-0.0338071982354053,0.2998519399636741,0.2884563800597302,0.3311405823182496,0.3237579392229112,0.0748551849626068,0.0766693691037735,0.0130233761066427,0.0114322859301881,0.71262526512146,0.6894676089286804,4.388266563415527,4.389727115631104,0.4849625825881958,0.4826570153236389,6.688648223876953,6.692361354827881,0.1904955953359604,0.228649377822876,0.7752971649169922,0.8000763058662415,0.4556349217891693,0.4558164179325104,0.8110382556915283,0.8769450187683105,0.6860975027084351,0.8118252754211426,0.8911283612251282,0.70440673828125,1.0103535183533405,0.8869167424639928,5.807265249399036,5.948009655070749,0.4556349217891693,0.4558164179325104,0.0343269703422662,0.09067006598660748,-3.8906956626274303,50.86\pm{2.0},50.86+-2.0
24,,aircraft,hiresnet50.a1_in1k_fz,strong,80.38,45.63,3.16,47.4347,36.9037,36.9037,47.4347,0.7238094806671143,0.7058530449867249,-0.039912033678255,0.4671064290907509,-0.0512463939870867,0.3971657217095937,0.0627680944248307,0.076183823882856,0.0608603479857843,0.0829858025917245,0.0739654043690387,0.1621548430279404,0.0734368236096102,0.1593279623529258,0.0705670739850427,0.0707507011217948,0.0737556505503144,0.074069297038784,0.0111778076881399,0.0097886656697552,0.0099843839570036,0.0094981418465668,8.581119537353516,8.595128059387207,0.4882004261016845,0.4869864583015442,21.39661026000977,21.412391662597656,0.2030961960554123,0.2363890111446381,0.7846850156784058,0.8033939003944397,0.573844313621521,0.5520505309104919,0.5798765420913696,0.5651839375495911,10.344664573669434,10.327350616455078,0.3911025524139404,0.3897949457168579,22.52152633666992,22.51728057861328,0.170055404305458,0.1969357430934906,0.7042422890663147,0.7163898348808289,0.2180458158254623,0.2356720119714737,0.8639334440231323,0.8871986269950867,0.6737319827079773,0.8577215671539307,0.9039629101753236,0.6893508434295654,0.7121410965919495,0.8574022054672241,0.638258159160614,0.7328085899353027,0.8535733222961426,0.658548891544342,0.8984721819726852,0.8025447824639493,5.672181406917732,5.9284791912342705,0.7868129465349228,0.7634606416270393,5.686941356169865,5.953690095977457,0.573844313621521,0.5520505309104919,0.2180458158254623,0.2356720119714737,-0.039912033678255,-0.0512463939870867,0.0627680944248307,0.0608603479857843,0.0739654043690387,0.0734368236096102,0.0705670739850427,0.0737556505503144,0.0111778076881399,0.0099843839570036,0.7238094806671143,0.7058530449867249,8.581119537353516,8.595128059387207,0.4882004261016845,0.4869864583015442,21.39661026000977,21.412391662597656,0.2030961960554123,0.2363890111446381,0.7846850156784058,0.8033939003944397,0.573844313621521,0.5520505309104919,0.8639334440231323,0.8871986269950867,0.6737319827079773,0.8577215671539307,0.9039629101753236,0.6893508434295654,0.8984721819726852,0.8025447824639493,5.672181406917732,5.9284791912342705,0.573844313621521,0.5520505309104919,-0.17542610470530634,-0.10270217785027601,-3.421673920357072,45.63\pm{3.16},45.63+-3.16
24,,aircraft,hiresnet50.in21k_miil_fz,strong,82.0,57.36,2.39,58.9259,50.9151,50.9151,58.9259,0.8719392418861389,0.8701015710830688,-0.0508990679119758,0.495588764316852,-0.0906953493377073,0.4271097568031781,0.2208034643666844,0.1753067858835275,0.2133411888229232,0.1916389141789505,0.2268835883681083,0.4011193131612136,0.2229855162232683,0.3950550271449091,0.0730126535790598,0.0705608139690171,0.0760256977201258,0.0738289439203354,0.0005913619668437,0.0148006268562032,0.0008516951270823,0.0112778166273854,42.20716857910156,41.71343231201172,0.2417552769184112,0.2427864968776703,41.37910079956055,41.11963653564453,0.5009368062019348,0.5061147809028625,0.8840898871421814,0.877788245677948,0.9118986129760742,0.9126988649368286,0.6279323697090149,0.6156154870986938,5.9652204513549805,5.9640045166015625,0.4149280786514282,0.4149985909461975,13.019827842712402,13.024325370788574,0.15438774228096,0.185184508562088,0.7110888361930847,0.7192944288253784,0.3621519207954407,0.3800168335437774,0.9514977931976318,0.9554009437561036,0.8318850994110107,0.9495446085929872,0.953002154827118,0.8361058235168457,0.7915687561035156,0.8966560363769531,0.6716621518135071,0.8066542744636536,0.902702808380127,0.6848624348640442,0.048491681281183405,0.0698390004207486,5.987037593482904,6.234107213050315,1.2136514022086624,0.9247809634456028,5.785986745459402,6.053973401467503,0.9118986129760742,0.9126988649368286,0.3621519207954407,0.3800168335437774,-0.0508990679119758,-0.0906953493377073,0.2208034643666844,0.2133411888229232,0.2268835883681083,0.2229855162232683,0.0730126535790598,0.0760256977201258,0.0005913619668437,0.0008516951270823,0.8719392418861389,0.8701015710830688,42.20716857910156,41.71343231201172,0.2417552769184112,0.2427864968776703,41.37910079956055,41.11963653564453,0.5009368062019348,0.5061147809028625,0.8840898871421814,0.877788245677948,0.9118986129760742,0.9126988649368286,0.9514977931976318,0.9554009437561036,0.8318850994110107,0.9495446085929872,0.953002154827118,0.8361058235168457,0.048491681281183405,0.0698390004207486,5.987037593482904,6.234107213050315,0.9118986129760742,0.9126988649368286,0.29654337724722246,0.360902969813385,-3.7094533135176055,57.36\pm{2.39},57.36+-2.39
24,,aircraft,hiresnet50.fb_swsl_ig1b_ft_in1k_fz,weak,81.18,61.97,2.39,63.3663,55.4455,55.4455,63.3663,0.7722455263137817,0.7523627877235413,-0.0010216163564823,0.545241644958834,-0.0038126384427603,0.4742664595829413,0.2671811474496127,0.3917152819014757,0.2538993595592566,0.4452713622983043,0.2932810087373367,0.935141003480299,0.2834962562866156,0.9303482607782454,0.0713589660122863,0.0709750183627136,0.0743980935534591,0.0738559682914046,0.007187405314583,0.0253461717198101,0.0065206637922322,0.0172544743795439,7.016519546508789,7.01662015914917,0.4691336452960968,0.4677802324295044,13.23891830444336,13.239832878112791,0.2015826255083084,0.2228323072195053,0.83243328332901,0.8477339148521423,0.6733675003051758,0.7181857824325562,0.6745760440826416,0.6511990427970886,7.335277557373047,7.320436477661133,0.4378505051136017,0.4387141466140747,13.404769897460938,13.398942947387695,0.3050685226917267,0.3421726822853088,0.7233479619026184,0.7511857151985168,0.4868141114711761,0.5069602727890015,0.8891004920005798,0.9438318610191344,0.7075991630554199,0.908733069896698,0.9451120495796204,0.7242085933685303,0.8176905512809753,0.878767728805542,0.7016077637672424,0.8309664130210876,0.8911846876144409,0.7193233370780945,0.5834735634378481,0.52934748665341,5.792920860877403,6.03963723466981,2.0576022202141844,1.4007182301313739,5.76175199068509,5.995627505896226,0.6733675003051758,0.7181857824325562,0.4868141114711761,0.5069602727890015,-0.0010216163564823,-0.0038126384427603,0.2671811474496127,0.2538993595592566,0.2932810087373367,0.2834962562866156,0.0713589660122863,0.0743980935534591,0.007187405314583,0.0065206637922322,0.7722455263137817,0.7523627877235413,7.016519546508789,7.01662015914917,0.4691336452960968,0.4677802324295044,13.23891830444336,13.239832878112791,0.2015826255083084,0.2228323072195053,0.83243328332901,0.8477339148521423,0.6733675003051758,0.7181857824325562,0.8891004920005798,0.9438318610191344,0.7075991630554199,0.908733069896698,0.9451120495796204,0.7242085933685303,0.5834735634378481,0.52934748665341,5.792920860877403,6.03963723466981,0.6733675003051758,0.7181857824325562,0.4884524440192658,0.5479635925907802,-3.7091733884333866,61.97\pm{2.39},61.97+-2.39
24,,aircraft,hiresnet50.fb_ssl_yfcc100m_ft_in1k_fz,weak,79.22,59.29,2.46,60.9361,52.6253,52.6253,60.9361,0.7575060129165649,0.7411988377571106,-0.0171099774136269,0.5415768317417949,-0.0283854143295058,0.4705967981988946,0.2298783314791255,0.3958392630331053,0.2217879447915784,0.4506680254805849,0.2517384260832396,0.9366220042529404,0.2457055775083969,0.9305717338749584,0.0739088792067307,0.0722812750400641,0.076104314072327,0.0739890428459119,0.0076939768802661,0.0301448175182136,0.006910493421667,0.0188798713234235,5.934673309326172,5.926015853881836,0.4488839209079742,0.447681576013565,10.164119720458984,10.15911102294922,0.2139052450656891,0.2320791035890579,0.825839102268219,0.8356311321258545,0.6763226985931396,0.7118222713470459,0.6630653142929077,0.6381195783615112,6.124790668487549,6.10954475402832,0.4350588917732239,0.4359232187271118,10.17063808441162,10.162025451660156,0.2672986388206482,0.3067265748977661,0.7312195897102356,0.7557290196418762,0.4427096247673034,0.4607439935207367,0.854308009147644,0.970570743083954,0.69471275806427,0.8756275177001953,0.9737404584884644,0.7122565507888794,0.7958549857139587,0.891476035118103,0.6797400712966919,0.8092381954193115,0.8997406959533691,0.7016770243644714,0.6095168484546805,0.5474492888644598,5.855061410757206,6.028983760809744,2.3880724437928813,1.4956634062416096,5.726122608673878,5.861411974253141,0.6763226985931396,0.7118222713470459,0.4427096247673034,0.4607439935207367,-0.0171099774136269,-0.0283854143295058,0.2298783314791255,0.2217879447915784,0.2517384260832396,0.2457055775083969,0.0739088792067307,0.076104314072327,0.0076939768802661,0.006910493421667,0.7575060129165649,0.7411988377571106,5.934673309326172,5.926015853881836,0.4488839209079742,0.447681576013565,10.164119720458984,10.15911102294922,0.2139052450656891,0.2320791035890579,0.825839102268219,0.8356311321258545,0.6763226985931396,0.7118222713470459,0.854308009147644,0.970570743083954,0.69471275806427,0.8756275177001953,0.9737404584884644,0.7122565507888794,0.6095168484546805,0.5474492888644598,5.855061410757206,6.028983760809744,0.6763226985931396,0.7118222713470459,0.3759225650303344,0.44462700728079424,-3.6804178855907175,59.29\pm{2.46},59.29+-2.46
24,,aircraft,hiresnet50.in1k_mocov3_fz,medium,74.6,59.29,1.97,60.7861,54.1254,54.1254,60.7861,0.7440775632858276,0.7132874131202698,-0.0062094365341705,0.4860022910148597,-0.0048260373184019,0.4219132677733591,0.0907570188068392,0.1847428912234453,0.0897997703124756,0.198473241013163,0.1038704464919024,0.4175266635238422,0.1043728772154716,0.4031101255534451,0.0718994140625,0.0706766242654914,0.0747903563941299,0.0738191168763102,0.0111316728692215,0.0273609810795348,0.0098512807404095,0.021245436496892,7.442183971405029,7.455620765686035,0.4903493523597718,0.4905312359333038,14.106913566589355,14.120306015014648,0.1947452872991562,0.2368672788143158,0.7132689356803894,0.7728328108787537,0.6440967321395874,0.6867660880088806,0.6193503737449646,0.5881098508834839,7.670035839080811,7.653834819793701,0.4345258176326752,0.4512680768966675,14.15919589996338,14.153627395629885,0.2008322775363922,0.226491168141365,0.6757325530052185,0.7118238806724548,0.5179262161254883,0.5456272959709167,0.8687511682510376,0.85611891746521,0.6874375939369202,0.8914915919303894,0.8713409304618835,0.7015941143035889,0.8174030780792236,0.7720162272453308,0.590941846370697,0.8522500395774841,0.7984524369239807,0.6186059713363647,0.8304227960439239,0.7349055432345486,5.363696289062499,5.57936058700209,2.041129188533296,1.584909562668143,5.272476170205658,5.50690611897274,0.6440967321395874,0.6867660880088806,0.5179262161254883,0.5456272959709167,-0.0062094365341705,-0.0048260373184019,0.0907570188068392,0.0897997703124756,0.1038704464919024,0.1043728772154716,0.0718994140625,0.0747903563941299,0.0111316728692215,0.0098512807404095,0.7440775632858276,0.7132874131202698,7.442183971405029,7.455620765686035,0.4903493523597718,0.4905312359333038,14.106913566589355,14.120306015014648,0.1947452872991562,0.2368672788143158,0.7132689356803894,0.7728328108787537,0.6440967321395874,0.6867660880088806,0.8687511682510376,0.85611891746521,0.6874375939369202,0.8914915919303894,0.8713409304618835,0.7015941143035889,0.8304227960439239,0.7349055432345486,5.363696289062499,5.57936058700209,0.6440967321395874,0.6867660880088806,0.37592339362836974,0.4383298686335698,-3.9074503729214998,59.29\pm{1.97},59.29+-1.97
24,,aircraft,hiresnet50.in1k_supcon_fz,strong,79.1,55.03,2.38,56.7057,48.6649,48.6649,56.7057,0.8016236424446106,0.7826499938964844,-0.0358249957162676,0.5585041234809177,-0.0502304900933288,0.4830322796421938,0.0058294772639944,0.3754210920761559,0.0057817131778753,0.4308980568650622,0.0077687210606809,0.9271945195535,0.0077664988123625,0.9212770265333208,0.0740392962072649,0.0721352079994658,0.0761174167976939,0.0743227528825995,0.0095725777344061,0.0314725106940246,0.0089578897744979,0.0211791078437049,0.601360559463501,0.6022964119911194,0.4930995404720306,0.4918204247951507,0.9621939063072203,0.9632158279418944,0.5548921227455139,0.5830362439155579,0.8410440683364868,0.858956515789032,0.4512899219989776,0.4471499025821686,0.6734289526939392,0.6396392583847046,0.8003217577934265,0.7986456155776978,0.4639223217964173,0.4627416729927063,1.2355687618255615,1.2347402572631836,0.4255656003952026,0.4621251523494721,0.6715500950813293,0.7078741788864136,0.4542451798915863,0.4962467551231384,0.811214029788971,0.9629321098327636,0.8380905985832214,0.8229586482048035,0.9675759673118592,0.853577196598053,0.8262906670570374,0.8653426170349121,0.7462945580482483,0.8546390533447266,0.8860594034194946,0.7678735256195068,0.7571908987915225,0.7085690811627838,5.856508329994654,6.020887668697587,2.4894755958973454,1.6752674304370574,5.705894952757744,5.87892975301362,0.4512899219989776,0.4471499025821686,0.4542451798915863,0.4962467551231384,-0.0358249957162676,-0.0502304900933288,0.0058294772639944,0.0057817131778753,0.0077687210606809,0.0077664988123625,0.0740392962072649,0.0761174167976939,0.0095725777344061,0.0089578897744979,0.8016236424446106,0.7826499938964844,0.601360559463501,0.6022964119911194,0.4930995404720306,0.4918204247951507,0.9621939063072203,0.9632158279418944,0.5548921227455139,0.5830362439155579,0.8410440683364868,0.858956515789032,0.4512899219989776,0.4471499025821686,0.811214029788971,0.9629321098327636,0.8380905985832214,0.8229586482048035,0.9675759673118592,0.853577196598053,0.7571908987915225,0.7085690811627838,5.856508329994654,6.020887668697587,0.4512899219989776,0.4471499025821686,0.20182268113118054,0.26985374816121266,-3.714671020613448,55.03\pm{2.38},55.03+-2.38
24,,aircraft,hiresnet50.in1k_swav_fz,strong,75.3,51.28,3.44,53.1953,42.0342,42.0342,53.1953,0.7847186923027039,0.7667604088783264,-0.0108274854539759,0.4794269161506972,-0.0338383834106744,0.3959136566562033,0.0886089191813247,0.2460708529981416,0.0873832603431245,0.2772888921575891,0.0963067050401181,0.5552751757239275,0.0966698674154544,0.5439450672636303,0.073078383747329,0.0722291082398504,0.075631797038784,0.0745377194706498,0.0111321423990795,0.0231260646206255,0.0101122191210962,0.0206550129179684,4.626498699188232,4.633462905883789,0.5059158205986023,0.5040510892868042,8.761152267456055,8.770000457763672,0.5076945424079895,0.5460731983184814,0.7818456292152405,0.8008372187614441,0.753975510597229,0.7698382139205933,0.7140145897865295,0.7228518128395081,5.269259452819824,5.245073795318604,0.39894899725914,0.4051843285560608,9.135608673095703,9.128010749816896,0.26810422539711,0.2994572520256042,0.8044152855873108,0.792059063911438,0.7660053372383118,0.7367409467697144,0.8726985454559326,0.8991149663925171,0.7610527276992798,0.8798661828041077,0.908460021018982,0.775825023651123,0.974492371082306,0.9548296928405762,0.7161612510681152,0.9593226313591005,0.9436753988265992,0.7430645823478699,0.8382503226506863,0.7614500998185438,5.502802296173874,5.695074317020436,1.7413926659331,1.5553224727230204,5.438851850460735,5.612690276139929,0.753975510597229,0.7698382139205933,0.7660053372383118,0.7367409467697144,-0.0108274854539759,-0.0338383834106744,0.0886089191813247,0.0873832603431245,0.0963067050401181,0.0966698674154544,0.073078383747329,0.075631797038784,0.0111321423990795,0.0101122191210962,0.7847186923027039,0.7667604088783264,4.626498699188232,4.633462905883789,0.5059158205986023,0.5040510892868042,8.761152267456055,8.770000457763672,0.5076945424079895,0.5460731983184814,0.7818456292152405,0.8008372187614441,0.753975510597229,0.7698382139205933,0.8726985454559326,0.8991149663925171,0.7610527276992798,0.8798661828041077,0.908460021018982,0.775825023651123,0.8382503226506863,0.7614500998185438,5.502802296173874,5.695074317020436,0.753975510597229,0.7698382139205933,0.05101666220898952,0.12798642134867166,-3.3356838327693006,51.28\pm{3.44},51.28+-3.44
24,,aircraft,hiresnet50.in1k_spark_fz,medium,80.6,29.6,3.36,32.5233,21.7522,21.7522,32.5233,0.7487069368362427,0.7332032918930054,-0.0454897218081279,0.4672755436156316,-0.045030458529481,0.3774863155409398,0.0288113936265535,0.190743386388609,0.0279283065230591,0.2147253458999517,0.0305784762825413,0.4161351082235383,0.0303314802949544,0.4078732299787654,0.0703625801282051,0.070335453392094,0.0736553328092243,0.0736184813941299,0.007245358867714,0.0195029049467008,0.0068804739781145,0.0131748412858765,6.6142425537109375,6.619336128234863,0.4559781849384308,0.45197394490242,24.2421932220459,24.24526596069336,0.2111191153526306,0.2472533881664276,0.7943950891494751,0.8091297149658203,0.7151782512664795,0.7391358613967896,0.5636765956878662,0.5370694994926453,7.000166416168213,7.007216930389404,0.4108690023422241,0.4090786278247833,24.022214889526367,24.02229118347168,0.2720307111740112,0.3004166185855865,0.6219438314437866,0.6430577039718628,0.4555143415927887,0.4812812507152557,0.8924930095672607,0.901868462562561,0.6077656745910645,0.9011783599853516,0.9123818278312684,0.6169854402542114,0.8171465992927551,0.7252017855644226,0.691739022731781,0.8380556106567383,0.7557364106178284,0.7049126625061035,0.5839759247377484,0.5545662026360286,5.67122395833333,5.936619824423478,1.5719341387040844,1.0618922076416457,5.669037543402776,5.933649600366869,0.7151782512664795,0.7391358613967896,0.4555143415927887,0.4812812507152557,-0.0454897218081279,-0.045030458529481,0.0288113936265535,0.0279283065230591,0.0305784762825413,0.0303314802949544,0.0703625801282051,0.0736553328092243,0.007245358867714,0.0068804739781145,0.7487069368362427,0.7332032918930054,6.6142425537109375,6.619336128234863,0.4559781849384308,0.45197394490242,24.2421932220459,24.24526596069336,0.2111191153526306,0.2472533881664276,0.7943950891494751,0.8091297149658203,0.7151782512664795,0.7391358613967896,0.8924930095672607,0.901868462562561,0.6077656745910645,0.9011783599853516,0.9123818278312684,0.6169854402542114,0.5839759247377484,0.5545662026360286,5.67122395833333,5.936619824423478,0.7151782512664795,0.7391358613967896,-0.8662293552624989,-0.729825597557152,-3.3598937606980956,29.6\pm{3.36},29.6+-3.36
24,,cars,hivit_base_patch16_224.orig_in21k_fz,weak,81.79,69.84,0.45,70.3022,68.7601,68.7601,70.3022,,0.6793540716171265,0.0825996290857477,0.1776833678892287,0.089020895690436,0.1621231826338041,0.4686881873461609,0.7770695847419855,0.4651473399001764,0.7899468432443012,0.5289974256670229,0.8743850312379434,0.5313973194029831,0.8720755233996433,0.1718374070428696,0.2741380960192476,0.1533239532027429,0.1972469733997935,0.0552491556237063,0.0906600460918556,0.0486277390724767,0.0524971316415796,14.461610794067385,14.408125877380373,0.592111349105835,0.5903608798980713,13.54950714111328,13.553996086120604,0.4818564653396606,,0.3935699760913849,,,,,0.6052197813987732,15.994630813598633,15.919992446899414,0.6341285109519958,0.6325352191925049,13.40356731414795,13.361221313476562,0.4330661594867706,,0.3068027794361114,,,,0.8318476676940918,0.9424725770950316,0.894117534160614,,,,0.8110679984092712,0.9554258584976196,0.9001366496086121,,,,4.518828438462939,3.97726277873787,14.054581522036305,12.540366132452341,7.41508516985287,4.293740396964796,22.42175487341426,16.13282995436911,0.3935699760913849,,0.3068027794361114,,0.0825996290857477,0.089020895690436,0.4686881873461609,0.4651473399001764,0.5289974256670229,0.5313973194029831,0.1718374070428696,0.1533239532027429,0.0552491556237063,0.0486277390724767,,0.6793540716171265,14.461610794067385,14.408125877380373,0.592111349105835,0.5903608798980713,13.54950714111328,13.553996086120604,0.4818564653396606,,0.3935699760913849,,,,0.8318476676940918,0.9424725770950316,0.894117534160614,,,,4.518828438462939,3.97726277873787,14.054581522036305,12.540366132452341,0.3935699760913849,,0.8396110864874553,0.8617301237883452,-5.395844150051821,69.84\pm{0.45},69.84+-0.45
24,,cars,hideit_base_patch16_224.fb_in1k_fz,strong,81.99,74.41,0.58,75.0031,73.0382,73.0382,75.0031,,0.6842241287231445,0.0953470973739868,0.2154899835101884,0.0987804643538411,0.1913911914103047,0.5223598927646953,0.7397926137348634,0.5140710677468487,0.7597976848100739,0.6231578802867698,0.8805003771972043,0.6188681678983465,0.8768765870797116,0.1664752843394575,0.2463944936570428,0.145601798641581,0.164833964911243,0.0522836727967725,0.0699876250400943,0.0448673890617789,0.0353454902137398,24.78528594970703,24.676313400268555,0.4791258573532105,0.478850930929184,23.25840759277344,23.243030548095703,0.3943468332290649,,0.588831901550293,,,,,0.6552849411964417,26.83322525024414,26.75815391540528,0.5411375761032104,0.5406545996665955,22.78132438659668,22.707195281982425,0.5262150168418884,,0.4371486008167267,,,,0.90884530544281,0.9420840740203856,0.7702672481536865,,,,0.8484933376312256,0.939495086669922,0.924859344959259,,,,4.286738332607377,3.678677229175252,13.649308562992118,11.937891470623224,5.738285377037331,2.8979767426245258,20.201884534940937,13.514736783072813,0.588831901550293,,0.4371486008167267,,0.0953470973739868,0.0987804643538411,0.5223598927646953,0.5140710677468487,0.6231578802867698,0.6188681678983465,0.1664752843394575,0.145601798641581,0.0522836727967725,0.0448673890617789,,0.6842241287231445,24.78528594970703,24.676313400268555,0.4791258573532105,0.478850930929184,23.25840759277344,23.243030548095703,0.3943468332290649,,0.588831901550293,,,,0.90884530544281,0.9420840740203856,0.7702672481536865,,,,4.286738332607377,3.678677229175252,13.649308562992118,11.937891470623224,0.588831901550293,,1.0676449893474644,1.09877762883588,-5.148927260207866,74.41\pm{0.58},74.41+-0.58
24,,cars,hivit_base_patch16_224_miil.in21k_fz,strong,84.27,45.37,0.73,45.9147,43.415,43.415,45.9147,,0.8117762207984924,-0.0253519367779352,0.1899496767003728,-0.0199600888433185,0.1748367633062559,0.3188872728703765,0.7690769935339774,0.3175442855841939,0.7818152447631906,0.2917209645008302,0.8821023779588775,0.2910812193649867,0.8804968393842333,0.0834814268008165,0.2663324311023622,0.0804961336857085,0.1889074956804461,0.027759513438843,0.0823242365531721,0.0243004769796416,0.0431959762302025,12.75735092163086,12.688392639160156,0.530509352684021,0.5278753042221069,13.417746543884276,13.44552230834961,0.6718654632568359,,0.604496419429779,,,,,0.6296417713165283,16.83828353881836,16.76746368408203,0.6497094631195068,0.648103654384613,14.119680404663086,14.080358505249023,0.4343065023422241,,0.3389908969402313,,,,0.9172844290733336,0.974245309829712,0.9293419122695924,,,,0.8256634473800659,0.9606141448020936,0.8882356286048889,,,,2.3392941974912995,2.0478011950743973,7.034979836504806,6.783409185694655,6.937463414335813,3.6401249169191643,22.443833968996064,15.919234660991192,0.604496419429779,,0.3389908969402313,,-0.0253519367779352,-0.0199600888433185,0.3188872728703765,0.3175442855841939,0.2917209645008302,0.2910812193649867,0.0834814268008165,0.0804961336857085,0.027759513438843,0.0243004769796416,,0.8117762207984924,12.75735092163086,12.688392639160156,0.530509352684021,0.5278753042221069,13.417746543884276,13.44552230834961,0.6718654632568359,,0.604496419429779,,,,0.9172844290733336,0.974245309829712,0.9293419122695924,,,,2.3392941974912995,2.0478011950743973,7.034979836504806,6.783409185694655,0.604496419429779,,-0.18578292475710825,-0.16377710265965179,-4.9120317315511235,45.37\pm{0.73},45.37+-0.73
24,,cars,hideit3_base_patch16_224.fb_in22k_ft_in1k_fz,strong,85.7,82.45,0.62,83.124,80.9974,80.9974,83.124,,0.6372957229614258,0.1660892384323369,0.193396620273575,0.1824447541802569,0.1869538942870477,0.4661772820468437,0.7573870923919412,0.4568761780840746,0.7576843665356672,0.6012754485807935,0.8751501837232618,0.602519624816731,0.8716631753135031,0.1114938757655293,0.2130472623213764,0.0936760517262084,0.1228963599469824,0.0478503214014483,0.0731078372226925,0.0389152585119797,0.0325361467385418,31.304105758666992,31.163497924804688,0.6553105115890503,0.6542340517044067,32.232879638671875,32.18288803100586,0.3260354697704315,,0.4674180746078491,,,,,0.5871491432189941,34.655914306640625,34.47972106933594,0.6416734457015991,0.6397590637207031,31.11351776123047,30.92924118041992,0.4250504672527313,,0.3202598392963409,,,,0.8474676012992859,0.9568597078323364,0.7730414271354675,,,,0.8091859817504883,0.9563958644866944,0.901547074317932,,,,4.100772544104119,3.3350376544766607,9.555025153105861,8.02803763293606,6.265341649984747,2.7883477754930324,18.25815038094196,10.532218047456393,0.4674180746078491,,0.3202598392963409,,0.1660892384323369,0.1824447541802569,0.4661772820468437,0.4568761780840746,0.6012754485807935,0.602519624816731,0.1114938757655293,0.0936760517262084,0.0478503214014483,0.0389152585119797,,0.6372957229614258,31.304105758666992,31.163497924804688,0.6553105115890503,0.6542340517044067,32.232879638671875,32.18288803100586,0.3260354697704315,,0.4674180746078491,,,,0.8474676012992859,0.9568597078323364,0.7730414271354675,,,,4.100772544104119,3.3350376544766607,9.555025153105861,8.02803763293606,0.4674180746078491,,1.54696257319733,1.594440974566376,-5.075921528743436,82.45\pm{0.62},82.45+-0.62
24,,cars,hideit3_base_patch16_224.fb_in1k_fz,strong,83.79,77.73,0.83,78.3858,75.5752,75.5752,78.3858,,0.6899849772453308,0.1396616643001597,0.2019857092412756,0.1516435548267743,0.200308073690557,0.2072817124936737,0.7614773232253306,0.2037861978221989,0.7580258098591466,0.2711413644949029,0.8875003458255151,0.2711452590196753,0.8846715555554837,0.1297982283464566,0.2054751294109069,0.110592871078347,0.1195876892941383,0.0457100594450482,0.0566538208191163,0.0397121745048376,0.0249120257203541,27.16263961791992,27.05604553222656,0.6366013288497925,0.6356654167175293,24.648712158203125,24.61823081970215,0.3807042241096496,,0.6981126666069031,,,,,0.6148141622543335,29.550933837890625,29.515682220458984,0.6387902498245239,0.6392786502838135,25.918643951416016,25.851104736328125,0.4502391517162323,,0.4806061089038849,,,,0.9642731547355652,0.933886170387268,0.8038736581802368,,,,0.8827567100524902,0.9291843175888062,0.9053264260292052,,,,3.8300458809005886,3.327483101760343,10.875793553149599,9.266576667654697,4.747023646433755,2.08737863510847,17.21676109333989,10.020252485955849,0.6981126666069031,,0.4806061089038849,,0.1396616643001597,0.1516435548267743,0.2072817124936737,0.2037861978221989,0.2711413644949029,0.2711452590196753,0.1297982283464566,0.110592871078347,0.0457100594450482,0.0397121745048376,,0.6899849772453308,27.16263961791992,27.05604553222656,0.6366013288497925,0.6356654167175293,24.648712158203125,24.61823081970215,0.3807042241096496,,0.6981126666069031,,,,0.9642731547355652,0.933886170387268,0.8038736581802368,,,,3.8300458809005886,3.327483101760343,10.875793553149599,9.266576667654697,0.6981126666069031,,1.2499511217444783,1.2882922824027938,-4.7775061182561,77.73\pm{0.83},77.73+-0.83
24,,cars,hivit_base_patch16_224.in1k_mocov3_fz,medium,83.2,71.36,1.0,72.1552,68.7601,68.7601,72.1552,,0.7037928104400635,0.0147539852642339,0.2203344413329858,0.0152881942394167,0.1888895060233773,0.1597257080811189,0.7306390363974331,0.1581729869309643,0.7583127296496289,0.1543707609784247,0.8847533814928377,0.152931625281108,0.88280792499472,0.1149592629046369,0.16739802055993,0.1048442994660601,0.1225193231698355,0.0386377196768763,0.0618963258785838,0.0342760088030623,0.0388872131074547,9.039932250976562,8.996952056884766,0.5933301448822021,0.5922544002532959,8.391252517700195,8.377347946166992,0.4033532440662384,,0.7131085991859436,,,,,0.7073081731796265,9.537968635559082,9.512451171875,0.6006072163581848,0.5997462272644043,8.363176345825195,8.341531753540039,0.5189830660820007,,0.7023764252662659,,,,0.9819633960723876,0.9479718804359436,0.7523188591003418,,,,0.9894524812698364,0.9376708269119264,0.9283236265182496,,,,3.2146582771161083,2.8517639324147837,9.56461067366579,8.7230457155762,5.149774313098172,3.2354161305402314,13.927515310586177,10.193607687730314,0.7131085991859436,,0.7023764252662659,,0.0147539852642339,0.0152881942394167,0.1597257080811189,0.1581729869309643,0.1543707609784247,0.152931625281108,0.1149592629046369,0.1048442994660601,0.0386377196768763,0.0342760088030623,,0.7037928104400635,9.039932250976562,8.996952056884766,0.5933301448822021,0.5922544002532959,8.391252517700195,8.377347946166992,0.4033532440662384,,0.7131085991859436,,,,0.9819633960723876,0.9479718804359436,0.7523188591003418,,,,3.2146582771161083,2.8517639324147837,9.56461067366579,8.7230457155762,0.7131085991859436,,0.9127755979950356,0.9521731202971122,-4.598994368609499,71.36\pm{1.0},71.36+-1.0
24,,cars,hivit_base_patch16_224.dino_fz,medium,82.8,73.81,0.79,74.4435,71.6702,71.6702,74.4435,,0.7028736472129822,0.0031201807926806,0.1999906264067917,0.0063023657162704,0.201850152093553,0.3749894942188816,0.7574073501421157,0.3693936479603487,0.7448501284107845,0.3656019050409932,0.8879315564533147,0.360397253156899,0.8870624145162067,0.1602246008311461,0.2168891486220472,0.1393805937997376,0.12290830425252,0.0512015663498029,0.062613759688505,0.041839138974273,0.0347625774050515,75.03898620605469,74.74993896484375,0.6109435558319092,0.6089321970939636,64.98920440673828,64.91243743896484,0.3684965074062347,,0.735851526260376,,,,,0.6929845809936523,68.5289306640625,68.45220947265625,0.5721391439437866,0.5726771354675293,60.906394958496094,60.78280258178711,0.4414398372173309,,0.721713662147522,,,,0.9822316765785216,0.9329550266265868,0.7710697650909424,,,,0.9751405119895936,0.9251254796981812,0.8727610111236572,,,,4.23948969376368,3.4642807070698045,13.266596948818895,11.540713166618273,5.184419302208213,2.8783414091382644,17.958421505905505,10.176807592108656,0.735851526260376,,0.721713662147522,,0.0031201807926806,0.0063023657162704,0.3749894942188816,0.3693936479603487,0.3656019050409932,0.360397253156899,0.1602246008311461,0.1393805937997376,0.0512015663498029,0.041839138974273,,0.7028736472129822,75.03898620605469,74.74993896484375,0.6109435558319092,0.6089321970939636,64.98920440673828,64.91243743896484,0.3684965074062347,,0.735851526260376,,,,0.9822316765785216,0.9329550266265868,0.7710697650909424,,,,4.23948969376368,3.4642807070698045,13.266596948818895,11.540713166618273,0.735851526260376,,1.0362696940493157,1.0691487609753132,-4.829911077903218,73.81\pm{0.79},73.81+-0.79
24,,cars,hivit_base_patch16_clip_224.laion2b_fz,medium,85.47,93.18,0.34,93.4461,92.5009,92.5009,93.4461,,0.6194131970405579,0.0869124304249797,0.0426959676687314,0.0922546475717874,0.0345430417288456,0.4594256868013105,0.4278747129617505,0.4524993625041863,0.4188152804451702,0.5051440947620083,0.4475875130717886,0.5005647054658848,0.4379053813803842,0.1778124088655584,0.1546483121901428,0.1463363524280911,0.0921378548172882,0.0371942130599434,0.0440366711281728,0.0288798399466686,0.0221571088546798,66.56524658203125,66.51385498046875,0.6323891878128052,0.6312031149864197,58.59794616699219,58.62563705444336,0.3658517599105835,,0.6354792714118958,,,,,0.652022123336792,67.74913787841797,67.65858459472656,0.634858250617981,0.6340394020080566,62.648555755615234,62.49477767944336,0.4372894465923309,,0.5870378017425537,,,,0.9563491940498352,0.8957410454750061,0.7006244659423828,,,,0.9153233766555786,0.9489185214042664,0.8299334645271301,,,,3.1789893902333626,2.468359920241765,15.197626585739277,12.507368042028945,3.763814281324929,1.8937680938094825,13.217791242891504,7.875022451233622,0.6354792714118958,,0.5870378017425537,,0.0869124304249797,0.0922546475717874,0.4594256868013105,0.4524993625041863,0.5051440947620083,0.5005647054658848,0.1778124088655584,0.1463363524280911,0.0371942130599434,0.0288798399466686,,0.6194131970405579,66.56524658203125,66.51385498046875,0.6323891878128052,0.6312031149864197,58.59794616699219,58.62563705444336,0.3658517599105835,,0.6354792714118958,,,,0.9563491940498352,0.8957410454750061,0.7006244659423828,,,,3.1789893902333626,2.468359920241765,15.197626585739277,12.507368042028945,0.6354792714118958,,2.6144690852733343,2.6573245071809275,-5.667658701116775,93.18\pm{0.34},93.18+-0.34
24,,cars,hivit_base_patch16_siglip_224.v2_webli_fz,medium,79.2,56.48,0.47,56.8835,55.3165,55.3165,56.8835,,0.8021151423454285,-0.0088227972936845,0.1370646180937987,-0.0014587430755826,0.1432163120415143,0.1935147562902248,0.8399643123342039,0.1925356259123832,0.834946406805239,0.1795849268168042,0.8842692224104913,0.1799533245472754,0.884462906804962,0.3498366415135607,0.3159961450131233,0.3449036266776358,0.3054279769298189,0.030479201416331,0.0510759287540681,0.0317256333966734,0.0495407623509881,84.61778259277344,84.14469146728516,0.5384301543235779,0.5365229845046997,89.66259002685547,89.53218078613281,0.5611242651939392,,0.7658998966217041,,,,,0.5830920934677124,89.54534149169922,89.36140441894531,0.6300670504570007,0.6297926902770996,96.3461456298828,96.25353240966795,0.3245035707950592,,0.4109807014465332,,,,0.986050009727478,0.9625935554504396,0.8688894510269165,,,,0.8222752809524536,0.9434219598770142,0.8056536912918091,,,,2.413952752173415,2.5126701650165333,27.707062007874008,27.316367232868757,4.045213557322193,3.923628378198258,25.026894685039366,24.189895772841655,0.7658998966217041,,0.4109807014465332,,-0.0088227972936845,-0.0014587430755826,0.1935147562902248,0.1925356259123832,0.1795849268168042,0.1799533245472754,0.3498366415135607,0.3449036266776358,0.030479201416331,0.0317256333966734,,0.8021151423454285,84.61778259277344,84.14469146728516,0.5384301543235779,0.5365229845046997,89.66259002685547,89.53218078613281,0.5611242651939392,,0.7658998966217041,,,,0.986050009727478,0.9625935554504396,0.8688894510269165,,,,2.413952752173415,2.5126701650165333,27.707062007874008,27.316367232868757,0.7658998966217041,,0.2606883664977312,0.27709956217873916,-5.354696565548636,56.48\pm{0.47},56.48+-0.47
24,,cars,hivit_base_patch16_224.mae_fz,weak,83.6,53.14,3.06,56.1124,46.3873,46.3873,56.1124,,0.7008170485496521,-0.0935953051597332,0.2179471939619187,-0.0901675997298356,0.1954810726516646,0.0697831869454425,0.7313555702301991,0.0669565427914319,0.7491001436585712,0.0646835322997072,0.8870180669972939,0.0620134785851355,0.8843452918508803,0.0718538112423446,0.1532482593321668,0.0713547491791055,0.1069329426243171,0.0162792559370906,0.0538749548550352,0.0178890391474678,0.0330711741926808,12.159612655639648,12.104803085327148,0.5295323133468628,0.5283446311950684,10.751753807067873,10.723856925964355,0.2970284521579742,,0.701881468296051,,,,,0.6392603516578674,14.468550682067873,14.415624618530272,0.5995010733604431,0.5995250940322876,12.334696769714355,12.278712272644045,0.472366064786911,,0.5881337523460388,,,,0.964313268661499,0.9519113302230836,0.7199462652206421,,,,0.9409400224685668,0.91996031999588,0.9139651656150818,,,,1.360945796340774,1.495523672728308,6.006978619860009,5.96525703137322,4.503946225880942,2.7647501625081143,12.811554480169143,8.939594003392909,0.701881468296051,,0.5881337523460388,,-0.0935953051597332,-0.0901675997298356,0.0697831869454425,0.0669565427914319,0.0646835322997072,0.0620134785851355,0.0718538112423446,0.0713547491791055,0.0162792559370906,0.0178890391474678,,0.7008170485496521,12.159612655639648,12.104803085327148,0.5295323133468628,0.5283446311950684,10.751753807067873,10.723856925964355,0.2970284521579742,,0.701881468296051,,,,0.964313268661499,0.9519113302230836,0.7199462652206421,,,,1.360945796340774,1.495523672728308,6.006978619860009,5.96525703137322,0.701881468296051,,0.12557194504485103,0.24572500192728328,-3.4569012035571816,53.14\pm{3.06},53.14+-3.06
24,,cars,hiresnet50.tv_in1k_fz,weak,76.13,67.36,0.66,67.8523,65.651,65.651,67.8523,,0.568024218082428,0.0461718681597749,0.195679046637914,0.0453002160784778,0.174042691880977,0.1578222301330247,0.7621244318464192,0.153174383603866,0.7787409506058731,0.160417776360328,0.8846358334633002,0.1565410015782521,0.8824504632249996,0.0846038044072615,0.0864022856517935,0.0799378284193928,0.0743343668168204,0.0314245433729934,0.0489817725743834,0.0275604495749114,0.0310086020756335,1.017669439315796,1.0173276662826538,0.4878097772598266,0.4884819984436035,1.249394774436951,1.2510143518447876,0.3302210569381714,,0.6514005064964294,,0.4544572234153747,,,0.5393944382667542,1.0340261459350586,1.032479166984558,0.4786426723003387,0.4807466864585877,1.247804880142212,1.248906493186951,0.3061950802803039,,0.6289299130439758,,0.3685955703258514,,0.77529376745224,0.8038977980613708,0.6206845641136169,,,,0.7962943911552429,0.8221489787101746,0.609483540058136,,,,2.3923504869859875,2.098177026138005,6.440887629524817,6.085666877568373,3.728982346087808,2.360684876017978,6.577806006671039,5.659075345764537,0.4544572234153747,,0.3685955703258514,,0.0461718681597749,0.0453002160784778,0.1578222301330247,0.153174383603866,0.160417776360328,0.1565410015782521,0.0846038044072615,0.0799378284193928,0.0314245433729934,0.0275604495749114,,0.568024218082428,1.017669439315796,1.0173276662826538,0.4878097772598266,0.4884819984436035,1.249394774436951,1.2510143518447876,0.3302210569381714,,0.6514005064964294,,0.4544572234153747,,0.77529376745224,0.8038977980613708,0.6206845641136169,,,,2.3923504869859875,2.098177026138005,6.440887629524817,6.085666877568373,0.4544572234153747,,0.7245028336262139,0.746992375544737,-5.019311000453583,67.36\pm{0.66},67.36+-0.66
24,,cars,hiresnet50.tv2_in1k_fz,strong,80.85,63.03,0.58,63.4996,61.5595,61.5595,63.4996,,0.5593058466911316,0.020805369145677,0.2151550799133252,0.0248609168645933,0.188507887188714,0.21375239857845,0.7286624366708943,0.2066019766028026,0.7532913188862292,0.2133811541818517,0.8777748593078529,0.2078943262680105,0.8744495872233331,0.0719033655949256,0.0710737573818897,0.0712839270087269,0.0707765425713533,0.0329899333828077,0.0396049433923143,0.0287136690365889,0.0307553166020957,8.274669647216797,8.271886825561523,0.4923366904258728,0.4933400154113769,15.423900604248049,15.432300567626951,0.1985458433628082,,0.6152172088623047,,0.4846414625644684,,,0.6923916935920715,9.055198669433594,9.013660430908203,0.3422466814517975,0.342900663614273,15.803226470947266,15.79494285583496,0.3622821867465973,,0.7181961536407471,,0.709976315498352,,0.8137131929397583,0.799777090549469,0.5852084159851074,,,,0.9197139739990234,0.9572912454605104,0.673402726650238,,,,2.6672361140000023,2.321500141608212,5.813387108349735,5.76330549865557,3.2020596732686113,2.486567347279437,5.746313284325782,5.722283466893914,0.4846414625644684,,0.709976315498352,,0.020805369145677,0.0248609168645933,0.21375239857845,0.2066019766028026,0.2133811541818517,0.2078943262680105,0.0719033655949256,0.0712839270087269,0.0329899333828077,0.0287136690365889,,0.5593058466911316,8.274669647216797,8.271886825561523,0.4923366904258728,0.4933400154113769,15.423900604248049,15.432300567626951,0.1985458433628082,,0.6152172088623047,,0.4846414625644684,,0.8137131929397583,0.799777090549469,0.5852084159851074,,,,2.6672361140000023,2.321500141608212,5.813387108349735,5.76330549865557,0.4846414625644684,,0.5334812860015451,0.5537103872337004,-5.14244340640348,63.03\pm{0.58},63.03+-0.58
24,,cars,hiresnet50.gluon_in1k_fz,medium,77.58,66.01,0.64,66.5464,64.3701,64.3701,66.5464,,0.5326598882675171,0.0300524516384368,0.2076336400096647,0.0304176483953606,0.1826840425688447,0.3037528633585664,0.7393871650383307,0.294923799834472,0.7604406411640734,0.3019999370922885,0.8767464596455735,0.2952954637591456,0.8747306550862524,0.0773432373687663,0.0749936775481189,0.0748342213007323,0.071896961839162,0.0337094990756568,0.0473002084479557,0.0289134900307371,0.0335381193056939,4.931727409362793,4.927713871002197,0.4760181903839111,0.4774909615516662,6.971018314361572,6.9768829345703125,0.2084629386663437,,0.6131657958030701,,0.4292365610599518,,,0.5654336810112,4.799240589141846,4.787320137023926,0.4502562284469605,0.4532855153083801,6.758771896362305,6.755759239196777,0.2651804983615875,,0.6352455019950867,,0.4509198367595672,,0.7917284965515137,0.7104540467262268,0.6118240356445312,,,,0.7924361824989319,0.7497648596763611,0.6413164734840393,,,,2.6151829382894545,2.243108556584584,6.00028835506889,5.805638888510813,3.669550171392403,2.6018872957357324,5.818009504183064,5.577766299482188,0.4292365610599518,,0.4509198367595672,,0.0300524516384368,0.0304176483953606,0.3037528633585664,0.294923799834472,0.3019999370922885,0.2952954637591456,0.0773432373687663,0.0748342213007323,0.0337094990756568,0.0289134900307371,,0.5326598882675171,4.931727409362793,4.927713871002197,0.4760181903839111,0.4774909615516662,6.971018314361572,6.9768829345703125,0.2084629386663437,,0.6131657958030701,,0.4292365610599518,,0.7917284965515137,0.7104540467262268,0.6118240356445312,,,,2.6151829382894545,2.243108556584584,6.00028835506889,5.805638888510813,0.4292365610599518,,0.6638152055885487,0.6877400446106375,-5.044096443261294,66.01\pm{0.64},66.01+-0.64
24,,cars,hiresnet50.a1_in1k_fz,strong,80.38,62.75,0.78,63.226,60.6019,60.6019,63.226,,0.5307393670082092,0.0388373707950005,0.0851434111550548,0.0405482217020019,0.0603167831475758,0.0755986388762285,0.1692761336005153,0.0751114925373356,0.1689999308575221,0.0759804656056933,0.1899621491639508,0.0758248366359345,0.1822299686408046,0.0705517279090113,0.0719025112095363,0.0704901522911558,0.0717420569387985,0.0295438802559075,0.0191032587015253,0.0258906878649242,0.0171136287528844,9.435173988342283,9.434370994567873,0.4950580000877381,0.4965159893035888,21.957603454589844,21.98391342163086,0.1996976435184478,,0.6098148822784424,,0.4645490646362304,,,0.4894593358039856,10.939567565917969,10.89116382598877,0.3361592292785644,0.3345092236995697,22.51982307434082,22.52019119262696,0.2007267922163009,,0.5684292912483215,,0.4365447759628296,,0.8112289905548096,0.8116191029548645,0.555566132068634,,,,0.7450759410858154,0.8142954111099243,0.5402891039848328,,,,2.374737094969845,2.081093490582607,5.670947889326328,5.665998441163103,1.5355199344286037,1.375593479156848,5.779523851022527,5.766626536740623,0.4645490646362304,,0.4365447759628296,,0.0388373707950005,0.0405482217020019,0.0755986388762285,0.0751114925373356,0.0759804656056933,0.0758248366359345,0.0705517279090113,0.0704901522911558,0.0295438802559075,0.0258906878649242,,0.5307393670082092,9.435173988342283,9.434370994567873,0.4950580000877381,0.4965159893035888,21.957603454589844,21.98391342163086,0.1996976435184478,,0.6098148822784424,,0.4645490646362304,,0.8112289905548096,0.8116191029548645,0.555566132068634,,,,2.374737094969845,2.081093490582607,5.670947889326328,5.665998441163103,0.4645490646362304,,0.5217042905117117,0.5419245352275714,-4.84258513032396,62.75\pm{0.78},62.75+-0.78
24,,cars,hiresnet50.in21k_miil_fz,strong,82.0,64.64,0.59,65.079,63.1016,63.1016,65.079,,0.9051764011383056,-0.0429485689546431,0.056380440613653,-0.0349256417596957,0.048294628158088,0.1722096302932271,0.1868142478912313,0.1672482732592735,0.182647470755317,0.156220521706097,0.2066757851882875,0.1522330892960144,0.1967954352500012,0.0718256165244969,0.0710669222987751,0.071721935054792,0.0709866671304361,0.0006850964910402,0.0222410501868236,0.0009447816049768,0.0173126640360033,54.24540710449219,52.72803497314453,0.2295776307582855,0.2275328785181045,62.91356658935547,62.38983154296875,0.721335768699646,,0.91459858417511,,0.9236019849777222,,,0.4592392742633819,6.180882453918457,6.111416339874268,0.306735098361969,0.3074595034122467,13.151893615722656,13.134444236755373,0.2605337798595428,,0.4758123159408569,,0.3076749145984649,,0.9515782594680786,0.958853542804718,0.8957933783531189,,,,0.6935338973999023,0.737872302532196,0.7353302240371704,,,,0.0561779122652964,0.07747209160809759,5.889700555008746,5.8811986744929445,1.8237661153195353,1.4196384509522706,5.827487628499559,5.820906704695759,0.9236019849777222,,0.3076749145984649,,-0.0429485689546431,-0.0349256417596957,0.1722096302932271,0.1672482732592735,0.156220521706097,0.1522330892960144,0.0718256165244969,0.071721935054792,0.0006850964910402,0.0009447816049768,,0.9051764011383056,54.24540710449219,52.72803497314453,0.2295776307582855,0.2275328785181045,62.91356658935547,62.38983154296875,0.721335768699646,,0.91459858417511,,0.9236019849777222,,0.9515782594680786,0.958853542804718,0.8957933783531189,,,,0.0561779122652964,0.07747209160809759,5.889700555008746,5.8811986744929445,0.9236019849777222,,0.6032508639184486,0.6225135490833533,-5.132986222871554,64.64\pm{0.59},64.64+-0.59
24,,cars,hiresnet50.fb_swsl_ig1b_ft_in1k_fz,weak,81.18,72.23,0.73,72.7148,70.3644,70.3644,72.7148,,0.6284620761871338,0.0367055993479116,0.2044267464745673,0.0442407926480848,0.1808414895931125,0.2801268467776562,0.734011588017845,0.2729253215369481,0.7560197881927821,0.2868710476804985,0.8724675639549292,0.2820034112040677,0.8705645165267516,0.0723929284230096,0.072307489884077,0.0714884539873424,0.0707898906478524,0.0242294631018413,0.0373665501224243,0.0211976935406999,0.0276194594445682,7.286757946014404,7.283608913421631,0.4544663727283478,0.4548018872737885,13.456257820129396,13.463714599609377,0.2567419409751892,,0.7171924710273743,,0.5007209181785583,,,0.4728931486606598,7.580171585083008,7.562298774719238,0.4096572399139404,0.4123150110244751,13.575425148010254,13.571823120117188,0.2357309013605117,,0.558701753616333,,0.3868861496448517,,0.825977087020874,0.8801795840263367,0.6708346605300903,,,,0.7422982454299927,0.6328686475753784,0.6434698700904846,,,,1.9669478146074768,1.720828761634018,5.876857929379919,5.803432694692456,3.033416538938405,2.2421477177100466,5.869922028789371,5.746723322792659,0.5007209181785583,,0.3868861496448517,,0.0367055993479116,0.0442407926480848,0.2801268467776562,0.2729253215369481,0.2868710476804985,0.2820034112040677,0.0723929284230096,0.0714884539873424,0.0242294631018413,0.0211976935406999,,0.6284620761871338,7.286757946014404,7.283608913421631,0.4544663727283478,0.4548018872737885,13.456257820129396,13.463714599609377,0.2567419409751892,,0.7171924710273743,,0.5007209181785583,,0.825977087020874,0.8801795840263367,0.6708346605300903,,,,1.9669478146074768,1.720828761634018,5.876857929379919,5.803432694692456,0.5007209181785583,,0.9559515188362165,0.9802005095156018,-4.912506865421361,72.23\pm{0.73},72.23+-0.73
24,,cars,hiresnet50.fb_ssl_yfcc100m_ft_in1k_fz,weak,79.22,69.83,0.58,70.3022,68.3497,68.3497,70.3022,,0.6269415616989136,0.033660385890777,0.2090804645698575,0.0330782836741924,0.1828216114353459,0.2607273398198156,0.7298384398965939,0.255822706497603,0.7516849785195973,0.261641547000852,0.8715454564747235,0.2581367915498876,0.8682229356899155,0.0766375150371828,0.0753388492454068,0.0741783381995526,0.0711594884891061,0.0236448738577328,0.0426772550980406,0.0207814709652983,0.0298007040151527,6.067669868469238,6.063492774963379,0.4421905875205993,0.4416678249835968,10.180697441101074,10.184053421020508,0.266056478023529,,0.73358154296875,,0.4948493242263794,,,0.500245988368988,6.348649978637695,6.334020614624023,0.4125714898109436,0.4151758849620819,10.332818984985352,10.327225685119627,0.2188013046979904,,0.5682557225227356,,0.3916679918766022,,0.7474497556686401,0.9288515448570251,0.6599334478378296,,,,0.7358960509300232,0.724141538143158,0.624103844165802,,,,1.8731469070095925,1.6463081298709312,6.071223941245622,5.876407952168556,3.3808921488667765,2.360811772080397,5.968343637221127,5.637254678106985,0.4948493242263794,,0.3916679918766022,,0.033660385890777,0.0330782836741924,0.2607273398198156,0.255822706497603,0.261641547000852,0.2581367915498876,0.0766375150371828,0.0741783381995526,0.0236448738577328,0.0207814709652983,,0.6269415616989136,6.067669868469238,6.063492774963379,0.4421905875205993,0.4416678249835968,10.180697441101074,10.184053421020508,0.266056478023529,,0.73358154296875,,0.4948493242263794,,0.7474497556686401,0.9288515448570251,0.6599334478378296,,,,1.8731469070095925,1.6463081298709312,6.071223941245622,5.876407952168556,0.4948493242263794,,0.8393751544961056,0.8617301237883452,-5.143963919029577,69.83\pm{0.58},69.83+-0.58
24,,cars,hiresnet50.in1k_mocov3_fz,medium,74.6,66.97,0.52,67.3424,65.5889,65.5889,67.3424,,0.509191632270813,0.0143242478231215,0.0955514506818268,0.0131361801103552,0.0673548180287702,0.14200159439077,0.2646836374929359,0.1430911205693524,0.2649312588628305,0.1343562168914409,0.2946171542092392,0.1354085503744276,0.2837657881319773,0.0732165559383202,0.071689769247594,0.0722200567042253,0.0708514640329935,0.0256091802432311,0.0363203016967754,0.0228734517263041,0.0293242720266183,8.723159790039062,8.722861289978027,0.4799855947494507,0.4812926650047302,14.851608276367188,14.864850044250488,0.1777444183826446,,0.5549709796905518,,0.4548018276691437,,,0.5606946349143982,8.010686874389648,7.990360260009766,0.4366897344589233,0.4396871328353882,14.278319358825684,14.27872085571289,0.3148879408836365,,0.6052405834197998,,0.4342667162418365,,0.8115408420562744,0.6727726459503174,0.5847733020782471,,,,0.7771698832511902,0.7041931748390198,0.6621235609054565,,,,1.91044484614504,1.7063594987822857,5.461955072998687,5.387616230135206,2.7094945065794445,2.187590693185725,5.348056785870512,5.2855192168613145,0.4548018276691437,,0.4342667162418365,,0.0143242478231215,0.0131361801103552,0.14200159439077,0.1430911205693524,0.1343562168914409,0.1354085503744276,0.0732165559383202,0.0722200567042253,0.0256091802432311,0.0228734517263041,,0.509191632270813,8.723159790039062,8.722861289978027,0.4799855947494507,0.4812926650047302,14.851608276367188,14.864850044250488,0.1777444183826446,,0.5549709796905518,,0.4548018276691437,,0.8115408420562744,0.6727726459503174,0.5847733020782471,,,,1.91044484614504,1.7063594987822857,5.461955072998687,5.387616230135206,0.4548018276691437,,0.7068529307061675,0.7237124526758365,-5.2506579930279225,66.97\pm{0.52},66.97+-0.52
24,,cars,hiresnet50.in1k_supcon_fz,strong,79.1,68.91,0.73,69.3944,66.9817,66.9817,69.3944,,0.6440669894218445,0.0381831446236155,0.2126723616856227,0.0439431144783931,0.1944576656442155,0.0083411687569829,0.7468509250631344,0.0083754291445643,0.7633556278107858,0.0087628123428242,0.8832522382481391,0.0088939237793375,0.8813613491338496,0.0773671601596675,0.0756216508092738,0.0745444388657676,0.071751109686196,0.0280715391978504,0.0438951116025917,0.0247136129155045,0.0323776619893217,0.64259934425354,0.6430616974830627,0.5096358060836792,0.5100288987159729,0.9961991310119628,0.9974628686904908,0.3716640770435333,,0.7047675251960754,,0.4822460412979126,,,0.5845839381217957,0.8702362775802612,0.8683977723121643,0.4842195510864258,0.4862751364707947,1.2782853841781616,1.2778109312057495,0.3278647661209106,,0.6329896450042725,,0.4233834147453308,,0.7928706407546997,0.8830462694168091,0.6987724304199219,,,,0.75686115026474,0.7966994643211365,0.6834823489189148,,,,2.2204587505499664,1.954846781616406,6.1197423686297,5.896465114282217,3.4721033277650033,2.5610730633553467,5.981672579013557,5.675512776178103,0.4822460412979126,,0.4233834147453308,,0.0381831446236155,0.0439431144783931,0.0083411687569829,0.0083754291445643,0.0087628123428242,0.0088939237793375,0.0773671601596675,0.0745444388657676,0.0280715391978504,0.0247136129155045,,0.6440669894218445,0.64259934425354,0.6430616974830627,0.5096358060836792,0.5100288987159729,0.9961991310119628,0.9974628686904908,0.3716640770435333,,0.7047675251960754,,0.4822460412979126,,0.7928706407546997,0.8830462694168091,0.6987724304199219,,,,2.2204587505499664,1.954846781616406,6.1197423686297,5.896465114282217,0.4822460412979126,,0.7957101799946128,0.8186231738637323,-4.919093554463763,68.91\pm{0.73},68.91+-0.73
24,,cars,hiresnet50.in1k_swav_fz,strong,75.3,62.66,0.96,63.2384,60.0547,60.0547,63.2384,,0.5261286497116089,0.0070894774431467,0.1264729344813127,0.0100276243813241,0.0985357930242105,0.1191263663373057,0.1956620494922577,0.1181897653474856,0.1977238751413843,0.112133888828788,0.2216677578575217,0.111617471732153,0.2154896651336206,0.0753875492125984,0.0730738735783027,0.0738407610390588,0.0719124628312255,0.0216502903366652,0.0116508474617492,0.0199833299136824,0.0116580379979004,5.466521263122559,5.461647987365723,0.4922037720680237,0.4947164356708526,9.371212005615234,9.38478183746338,0.3419607877731323,,0.5758377909660339,,0.4850432574748993,,,0.8113657832145691,5.511144638061523,5.466779708862305,0.302704393863678,0.3111317455768585,9.301161766052246,9.29088020324707,0.3823661208152771,,0.8797085881233215,,0.8634154200553894,,0.7980883121490479,0.8199735879898071,0.5926255583763123,,,,0.9956330060958862,0.985627830028534,0.735184907913208,,,,1.6302668623508894,1.504744742500285,5.676682455708659,5.560209306241128,0.8773088138697147,0.8778502612419001,5.502462680446193,5.41500845119128,0.4850432574748993,,0.8634154200553894,,0.0070894774431467,0.0100276243813241,0.1191263663373057,0.1181897653474856,0.112133888828788,0.111617471732153,0.0753875492125984,0.0738407610390588,0.0216502903366652,0.0199833299136824,,0.5261286497116089,5.466521263122559,5.461647987365723,0.4922037720680237,0.4947164356708526,9.371212005615234,9.38478183746338,0.3419607877731323,,0.5758377909660339,,0.4850432574748993,,0.7980883121490479,0.8199735879898071,0.5926255583763123,,,,1.6302668623508894,1.504744742500285,5.676682455708659,5.560209306241128,0.4850432574748993,,0.5175572821177077,0.5424578894669024,-4.641590802715525,62.66\pm{0.96},62.66+-0.96
24,,cars,hiresnet50.in1k_spark_fz,medium,80.6,51.11,1.07,51.8343,48.3149,48.3149,51.8343,,0.5852023363113403,-0.0007556792883095,0.2081697111386777,-0.0016341414081872,0.1793797505496872,0.0280526001021437,0.7431599525487506,0.0276658322326808,0.7667995376974442,0.0260007330705366,0.8846845498512932,0.0257780271190241,0.8816285011954842,0.0704141718613298,0.0703757245188101,0.070441496399401,0.070410494415274,0.0255302946691907,0.0374267420724151,0.0238218697467966,0.0270148999397716,7.853807926177979,7.863044738769531,0.4596450328826904,0.4600904881954193,24.618385314941406,24.63264846801757,0.2881475389003753,,0.634665310382843,,0.4965297877788544,,,0.6098881363868713,7.735554695129395,7.725579261779785,0.4542738199234009,0.4562734067440033,24.472930908203125,24.479217529296875,0.4976071119308472,,0.6383331418037415,,0.4450217485427856,,0.8045684099197388,0.7628140449523926,0.6071191430091858,,,,0.8446489572525024,0.8251258730888367,0.7275469899177551,,,,2.0577417503367705,1.9200427015918058,5.675382252023181,5.677584609791721,3.016595411036657,2.1774009351455907,5.672283396216094,5.675085849871084,0.4965297877788544,,0.4450217485427856,,-0.0007556792883095,-0.0016341414081872,0.0280526001021437,0.0276658322326808,0.0260007330705366,0.0257780271190241,0.0704141718613298,0.070441496399401,0.0255302946691907,0.0238218697467966,,0.5852023363113403,7.853807926177979,7.863044738769531,0.4596450328826904,0.4600904881954193,24.618385314941406,24.63264846801757,0.2881475389003753,,0.634665310382843,,0.4965297877788544,,0.8045684099197388,0.7628140449523926,0.6071191430091858,,,,2.0577417503367705,1.9200427015918058,5.675382252023181,5.677584609791721,0.4965297877788544,,0.04433005818980635,0.07340494281612825,-4.522390821193186,51.11\pm{1.07},51.11+-1.07
24,,cub,hivit_base_patch16_224.orig_in21k_fz,weak,81.79,95.22,0.31,95.5299,94.7705,94.9258,95.5299,,0.6721516847610474,0.3070767490870732,0.3233347444544193,0.3047418355277007,0.3447855572048072,0.5334697401220915,0.6238515803447701,0.5349158021467203,0.601847378776598,0.8182100748692966,0.9070143247549451,0.8167708191719223,0.9064099972076172,0.2405665073675826,0.2880591024492234,0.1833041175872058,0.1909916744475568,0.0771669583081344,0.1024342742765248,0.0535515178909231,0.0542040832968421,15.205724716186523,15.165653228759766,0.6086120009422302,0.607109010219574,13.357089042663574,13.350031852722168,0.5118860602378845,,0.4025387763977051,,,,,0.6183837652206421,15.729144096374512,15.650789260864258,0.6166908144950867,0.614499032497406,13.489830017089844,13.454883575439451,0.4465098083019256,,0.3333590924739837,,,,0.8355656862258911,0.9414764046669006,0.8746780157089233,,,,0.805070161819458,0.9484392404556274,0.8827399015426636,,,,6.3114855200223134,4.379978648298601,19.675934637594583,14.992443777457563,8.378099293076964,4.433351972848715,23.56035398932198,15.621209053065671,0.4025387763977051,,0.3333590924739837,,0.3070767490870732,0.3047418355277007,0.5334697401220915,0.5349158021467203,0.8182100748692966,0.8167708191719223,0.2405665073675826,0.1833041175872058,0.0771669583081344,0.0535515178909231,,0.6721516847610474,15.205724716186523,15.165653228759766,0.6086120009422302,0.607109010219574,13.357089042663574,13.350031852722168,0.5118860602378845,,0.4025387763977051,,,,0.8355656862258911,0.9414764046669006,0.8746780157089233,,,,6.3114855200223134,4.379978648298601,19.675934637594583,14.992443777457563,0.4025387763977051,,2.9919494087260947,3.0620285077498903,-5.786711124948711,95.22\pm{0.31},95.22+-0.31
24,,cub,hideit_base_patch16_224.fb_in1k_fz,strong,81.99,84.29,1.04,85.1916,81.8433,81.8433,85.1916,,0.6686438322067261,0.1949204016124096,0.3272441842756322,0.1969184294094705,0.3096195423063639,0.4990079051994332,0.5994227510187575,0.4967118932491876,0.6072286478888822,0.7210382623088626,0.8875784521655058,0.7226575760684011,0.8857884655915678,0.1871484219434488,0.2163760702907208,0.1535446443534678,0.1406395891690009,0.0739322637998929,0.0711003640219302,0.0588564221020583,0.0366760891872448,24.352689743041992,24.26053237915039,0.4737986922264099,0.4725414216518402,23.00155639648437,22.9856014251709,0.3787130117416382,,0.4972457885742187,,,,,0.6596542000770569,27.410743713378903,27.24835205078125,0.5249020457267761,0.5230996608734131,24.566749572753903,24.51159286499023,0.5147120952606201,,0.4262066781520843,,,,0.8632469177246094,0.9512609243392944,0.7708715200424194,,,,0.8286378979682922,0.9608049988746644,0.8924100399017334,,,,6.061706308953219,4.825638048147759,15.344299115143366,12.589125390540824,5.829518846158058,3.007072552462201,17.7406740031362,11.531039915966383,0.4972457885742187,,0.4262066781520843,,0.1949204016124096,0.1969184294094705,0.4990079051994332,0.4967118932491876,0.7210382623088626,0.7226575760684011,0.1871484219434488,0.1535446443534678,0.0739322637998929,0.0588564221020583,,0.6686438322067261,24.352689743041992,24.26053237915039,0.4737986922264099,0.4725414216518402,23.00155639648437,22.9856014251709,0.3787130117416382,,0.4972457885742187,,,,0.8632469177246094,0.9512609243392944,0.7708715200424194,,,,6.061706308953219,4.825638048147759,15.344299115143366,12.589125390540824,0.4972457885742187,,1.6796237274643484,1.749708250093424,-4.557520747670049,84.29\pm{1.04},84.29+-1.04
24,,cub,hivit_base_patch16_224_miil.in21k_fz,strong,84.27,59.83,1.16,60.6662,56.9555,56.9555,60.6662,,0.7963821291923523,0.0447951076228653,0.3409916217100507,0.0523539605326288,0.3591618342264238,0.5258978328639266,0.5969246710324109,0.524869548303518,0.5735185584470155,0.5832706384499851,0.893390324853763,0.5866505790742681,0.8911952820508153,0.1109135429111907,0.1057254330943847,0.0991043185436567,0.0742599924585218,0.027176347898326,0.0643045293921638,0.0236342767656067,0.0349558685725425,13.741442680358888,13.753924369812012,0.5651072263717651,0.5649410486221313,13.49709129333496,13.505934715270996,0.6039788722991943,,0.6540496945381165,,,,,0.6028730273246765,15.494857788085938,15.437503814697266,0.6096886396408081,0.6082078218460083,13.771003723144531,13.75177764892578,0.4458672702312469,,0.3365949392318725,,,,0.933695673942566,0.9655128717422484,0.905448079109192,,,,0.8067471981048584,0.9438109397888184,0.8771940469741821,,,,2.290150837391932,1.9916605030376764,9.34668426112604,8.35152092367395,5.4189426918776435,2.9457310446081566,8.9094822468638,6.2578895644796315,0.6540496945381165,,0.3365949392318725,,0.0447951076228653,0.0523539605326288,0.5258978328639266,0.524869548303518,0.5832706384499851,0.5866505790742681,0.1109135429111907,0.0991043185436567,0.027176347898326,0.0236342767656067,,0.7963821291923523,13.741442680358888,13.753924369812012,0.5651072263717651,0.5649410486221313,13.49709129333496,13.505934715270996,0.6039788722991943,,0.6540496945381165,,,,0.933695673942566,0.9655128717422484,0.905448079109192,,,,2.290150837391932,1.9916605030376764,9.34668426112604,8.35152092367395,0.6540496945381165,,0.3984945254692962,0.43330250593745434,-4.441910140592481,59.83\pm{1.16},59.83+-1.16
24,,cub,hideit3_base_patch16_224.fb_in22k_ft_in1k_fz,strong,85.7,95.27,0.39,95.6679,94.3562,94.3562,95.6679,,0.6535972356796265,0.2462552486924561,0.3494769788851703,0.2546627789059897,0.3707907097660791,0.300436238525834,0.5906599175039192,0.2954472547628801,0.5637515502559238,0.5084535446168116,0.901328304104834,0.5019112408922082,0.897127859741156,0.1223911663679808,0.1308383736559139,0.0904136627941775,0.0768554617359764,0.0584910315424737,0.0538250631969889,0.0443597702862142,0.027105179516387,29.792919158935547,29.628501892089844,0.6514039039611816,0.6501445770263672,33.14446258544922,33.133995056152344,0.4193387925624847,,0.4813165962696075,,,,,0.6206730008125305,31.00873374938965,30.85361862182617,0.6316189169883728,0.6300835013389587,34.133480072021484,34.07512664794922,0.4584505259990692,,0.3968611061573028,,,,0.8602120876312256,0.9542504549026488,0.7886961698532104,,,,0.8097802996635437,0.9563460946083068,0.877548336982727,,,,5.012681403189996,3.801632313528557,10.488922957735955,7.748450901461012,4.612807915981948,2.322913884554366,11.212848622311821,6.5865130707731785,0.4813165962696075,,0.3968611061573028,,0.2462552486924561,0.2546627789059897,0.300436238525834,0.2954472547628801,0.5084535446168116,0.5019112408922082,0.1223911663679808,0.0904136627941775,0.0584910315424737,0.0443597702862142,,0.6535972356796265,29.792919158935547,29.628501892089844,0.6514039039611816,0.6501445770263672,33.14446258544922,33.133995056152344,0.4193387925624847,,0.4813165962696075,,,,0.8602120876312256,0.9542504549026488,0.7886961698532104,,,,5.012681403189996,3.801632313528557,10.488922957735955,7.748450901461012,0.4813165962696075,,3.0037710543652234,3.0948304060963086,-5.554116995166917,95.27\pm{0.39},95.27+-0.39
24,,cub,hideit3_base_patch16_224.fb_in1k_fz,strong,83.79,86.35,1.15,87.2109,83.3621,83.3621,87.2109,,0.7042356133460999,0.209393153420494,0.3296885855542691,0.198594143912114,0.3298281298374363,0.245489461878045,0.5966734870791842,0.2424707244168493,0.5874920187878104,0.36157503535835,0.8916910963506122,0.358117981806911,0.8855052793469808,0.1403978743528474,0.2397731232576662,0.1130293062737915,0.1423672834518422,0.0569305615399473,0.0694235460732572,0.0460097548507508,0.0287562980974986,26.13336753845215,26.046539306640625,0.6380959749221802,0.6368685960769653,23.96162223815918,23.94766998291016,0.4800938665866852,,0.6309909224510193,,,,,0.7092801332473755,30.479698181152344,30.374588012695312,0.6208789944648743,0.620812177658081,27.245086669921875,27.184797286987305,0.5807223916053772,,0.5612563490867615,,,,0.9317010641098022,0.9416451454162598,0.8474456071853638,,,,0.8942450881004333,0.9530649185180664,0.940955638885498,,,,4.770211751432185,3.85515735894441,11.763937892025083,9.47072557268099,5.816998925478221,2.4094902175894077,20.090589997759853,11.92895468042986,0.6309909224510193,,0.5612563490867615,,0.209393153420494,0.198594143912114,0.245489461878045,0.2424707244168493,0.36157503535835,0.358117981806911,0.1403978743528474,0.1130293062737915,0.0569305615399473,0.0460097548507508,,0.7042356133460999,26.13336753845215,26.046539306640625,0.6380959749221802,0.6368685960769653,23.96162223815918,23.94766998291016,0.4800938665866852,,0.6309909224510193,,,,0.9317010641098022,0.9416451454162598,0.8474456071853638,,,,4.770211751432185,3.85515735894441,11.763937892025083,9.47072557268099,0.6309909224510193,,1.8446404373754577,1.9197360774628291,-4.450343255573273,86.35\pm{1.15},86.35+-1.15
24,,cub,hivit_base_patch16_224.in1k_mocov3_fz,medium,83.2,81.97,1.31,82.9824,78.6676,78.6676,82.9824,,0.7286561131477356,0.1180167957387177,0.3242131686971637,0.1147845946505575,0.2971425859979091,0.1766695782649912,0.6024483000096237,0.1749434068183217,0.6185265622177296,0.2256100650508417,0.8896727010363746,0.223883150246912,0.884380745311409,0.1457991089207486,0.1752865516726404,0.124075551695037,0.1245920643898585,0.0669400726167959,0.0711165890898755,0.0531774181804377,0.044402689123765,8.990190505981445,8.959291458129883,0.5981141328811646,0.5968994498252869,8.320436477661133,8.31283187866211,0.4375892579555511,,0.7360606789588928,,,,,0.7557860612869263,9.271743774414062,9.23369598388672,0.5684038400650024,0.5666981935501099,8.53730297088623,8.525979995727539,0.6154121160507202,,0.6986510157585144,,,,0.9708670973777772,0.9513336420059204,0.7594553232192993,,,,0.9656385183334352,0.9562169313430786,0.9309911727905272,,,,5.569414041717419,4.424361192612417,12.130485862206283,10.32308590102708,5.916900212277642,3.694303735097248,14.583841099163681,10.366059757236227,0.7360606789588928,,0.6986510157585144,,0.1180167957387177,0.1147845946505575,0.1766695782649912,0.1749434068183217,0.2256100650508417,0.223883150246912,0.1457991089207486,0.124075551695037,0.0669400726167959,0.0531774181804377,,0.7286561131477356,8.990190505981445,8.959291458129883,0.5981141328811646,0.5968994498252869,8.320436477661133,8.31283187866211,0.4375892579555511,,0.7360606789588928,,,,0.9708670973777772,0.9513336420059204,0.7594553232192993,,,,5.569414041717419,4.424361192612417,12.130485862206283,10.32308590102708,0.7360606789588928,,1.5140341614287023,1.5843804344919212,-4.3217076598568935,81.97\pm{1.31},81.97+-1.31
24,,cub,hivit_base_patch16_224.dino_fz,medium,82.8,88.33,0.95,89.0404,85.9337,85.9337,89.0404,,0.7136783599853516,0.1422744516070844,0.3714835753170704,0.1419206034379556,0.3625461626412236,0.4969676701168332,0.5687044627508651,0.4931973270702532,0.5666641894649339,0.6676996237595831,0.885800315995904,0.6665962101393927,0.88391365612169,0.2372778524492234,0.2064229888490641,0.1926535304292657,0.1110753395909646,0.0774516060574507,0.0637889865478734,0.0614662299226055,0.0313888987451246,74.70394897460938,74.49714660644531,0.6106375455856323,0.6087706089019775,63.01985931396485,62.98680877685547,0.4106154441833496,,0.7388166785240173,,,,,0.6935867667198181,63.524658203125,63.20247650146485,0.5234132409095764,0.5216549634933472,63.56510543823242,63.50504684448242,0.5010631084442139,,0.6654365062713623,,,,0.9709049463272096,0.9245022535324096,0.7740688323974609,,,,0.9717183113098145,0.9222924709320068,0.869182288646698,,,,6.412992981556918,5.089403837591735,19.646606182795697,15.9517123195432,5.281728086163918,2.599000816096317,17.09182347670251,9.19703811813187,0.7388166785240173,,0.6654365062713623,,0.1422744516070844,0.1419206034379556,0.4969676701168332,0.4931973270702532,0.6676996237595831,0.6665962101393927,0.2372778524492234,0.1926535304292657,0.0774516060574507,0.0614662299226055,,0.7136783599853516,74.70394897460938,74.49714660644531,0.6106375455856323,0.6087706089019775,63.01985931396485,62.98680877685547,0.4106154441833496,,0.7388166785240173,,,,0.9709049463272096,0.9245022535324096,0.7740688323974609,,,,6.412992981556918,5.089403837591735,19.646606182795697,15.9517123195432,0.7388166785240173,,2.0239904485366833,2.0948744148166862,-4.651032540447452,88.33\pm{0.95},88.33+-0.95
24,,cub,hivit_base_patch16_clip_224.laion2b_fz,medium,85.47,89.3,0.71,90.0587,87.9531,87.9531,90.0587,,0.6358963847160339,0.1429947828825564,0.2907715615540297,0.1515632375252441,0.267443748664028,0.3155321679120286,0.3369301508989132,0.3144464629436849,0.3283593341567182,0.4383470478587498,0.4765631664162409,0.4392739497598497,0.452358712531889,0.1427111335125448,0.1709641639287136,0.123641336876631,0.1065008401865019,0.0501238677023132,0.0687725659339658,0.0415729450764673,0.0403388357642806,62.94100189208984,62.83657455444336,0.6218740344047546,0.6205594539642334,58.699798583984375,58.73588180541992,0.4018579721450805,,0.6068422198295593,,,,,0.6852431297302246,66.52827453613281,65.82890319824219,0.628108561038971,0.6249847412109375,65.12931823730469,64.94749450683594,0.4988069236278534,,0.5228420495986938,,,,0.934911608695984,0.9342148303985596,0.7055543065071106,,,,0.878895103931427,0.9593817591667176,0.8260550498962402,,,,4.284086972516709,3.55323961568566,12.197520581317205,10.567625062845652,5.877991210376057,3.447760292773063,14.612307090987152,9.102626810740317,0.6068422198295593,,0.5228420495986938,,0.1429947828825564,0.1515632375252441,0.3155321679120286,0.3144464629436849,0.4383470478587498,0.4392739497598497,0.1427111335125448,0.123641336876631,0.0501238677023132,0.0415729450764673,,0.6358963847160339,62.94100189208984,62.83657455444336,0.6218740344047546,0.6205594539642334,58.699798583984375,58.73588180541992,0.4018579721450805,,0.6068422198295593,,,,0.934911608695984,0.9342148303985596,0.7055543065071106,,,,4.284086972516709,3.55323961568566,12.197520581317205,10.567625062845652,0.6068422198295593,,2.1215013646753897,2.2037638831228548,-4.933784616393107,89.3\pm{0.71},89.3+-0.71
24,,cub,hivit_base_patch16_siglip_224.v2_webli_fz,medium,79.2,62.98,0.89,63.7729,61.0804,61.0804,63.7729,,0.7549439668655396,0.0634318365911449,0.3784598107662448,0.0664974434696506,0.3929448414507975,0.2322015976277288,0.5697001986302386,0.2265809696135255,0.5449030050708974,0.2674119380287554,0.9014592977082828,0.2621676153260245,0.8967393089719219,0.3640388540422142,0.3652740442054958,0.3446816026089923,0.324628836577366,0.0490907978092897,0.0634383774465984,0.0441410573738398,0.0506440976382175,84.34750366210938,84.25831604003906,0.5665401220321655,0.5645313262939453,88.43222045898438,88.43389129638672,0.3589974343776703,,0.728838324546814,,,,,0.6202408671379089,102.17807006835938,101.20457458496094,0.6405572295188904,0.6386747360229492,98.53807067871094,97.87252807617188,0.443827748298645,,0.4109042286872864,,,,0.9717538356781006,0.956642746925354,0.7873611450195312,,,,0.8399614095687866,0.9461357593536376,0.8671159148216248,,,,3.8879911864957446,3.495971744008112,28.831877240143367,27.29878292663219,5.0243194937705935,4.011012532946826,28.92970430107527,25.71060385692739,0.728838324546814,,0.4109042286872864,,0.0634318365911449,0.0664974434696506,0.2322015976277288,0.2265809696135255,0.2674119380287554,0.2621676153260245,0.3640388540422142,0.3446816026089923,0.0490907978092897,0.0441410573738398,,0.7549439668655396,84.34750366210938,84.25831604003906,0.5665401220321655,0.5645313262939453,88.43222045898438,88.43389129638672,0.3589974343776703,,0.728838324546814,,,,0.9717538356781006,0.956642746925354,0.7873611450195312,,,,3.8879911864957446,3.495971744008112,28.831877240143367,27.29878292663219,0.728838324546814,,0.5312396748321069,0.5655208776813172,-4.710083493722402,62.98\pm{0.89},62.98+-0.89
24,,cub,hivit_base_patch16_224.mae_fz,weak,83.6,47.86,5.75,53.8488,35.8992,35.8992,53.8488,,0.7334713935852051,-0.0202544943300384,0.3409372469566439,-0.0211792294476821,0.3063961785392928,0.1371720205387675,0.5675333039834856,0.1400570715942318,0.5824557856919717,0.1711073809760043,0.8727638868180269,0.1751655124817687,0.8660360852513593,0.0742483074472321,0.1193856406810036,0.073194421999569,0.0821435678972443,0.036256948465942,0.0561220422654169,0.0316728619319615,0.0352583837596488,12.162681579589844,12.152904510498049,0.5411512851715088,0.5404578447341919,10.952372550964355,10.954017639160156,0.3496641516685486,,0.788474440574646,,,,,0.6667699813842773,14.653938293457031,14.56686019897461,0.5608483552932739,0.5590355396270752,12.732748031616213,12.699312210083008,0.5043373703956604,,0.5766711831092834,,,,0.966932773590088,0.948649525642395,0.7197636961936951,,,,0.9087240695953368,0.9485446810722352,0.8639035224914551,,,,3.031080891752751,2.647851257511981,6.207158502588603,6.119053679163969,4.691802733388853,2.9476008823066393,9.9806395609319,6.867202276209622,0.788474440574646,,0.5766711831092834,,-0.0202544943300384,-0.0211792294476821,0.1371720205387675,0.1400570715942318,0.1711073809760043,0.1751655124817687,0.0742483074472321,0.073194421999569,0.036256948465942,0.0316728619319615,,0.7334713935852051,12.162681579589844,12.152904510498049,0.5411512851715088,0.5404578447341919,10.952372550964355,10.954017639160156,0.3496641516685486,,0.788474440574646,,,,0.966932773590088,0.948649525642395,0.7197636961936951,,,,3.031080891752751,2.647851257511981,6.207158502588603,6.119053679163969,0.788474440574646,,-0.08558941085914301,0.15425715645388202,-2.7968050989087527,47.86\pm{5.75},47.86+-5.75
24,,cub,hiresnet50.tv_in1k_fz,weak,76.13,71.18,1.81,72.506,66.4826,66.4826,72.506,,0.52826988697052,0.0797689497013673,0.3346468580000876,0.0888897776645136,0.3115989169832601,0.2249084404347726,0.6018358735486149,0.2197324604483508,0.6052173549001618,0.3039797040249548,0.894211137822081,0.298851255619408,0.8804647855697205,0.0943462048237753,0.0835235121714456,0.0871324791936005,0.0751819858552395,0.0274689181517529,0.0443879639509544,0.0247462891697228,0.0269974753424361,0.9472447633743286,0.9466577768325806,0.4904048442840576,0.4917757213115692,1.2013764381408691,1.2020277976989746,0.2359947115182877,,0.618023157119751,,0.3325873613357544,,,0.5165902972221375,0.9245653748512268,0.9218970537185668,0.4349599778652191,0.4360671043395996,1.1754164695739746,1.1748063564300537,0.2470835894346237,,0.6226559281349182,,0.1299715489149093,,0.7305470705032349,0.8171913027763367,0.548350989818573,,,,0.6852599382400513,0.8585102558135986,0.570817768573761,,,,2.091208738892948,1.8839349944909967,7.182576573234013,6.633395641008805,3.3792556955861586,2.05531779781966,6.358644981612153,5.723604583159383,0.3325873613357544,,0.1299715489149093,,0.0797689497013673,0.0888897776645136,0.2249084404347726,0.2197324604483508,0.3039797040249548,0.298851255619408,0.0943462048237753,0.0871324791936005,0.0274689181517529,0.0247462891697228,,0.52826988697052,0.9472447633743286,0.9466577768325806,0.4904048442840576,0.4917757213115692,1.2013764381408691,1.2020277976989746,0.2359947115182877,,0.618023157119751,,0.3325873613357544,,0.7305470705032349,0.8171913027763367,0.548350989818573,,,,2.091208738892948,1.8839349944909967,7.182576573234013,6.633395641008805,0.3325873613357544,,0.9041681255707612,0.9697015180077849,-3.991234567135287,71.18\pm{1.81},71.18+-1.81
24,,cub,hiresnet50.tv2_in1k_fz,strong,80.85,64.5,1.36,65.447,60.9078,60.9078,65.447,,0.51449054479599,0.0857378063013695,0.2801183668915425,0.0871220057671117,0.2566705681746793,0.2482163335287004,0.6477438619452173,0.2399773855701563,0.6573700780869934,0.3032762780148261,0.8813196240134418,0.2974181846523033,0.8746380534256434,0.0750354689366786,0.0726786514336917,0.0730779190682683,0.0715885613059326,0.0283422655956719,0.0334104607582733,0.0241095216965282,0.0273844535861696,7.653226852416992,7.654030799865723,0.4886402785778045,0.490544319152832,15.224348068237305,15.22975730895996,0.0986411422491073,,0.5708572268486023,,0.507229208946228,,,0.6112148761749268,8.976702690124512,8.947017669677734,0.3718690574169159,0.3745794892311096,15.722357749938965,15.709991455078123,0.350281149148941,,0.5812022089958191,,0.3301301002502441,,0.7955637574195862,0.7291585803031921,0.5252943634986877,,,,0.7308782935142517,0.9720118641853333,0.733967125415802,,,,2.2914721734100727,1.949254829164305,6.066617663530464,5.908349756669492,2.7012357523063963,2.214033072441812,5.876068968413974,5.78793518158465,0.507229208946228,,0.3301301002502441,,0.0857378063013695,0.0871220057671117,0.2482163335287004,0.2399773855701563,0.3032762780148261,0.2974181846523033,0.0750354689366786,0.0730779190682683,0.0283422655956719,0.0241095216965282,,0.51449054479599,7.653226852416992,7.654030799865723,0.4886402785778045,0.490544319152832,15.224348068237305,15.22975730895996,0.0986411422491073,,0.5708572268486023,,0.507229208946228,,0.7955637574195862,0.7291585803031921,0.5252943634986877,,,,2.2914721734100727,1.949254829164305,6.066617663530464,5.908349756669492,0.507229208946228,,0.5972604912626859,0.6387462776646717,-4.2830139963919995,64.5\pm{1.36},64.5+-1.36
24,,cub,hiresnet50.gluon_in1k_fz,medium,77.58,68.78,1.7,70.2106,64.7739,64.7739,70.2106,,0.4960079789161682,0.0849060545951613,0.3038885610520706,0.0978905734760309,0.2703315583172486,0.4456110671137716,0.6253782520297038,0.4374581041777707,0.6412549171257155,0.577181883399702,0.8777841670300409,0.5686964119682154,0.8695706478057549,0.0843845672789725,0.0802426355286738,0.0796054499524168,0.0756423863615959,0.0277859633488039,0.0339888590638355,0.0242300262817969,0.0270063127544555,4.455883502960205,4.452023506164551,0.4751022160053253,0.476489245891571,6.738461494445801,6.741425514221191,0.1236007958650589,,0.5642549991607666,,0.3334203958511352,,,0.5617667436599731,4.634438514709473,4.6120195388793945,0.4371078014373779,0.4420502781867981,6.666808128356934,6.65560245513916,0.2701151072978973,,0.6381903886795044,,0.3485572934150696,,0.7190124988555908,0.7287582159042358,0.5983555316925049,,,,0.7169139385223389,0.7966760993003845,0.6835574507713318,,,,2.1556350366002066,1.8797654389418035,6.546554729502687,6.175790807308496,2.636855686172358,2.0951497434906576,6.225223664314513,5.86833633393261,0.3334203958511352,,0.3485572934150696,,0.0849060545951613,0.0978905734760309,0.4456110671137716,0.4374581041777707,0.577181883399702,0.5686964119682154,0.0843845672789725,0.0796054499524168,0.0277859633488039,0.0242300262817969,,0.4960079789161682,4.455883502960205,4.452023506164551,0.4751022160053253,0.476489245891571,6.738461494445801,6.741425514221191,0.1236007958650589,,0.5642549991607666,,0.3334203958511352,,0.7190124988555908,0.7287582159042358,0.5983555316925049,,,,2.1556350366002066,1.8797654389418035,6.546554729502687,6.175790807308496,0.3334203958511352,,0.7897637459217612,0.8573466712483901,-4.057593341562684,68.78\pm{1.7},68.78+-1.7
24,,cub,hiresnet50.a1_in1k_fz,strong,80.38,61.54,2.77,63.2033,54.0732,54.0732,63.2033,,0.5058198571205139,0.0839401664957779,0.1694235193756171,0.0723400424552754,0.1341228169741331,0.0589714040006814,0.1642994246125532,0.0581721850063762,0.1562256482688666,0.0728144738736441,0.2114800332779447,0.0730875062544342,0.1956775033964251,0.0711350526433691,0.0723963000298685,0.070740285296811,0.0717745732106945,0.0251636697800569,0.01866288326921,0.0226227671808593,0.0185969898497665,8.532547950744629,8.534178733825684,0.4887108206748962,0.4897697269916534,21.564807891845703,21.57492446899414,0.1210121884942054,,0.5714922547340393,,0.4717721045017242,,,0.4860639572143554,10.547094345092772,10.48106575012207,0.3702263236045837,0.3754989504814148,22.221454620361328,22.197418212890625,0.1662976145744323,,0.5658647418022156,,0.364117681980133,,0.7981023788452148,0.7728598117828369,0.5342909097671509,,,,0.7315185070037842,0.8289947509765625,0.5269128680229187,,,,2.0226557769209736,1.8184180259974705,5.717835531474008,5.686104132157668,1.5001225571790997,1.4948260441242314,5.819214596400829,5.769240194675623,0.4717721045017242,,0.364117681980133,,0.0839401664957779,0.0723400424552754,0.0589714040006814,0.0581721850063762,0.0728144738736441,0.0730875062544342,0.0711350526433691,0.070740285296811,0.0251636697800569,0.0226227671808593,,0.5058198571205139,8.532547950744629,8.534178733825684,0.4887108206748962,0.4897697269916534,21.564807891845703,21.57492446899414,0.1210121884942054,,0.5714922547340393,,0.4717721045017242,,0.7981023788452148,0.7728598117828369,0.5342909097671509,,,,2.0226557769209736,1.8184180259974705,5.717835531474008,5.686104132157668,0.4717721045017242,,0.4700483494764991,0.5409483477386233,-3.5585918231970166,61.54\pm{2.77},61.54+-2.77
24,,cub,hiresnet50.in21k_miil_fz,strong,82.0,82.92,1.37,84.087,79.4615,79.4615,84.087,,0.8424276113510132,-0.0362548240749164,0.3004996178884597,-0.0331632913396812,0.2728602257397898,0.3684225669896312,0.6335305086255866,0.3632579092299642,0.6534224241586626,0.3614995092861711,0.8952593417113303,0.35463289491987,0.891882269121876,0.0763153841845878,0.0717814273446833,0.0755853623500682,0.071556647498743,0.0012513421155432,0.0106287785675576,0.0012406073101274,0.0085066998234161,40.109901428222656,40.16549301147461,0.2363688349723816,0.2344667911529541,42.75633239746094,42.71310043334961,0.4639659821987152,,0.8555330038070679,,0.8862246870994568,,,0.5297826528549194,6.412893295288086,6.406612396240234,0.3565142750740051,0.3572216331958771,13.155920028686523,13.161103248596191,0.1063039749860763,,0.6369408965110779,,0.5265806317329407,,0.9458057880401612,0.9286330938339232,0.8048760294914246,,,,0.9139320850372314,0.7980635762214661,0.5814669132232666,,,,0.1026100534745424,0.1017297994304468,6.2578615031361995,6.197999712705593,0.8715598425397232,0.6975493855201202,5.886077042264031,5.867645094896926,0.8862246870994568,,0.5265806317329407,,-0.0362548240749164,-0.0331632913396812,0.3684225669896312,0.3632579092299642,0.3614995092861711,0.35463289491987,0.0763153841845878,0.0755853623500682,0.0012513421155432,0.0012406073101274,,0.8424276113510132,40.109901428222656,40.16549301147461,0.2363688349723816,0.2344667911529541,42.75633239746094,42.71310043334961,0.4639659821987152,,0.8555330038070679,,0.8862246870994568,,0.9458057880401612,0.9286330938339232,0.8048760294914246,,,,0.1026100534745424,0.1017297994304468,6.2578615031361995,6.197999712705593,0.8862246870994568,,1.579742876941007,1.664715591918991,-4.275395031196034,82.92\pm{1.37},82.92+-1.37
24,,cub,hiresnet50.fb_swsl_ig1b_ft_in1k_fz,weak,81.18,80.71,1.55,81.9123,76.6483,76.6483,81.9123,,0.615320086479187,0.0797266235500429,0.3464789290141892,0.0924433853348682,0.3368594614335414,0.3538844908979104,0.6033404752820206,0.3497526649389906,0.58858136003565,0.4452503825476719,0.9017511631918396,0.4433010781776297,0.8855890379426296,0.0735163717144563,0.071403403151135,0.0721962563070099,0.0708499846252603,0.0229199223460689,0.0321208116027616,0.0205631703138351,0.0240440940136437,6.876345634460449,6.882617950439453,0.4557400345802307,0.4563837051391601,13.262001991271973,13.271493911743164,0.1287779510021209,,0.7150962948799133,,0.4867563545703888,,,0.5853206515312195,7.3210296630859375,7.301039695739746,0.427760511636734,0.4299294948577881,13.325105667114258,13.320350646972656,0.1655183285474777,,0.6767977476119995,,0.2234326750040054,,0.8308150768280029,0.9098846316337584,0.628173828125,,,,0.7214086055755615,0.8877342939376831,0.6861180067062378,,,,1.8606392960538736,1.6693181660771335,5.9680590557795625,5.860892087003064,2.6075674859121865,1.9518995520275957,5.79652826780914,5.751601751878632,0.4867563545703888,,0.2234326750040054,,0.0797266235500429,0.0924433853348682,0.3538844908979104,0.3497526649389906,0.4452503825476719,0.4433010781776297,0.0735163717144563,0.0721962563070099,0.0229199223460689,0.0205631703138351,,0.615320086479187,6.876345634460449,6.882617950439453,0.4557400345802307,0.4563837051391601,13.262001991271973,13.271493911743164,0.1287779510021209,,0.7150962948799133,,0.4867563545703888,,0.8308150768280029,0.9098846316337584,0.628173828125,,,,1.8606392960538736,1.6693181660771335,5.9680590557795625,5.860892087003064,0.4867563545703888,,1.431012975395082,1.5104170134763215,-4.150176443288376,80.71\pm{1.55},80.71+-1.55
24,,cub,hiresnet50.fb_ssl_yfcc100m_ft_in1k_fz,weak,79.22,79.46,1.52,80.6351,75.4919,75.4919,80.6351,,0.6152352094650269,0.0838123565855717,0.2966193150374217,0.0997036812882274,0.2465821053510753,0.3582395348925053,0.6252538295567175,0.3526728777609972,0.6522300262654639,0.4646485372632944,0.8754011616650368,0.463187366783894,0.8634097227241754,0.0783630152329749,0.0770259296594982,0.075365893552934,0.072506416428751,0.022793492642782,0.0315725442062142,0.0209119773091195,0.0249198384910494,5.76830005645752,5.772286415100098,0.4451693296432495,0.445819616317749,10.112000465393066,10.118097305297852,0.1308316886425018,,0.7330506443977356,,0.4449809193611145,,,0.5512218475341797,6.219043731689453,6.199916839599609,0.4299744665622711,0.4336928427219391,10.235506057739258,10.22865390777588,0.2268613427877426,,0.5870152711868286,,0.35636767745018,,0.759108304977417,0.9488833546638488,0.6099468469619751,,,,0.7007893919944763,0.839079737663269,0.6317981481552124,,,,1.80570048716119,1.6566468424284466,6.207918066756271,5.97048608726343,2.501176952016289,1.9741496052609333,6.101994147625447,5.743958309485654,0.4449809193611145,,0.35636767745018,,0.0838123565855717,0.0997036812882274,0.3582395348925053,0.3526728777609972,0.4646485372632944,0.463187366783894,0.0783630152329749,0.075365893552934,0.022793492642782,0.0209119773091195,,0.6152352094650269,5.76830005645752,5.772286415100098,0.4451693296432495,0.445819616317749,10.112000465393066,10.118097305297852,0.1308316886425018,,0.7330506443977356,,0.4449809193611145,,0.759108304977417,0.9488833546638488,0.6099468469619751,,,,1.80570048716119,1.6566468424284466,6.207918066756271,5.97048608726343,0.4449809193611145,,1.3529714540347435,1.4264718895901771,-4.169584641417569,79.46\pm{1.52},79.46+-1.52
24,,cub,hiresnet50.in1k_mocov3_fz,medium,74.6,64.93,1.72,66.31,61.0287,61.0287,66.31,,0.5043412446975708,0.0432413223963249,0.2798829320353754,0.047090866089593,0.2315067392654344,0.1150424482689466,0.6173846091812105,0.114731814769132,0.6530567600421858,0.1353886035190387,0.861640221083504,0.1348507674261354,0.8574469051029793,0.075122974537037,0.0736505469683393,0.0730473379255548,0.0719286713082668,0.022290052705875,0.0307426159820889,0.019940427412371,0.0274566420568869,7.567941665649414,7.569047927856445,0.4909367263317108,0.494196891784668,14.259437561035156,14.269515991210938,0.0992147251963615,,0.5217573046684265,,0.4295829236507416,,,0.5278930068016052,7.949034214019775,7.938769817352295,0.4527581632137298,0.4567896127700805,14.187296867370604,14.18770980834961,0.2016915827989578,,0.5612033605575562,,0.374570220708847,,0.7580961585044861,0.7092553973197937,0.6027564406394958,,,,0.7756848931312561,0.7696503400802612,0.6039093136787415,,,,1.6628379318582747,1.4875558849628763,5.60417390046296,5.449331409246388,2.2933991522638317,2.048265497443763,5.494330803838111,5.3658788795967025,0.4295829236507416,,0.374570220708847,,0.0432413223963249,0.047090866089593,0.1150424482689466,0.114731814769132,0.1353886035190387,0.1348507674261354,0.075122974537037,0.0730473379255548,0.022290052705875,0.019940427412371,,0.5043412446975708,7.567941665649414,7.569047927856445,0.4909367263317108,0.494196891784668,14.259437561035156,14.269515991210938,0.0992147251963615,,0.5217573046684265,,0.4295829236507416,,0.7580961585044861,0.7092553973197937,0.6027564406394958,,,,1.6628379318582747,1.4875558849628763,5.60417390046296,5.449331409246388,0.4295829236507416,,0.6160063007722704,0.6771396579623149,-4.045943815130345,64.93\pm{1.72},64.93+-1.72
24,,cub,hiresnet50.in1k_supcon_fz,strong,79.1,68.23,1.57,69.5375,64.4115,64.4115,69.5375,,0.6508970856666565,0.0823006748794453,0.3468288303279184,0.0854355480658728,0.3451010255575888,0.0069691514258894,0.5968102721439358,0.0068813197513151,0.5707874933583645,0.0100908623740821,0.9025919918825184,0.0100675651813675,0.8846893146537139,0.0789137171445639,0.0771227691905615,0.0758297309308338,0.0736386902517417,0.0263811065464891,0.0368922603947501,0.0232712428730267,0.0236335083596654,0.5897351503372192,0.5896679759025574,0.5000882148742676,0.5012931823730469,0.9677873253822328,0.9682920575141908,0.3106330037117004,,0.7039279341697693,,0.5360440611839294,,,0.5998238325119019,0.6892011165618896,0.6860314607620239,0.444636344909668,0.446698397397995,1.0527195930480957,1.0516033172607422,0.2943566739559173,,0.6720524430274963,,0.1265097707509994,,0.8251947164535522,0.8924137353897095,0.6900721192359924,,,,0.6899478435516357,0.9015294909477234,0.6995474100112915,,,,2.0867455278272877,1.840755311256412,6.242075026135004,5.9981317166289525,2.9181777972247325,1.869410511249533,6.100411042973414,5.8248203989127685,0.5360440611839294,,0.1265097707509994,,0.0823006748794453,0.0854355480658728,0.0069691514258894,0.0068813197513151,0.0100908623740821,0.0100675651813675,0.0789137171445639,0.0758297309308338,0.0263811065464891,0.0232712428730267,,0.6508970856666565,0.5897351503372192,0.5896679759025574,0.5000882148742676,0.5012931823730469,0.9677873253822328,0.9682920575141908,0.3106330037117004,,0.7039279341697693,,0.5360440611839294,,0.8251947164535522,0.8924137353897095,0.6900721192359924,,,,2.0867455278272877,1.840755311256412,6.242075026135004,5.9981317166289525,0.5360440611839294,,0.7643254580774986,0.8253697564500869,-4.139595258186759,68.23\pm{1.57},68.23+-1.57
24,,cub,hiresnet50.in1k_swav_fz,strong,75.3,59.55,2.08,61.0804,54.1077,54.1077,61.0804,,0.5154157876968384,0.0528772423785036,0.2104767557080529,0.0539323803318079,0.1468291472760746,0.1105288333069772,0.1630352599056614,0.1089952207355014,0.1570100979047246,0.1280198146344078,0.2201279317337395,0.1262650617452165,0.1987010239834407,0.0803884781959378,0.0748184550477897,0.076918868508942,0.072918279892085,0.0245275660468045,0.0190716363810082,0.0220221903707299,0.0185519974719692,4.723806381225586,4.721884727478027,0.4927111566066742,0.4947493076324463,8.912744522094727,8.919600486755371,0.278894305229187,,0.5652064085006714,,0.4332580268383026,,,0.7332929968833923,5.448622703552246,5.4198317527771,0.3418161571025848,0.3409925699234009,9.250865936279297,9.240979194641112,0.1740060001611709,,0.8210436701774597,,0.8020855188369751,,0.729594349861145,0.7638131976127625,0.5904066562652588,,,,0.9965892434120178,0.954850435256958,0.6628861427307129,,,,1.8469257233243788,1.6582709349159612,6.0532524081541155,5.791990798723332,1.4360942194899173,1.3969654096392807,5.633829665098564,5.490746475874,0.4332580268383026,,0.8020855188369751,,0.0528772423785036,0.0539323803318079,0.1105288333069772,0.1089952207355014,0.1280198146344078,0.1262650617452165,0.0803884781959378,0.076918868508942,0.0245275660468045,0.0220221903707299,,0.5154157876968384,4.723806381225586,4.721884727478027,0.4927111566066742,0.4947493076324463,8.912744522094727,8.919600486755371,0.278894305229187,,0.5652064085006714,,0.4332580268383026,,0.729594349861145,0.7638131976127625,0.5904066562652588,,,,1.8469257233243788,1.6582709349159612,6.0532524081541155,5.791990798723332,0.4332580268383026,,0.3867297253794741,0.450693049344764,-3.8520942837972596,59.55\pm{2.08},59.55+-2.08
24,,cub,hiresnet50.in1k_spark_fz,medium,80.6,39.75,1.51,41.0597,36.1063,36.1063,41.0597,,0.5868627429008484,0.0074265962227045,0.3367607961246577,0.0196397666943205,0.2517438607154926,0.0431713547911799,0.5739898046430509,0.042700318260605,0.6212165078707829,0.0482992091503539,0.8750691557554049,0.0478543600466815,0.8570254793754959,0.0706636891427718,0.0704536757019115,0.0706523294413919,0.0705651451285642,0.0233889774930092,0.0350087289047497,0.0212526609200042,0.0241938964105569,6.690636157989502,6.679070949554443,0.472044050693512,0.4743363261222839,24.12813186645508,24.12845802307129,0.195422425866127,,0.6162016987800598,,0.5361990332603455,,,0.5867851972579956,7.858891487121582,7.82297420501709,0.4455063343048096,0.4491357207298279,24.4527645111084,24.439529418945312,0.3854160606861114,,0.6511353254318237,,0.2969980835914612,,0.813537061214447,0.7979282140731812,0.5426602363586426,,,,0.7529788613319397,0.8438889384269714,0.6165112257003784,,,,1.8851515859365415,1.7129644701523385,5.6954933449074066,5.694577752976186,2.8217035497228258,1.950028050690886,5.678566261574066,5.687550697362274,0.5361990332603455,,0.2969980835914612,,0.0074265962227045,0.0196397666943205,0.0431713547911799,0.042700318260605,0.0482992091503539,0.0478543600466815,0.0706636891427718,0.0706523294413919,0.0233889774930092,0.0212526609200042,,0.5868627429008484,6.690636157989502,6.679070949554443,0.472044050693512,0.4743363261222839,24.12813186645508,24.12845802307129,0.195422425866127,,0.6162016987800598,,0.5361990332603455,,0.813537061214447,0.7979282140731812,0.5426602363586426,,,,1.8851515859365415,1.7129644701523385,5.6954933449074066,5.694577752976186,0.5361990332603455,,-0.4158317697264354,-0.3614979620353598,-4.18068465594887,39.75\pm{1.51},39.75+-1.51
24,,all,hivit_base_patch16_224.orig_in21k_fz,weak,81.79,71.37,19.27,95.5299,41.8242,94.9258,95.5299,0.8338279128074646,0.818028450012207,0.3070767490870732,0.5721947575978454,0.3047418355277007,0.4894624234099998,0.5334697401220915,0.7770695847419855,0.5349158021467203,0.7899468432443012,0.8182100748692966,0.9537808013395002,0.8167708191719223,0.9542562770870124,0.2405665073675826,0.2880591024492234,0.1833041175872058,0.1972469733997935,0.0771669583081344,0.1024342742765248,0.0535515178909231,0.0542040832968421,15.205724716186523,15.165653228759766,0.6086120009422302,0.607109010219574,13.569334983825684,13.592992782592772,0.721100389957428,0.750511884689331,0.5173433423042297,0.5421308279037476,,,0.6970137357711792,0.6710785627365112,15.994630813598633,15.919992446899414,0.6341285109519958,0.6325352191925049,13.489830017089844,13.494895935058594,0.5586841702461243,0.5927413702011108,0.3333590924739837,0.344823956489563,,,0.8466086983680725,0.9779801964759828,0.9268250465393066,0.8559147715568542,0.980595886707306,0.9373693466186525,0.8110679984092712,0.9775535464286804,0.9132477641105652,0.8184537291526794,0.9791776537895204,0.9274082779884338,6.3114855200223134,4.379978648298601,19.675934637594583,14.992443777457563,8.378099293076964,4.433351972848715,23.56035398932198,16.13282995436911,0.5173433423042297,0.5421308279037476,0.3333590924739837,0.344823956489563,0.3070767490870732,0.3047418355277007,0.5334697401220915,0.5349158021467203,0.8182100748692966,0.8167708191719223,0.2405665073675826,0.1833041175872058,0.0771669583081344,0.0535515178909231,0.8338279128074646,0.818028450012207,15.205724716186523,15.165653228759766,0.6086120009422302,0.607109010219574,13.569334983825684,13.592992782592772,0.721100389957428,0.750511884689331,0.5173433423042297,0.5421308279037476,,,0.8466086983680725,0.9779801964759828,0.9268250465393066,0.8559147715568542,0.980595886707306,0.9373693466186525,6.3114855200223134,4.379978648298601,19.675934637594583,14.992443777457563,0.5173433423042297,0.5421308279037476,0.9132942748842596,3.0620285077498903,-1.4327220633854105,71.37\pm{19.27},71.37+-19.27
24,,all,hideit_base_patch16_224.fb_in1k_fz,strong,81.99,71.2,12.57,85.1916,46.1746,81.8433,85.1916,0.8318833708763123,0.8156874775886536,0.1949204016124096,0.5708890509592817,0.1969184294094705,0.5028630892436328,0.5223598927646953,0.7397926137348634,0.5140710677468487,0.7597976848100739,0.7210382623088626,0.949866451646366,0.7226575760684011,0.9475382213007236,0.1871484219434488,0.2463944936570428,0.1535446443534678,0.164833964911243,0.0739322637998929,0.0711003640219302,0.0588564221020583,0.0366760891872448,24.78528594970703,24.676313400268555,0.4791258573532105,0.478850930929184,23.25840759277344,23.243030548095703,0.6399619579315186,0.6729714870452881,0.588831901550293,0.5805234909057617,,,0.7490124702453613,0.7319059371948242,27.410743713378903,27.24835205078125,0.5411375761032104,0.5406545996665955,24.566749572753903,24.51159286499023,0.5788244605064392,0.6239097714424133,0.5007385611534119,0.5034548044204712,,,0.90884530544281,0.9809376001358032,0.8826919794082642,0.8750452995300293,0.984155774116516,0.8946572542190552,0.8555389642715454,0.973156213760376,0.924859344959259,0.8657448291778564,0.9777277708053588,0.9289002418518066,6.061706308953219,4.825638048147759,15.344299115143366,12.589125390540824,5.829518846158058,3.007072552462201,20.201884534940937,13.514736783072813,0.588831901550293,0.5805234909057617,0.5007385611534119,0.5034548044204712,0.1949204016124096,0.1969184294094705,0.5223598927646953,0.5140710677468487,0.7210382623088626,0.7226575760684011,0.1871484219434488,0.1535446443534678,0.0739322637998929,0.0588564221020583,0.8318833708763123,0.8156874775886536,24.78528594970703,24.676313400268555,0.4791258573532105,0.478850930929184,23.25840759277344,23.243030548095703,0.6399619579315186,0.6729714870452881,0.588831901550293,0.5805234909057617,,,0.90884530544281,0.9809376001358032,0.8826919794082642,0.8750452995300293,0.984155774116516,0.8946572542190552,6.061706308953219,4.825638048147759,15.344299115143366,12.589125390540824,0.588831901550293,0.5805234909057617,0.904919607435286,1.749708250093424,-1.939765425928319,71.2\pm{12.57},71.2+-12.57
24,,all,hivit_base_patch16_224_miil.in21k_fz,strong,84.27,46.94,10.23,60.6662,29.4029,56.9555,60.6662,0.8623701930046082,0.8528745174407959,0.0447951076228653,0.5794739956056277,0.0523539605326288,0.5070131591389765,0.5258978328639266,0.7690769935339774,0.524869548303518,0.7818152447631906,0.5832706384499851,0.9455411835043288,0.5866505790742681,0.9451933974017468,0.1109135429111907,0.2663324311023622,0.0991043185436567,0.1889074956804461,0.027759513438843,0.0823242365531721,0.0243004769796416,0.0431959762302025,13.741442680358888,13.753924369812012,0.5758021473884583,0.5785667300224304,13.732040405273438,13.762922286987305,0.7137245535850525,0.7300052642822266,0.7002573013305664,0.7206956148147583,,,0.6699905395507812,0.6598296761512756,16.83828353881836,16.76746368408203,0.6497094631195068,0.648103654384613,14.119680404663086,14.080358505249023,0.5394291877746582,0.5564028024673462,0.3389908969402313,0.3371209502220154,,,0.933695673942566,0.9793182611465454,0.9293419122695924,0.935833752155304,0.980726718902588,0.9221476316452026,0.8256634473800659,0.9728326797485352,0.9173091053962708,0.8260802030563354,0.9708585739135742,0.9250596761703492,2.3392941974912995,2.0478011950743973,9.34668426112604,8.35152092367395,6.937463414335813,3.6401249169191643,22.443833968996064,15.919234660991192,0.7002573013305664,0.7206956148147583,0.3389908969402313,0.3371209502220154,0.0447951076228653,0.0523539605326288,0.5258978328639266,0.524869548303518,0.5832706384499851,0.5866505790742681,0.1109135429111907,0.0991043185436567,0.027759513438843,0.0243004769796416,0.8623701930046082,0.8528745174407959,13.741442680358888,13.753924369812012,0.5758021473884583,0.5785667300224304,13.732040405273438,13.762922286987305,0.7137245535850525,0.7300052642822266,0.7002573013305664,0.7206956148147583,,,0.933695673942566,0.9793182611465454,0.9293419122695924,0.935833752155304,0.980726718902588,0.9221476316452026,2.3392941974912995,2.0478011950743973,9.34668426112604,8.35152092367395,0.7002573013305664,0.7206956148147583,-0.12238064639394032,0.43330250593745434,-2.1718165477467055,46.94\pm{10.23},46.94+-10.23
24,,all,hideit3_base_patch16_224.fb_in22k_ft_in1k_fz,strong,85.7,80.2,13.76,95.6679,51.9352,94.3562,95.6679,0.8111335039138794,0.7943703532218933,0.2462552486924561,0.6156120427265962,0.2546627789059897,0.5645150864865668,0.4661772820468437,0.7573870923919412,0.4568761780840746,0.7576843665356672,0.6012754485807935,0.958409035054073,0.602519624816731,0.957273796032556,0.1223911663679808,0.2130472623213764,0.0936760517262084,0.1228963599469824,0.0584910315424737,0.0731078372226925,0.0443597702862142,0.0325361467385418,31.304105758666992,31.163497924804688,0.6553105115890503,0.6542340517044067,33.14446258544922,33.133995056152344,0.6513385772705078,0.6870049834251404,0.5339515209197998,0.5458143353462219,,,0.656015932559967,0.6471807360649109,34.655914306640625,34.47972106933594,0.6467446088790894,0.6459004878997803,34.133480072021484,34.07512664794922,0.5008624792098999,0.5280939936637878,0.3968611061573028,0.3638231456279754,,,0.8602120876312256,0.9879835247993468,0.8915294408798218,0.8533716201782227,0.9898412823677064,0.9040640592575072,0.8192518949508667,0.9854097962379456,0.901547074317932,0.823760986328125,0.9863216876983644,0.9113651514053344,5.012681403189996,3.801632313528557,10.488922957735955,8.02803763293606,6.265341649984747,2.7883477754930324,18.25815038094196,10.532218047456393,0.5339515209197998,0.5458143353462219,0.3968611061573028,0.3638231456279754,0.2462552486924561,0.2546627789059897,0.4661772820468437,0.4568761780840746,0.6012754485807935,0.602519624816731,0.1223911663679808,0.0936760517262084,0.0584910315424737,0.0443597702862142,0.8111335039138794,0.7943703532218933,31.304105758666992,31.163497924804688,0.6553105115890503,0.6542340517044067,33.14446258544922,33.133995056152344,0.6513385772705078,0.6870049834251404,0.5339515209197998,0.5458143353462219,,,0.8602120876312256,0.9879835247993468,0.8915294408798218,0.8533716201782227,0.9898412823677064,0.9040640592575072,5.012681403189996,3.801632313528557,10.488922957735955,8.02803763293606,0.5339515209197998,0.5458143353462219,1.3991388405643748,3.0948304060963086,-1.8353719693915782,80.2\pm{13.76},80.2+-13.76
24,,all,hideit3_base_patch16_224.fb_in1k_fz,strong,83.79,73.77,12.7,87.2109,45.9646,83.3621,87.2109,0.8677628040313721,0.8442214131355286,0.209393153420494,0.6023715092871542,0.198594143912114,0.5426004864679421,0.245489461878045,0.7614773232253306,0.2424707244168493,0.7580258098591466,0.36157503535835,0.9568577615688684,0.358117981806911,0.9566971424267564,0.1403978743528474,0.2397731232576662,0.1130293062737915,0.1423672834518422,0.0569305615399473,0.0694235460732572,0.0460097548507508,0.0287562980974986,27.16263961791992,27.05604553222656,0.6380959749221802,0.6368685960769653,24.648712158203125,24.61823081970215,0.6373839974403381,0.6862034797668457,0.8210049271583557,0.8448854684829712,,,0.7128004431724548,0.7092801332473755,30.479698181152344,30.374588012695312,0.6387902498245239,0.6392786502838135,27.245086669921875,27.184797286987305,0.5807223916053772,0.6102548837661743,0.5612563490867615,0.5308094620704651,,,0.9713699221611024,0.9771808385849,0.8951666355133057,0.9716776609420776,0.98027503490448,0.9055756330490112,0.8942450881004333,0.95614093542099,0.9456194639205932,0.8946657180786133,0.960795521736145,0.9507337808609008,4.770211751432185,3.85515735894441,11.763937892025083,9.47072557268099,5.816998925478221,2.4094902175894077,20.090589997759853,11.92895468042986,0.8210049271583557,0.8448854684829712,0.5612563490867615,0.5308094620704651,0.209393153420494,0.198594143912114,0.245489461878045,0.2424707244168493,0.36157503535835,0.358117981806911,0.1403978743528474,0.1130293062737915,0.0569305615399473,0.0460097548507508,0.8677628040313721,0.8442214131355286,27.16263961791992,27.05604553222656,0.6380959749221802,0.6368685960769653,24.648712158203125,24.61823081970215,0.6373839974403381,0.6862034797668457,0.8210049271583557,0.8448854684829712,,,0.9713699221611024,0.9771808385849,0.8951666355133057,0.9716776609420776,0.98027503490448,0.9055756330490112,4.770211751432185,3.85515735894441,11.763937892025083,9.47072557268099,0.8210049271583557,0.8448854684829712,1.0340399099789526,1.9197360774628291,-1.9279418617491875,73.77\pm{12.7},73.77+-12.7
24,,all,hivit_base_patch16_224.in1k_mocov3_fz,medium,83.2,70.23,10.52,82.9824,47.2247,78.6676,82.9824,0.8961269855499268,0.8770550489425659,0.1180167957387177,0.5228098308800093,0.1147845946505575,0.4311458565504385,0.1766695782649912,0.7306390363974331,0.1749434068183217,0.7583127296496289,0.2256100650508417,0.9369711490173648,0.223883150246912,0.9346388822244156,0.1457991089207486,0.1752865516726404,0.124075551695037,0.1245920643898585,0.0669400726167959,0.0711165890898755,0.0531774181804377,0.044402689123765,9.039932250976562,8.996952056884766,0.5981141328811646,0.5975190997123718,8.557538032531738,8.573452949523926,0.6587470173835754,0.7032187581062317,0.8780660033226013,0.9065113067626952,,,0.8580936789512634,0.8310399055480957,9.537968635559082,9.512451171875,0.6006072163581848,0.5997462272644043,8.684186935424805,8.692338943481445,0.6732721924781799,0.7273334264755249,0.8167572617530823,0.8436291217803955,,,0.9901686906814576,0.9877514243125916,0.8774338960647583,0.993739128112793,0.9897005558013916,0.8932340145111084,0.9905810952186584,0.9781585931777954,0.934266984462738,0.9913498163223268,0.9830451607704164,0.9429054260253906,5.569414041717419,4.424361192612417,12.130485862206283,10.32308590102708,5.916900212277642,3.694303735097248,14.583841099163681,10.366059757236227,0.8780660033226013,0.9065113067626952,0.8167572617530823,0.8436291217803955,0.1180167957387177,0.1147845946505575,0.1766695782649912,0.1749434068183217,0.2256100650508417,0.223883150246912,0.1457991089207486,0.124075551695037,0.0669400726167959,0.0531774181804377,0.8961269855499268,0.8770550489425659,9.039932250976562,8.996952056884766,0.5981141328811646,0.5975190997123718,8.557538032531738,8.573452949523926,0.6587470173835754,0.7032187581062317,0.8780660033226013,0.9065113067626952,,,0.9901686906814576,0.9877514243125916,0.8774338960647583,0.993739128112793,0.9897005558013916,0.8932340145111084,5.569414041717419,4.424361192612417,12.130485862206283,10.32308590102708,0.8780660033226013,0.9065113067626952,0.8582959186435952,1.5843804344919212,-2.14073782478105,70.23\pm{10.52},70.23+-10.52
24,,all,hivit_base_patch16_224.dino_fz,medium,82.8,76.44,9.17,89.0404,59.1359,85.9337,89.0404,0.9011822938919068,0.8833465576171875,0.1422744516070844,0.6184499355315224,0.1419206034379556,0.543437829100059,0.4969676701168332,0.7574073501421157,0.4931973270702532,0.7448501284107845,0.6676996237595831,0.9600682082434856,0.6665962101393927,0.95828933512641,0.2372778524492234,0.2168891486220472,0.1926535304292657,0.12290830425252,0.0774516060574507,0.0678107326324933,0.0614662299226055,0.0347625774050515,75.03898620605469,74.74993896484375,0.622918963432312,0.6235924959182739,64.98920440673828,64.91243743896484,0.6948323845863342,0.7325263619422913,0.8884533047676086,0.9072256684303284,,,0.7811325192451477,0.7741879224777222,68.5289306640625,68.45220947265625,0.5721391439437866,0.5726771354675293,63.56510543823242,63.50504684448242,0.5915016531944275,0.6234714984893799,0.7287576198577881,0.7173076868057251,,,0.9926040768623352,0.9788710474967957,0.8950643539428711,0.9934154152870178,0.9824360013008118,0.9076811075210572,0.9751405119895936,0.9593601822853088,0.916932225227356,0.9659829139709472,0.9605731964111328,0.9276703596115112,6.412992981556918,5.089403837591735,19.646606182795697,15.9517123195432,5.614728661970446,2.8783414091382644,17.958421505905505,10.176807592108656,0.8884533047676086,0.9072256684303284,0.7287576198577881,0.7173076868057251,0.1422744516070844,0.1419206034379556,0.4969676701168332,0.4931973270702532,0.6676996237595831,0.6665962101393927,0.2372778524492234,0.1926535304292657,0.0774516060574507,0.0614662299226055,0.9011822938919068,0.8833465576171875,75.03898620605469,74.74993896484375,0.622918963432312,0.6235924959182739,64.98920440673828,64.91243743896484,0.6948323845863342,0.7325263619422913,0.8884533047676086,0.9072256684303284,,,0.9926040768623352,0.9788710474967957,0.8950643539428711,0.9934154152870178,0.9824360013008118,0.9076811075210572,6.412992981556918,5.089403837591735,19.646606182795697,15.9517123195432,0.8884533047676086,0.9072256684303284,1.1768256468471632,2.0948744148166862,-2.292809974516566,76.44\pm{9.17},76.44+-9.17
24,,all,hivit_base_patch16_clip_224.laion2b_fz,medium,85.47,83.88,10.77,93.4461,64.2364,87.9531,93.4461,0.8595055341720581,0.8395462036132812,0.1429947828825564,0.5822574316516902,0.1515632375252441,0.48052851334676,0.4594256868013105,0.4278747129617505,0.4524993625041863,0.4188152804451702,0.5051440947620083,0.7168922422895425,0.5005647054658848,0.7120646835826177,0.1778124088655584,0.1709641639287136,0.1463363524280911,0.1065008401865019,0.0501238677023132,0.0687725659339658,0.0415729450764673,0.0403388357642806,66.56524658203125,66.51385498046875,0.6323891878128052,0.6312031149864197,58.699798583984375,58.73588180541992,0.6725378632545471,0.6879881620407104,0.8282999396324158,0.8466764688491821,,,0.7995827794075012,0.7825027704238892,67.74913787841797,67.65858459472656,0.634858250617981,0.6340394020080566,65.12931823730469,64.94749450683594,0.5703251361846924,0.5958203673362732,0.6256524920463562,0.6495168209075928,,,0.9699786901474,0.9804243445396424,0.8385920524597168,0.9707099199295044,0.9843227863311768,0.8472270369529724,0.9153233766555786,0.9804476499557496,0.8894385099411011,0.9173529744148254,0.9840814471244812,0.8972607851028442,4.284086972516709,3.55323961568566,15.197626585739277,12.507368042028945,5.877991210376057,3.447760292773063,14.612307090987152,9.102626810740317,0.8282999396324158,0.8466764688491821,0.6256524920463562,0.6495168209075928,0.1429947828825564,0.1515632375252441,0.4594256868013105,0.4524993625041863,0.5051440947620083,0.5005647054658848,0.1778124088655584,0.1463363524280911,0.0501238677023132,0.0415729450764673,0.8595055341720581,0.8395462036132812,66.56524658203125,66.51385498046875,0.6323891878128052,0.6312031149864197,58.699798583984375,58.73588180541992,0.6725378632545471,0.6879881620407104,0.8282999396324158,0.8466764688491821,,,0.9699786901474,0.9804243445396424,0.8385920524597168,0.9707099199295044,0.9843227863311768,0.8472270369529724,4.284086972516709,3.55323961568566,15.197626585739277,12.507368042028945,0.8282999396324158,0.8466764688491821,1.6495281375459778,2.6573245071809275,-2.114546033874999,83.88\pm{10.77},83.88+-10.77
24,,all,hivit_base_patch16_siglip_224.v2_webli_fz,medium,79.2,52.59,10.66,63.7729,34.2934,61.0804,63.7729,0.8342464566230774,0.8274514675140381,0.0634318365911449,0.622160056926322,0.0664974434696506,0.5778730319578245,0.2322015976277288,0.8399643123342039,0.2265809696135255,0.834946406805239,0.2674119380287554,0.9669998103862022,0.2621676153260245,0.9665495098206136,0.3640388540422142,0.3652740442054958,0.3449036266776358,0.324628836577366,0.0490907978092897,0.0634383774465984,0.0441410573738398,0.0506440976382175,84.61778259277344,84.25831604003906,0.5695326328277588,0.5696879625320435,89.66259002685547,89.53218078613281,0.5611242651939392,0.578490674495697,0.8062923550605774,0.809614360332489,,,0.5990819931030273,0.6202408671379089,102.17807006835938,101.20457458496094,0.6405572295188904,0.6386747360229492,98.53807067871094,98.02254486083984,0.443827748298645,0.4460086524486542,0.4109807014465332,0.4017916619777679,,,0.986050009727478,0.9682819843292236,0.8688894510269165,0.9793455600738524,0.9692955017089844,0.8460307121276855,0.8399614095687866,0.9603549242019652,0.8812873959541321,0.8593964576721191,0.948448121547699,0.8996434807777405,3.8879911864957446,3.495971744008112,28.831877240143367,27.316367232868757,5.0243194937705935,4.011012532946826,28.92970430107527,25.71060385692739,0.8062923550605774,0.809614360332489,0.4109807014465332,0.4017916619777679,0.0634318365911449,0.0664974434696506,0.2322015976277288,0.2265809696135255,0.2674119380287554,0.2621676153260245,0.3640388540422142,0.3449036266776358,0.0490907978092897,0.0441410573738398,0.8342464566230774,0.8274514675140381,84.61778259277344,84.25831604003906,0.5695326328277588,0.5696879625320435,89.66259002685547,89.53218078613281,0.5611242651939392,0.578490674495697,0.8062923550605774,0.809614360332489,,,0.986050009727478,0.9682819843292236,0.8688894510269165,0.9793455600738524,0.9692955017089844,0.8460307121276855,3.8879911864957446,3.495971744008112,28.831877240143367,27.316367232868757,0.8062923550605774,0.809614360332489,0.10387449905389516,0.5655208776813172,-2.125700666967923,52.59\pm{10.66},52.59+-10.66
24,,all,hivit_base_patch16_224.mae_fz,weak,83.6,44.78,10.13,56.1124,18.0318,35.8992,56.1124,0.8881218433380127,0.8680473566055298,-0.0202544943300384,0.5698911125668057,-0.0211792294476821,0.4322521171006209,0.1371720205387675,0.7313555702301991,0.1400570715942318,0.7491001436585712,0.1711073809760043,0.95929711958036,0.1751655124817687,0.9554263879990008,0.0742483074472321,0.1914535478988604,0.0741357660726764,0.1281408324598183,0.036256948465942,0.061938997119283,0.0316728619319615,0.0352583837596488,12.162681579589844,12.152904510498049,0.5420602560043335,0.5427629947662354,11.06549072265625,11.083778381347656,0.6746780872344971,0.7033029794692993,0.8863528966903687,0.9027002453804016,,,0.5412130951881409,0.6667699813842773,16.527759552001953,16.404991149902344,0.5995010733604431,0.5995250940322876,18.210844039916992,18.2096004486084,0.5043373703956604,0.506616473197937,0.5881337523460388,0.4064072370529175,,,0.9872509241104126,0.9786953926086426,0.868858814239502,0.9888931512832642,0.982729196548462,0.8782972097396851,0.9409400224685668,0.9485446810722352,0.9235454797744752,0.907246470451355,0.8583072423934937,0.9283687472343444,3.031080891752751,2.647851257511981,6.207158502588603,6.197750043675747,5.178100159172058,2.9476008823066393,16.005516604344727,10.71257359364081,0.8863528966903687,0.9027002453804016,0.5881337523460388,0.4064072370529175,-0.0202544943300384,-0.0211792294476821,0.1371720205387675,0.1400570715942318,0.1711073809760043,0.1751655124817687,0.0742483074472321,0.0741357660726764,0.036256948465942,0.0316728619319615,0.8881218433380127,0.8680473566055298,12.162681579589844,12.152904510498049,0.5420602560043335,0.5427629947662354,11.06549072265625,11.083778381347656,0.6746780872344971,0.7033029794692993,0.8863528966903687,0.9027002453804016,,,0.9872509241104126,0.9786953926086426,0.868858814239502,0.9888931512832642,0.982729196548462,0.8782972097396851,3.031080891752751,2.647851257511981,6.207158502588603,6.197750043675747,0.8863528966903687,0.9027002453804016,-0.2095758623754311,0.24572500192728328,-2.182520617408333,44.78\pm{10.13},44.78+-10.13
24,,all,hiresnet50.tv_in1k_fz,weak,76.13,64.0,7.96,72.506,46.3846,66.4826,72.506,0.7375680208206177,0.7154243588447571,0.0797689497013673,0.583561771295,0.0888897776645136,0.5072351093503039,0.2249084404347726,0.7621244318464192,0.2197324604483508,0.7787409506058731,0.3039797040249548,0.9567395705362732,0.298851255619408,0.9531806242875268,0.0943462048237753,0.0864022856517935,0.0871324791936005,0.0751819858552395,0.0314245433729934,0.0489817725743834,0.0275604495749114,0.0310086020756335,1.017669439315796,1.0173276662826538,0.4904048442840576,0.4917757213115692,1.249394774436951,1.2510143518447876,0.3735834062099457,0.4070185124874115,0.7686151266098022,0.7866512537002563,0.5720602869987488,0.6041543483734131,0.6662830114364624,0.6445803046226501,1.0340261459350586,1.032479166984558,0.4786426723003387,0.4807466864585877,1.247804880142212,1.248906493186951,0.3655356168746948,0.4014266431331634,0.7091825008392334,0.7333362698554993,0.4045885503292084,0.4156056046485901,0.8315327763557434,0.923111855983734,0.6894751191139221,0.8560768961906433,0.9286285638809204,0.7117412090301514,0.8383532166481018,0.9050448536872864,0.6890948414802551,0.8436405658721924,0.9140020608901978,0.7100328207015991,2.3923504869859875,2.098177026138005,7.182576573234013,6.633395641008805,3.728982346087808,2.360684876017978,6.577806006671039,5.723604583159383,0.5720602869987488,0.6041543483734131,0.4045885503292084,0.4156056046485901,0.0797689497013673,0.0888897776645136,0.2249084404347726,0.2197324604483508,0.3039797040249548,0.298851255619408,0.0943462048237753,0.0871324791936005,0.0314245433729934,0.0275604495749114,0.7375680208206177,0.7154243588447571,1.017669439315796,1.0173276662826538,0.4904048442840576,0.4917757213115692,1.249394774436951,1.2510143518447876,0.3735834062099457,0.4070185124874115,0.7686151266098022,0.7866512537002563,0.5720602869987488,0.6041543483734131,0.8315327763557434,0.923111855983734,0.6894751191139221,0.8560768961906433,0.9286285638809204,0.7117412090301514,2.3923504869859875,2.098177026138005,7.182576573234013,6.633395641008805,0.5720602869987488,0.6041543483734131,0.5755328410176709,0.9697015180077849,-2.4483500180381723,64.0\pm{7.96},64.0+-7.96
24,,all,hiresnet50.tv2_in1k_fz,strong,80.85,58.57,7.64,65.447,42.7543,60.9078,65.447,0.7265939712524414,0.7095609307289124,0.0857378063013695,0.5109111632670663,0.0871220057671117,0.4425994865713109,0.2482163335287004,0.7286624366708943,0.2399773855701563,0.7532913188862292,0.3032762780148261,0.9352818139436184,0.2974181846523033,0.9338680311593678,0.0750354689366786,0.0726786514336917,0.0742572392557651,0.0740013266509433,0.0329899333828077,0.0396049433923143,0.0287136690365889,0.0307553166020957,8.274669647216797,8.271886825561523,0.4928819537162781,0.4933400154113769,15.423900604248049,15.432300567626951,0.1985458433628082,0.2310206741094589,0.7804050445556641,0.793808102607727,0.5422126054763794,0.5159334540367126,0.7381631135940552,0.7346804141998291,9.055198669433594,9.013660430908203,0.3718690574169159,0.3745794892311096,15.803226470947266,15.79494285583496,0.3622821867465973,0.1731806546449661,0.7181961536407471,0.7011550664901733,0.709976315498352,0.6839341521263123,0.8555685877799988,0.8964336514472961,0.6683610677719116,0.8478720188140869,0.9105473160743712,0.6921963691711426,0.9197139739990234,0.9883878231048584,0.733967125415802,0.9046922326087952,0.9870964288711548,0.6763918995857239,2.6672361140000023,2.321500141608212,6.066617663530464,6.003697793828608,3.2020596732686113,2.486567347279437,5.876068968413974,5.983007259728766,0.5422126054763794,0.5159334540367126,0.709976315498352,0.6839341521263123,0.0857378063013695,0.0871220057671117,0.2482163335287004,0.2399773855701563,0.3032762780148261,0.2974181846523033,0.0750354689366786,0.0742572392557651,0.0329899333828077,0.0287136690365889,0.7265939712524414,0.7095609307289124,8.274669647216797,8.271886825561523,0.4928819537162781,0.4933400154113769,15.423900604248049,15.432300567626951,0.1985458433628082,0.2310206741094589,0.7804050445556641,0.793808102607727,0.5422126054763794,0.5159334540367126,0.8555685877799988,0.8964336514472961,0.6683610677719116,0.8478720188140869,0.9105473160743712,0.6921963691711426,2.6672361140000023,2.321500141608212,6.066617663530464,6.003697793828608,0.5422126054763794,0.5159334540367126,0.3460282100299504,0.6387462776646717,-2.4930024058941935,58.57\pm{7.64},58.57+-7.64
24,,all,hiresnet50.gluon_in1k_fz,medium,77.58,61.88,8.15,70.2106,45.5146,64.3701,70.2106,0.71262526512146,0.6894676089286804,0.0849060545951613,0.5371453229817544,0.0978905734760309,0.4655251619349785,0.4456110671137716,0.7393871650383307,0.4374581041777707,0.7604406411640734,0.577181883399702,0.940685149100356,0.5686964119682154,0.937730543930898,0.0843845672789725,0.0802426355286738,0.0796054499524168,0.0756423863615959,0.0337094990756568,0.0473002084479557,0.0289134900307371,0.0335381193056939,4.931727409362793,4.927713871002197,0.4849625825881958,0.4826570153236389,6.971018314361572,6.9768829345703125,0.2084629386663437,0.228649377822876,0.7752971649169922,0.8000763058662415,0.4556349217891693,0.4558164179325104,0.6797206401824951,0.6526134014129639,4.799240589141846,4.787320137023926,0.4502562284469605,0.4532855153083801,6.758771896362305,6.755759239196777,0.278141587972641,0.3193307220935821,0.728713870048523,0.7591789364814758,0.4509198367595672,0.4805968105792999,0.8110382556915283,0.8769450187683105,0.6860975027084351,0.8118252754211426,0.8911283612251282,0.70440673828125,0.8080538511276245,0.9010621905326844,0.6859719753265381,0.8289134502410889,0.9101998805999756,0.7106396555900574,2.6151829382894545,2.243108556584584,6.546554729502687,6.175790807308496,3.669550171392403,2.6018872957357324,6.225223664314513,5.86833633393261,0.4556349217891693,0.4558164179325104,0.4509198367595672,0.4805968105792999,0.0849060545951613,0.0978905734760309,0.4456110671137716,0.4374581041777707,0.577181883399702,0.5686964119682154,0.0843845672789725,0.0796054499524168,0.0337094990756568,0.0289134900307371,0.71262526512146,0.6894676089286804,4.931727409362793,4.927713871002197,0.4849625825881958,0.4826570153236389,6.971018314361572,6.9768829345703125,0.2084629386663437,0.228649377822876,0.7752971649169922,0.8000763058662415,0.4556349217891693,0.4558164179325104,0.8110382556915283,0.8769450187683105,0.6860975027084351,0.8118252754211426,0.8911283612251282,0.70440673828125,2.6151829382894545,2.243108556584584,6.546554729502687,6.175790807308496,0.4556349217891693,0.4558164179325104,0.4845687360936291,0.8573466712483901,-2.4218885892380904,61.88\pm{8.15},61.88+-8.15
24,,all,hiresnet50.a1_in1k_fz,strong,80.38,56.64,8.29,63.226,36.9037,60.6019,63.226,0.7238094806671143,0.7058530449867249,0.0839401664957779,0.4671064290907509,0.0723400424552754,0.3971657217095937,0.0755986388762285,0.1692761336005153,0.0751114925373356,0.1689999308575221,0.0759804656056933,0.2114800332779447,0.0758248366359345,0.1956775033964251,0.0711350526433691,0.0723963000298685,0.0737556505503144,0.074069297038784,0.0295438802559075,0.0191032587015253,0.0258906878649242,0.0185969898497665,9.435173988342283,9.434370994567873,0.4950580000877381,0.4965159893035888,21.957603454589844,21.98391342163086,0.2030961960554123,0.2363890111446381,0.7846850156784058,0.8033939003944397,0.573844313621521,0.5520505309104919,0.5798765420913696,0.5651839375495911,10.939567565917969,10.89116382598877,0.3911025524139404,0.3897949457168579,22.52152633666992,22.52019119262696,0.2007267922163009,0.1969357430934906,0.7042422890663147,0.7163898348808289,0.4365447759628296,0.2356720119714737,0.8639334440231323,0.8871986269950867,0.6737319827079773,0.8577215671539307,0.9039629101753236,0.6893508434295654,0.7450759410858154,0.8574022054672241,0.638258159160614,0.7328085899353027,0.8535733222961426,0.658548891544342,2.374737094969845,2.081093490582607,5.717835531474008,5.9284791912342705,1.5355199344286037,1.4948260441242314,5.819214596400829,5.953690095977457,0.573844313621521,0.5520505309104919,0.4365447759628296,0.2356720119714737,0.0839401664957779,0.0723400424552754,0.0755986388762285,0.0751114925373356,0.0759804656056933,0.0758248366359345,0.0711350526433691,0.0737556505503144,0.0295438802559075,0.0258906878649242,0.7238094806671143,0.7058530449867249,9.435173988342283,9.434370994567873,0.4950580000877381,0.4965159893035888,21.957603454589844,21.98391342163086,0.2030961960554123,0.2363890111446381,0.7846850156784058,0.8033939003944397,0.573844313621521,0.5520505309104919,0.8639334440231323,0.8871986269950867,0.6737319827079773,0.8577215671539307,0.9039629101753236,0.6893508434295654,2.374737094969845,2.081093490582607,5.717835531474008,5.9284791912342705,0.573844313621521,0.5520505309104919,0.26717402044538846,0.5419245352275714,-2.403951039352549,56.64\pm{8.29},56.64+-8.29
24,,all,hiresnet50.in21k_miil_fz,strong,82.0,68.31,11.05,84.087,50.9151,63.1016,84.087,0.8719392418861389,0.9051764011383056,-0.0362548240749164,0.495588764316852,-0.0331632913396812,0.4271097568031781,0.3684225669896312,0.6335305086255866,0.3632579092299642,0.6534224241586626,0.3614995092861711,0.8952593417113303,0.35463289491987,0.891882269121876,0.0763153841845878,0.0717814273446833,0.0760256977201258,0.0738289439203354,0.0012513421155432,0.0222410501868236,0.0012406073101274,0.0173126640360033,54.24540710449219,52.72803497314453,0.2417552769184112,0.2427864968776703,62.91356658935547,62.38983154296875,0.721335768699646,0.5061147809028625,0.91459858417511,0.877788245677948,0.9236019849777222,0.9126988649368286,0.6279323697090149,0.6156154870986938,6.412893295288086,6.406612396240234,0.4149280786514282,0.4149985909461975,13.155920028686523,13.161103248596191,0.2605337798595428,0.185184508562088,0.7110888361930847,0.7192944288253784,0.5265806317329407,0.3800168335437774,0.9515782594680786,0.958853542804718,0.8957933783531189,0.9495446085929872,0.953002154827118,0.8361058235168457,0.9139320850372314,0.8966560363769531,0.7353302240371704,0.8066542744636536,0.902702808380127,0.6848624348640442,0.1026100534745424,0.1017297994304468,6.2578615031361995,6.234107213050315,1.8237661153195353,1.4196384509522706,5.886077042264031,6.053973401467503,0.9236019849777222,0.9126988649368286,0.5265806317329407,0.3800168335437774,-0.0362548240749164,-0.0331632913396812,0.3684225669896312,0.3632579092299642,0.3614995092861711,0.35463289491987,0.0763153841845878,0.0760256977201258,0.0012513421155432,0.0012406073101274,0.8719392418861389,0.9051764011383056,54.24540710449219,52.72803497314453,0.2417552769184112,0.2427864968776703,62.91356658935547,62.38983154296875,0.721335768699646,0.5061147809028625,0.91459858417511,0.877788245677948,0.9236019849777222,0.9126988649368286,0.9515782594680786,0.958853542804718,0.8957933783531189,0.9495446085929872,0.953002154827118,0.8361058235168457,0.1026100534745424,0.1017297994304468,6.2578615031361995,6.234107213050315,0.9236019849777222,0.9126988649368286,0.7678472801392762,1.664715591918991,-2.08598542198402,68.31\pm{11.05},68.31+-11.05
24,,all,hiresnet50.fb_swsl_ig1b_ft_in1k_fz,weak,81.18,71.64,7.96,81.9123,55.4455,70.3644,81.9123,0.7722455263137817,0.7523627877235413,0.0797266235500429,0.545241644958834,0.0924433853348682,0.4742664595829413,0.3538844908979104,0.734011588017845,0.3497526649389906,0.7560197881927821,0.4452503825476719,0.935141003480299,0.4433010781776297,0.9303482607782454,0.0735163717144563,0.072307489884077,0.0743980935534591,0.0738559682914046,0.0242294631018413,0.0373665501224243,0.0211976935406999,0.0276194594445682,7.286757946014404,7.283608913421631,0.4691336452960968,0.4677802324295044,13.456257820129396,13.463714599609377,0.2567419409751892,0.2228323072195053,0.83243328332901,0.8477339148521423,0.6733675003051758,0.7181857824325562,0.6745760440826416,0.6511990427970886,7.580171585083008,7.562298774719238,0.4378505051136017,0.4387141466140747,13.575425148010254,13.571823120117188,0.3050685226917267,0.3421726822853088,0.7233479619026184,0.7511857151985168,0.4868141114711761,0.5069602727890015,0.8891004920005798,0.9438318610191344,0.7075991630554199,0.908733069896698,0.9451120495796204,0.7242085933685303,0.8176905512809753,0.8877342939376831,0.7016077637672424,0.8309664130210876,0.8911846876144409,0.7193233370780945,1.9669478146074768,1.720828761634018,5.9680590557795625,6.03963723466981,3.033416538938405,2.2421477177100466,5.869922028789371,5.995627505896226,0.6733675003051758,0.7181857824325562,0.4868141114711761,0.5069602727890015,0.0797266235500429,0.0924433853348682,0.3538844908979104,0.3497526649389906,0.4452503825476719,0.4433010781776297,0.0735163717144563,0.0743980935534591,0.0242294631018413,0.0211976935406999,0.7722455263137817,0.7523627877235413,7.286757946014404,7.283608913421631,0.4691336452960968,0.4677802324295044,13.456257820129396,13.463714599609377,0.2567419409751892,0.2228323072195053,0.83243328332901,0.8477339148521423,0.6733675003051758,0.7181857824325562,0.8891004920005798,0.9438318610191344,0.7075991630554199,0.908733069896698,0.9451120495796204,0.7242085933685303,1.9669478146074768,1.720828761634018,5.9680590557795625,6.03963723466981,0.6733675003051758,0.7181857824325562,0.9265285181764508,1.5104170134763215,-2.4477582423066067,71.64\pm{7.96},71.64+-7.96
24,,all,hiresnet50.fb_ssl_yfcc100m_ft_in1k_fz,weak,79.22,69.53,8.54,80.6351,52.6253,68.3497,80.6351,0.7575060129165649,0.7411988377571106,0.0838123565855717,0.5415768317417949,0.0997036812882274,0.4705967981988946,0.3582395348925053,0.7298384398965939,0.3526728777609972,0.7516849785195973,0.4646485372632944,0.9366220042529404,0.463187366783894,0.9305717338749584,0.0783630152329749,0.0770259296594982,0.076104314072327,0.0739890428459119,0.0236448738577328,0.0426772550980406,0.0209119773091195,0.0298007040151527,6.067669868469238,6.063492774963379,0.4488839209079742,0.447681576013565,10.180697441101074,10.184053421020508,0.266056478023529,0.2320791035890579,0.825839102268219,0.8356311321258545,0.6763226985931396,0.7118222713470459,0.6630653142929077,0.6381195783615112,6.348649978637695,6.334020614624023,0.4350588917732239,0.4359232187271118,10.332818984985352,10.327225685119627,0.2672986388206482,0.3067265748977661,0.7312195897102356,0.7557290196418762,0.4427096247673034,0.4607439935207367,0.854308009147644,0.970570743083954,0.69471275806427,0.8756275177001953,0.9737404584884644,0.7122565507888794,0.7958549857139587,0.891476035118103,0.6797400712966919,0.8092381954193115,0.8997406959533691,0.7016770243644714,1.8731469070095925,1.6566468424284466,6.207918066756271,6.028983760809744,3.3808921488667765,2.360811772080397,6.101994147625447,5.861411974253141,0.6763226985931396,0.7118222713470459,0.4427096247673034,0.4607439935207367,0.0838123565855717,0.0997036812882274,0.3582395348925053,0.3526728777609972,0.4646485372632944,0.463187366783894,0.0783630152329749,0.076104314072327,0.0236448738577328,0.0209119773091195,0.7575060129165649,0.7411988377571106,6.067669868469238,6.063492774963379,0.4488839209079742,0.447681576013565,10.180697441101074,10.184053421020508,0.266056478023529,0.2320791035890579,0.825839102268219,0.8356311321258545,0.6763226985931396,0.7118222713470459,0.854308009147644,0.970570743083954,0.69471275806427,0.8756275177001953,0.9737404584884644,0.7122565507888794,1.8731469070095925,1.6566468424284466,6.207918066756271,6.028983760809744,0.6763226985931396,0.7118222713470459,0.8249180159814917,1.4264718895901771,-2.371305539009758,69.53\pm{8.54},69.53+-8.54
24,,all,hiresnet50.in1k_mocov3_fz,medium,74.6,63.73,3.62,67.3424,54.1254,65.5889,67.3424,0.7440775632858276,0.7132874131202698,0.0432413223963249,0.4860022910148597,0.047090866089593,0.4219132677733591,0.14200159439077,0.6173846091812105,0.1430911205693524,0.6530567600421858,0.1353886035190387,0.861640221083504,0.1354085503744276,0.8574469051029793,0.075122974537037,0.0736505469683393,0.0747903563941299,0.0738191168763102,0.0256091802432311,0.0363203016967754,0.0228734517263041,0.0293242720266183,8.723159790039062,8.722861289978027,0.4909367263317108,0.494196891784668,14.851608276367188,14.864850044250488,0.1947452872991562,0.2368672788143158,0.7132689356803894,0.7728328108787537,0.6440967321395874,0.6867660880088806,0.6193503737449646,0.5881098508834839,8.010686874389648,7.990360260009766,0.4527581632137298,0.4567896127700805,14.278319358825684,14.27872085571289,0.3148879408836365,0.226491168141365,0.6757325530052185,0.7118238806724548,0.5179262161254883,0.5456272959709167,0.8687511682510376,0.85611891746521,0.6874375939369202,0.8914915919303894,0.8713409304618835,0.7015941143035889,0.8174030780792236,0.7720162272453308,0.6621235609054565,0.8522500395774841,0.7984524369239807,0.6186059713363647,1.91044484614504,1.7063594987822857,5.60417390046296,5.57936058700209,2.7094945065794445,2.187590693185725,5.494330803838111,5.50690611897274,0.6440967321395874,0.6867660880088806,0.5179262161254883,0.5456272959709167,0.0432413223963249,0.047090866089593,0.14200159439077,0.1430911205693524,0.1353886035190387,0.1354085503744276,0.075122974537037,0.0747903563941299,0.0256091802432311,0.0228734517263041,0.7440775632858276,0.7132874131202698,8.723159790039062,8.722861289978027,0.4909367263317108,0.494196891784668,14.851608276367188,14.864850044250488,0.1947452872991562,0.2368672788143158,0.7132689356803894,0.7728328108787537,0.6440967321395874,0.6867660880088806,0.8687511682510376,0.85611891746521,0.6874375939369202,0.8914915919303894,0.8713409304618835,0.7015941143035889,1.91044484614504,1.7063594987822857,5.60417390046296,5.57936058700209,0.6440967321395874,0.6867660880088806,0.563671089573625,0.7237124526758365,-3.281004774050028,63.73\pm{3.62},63.73+-3.62
24,,all,hiresnet50.in1k_supcon_fz,strong,79.1,64.05,6.7,69.5375,48.6649,66.9817,69.5375,0.8016236424446106,0.7826499938964844,0.0823006748794453,0.5585041234809177,0.0854355480658728,0.4830322796421938,0.0083411687569829,0.7468509250631344,0.0083754291445643,0.7633556278107858,0.0100908623740821,0.9271945195535,0.0100675651813675,0.9212770265333208,0.0789137171445639,0.0771227691905615,0.0761174167976939,0.0743227528825995,0.0280715391978504,0.0438951116025917,0.0247136129155045,0.0323776619893217,0.64259934425354,0.6430616974830627,0.5096358060836792,0.5100288987159729,0.9961991310119628,0.9974628686904908,0.5548921227455139,0.5830362439155579,0.8410440683364868,0.858956515789032,0.5360440611839294,0.4471499025821686,0.6734289526939392,0.6396392583847046,0.8702362775802612,0.8683977723121643,0.4842195510864258,0.4862751364707947,1.2782853841781616,1.2778109312057495,0.4255656003952026,0.4621251523494721,0.6720524430274963,0.7078741788864136,0.4542451798915863,0.4962467551231384,0.8251947164535522,0.9629321098327636,0.8380905985832214,0.8229586482048035,0.9675759673118592,0.853577196598053,0.8262906670570374,0.9015294909477234,0.7462945580482483,0.8546390533447266,0.8860594034194946,0.7678735256195068,2.2204587505499664,1.954846781616406,6.242075026135004,6.020887668697587,3.4721033277650033,2.5610730633553467,6.100411042973414,5.87892975301362,0.5360440611839294,0.4471499025821686,0.4542451798915863,0.4962467551231384,0.0823006748794453,0.0854355480658728,0.0083411687569829,0.0083754291445643,0.0100908623740821,0.0100675651813675,0.0789137171445639,0.0761174167976939,0.0280715391978504,0.0247136129155045,0.8016236424446106,0.7826499938964844,0.64259934425354,0.6430616974830627,0.5096358060836792,0.5100288987159729,0.9961991310119628,0.9974628686904908,0.5548921227455139,0.5830362439155579,0.8410440683364868,0.858956515789032,0.5360440611839294,0.4471499025821686,0.8251947164535522,0.9629321098327636,0.8380905985832214,0.8229586482048035,0.9675759673118592,0.853577196598053,2.2204587505499664,1.954846781616406,6.242075026135004,6.020887668697587,0.5360440611839294,0.4471499025821686,0.5777279198833228,0.8253697564500869,-2.6336050411195546,64.05\pm{6.7},64.05+-6.7
24,,all,hiresnet50.in1k_swav_fz,strong,75.3,57.83,5.4,63.2384,42.0342,60.0547,63.2384,0.7847186923027039,0.7667604088783264,0.0528772423785036,0.4794269161506972,0.0539323803318079,0.3959136566562033,0.1191263663373057,0.2460708529981416,0.1181897653474856,0.2772888921575891,0.1280198146344078,0.5552751757239275,0.1262650617452165,0.5439450672636303,0.0803884781959378,0.0748184550477897,0.076918868508942,0.0745377194706498,0.0245275660468045,0.0231260646206255,0.0220221903707299,0.0206550129179684,5.466521263122559,5.461647987365723,0.5059158205986023,0.5040510892868042,9.371212005615234,9.38478183746338,0.5076945424079895,0.5460731983184814,0.7818456292152405,0.8008372187614441,0.753975510597229,0.7698382139205933,0.7140145897865295,0.8113657832145691,5.511144638061523,5.466779708862305,0.39894899725914,0.4051843285560608,9.301161766052246,9.29088020324707,0.3823661208152771,0.2994572520256042,0.8797085881233215,0.792059063911438,0.8634154200553894,0.7367409467697144,0.8726985454559326,0.8991149663925171,0.7610527276992798,0.8798661828041077,0.908460021018982,0.775825023651123,0.9965892434120178,0.985627830028534,0.735184907913208,0.9593226313591005,0.9436753988265992,0.7430645823478699,1.8469257233243788,1.6582709349159612,6.0532524081541155,5.791990798723332,1.7413926659331,1.5553224727230204,5.633829665098564,5.612690276139929,0.753975510597229,0.7698382139205933,0.8634154200553894,0.7367409467697144,0.0528772423785036,0.0539323803318079,0.1191263663373057,0.1181897653474856,0.1280198146344078,0.1262650617452165,0.0803884781959378,0.076918868508942,0.0245275660468045,0.0220221903707299,0.7847186923027039,0.7667604088783264,5.466521263122559,5.461647987365723,0.5059158205986023,0.5040510892868042,9.371212005615234,9.38478183746338,0.5076945424079895,0.5460731983184814,0.7818456292152405,0.8008372187614441,0.753975510597229,0.7698382139205933,0.8726985454559326,0.8991149663925171,0.7610527276992798,0.8798661828041077,0.908460021018982,0.775825023651123,1.8469257233243788,1.6582709349159612,6.0532524081541155,5.791990798723332,0.753975510597229,0.7698382139205933,0.31569335756356126,0.5424578894669024,-2.8632137573257403,57.83\pm{5.4},57.83+-5.4
24,,all,hiresnet50.in1k_spark_fz,medium,80.6,40.15,9.19,51.8343,21.7522,48.3149,51.8343,0.7487069368362427,0.7332032918930054,0.0074265962227045,0.4672755436156316,0.0196397666943205,0.3774863155409398,0.0431713547911799,0.7431599525487506,0.042700318260605,0.7667995376974442,0.0482992091503539,0.8846845498512932,0.0478543600466815,0.8816285011954842,0.0706636891427718,0.0704536757019115,0.0736553328092243,0.0736184813941299,0.0255302946691907,0.0374267420724151,0.0238218697467966,0.0270148999397716,7.853807926177979,7.863044738769531,0.472044050693512,0.4743363261222839,24.618385314941406,24.63264846801757,0.2881475389003753,0.2472533881664276,0.7943950891494751,0.8091297149658203,0.7151782512664795,0.7391358613967896,0.5636765956878662,0.6098881363868713,7.858891487121582,7.82297420501709,0.4542738199234009,0.4562734067440033,24.472930908203125,24.479217529296875,0.4976071119308472,0.3004166185855865,0.6511353254318237,0.6430577039718628,0.4555143415927887,0.4812812507152557,0.8924930095672607,0.901868462562561,0.6077656745910645,0.9011783599853516,0.9123818278312684,0.6169854402542114,0.8446489572525024,0.8438889384269714,0.7275469899177551,0.8380556106567383,0.7557364106178284,0.7049126625061035,2.0577417503367705,1.9200427015918058,5.6954933449074066,5.936619824423478,3.016595411036657,2.1774009351455907,5.678566261574066,5.933649600366869,0.7151782512664795,0.7391358613967896,0.4555143415927887,0.4812812507152557,0.0074265962227045,0.0196397666943205,0.0431713547911799,0.042700318260605,0.0482992091503539,0.0478543600466815,0.0706636891427718,0.0736553328092243,0.0255302946691907,0.0238218697467966,0.7487069368362427,0.7332032918930054,7.853807926177979,7.863044738769531,0.472044050693512,0.4743363261222839,24.618385314941406,24.63264846801757,0.2881475389003753,0.2472533881664276,0.7943950891494751,0.8091297149658203,0.7151782512664795,0.7391358613967896,0.8924930095672607,0.901868462562561,0.6077656745910645,0.9011783599853516,0.9123818278312684,0.6169854402542114,2.0577417503367705,1.9200427015918058,5.6954933449074066,5.936619824423478,0.7151782512664795,0.7391358613967896,-0.399032004817231,0.07340494281612825,-2.2911962792480405,40.15\pm{9.19},40.15+-9.19
