host,serial,dataset_name,model_name,freeze_backbone,classifier,adapter,prompt,opt,weight_decay,lr,base_lr,seed,epochs,image_size,batch_size,num_images_train,num_images_val,n_cluster_ratio,extractor_layer,model_name_extractor,val_acc_level1,val_acc_level2,val_acc_level3,val_loss,ap_w,train_acc_level1,train_acc_level2,train_acc_level3,train_loss,time_total,max_memory,flops,no_params,no_params_trainable,throughput
hgpn06,40,aircraft_pl,hideit3_base_patch16_224.fb_in1k,False,,,,adamw,0.05,5e-06,,0,200,448,8,6664,3333,25,-1,hideit3_base_patch16_224.fb_in1k,89.619,,,1.0526,89.61896189618962,99.895,,,0.0159,81.5111,0.4434,67.1662,86.7756,86.7756,
hgpn06,40,aircraft_pl,hideit3_base_patch16_224.fb_in1k,False,,,,adamw,0.05,5e-06,,0,200,448,8,6664,3333,50,-1,hideit3_base_patch16_224.fb_in1k,88.6289,,,1.028,88.62886288628863,99.6399,,,0.0409,81.727,0.4434,67.1662,86.7907,86.7907,
hgpn06,40,aircraft_pl,hideit3_base_patch16_224.fb_in1k,False,,,,adamw,0.05,5e-06,,0,200,448,8,6664,3333,70,-1,hideit3_base_patch16_224.fb_in1k,88.6289,,,1.0266,88.62886288628863,99.7599,,,0.0309,81.6462,0.4434,67.1662,86.8027,86.8027,
hgpn06,40,aircraft_pl,hideit3_base_patch16_224.fb_in1k,False,,,,adamw,0.05,1e-05,,0,200,448,8,6664,3333,25,-1,hideit3_base_patch16_224.fb_in1k,89.3189,,,1.0151,89.31893189318932,99.7599,,,0.0211,81.5093,0.4434,67.1662,86.7756,86.7756,
hgpn06,40,aircraft_pl,hideit3_base_patch16_224.fb_in1k,False,,,,adamw,0.05,1e-05,,0,200,448,8,6664,3333,50,-1,hideit3_base_patch16_224.fb_in1k,88.5689,,,1.0464,88.56885688568858,99.8199,,,0.0299,81.5685,0.4434,67.1662,86.7907,86.7907,
hgpn06,40,aircraft_pl,hideit3_base_patch16_224.fb_in1k,False,,,,adamw,0.05,1e-05,,0,200,448,8,6664,3333,70,-1,hideit3_base_patch16_224.fb_in1k,88.0588,,,1.1337,88.05880588058805,99.8649,,,0.0127,81.4995,0.4434,67.1662,86.8027,86.8027,
hgpn06,40,aircraft_pl,hideit3_base_patch16_224.fb_in1k,False,,,,adamw,0.05,5e-05,,0,200,448,8,6664,3333,25,-1,hideit3_base_patch16_224.fb_in1k,87.6688,,,1.4166,87.66876687668767,99.985,,,0.0003,81.4202,0.4434,67.1662,86.7756,86.7756,
hgpn06,40,aircraft_pl,hideit3_base_patch16_224.fb_in1k,False,,,,adamw,0.05,5e-05,,0,200,448,8,6664,3333,50,-1,hideit3_base_patch16_224.fb_in1k,87.9088,,,1.3123,87.9087908790879,100.0,,,0.0,81.7499,0.4434,67.1662,86.7907,86.7907,
hgpn06,40,aircraft_pl,hideit3_base_patch16_224.fb_in1k,False,,,,adamw,0.05,5e-05,,0,200,448,8,6664,3333,70,-1,hideit3_base_patch16_224.fb_in1k,86.7387,,,1.3751,86.73867386738674,99.925,,,0.0154,81.6818,0.4434,67.1662,86.8027,86.8027,
hgpn06,40,aircraft_pl,hideit3_base_patch16_224.fb_in1k,False,,,,adamw,0.05,0.0001,,0,200,448,8,6664,3333,25,-1,hideit3_base_patch16_224.fb_in1k,85.4485,,,1.5923,85.44854485448545,99.97,,,0.0041,81.3619,0.4434,67.1662,86.7756,86.7756,
hgpn06,40,aircraft_pl,hideit3_base_patch16_224.fb_in1k,False,,,,adamw,0.05,0.0001,,0,200,448,8,6664,3333,50,-1,hideit3_base_patch16_224.fb_in1k,84.7885,,,1.8076,84.78847884788479,99.97,,,0.0008,81.879,0.4434,67.1662,86.7907,86.7907,
hgpn06,40,aircraft_pl,hideit3_base_patch16_224.fb_in1k,False,,,,adamw,0.05,0.0001,,0,200,448,8,6664,3333,70,-1,hideit3_base_patch16_224.fb_in1k,84.8185,,,1.8036,84.81848184818482,100.0,,,0.0,81.9551,0.4434,67.1662,86.8027,86.8027,
hgpn06,40,aircraft_pl,hideit3_base_patch16_224.fb_in1k,False,,,,adamw,0.05,0.0005,,0,200,448,8,6664,3333,25,-1,hideit3_base_patch16_224.fb_in1k,13.5314,,,4.0986,13.531353135313532,35.1441,,,4.1453,81.5709,0.4434,67.1662,86.7756,86.7756,
hgpn06,40,aircraft_pl,hideit3_base_patch16_224.fb_in1k,False,,,,adamw,0.05,0.0005,,0,200,448,8,6664,3333,50,-1,hideit3_base_patch16_224.fb_in1k,71.0471,,,1.9079,71.04710471047105,100.0,,,0.0002,82.2712,0.4434,67.1662,86.7907,86.7907,
hgpn06,40,aircraft_pl,hideit3_base_patch16_224.fb_in1k,False,,,,adamw,0.05,0.0005,,0,200,448,8,6664,3333,70,-1,hideit3_base_patch16_224.fb_in1k,68.4068,,,2.2163,68.40684068406841,100.0,,,0.0003,81.5347,0.4434,67.1662,86.8027,86.8027,
hgpn06,40,aircraft_pl,hideit3_base_patch16_224.fb_in1k,False,,,,adamw,0.05,0.001,,0,200,448,8,6664,3333,25,-1,hideit3_base_patch16_224.fb_in1k,7.0507,,,4.2603,7.050705070507051,12.3049,,,5.8767,81.7764,0.4434,67.1662,86.7756,86.7756,
hgpn06,40,aircraft_pl,hideit3_base_patch16_224.fb_in1k,False,,,,adamw,0.05,0.001,,0,200,448,8,6664,3333,50,-1,hideit3_base_patch16_224.fb_in1k,,,,,,,,,,,,,,,
hgpn06,40,aircraft_pl,hideit3_base_patch16_224.fb_in1k,False,,,,adamw,0.05,0.001,,0,200,448,8,6664,3333,70,-1,hideit3_base_patch16_224.fb_in1k,,,,,,,,,,,,,,,
hgpn06,40,aircraft_pl,hideit3_base_patch16_224.fb_in1k,False,,,,sgd,0.0,0.003,,0,200,448,8,6664,3333,25,-1,hideit3_base_patch16_224.fb_in1k,90.8491,,,0.5259,90.84908490849084,100.0,,,0.0005,75.2967,0.4434,67.1662,86.7756,86.7756,
hgpn06,40,aircraft_pl,hideit3_base_patch16_224.fb_in1k,False,,,,sgd,0.0,0.003,,0,200,448,8,6664,3333,50,-1,hideit3_base_patch16_224.fb_in1k,91.1791,,,0.5308,91.17911791179118,100.0,,,0.0003,74.7652,0.4434,67.1662,86.7907,86.7907,
hgpn06,40,aircraft_pl,hideit3_base_patch16_224.fb_in1k,False,,,,sgd,0.0,0.003,,0,200,448,8,6664,3333,70,-1,hideit3_base_patch16_224.fb_in1k,91.2691,,,0.5582,91.26912691269126,99.985,,,0.0006,74.6465,0.4434,67.1662,86.8027,86.8027,
hgpn06,40,aircraft_pl,hideit3_base_patch16_224.fb_in1k,False,,,,sgd,0.0,0.01,,0,200,448,8,6664,3333,25,-1,hideit3_base_patch16_224.fb_in1k,91.6892,,,0.5331,91.68916891689167,100.0,,,0.0001,75.8122,0.4434,67.1662,86.7756,86.7756,
hgpn06,40,aircraft_pl,hideit3_base_patch16_224.fb_in1k,False,,,,sgd,0.0,0.01,,0,200,448,8,6664,3333,50,-1,hideit3_base_patch16_224.fb_in1k,92.3492,,,0.5275,92.34923492349236,100.0,,,0.0001,75.1666,0.4434,67.1662,86.7907,86.7907,
hgpn06,40,aircraft_pl,hideit3_base_patch16_224.fb_in1k,False,,,,sgd,0.0,0.01,,0,200,448,8,6664,3333,70,-1,hideit3_base_patch16_224.fb_in1k,92.0192,,,0.5529,92.01920192019202,100.0,,,0.0001,74.5088,0.4434,67.1662,86.8027,86.8027,
hgpn06,40,aircraft_pl,hideit3_base_patch16_224.fb_in1k,False,,,,sgd,0.0,0.03,,0,200,448,8,6664,3333,25,-1,hideit3_base_patch16_224.fb_in1k,91.0891,,,0.6724,91.08910891089108,100.0,,,0.0,75.349,0.4434,67.1662,86.7756,86.7756,
hgpn06,40,aircraft_pl,hideit3_base_patch16_224.fb_in1k,False,,,,sgd,0.0,0.03,,0,200,448,8,6664,3333,50,-1,hideit3_base_patch16_224.fb_in1k,91.2991,,,0.6246,91.2991299129913,100.0,,,0.0,75.0206,0.4434,67.1662,86.7907,86.7907,
hgpn06,40,aircraft_pl,hideit3_base_patch16_224.fb_in1k,False,,,,sgd,0.0,0.03,,0,200,448,8,6664,3333,70,-1,hideit3_base_patch16_224.fb_in1k,90.8191,,,0.6505,90.81908190819082,100.0,,,0.0,74.8362,0.4434,67.1662,86.8027,86.8027,
hgpn06,40,aircraft_pl,hideit3_base_patch16_224.fb_in1k,False,,,,sgd,0.0,0.1,,0,200,448,8,6664,3333,25,-1,hideit3_base_patch16_224.fb_in1k,85.0285,,,1.71,85.02850285028502,100.0,,,0.0,74.9835,0.4434,67.1662,86.7756,86.7756,
hgpn06,40,aircraft_pl,hideit3_base_patch16_224.fb_in1k,False,,,,sgd,0.0,0.1,,0,200,448,8,6664,3333,50,-1,hideit3_base_patch16_224.fb_in1k,84.4584,,,1.7362,84.45844584458446,100.0,,,0.0,74.7033,0.4434,67.1662,86.7907,86.7907,
hgpn06,40,aircraft_pl,hideit3_base_patch16_224.fb_in1k,False,,,,sgd,0.0,0.1,,0,200,448,8,6664,3333,70,-1,hideit3_base_patch16_224.fb_in1k,84.2184,,,1.7602,84.21842184218421,100.0,,,0.0,74.2016,0.4434,67.1662,86.8027,86.8027,
hgpn18,40,aircraft_pl,hideit3_base_patch16_224.fb_in22k_ft_in1k,False,,,,adamw,0.05,5e-06,,0,200,448,8,6664,3333,25,-1,hideit3_base_patch16_224.fb_in22k_ft_in1k,89.949,,,0.9419,89.94899489948995,99.5798,,,0.0554,81.7126,0.4434,67.1662,86.7756,86.7756,
hgpn18,40,aircraft_pl,hideit3_base_patch16_224.fb_in22k_ft_in1k,False,,,,adamw,0.05,5e-06,,0,200,448,8,6664,3333,50,-1,hideit3_base_patch16_224.fb_in22k_ft_in1k,89.3489,,,1.0126,89.34893489348934,99.6399,,,0.041,82.0758,0.4434,67.1662,86.7907,86.7907,
hgpn18,40,aircraft_pl,hideit3_base_patch16_224.fb_in22k_ft_in1k,False,,,,adamw,0.05,5e-06,,0,200,448,8,6664,3333,70,-1,hideit3_base_patch16_224.fb_in22k_ft_in1k,90.009,,,0.9219,90.00900090009002,99.7149,,,0.0343,82.45,0.4434,67.1662,86.8027,86.8027,
hgpn18,40,aircraft_pl,hideit3_base_patch16_224.fb_in22k_ft_in1k,False,,,,adamw,0.05,1e-05,,0,200,448,8,6664,3333,25,-1,hideit3_base_patch16_224.fb_in22k_ft_in1k,90.429,,,0.9059,90.42904290429044,99.8049,,,0.0211,81.4446,0.4434,67.1662,86.7756,86.7756,
hgpn18,40,aircraft_pl,hideit3_base_patch16_224.fb_in22k_ft_in1k,False,,,,adamw,0.05,1e-05,,0,200,448,8,6664,3333,50,-1,hideit3_base_patch16_224.fb_in22k_ft_in1k,88.9889,,,1.0613,88.98889888988899,99.8649,,,0.0099,81.8335,0.4434,67.1662,86.7907,86.7907,
hgpn18,40,aircraft_pl,hideit3_base_patch16_224.fb_in22k_ft_in1k,False,,,,adamw,0.05,1e-05,,0,200,448,8,6664,3333,70,-1,hideit3_base_patch16_224.fb_in22k_ft_in1k,89.3189,,,0.9678,89.31893189318932,99.7449,,,0.031,82.4698,0.4434,67.1662,86.8027,86.8027,
hgpn18,40,aircraft_pl,hideit3_base_patch16_224.fb_in22k_ft_in1k,False,,,,adamw,0.05,5e-05,,0,200,448,8,6664,3333,25,-1,hideit3_base_patch16_224.fb_in22k_ft_in1k,87.8788,,,1.3562,87.87878787878788,99.8499,,,0.0156,81.609,0.4434,67.1662,86.7756,86.7756,
hgpn18,40,aircraft_pl,hideit3_base_patch16_224.fb_in22k_ft_in1k,False,,,,adamw,0.05,5e-05,,0,200,448,8,6664,3333,50,-1,hideit3_base_patch16_224.fb_in22k_ft_in1k,88.5989,,,1.271,88.5988598859886,99.985,,,0.0044,81.5906,0.4434,67.1662,86.7907,86.7907,
hgpn18,40,aircraft_pl,hideit3_base_patch16_224.fb_in22k_ft_in1k,False,,,,adamw,0.05,5e-05,,0,200,448,8,6664,3333,70,-1,hideit3_base_patch16_224.fb_in22k_ft_in1k,88.1788,,,1.3377,88.17881788178818,99.94,,,0.0104,82.3106,0.4434,67.1662,86.8027,86.8027,
hgpn18,40,aircraft_pl,hideit3_base_patch16_224.fb_in22k_ft_in1k,False,,,,adamw,0.05,0.0001,,0,200,448,8,6664,3333,25,-1,hideit3_base_patch16_224.fb_in22k_ft_in1k,85.5086,,,1.7706,85.5085508550855,100.0,,,0.0,81.7685,0.4434,67.1662,86.7756,86.7756,
hgpn18,40,aircraft_pl,hideit3_base_patch16_224.fb_in22k_ft_in1k,False,,,,adamw,0.05,0.0001,,0,200,448,8,6664,3333,50,-1,hideit3_base_patch16_224.fb_in22k_ft_in1k,85.7186,,,1.6206,85.71857185718572,100.0,,,0.0,81.8078,0.4434,67.1662,86.7907,86.7907,
hgpn18,40,aircraft_pl,hideit3_base_patch16_224.fb_in22k_ft_in1k,False,,,,adamw,0.05,0.0001,,0,200,448,8,6664,3333,70,-1,hideit3_base_patch16_224.fb_in22k_ft_in1k,85.8686,,,1.5825,85.86858685868587,99.985,,,0.0037,82.1622,0.4434,67.1662,86.8027,86.8027,
hgpn18,40,aircraft_pl,hideit3_base_patch16_224.fb_in22k_ft_in1k,False,,,,adamw,0.05,0.0005,,0,200,448,8,6664,3333,25,-1,hideit3_base_patch16_224.fb_in22k_ft_in1k,38.5239,,,5.2427,38.52385238523853,99.7299,,,0.0242,81.7123,0.4434,67.1662,86.7756,86.7756,
hgpn18,40,aircraft_pl,hideit3_base_patch16_224.fb_in22k_ft_in1k,False,,,,adamw,0.05,0.0005,,0,200,448,8,6664,3333,50,-1,hideit3_base_patch16_224.fb_in22k_ft_in1k,5.8506,,,7.7962,5.8505850585058505,44.2527,,,3.9706,81.942,0.4434,67.1662,86.7907,86.7907,
hgpn18,40,aircraft_pl,hideit3_base_patch16_224.fb_in22k_ft_in1k,False,,,,adamw,0.05,0.0005,,0,200,448,8,6664,3333,70,-1,hideit3_base_patch16_224.fb_in22k_ft_in1k,29.733,,,3.9093,29.732973297329732,84.3037,,,1.0674,82.1801,0.4434,67.1662,86.8027,86.8027,
hgpn18,40,aircraft_pl,hideit3_base_patch16_224.fb_in22k_ft_in1k,False,,,,adamw,0.05,0.001,,0,200,448,8,6664,3333,25,-1,hideit3_base_patch16_224.fb_in22k_ft_in1k,3.3903,,,5.7521,3.3903390339033903,16.8818,,,5.6318,81.3255,0.4434,67.1662,86.7756,86.7756,
hgpn18,40,aircraft_pl,hideit3_base_patch16_224.fb_in22k_ft_in1k,False,,,,adamw,0.05,0.001,,0,200,448,8,6664,3333,50,-1,hideit3_base_patch16_224.fb_in22k_ft_in1k,8.7909,,,4.7369,8.790879087908792,26.8007,,,5.2902,82.2207,0.4434,67.1662,86.7907,86.7907,
hgpn18,40,aircraft_pl,hideit3_base_patch16_224.fb_in22k_ft_in1k,False,,,,adamw,0.05,0.001,,0,200,448,8,6664,3333,70,-1,hideit3_base_patch16_224.fb_in22k_ft_in1k,5.0105,,,5.4545,5.0105010501050105,19.6729,,,6.3294,82.2533,0.4434,67.1662,86.8027,86.8027,
hgpn18,40,aircraft_pl,hideit3_base_patch16_224.fb_in22k_ft_in1k,False,,,,sgd,0.0,0.003,,0,200,448,8,6664,3333,25,-1,hideit3_base_patch16_224.fb_in22k_ft_in1k,91.5092,,,0.5083,91.50915091509152,100.0,,,0.0003,74.3454,0.4434,67.1662,86.7756,86.7756,
hgpn18,40,aircraft_pl,hideit3_base_patch16_224.fb_in22k_ft_in1k,False,,,,sgd,0.0,0.003,,0,200,448,8,6664,3333,50,-1,hideit3_base_patch16_224.fb_in22k_ft_in1k,90.7891,,,0.5137,90.78907890789078,100.0,,,0.0004,74.4039,0.4434,67.1662,86.7907,86.7907,
hgpn18,40,aircraft_pl,hideit3_base_patch16_224.fb_in22k_ft_in1k,False,,,,sgd,0.0,0.003,,0,200,448,8,6664,3333,70,-1,hideit3_base_patch16_224.fb_in22k_ft_in1k,91.2391,,,0.5179,91.23912391239124,100.0,,,0.0003,74.9999,0.4434,67.1662,86.8027,86.8027,
hgpn18,40,aircraft_pl,hideit3_base_patch16_224.fb_in22k_ft_in1k,False,,,,sgd,0.0,0.01,,0,200,448,8,6664,3333,25,-1,hideit3_base_patch16_224.fb_in22k_ft_in1k,92.5293,,,0.5028,92.52925292529252,100.0,,,0.0001,74.2183,0.4434,67.1662,86.7756,86.7756,
hgpn18,40,aircraft_pl,hideit3_base_patch16_224.fb_in22k_ft_in1k,False,,,,sgd,0.0,0.01,,0,200,448,8,6664,3333,50,-1,hideit3_base_patch16_224.fb_in22k_ft_in1k,92.3492,,,0.5006,92.34923492349236,100.0,,,0.0001,74.3687,0.4434,67.1662,86.7907,86.7907,
hgpn18,40,aircraft_pl,hideit3_base_patch16_224.fb_in22k_ft_in1k,False,,,,sgd,0.0,0.01,,0,200,448,8,6664,3333,70,-1,hideit3_base_patch16_224.fb_in22k_ft_in1k,92.4992,,,0.4853,92.4992499249925,100.0,,,0.0001,74.9837,0.4434,67.1662,86.8027,86.8027,
hgpn18,40,aircraft_pl,hideit3_base_patch16_224.fb_in22k_ft_in1k,False,,,,sgd,0.0,0.03,,0,200,448,8,6664,3333,25,-1,hideit3_base_patch16_224.fb_in22k_ft_in1k,92.0492,,,0.6221,92.04920492049204,100.0,,,0.0,73.9838,0.4434,67.1662,86.7756,86.7756,
hgpn18,40,aircraft_pl,hideit3_base_patch16_224.fb_in22k_ft_in1k,False,,,,sgd,0.0,0.03,,0,200,448,8,6664,3333,50,-1,hideit3_base_patch16_224.fb_in22k_ft_in1k,91.4491,,,0.6293,91.44914491449146,100.0,,,0.0,74.1904,0.4434,67.1662,86.7907,86.7907,
hgpn18,40,aircraft_pl,hideit3_base_patch16_224.fb_in22k_ft_in1k,False,,,,sgd,0.0,0.03,,0,200,448,8,6664,3333,70,-1,hideit3_base_patch16_224.fb_in22k_ft_in1k,91.6292,,,0.6241,91.62916291629163,100.0,,,0.0,74.4812,0.4434,67.1662,86.8027,86.8027,
hgpn18,40,aircraft_pl,hideit3_base_patch16_224.fb_in22k_ft_in1k,False,,,,sgd,0.0,0.1,,0,200,448,8,6664,3333,25,-1,hideit3_base_patch16_224.fb_in22k_ft_in1k,85.0285,,,1.547,85.02850285028502,100.0,,,0.0,74.5106,0.4434,67.1662,86.7756,86.7756,
hgpn18,40,aircraft_pl,hideit3_base_patch16_224.fb_in22k_ft_in1k,False,,,,sgd,0.0,0.1,,0,200,448,8,6664,3333,50,-1,hideit3_base_patch16_224.fb_in22k_ft_in1k,85.0585,,,1.6322,85.05850585058506,100.0,,,0.0,74.4625,0.4434,67.1662,86.7907,86.7907,
hgpn18,40,aircraft_pl,hideit3_base_patch16_224.fb_in22k_ft_in1k,False,,,,sgd,0.0,0.1,,0,200,448,8,6664,3333,70,-1,hideit3_base_patch16_224.fb_in22k_ft_in1k,85.2685,,,1.574,85.26852685268527,100.0,,,0.0,74.4275,0.4434,67.1662,86.8027,86.8027,
hgpn02,40,aircraft_pl,hideit_base_patch16_224.fb_in1k,False,,,,adamw,0.05,5e-06,,0,200,448,8,6664,3333,25,-1,hideit_base_patch16_224.fb_in1k,88.5389,,,0.8999,88.53885388538853,99.8349,,,0.0211,75.0065,0.4238,67.1517,86.758,86.758,
hgpn02,40,aircraft_pl,hideit_base_patch16_224.fb_in1k,False,,,,adamw,0.05,5e-06,,0,200,448,8,6664,3333,50,-1,hideit_base_patch16_224.fb_in1k,87.6088,,,0.9855,87.60876087608762,99.6699,,,0.0351,75.2882,0.4238,67.1517,86.773,86.773,
hgpn02,40,aircraft_pl,hideit_base_patch16_224.fb_in1k,False,,,,adamw,0.05,5e-06,,0,200,448,8,6664,3333,70,-1,hideit_base_patch16_224.fb_in1k,87.8188,,,0.9377,87.81878187818782,99.7149,,,0.0369,75.0797,0.4238,67.1517,86.785,86.785,
hgpn02,40,aircraft_pl,hideit_base_patch16_224.fb_in1k,False,,,,adamw,0.05,1e-05,,0,200,448,8,6664,3333,25,-1,hideit_base_patch16_224.fb_in1k,88.2088,,,0.9981,88.2088208820882,99.8349,,,0.0204,74.8986,0.4238,67.1517,86.758,86.758,
hgpn02,40,aircraft_pl,hideit_base_patch16_224.fb_in1k,False,,,,adamw,0.05,1e-05,,0,200,448,8,6664,3333,50,-1,hideit_base_patch16_224.fb_in1k,87.4887,,,1.0117,87.48874887488749,99.7899,,,0.0207,75.6513,0.4238,67.1517,86.773,86.773,
hgpn02,40,aircraft_pl,hideit_base_patch16_224.fb_in1k,False,,,,adamw,0.05,1e-05,,0,200,448,8,6664,3333,70,-1,hideit_base_patch16_224.fb_in1k,88.5689,,,0.9855,88.56885688568858,99.895,,,0.0068,75.3179,0.4238,67.1517,86.785,86.785,
hgpn02,40,aircraft_pl,hideit_base_patch16_224.fb_in1k,False,,,,adamw,0.05,5e-05,,0,200,448,8,6664,3333,25,-1,hideit_base_patch16_224.fb_in1k,87.8188,,,1.2494,87.81878187818782,100.0,,,0.0,74.7419,0.4238,67.1517,86.758,86.758,
hgpn02,40,aircraft_pl,hideit_base_patch16_224.fb_in1k,False,,,,adamw,0.05,5e-05,,0,200,448,8,6664,3333,50,-1,hideit_base_patch16_224.fb_in1k,86.2286,,,1.2715,86.22862286228623,99.97,,,0.0016,75.2959,0.4238,67.1517,86.773,86.773,
hgpn02,40,aircraft_pl,hideit_base_patch16_224.fb_in1k,False,,,,adamw,0.05,5e-05,,0,200,448,8,6664,3333,70,-1,hideit_base_patch16_224.fb_in1k,85.8086,,,1.3922,85.8085808580858,99.97,,,0.0025,75.0884,0.4238,67.1517,86.785,86.785,
hgpn02,40,aircraft_pl,hideit_base_patch16_224.fb_in1k,False,,,,adamw,0.05,0.0001,,0,200,448,8,6664,3333,25,-1,hideit_base_patch16_224.fb_in1k,85.5986,,,1.5275,85.5985598559856,100.0,,,0.0,75.2892,0.4238,67.1517,86.758,86.758,
hgpn02,40,aircraft_pl,hideit_base_patch16_224.fb_in1k,False,,,,adamw,0.05,0.0001,,0,200,448,8,6664,3333,50,-1,hideit_base_patch16_224.fb_in1k,84.1884,,,1.5538,84.18841884188419,99.985,,,0.0028,75.3947,0.4238,67.1517,86.773,86.773,
hgpn02,40,aircraft_pl,hideit_base_patch16_224.fb_in1k,False,,,,adamw,0.05,0.0001,,0,200,448,8,6664,3333,70,-1,hideit_base_patch16_224.fb_in1k,84.0384,,,1.6876,84.03840384038403,99.97,,,0.0064,75.2768,0.4238,67.1517,86.785,86.785,
hgpn02,40,aircraft_pl,hideit_base_patch16_224.fb_in1k,False,,,,adamw,0.05,0.0005,,0,200,448,8,6664,3333,25,-1,hideit_base_patch16_224.fb_in1k,76.5377,,,2.0719,76.53765376537653,100.0,,,0.0,75.2451,0.4238,67.1517,86.758,86.758,
hgpn02,40,aircraft_pl,hideit_base_patch16_224.fb_in1k,False,,,,adamw,0.05,0.0005,,0,200,448,8,6664,3333,50,-1,hideit_base_patch16_224.fb_in1k,78.1578,,,1.9768,78.15781578157815,100.0,,,0.0,75.6083,0.4238,67.1517,86.773,86.773,
hgpn02,40,aircraft_pl,hideit_base_patch16_224.fb_in1k,False,,,,adamw,0.05,0.0005,,0,200,448,8,6664,3333,70,-1,hideit_base_patch16_224.fb_in1k,77.7078,,,1.9356,77.70777077707771,100.0,,,0.0,75.7702,0.4238,67.1517,86.785,86.785,
hgpn02,40,aircraft_pl,hideit_base_patch16_224.fb_in1k,False,,,,adamw,0.05,0.001,,0,200,448,8,6664,3333,25,-1,hideit_base_patch16_224.fb_in1k,,,,,,,,,,,,,,,
hgpn02,40,aircraft_pl,hideit_base_patch16_224.fb_in1k,False,,,,adamw,0.05,0.001,,0,200,448,8,6664,3333,50,-1,hideit_base_patch16_224.fb_in1k,,,,,,,,,,,,,,,
hgpn02,40,aircraft_pl,hideit_base_patch16_224.fb_in1k,False,,,,adamw,0.05,0.001,,0,200,448,8,6664,3333,70,-1,hideit_base_patch16_224.fb_in1k,,,,,,,,,,,,,,,
hgpn02,40,aircraft_pl,hideit_base_patch16_224.fb_in1k,False,,,,sgd,0.0,0.003,,0,200,448,8,6664,3333,25,-1,hideit_base_patch16_224.fb_in1k,90.189,,,0.4969,90.1890189018902,100.0,,,0.0009,68.4185,0.4238,67.1517,86.758,86.758,
hgpn02,40,aircraft_pl,hideit_base_patch16_224.fb_in1k,False,,,,sgd,0.0,0.003,,0,200,448,8,6664,3333,50,-1,hideit_base_patch16_224.fb_in1k,90.189,,,0.51,90.1890189018902,100.0,,,0.0005,69.0196,0.4238,67.1517,86.773,86.773,
hgpn02,40,aircraft_pl,hideit_base_patch16_224.fb_in1k,False,,,,sgd,0.0,0.003,,0,200,448,8,6664,3333,70,-1,hideit_base_patch16_224.fb_in1k,90.039,,,0.5213,90.03900390039004,100.0,,,0.0005,69.4564,0.4238,67.1517,86.785,86.785,
hgpn02,40,aircraft_pl,hideit_base_patch16_224.fb_in1k,False,,,,sgd,0.0,0.01,,0,200,448,8,6664,3333,25,-1,hideit_base_patch16_224.fb_in1k,91.3291,,,0.481,91.32913291329132,100.0,,,0.0002,68.3733,0.4238,67.1517,86.758,86.758,
hgpn02,40,aircraft_pl,hideit_base_patch16_224.fb_in1k,False,,,,sgd,0.0,0.01,,0,200,448,8,6664,3333,50,-1,hideit_base_patch16_224.fb_in1k,91.8392,,,0.4519,91.83918391839184,100.0,,,0.0001,68.5979,0.4238,67.1517,86.773,86.773,
hgpn02,40,aircraft_pl,hideit_base_patch16_224.fb_in1k,False,,,,sgd,0.0,0.01,,0,200,448,8,6664,3333,70,-1,hideit_base_patch16_224.fb_in1k,91.3291,,,0.4876,91.32913291329132,100.0,,,0.0001,68.9649,0.4238,67.1517,86.785,86.785,
hgpn02,40,aircraft_pl,hideit_base_patch16_224.fb_in1k,False,,,,sgd,0.0,0.03,,0,200,448,8,6664,3333,25,-1,hideit_base_patch16_224.fb_in1k,90.009,,,0.6745,90.00900090009002,100.0,,,0.0001,68.5818,0.4238,67.1517,86.758,86.758,
hgpn02,40,aircraft_pl,hideit_base_patch16_224.fb_in1k,False,,,,sgd,0.0,0.03,,0,200,448,8,6664,3333,50,-1,hideit_base_patch16_224.fb_in1k,90.8791,,,0.6031,90.87908790879088,100.0,,,0.0,69.0079,0.4238,67.1517,86.773,86.773,
hgpn02,40,aircraft_pl,hideit_base_patch16_224.fb_in1k,False,,,,sgd,0.0,0.03,,0,200,448,8,6664,3333,70,-1,hideit_base_patch16_224.fb_in1k,90.7891,,,0.6309,90.78907890789078,100.0,,,0.0,68.8473,0.4238,67.1517,86.785,86.785,
hgpn02,40,aircraft_pl,hideit_base_patch16_224.fb_in1k,False,,,,sgd,0.0,0.1,,0,200,448,8,6664,3333,25,-1,hideit_base_patch16_224.fb_in1k,85.6286,,,1.4234,85.62856285628563,100.0,,,0.0001,68.5686,0.4238,67.1517,86.758,86.758,
hgpn02,40,aircraft_pl,hideit_base_patch16_224.fb_in1k,False,,,,sgd,0.0,0.1,,0,200,448,8,6664,3333,50,-1,hideit_base_patch16_224.fb_in1k,85.2985,,,1.4404,85.2985298529853,99.985,,,0.0003,68.3668,0.4238,67.1517,86.773,86.773,
hgpn02,40,aircraft_pl,hideit_base_patch16_224.fb_in1k,False,,,,sgd,0.0,0.1,,0,200,448,8,6664,3333,70,-1,hideit_base_patch16_224.fb_in1k,85.5386,,,1.4177,85.53855385538554,100.0,,,0.0001,68.985,0.4238,67.1517,86.785,86.785,
hgpn18,40,aircraft_pl,hiresnet50.a1_in1k,False,,,,adamw,0.05,5e-06,,0,200,448,8,6664,3333,25,-1,hiresnet50.a1_in1k,88.1788,,,0.5404,88.17881788178818,99.985,,,0.0116,60.6823,4.2578,16.3943,24.7838,24.7838,
hgpn18,40,aircraft_pl,hiresnet50.a1_in1k,False,,,,adamw,0.05,5e-06,,0,200,448,8,6664,3333,50,-1,hiresnet50.a1_in1k,88.8089,,,0.5252,88.80888088808881,100.0,,,0.0023,59.1724,4.2578,16.3943,24.7988,24.7988,
hgpn18,40,aircraft_pl,hiresnet50.a1_in1k,False,,,,adamw,0.05,5e-06,,0,200,448,8,6664,3333,70,-1,hiresnet50.a1_in1k,89.0189,,,0.5155,89.01890189018901,99.985,,,0.0021,60.297,4.2578,16.3943,24.8108,24.8108,
hgpn18,40,aircraft_pl,hiresnet50.a1_in1k,False,,,,adamw,0.05,1e-05,,0,200,448,8,6664,3333,25,-1,hiresnet50.a1_in1k,88.8689,,,0.5677,88.86888688868886,100.0,,,0.0071,61.6056,4.2578,16.3943,24.7838,24.7838,
hgpn18,40,aircraft_pl,hiresnet50.a1_in1k,False,,,,adamw,0.05,1e-05,,0,200,448,8,6664,3333,50,-1,hiresnet50.a1_in1k,89.1089,,,0.5624,89.10891089108911,100.0,,,0.0013,59.2103,4.2578,16.3943,24.7988,24.7988,
hgpn18,40,aircraft_pl,hiresnet50.a1_in1k,False,,,,adamw,0.05,1e-05,,0,200,448,8,6664,3333,70,-1,hiresnet50.a1_in1k,89.1089,,,0.544,89.10891089108911,99.97,,,0.0015,59.4422,4.2578,16.3943,24.8108,24.8108,
hgpn18,40,aircraft_pl,hiresnet50.a1_in1k,False,,,,adamw,0.05,5e-05,,0,200,448,8,6664,3333,25,-1,hiresnet50.a1_in1k,90.339,,,0.5782,90.33903390339034,99.985,,,0.0014,62.1481,4.2578,16.3943,24.7838,24.7838,
hgpn18,40,aircraft_pl,hiresnet50.a1_in1k,False,,,,adamw,0.05,5e-05,,0,200,448,8,6664,3333,50,-1,hiresnet50.a1_in1k,90.129,,,0.5924,90.12901290129012,100.0,,,0.0001,59.3757,4.2578,16.3943,24.7988,24.7988,
hgpn18,40,aircraft_pl,hiresnet50.a1_in1k,False,,,,adamw,0.05,5e-05,,0,200,448,8,6664,3333,70,-1,hiresnet50.a1_in1k,90.5491,,,0.5967,90.54905490549056,100.0,,,0.0002,59.199,4.2578,16.3943,24.8108,24.8108,
hgpn18,40,aircraft_pl,hiresnet50.a1_in1k,False,,,,adamw,0.05,0.0001,,0,200,448,8,6664,3333,25,-1,hiresnet50.a1_in1k,91.8092,,,0.5613,91.8091809180918,100.0,,,0.0004,61.3098,4.2578,16.3943,24.7838,24.7838,
hgpn18,40,aircraft_pl,hiresnet50.a1_in1k,False,,,,adamw,0.05,0.0001,,0,200,448,8,6664,3333,50,-1,hiresnet50.a1_in1k,91.5392,,,0.5595,91.53915391539154,100.0,,,0.0,59.903,4.2578,16.3943,24.7988,24.7988,
hgpn18,40,aircraft_pl,hiresnet50.a1_in1k,False,,,,adamw,0.05,0.0001,,0,200,448,8,6664,3333,70,-1,hiresnet50.a1_in1k,91.5092,,,0.5585,91.50915091509152,100.0,,,0.0001,60.1712,4.2578,16.3943,24.8108,24.8108,
hgpn18,40,aircraft_pl,hiresnet50.a1_in1k,False,,,,adamw,0.05,0.0005,,0,200,448,8,6664,3333,25,-1,hiresnet50.a1_in1k,91.8392,,,0.6629,91.83918391839184,100.0,,,0.0001,61.0877,4.2578,16.3943,24.7838,24.7838,
hgpn18,40,aircraft_pl,hiresnet50.a1_in1k,False,,,,adamw,0.05,0.0005,,0,200,448,8,6664,3333,50,-1,hiresnet50.a1_in1k,91.4191,,,0.6234,91.4191419141914,100.0,,,0.0,61.5037,4.2578,16.3943,24.7988,24.7988,
hgpn18,40,aircraft_pl,hiresnet50.a1_in1k,False,,,,adamw,0.05,0.0005,,0,200,448,8,6664,3333,70,-1,hiresnet50.a1_in1k,91.7492,,,0.641,91.74917491749174,100.0,,,0.0001,60.2792,4.2578,16.3943,24.8108,24.8108,
hgpn18,40,aircraft_pl,hiresnet50.a1_in1k,False,,,,adamw,0.05,0.001,,0,200,448,8,6664,3333,25,-1,hiresnet50.a1_in1k,91.8092,,,0.6491,91.8091809180918,100.0,,,0.0012,60.4287,4.2578,16.3943,24.7838,24.7838,
hgpn18,40,aircraft_pl,hiresnet50.a1_in1k,False,,,,adamw,0.05,0.001,,0,200,448,8,6664,3333,50,-1,hiresnet50.a1_in1k,91.2091,,,0.6691,91.2091209120912,99.985,,,0.0005,60.9941,4.2578,16.3943,24.7988,24.7988,
hgpn18,40,aircraft_pl,hiresnet50.a1_in1k,False,,,,adamw,0.05,0.001,,0,200,448,8,6664,3333,70,-1,hiresnet50.a1_in1k,91.1191,,,0.6743,91.11911191119113,100.0,,,0.0002,58.891,4.2578,16.3943,24.8108,24.8108,
hgpn18,40,aircraft_pl,hiresnet50.a1_in1k,False,,,,sgd,0.0,0.003,,0,200,448,8,6664,3333,25,-1,hiresnet50.a1_in1k,83.1983,,,0.6719,83.1983198319832,99.88,,,0.0508,55.941,4.2578,16.3943,24.7838,24.7838,
hgpn18,40,aircraft_pl,hiresnet50.a1_in1k,False,,,,sgd,0.0,0.003,,0,200,448,8,6664,3333,50,-1,hiresnet50.a1_in1k,84.0384,,,0.6574,84.03840384038403,99.925,,,0.0206,56.9854,4.2578,16.3943,24.7988,24.7988,
hgpn18,40,aircraft_pl,hiresnet50.a1_in1k,False,,,,sgd,0.0,0.003,,0,200,448,8,6664,3333,70,-1,hiresnet50.a1_in1k,83.6784,,,0.6764,83.67836783678368,99.8499,,,0.0168,55.72,4.2578,16.3943,24.8108,24.8108,
hgpn18,40,aircraft_pl,hiresnet50.a1_in1k,False,,,,sgd,0.0,0.01,,0,200,448,8,6664,3333,25,-1,hiresnet50.a1_in1k,86.2886,,,0.724,86.28862886288628,100.0,,,0.0055,55.7449,4.2578,16.3943,24.7838,24.7838,
hgpn18,40,aircraft_pl,hiresnet50.a1_in1k,False,,,,sgd,0.0,0.01,,0,200,448,8,6664,3333,50,-1,hiresnet50.a1_in1k,86.1686,,,0.71,86.16861686168617,99.985,,,0.0027,57.2495,4.2578,16.3943,24.7988,24.7988,
hgpn18,40,aircraft_pl,hiresnet50.a1_in1k,False,,,,sgd,0.0,0.01,,0,200,448,8,6664,3333,70,-1,hiresnet50.a1_in1k,85.5386,,,0.7481,85.53855385538554,100.0,,,0.0018,56.4547,4.2578,16.3943,24.8108,24.8108,
hgpn18,40,aircraft_pl,hiresnet50.a1_in1k,False,,,,sgd,0.0,0.03,,0,200,448,8,6664,3333,25,-1,hiresnet50.a1_in1k,88.8989,,,0.7513,88.8988898889889,99.985,,,0.0035,56.7042,4.2578,16.3943,24.7838,24.7838,
hgpn18,40,aircraft_pl,hiresnet50.a1_in1k,False,,,,sgd,0.0,0.03,,0,200,448,8,6664,3333,50,-1,hiresnet50.a1_in1k,87.8188,,,0.768,87.81878187818782,100.0,,,0.0006,57.0589,4.2578,16.3943,24.7988,24.7988,
hgpn18,40,aircraft_pl,hiresnet50.a1_in1k,False,,,,sgd,0.0,0.03,,0,200,448,8,6664,3333,70,-1,hiresnet50.a1_in1k,88.1188,,,0.9321,88.11881188118812,100.0,,,0.0005,56.2504,4.2578,16.3943,24.8108,24.8108,
hgpn18,40,aircraft_pl,hiresnet50.a1_in1k,False,,,,sgd,0.0,0.1,,0,200,448,8,6664,3333,25,-1,hiresnet50.a1_in1k,89.1389,,,0.9845,89.13891389138914,100.0,,,0.0011,56.8809,4.2578,16.3943,24.7838,24.7838,
hgpn18,40,aircraft_pl,hiresnet50.a1_in1k,False,,,,sgd,0.0,0.1,,0,200,448,8,6664,3333,50,-1,hiresnet50.a1_in1k,89.619,,,0.9983,89.61896189618962,100.0,,,0.0002,57.6325,4.2578,16.3943,24.7988,24.7988,
hgpn18,40,aircraft_pl,hiresnet50.a1_in1k,False,,,,sgd,0.0,0.1,,0,200,448,8,6664,3333,70,-1,hiresnet50.a1_in1k,90.039,,,0.9315,90.03900390039004,100.0,,,0.0,56.6162,4.2578,16.3943,24.8108,24.8108,
hgpn05,40,aircraft_pl,hiresnet50.fb_ssl_yfcc100m_ft_in1k,False,,,,adamw,0.05,5e-06,,0,200,448,8,6664,3333,25,-1,hiresnet50.fb_ssl_yfcc100m_ft_in1k,89.919,,,0.8133,89.91899189918992,99.8499,,,0.0223,61.1199,4.2578,16.3943,24.7838,24.7838,
hgpn05,40,aircraft_pl,hiresnet50.fb_ssl_yfcc100m_ft_in1k,False,,,,adamw,0.05,5e-06,,0,200,448,8,6664,3333,50,-1,hiresnet50.fb_ssl_yfcc100m_ft_in1k,89.889,,,0.855,89.88898889888989,99.8199,,,0.0263,61.6743,4.2578,16.3943,24.7988,24.7988,
hgpn05,40,aircraft_pl,hiresnet50.fb_ssl_yfcc100m_ft_in1k,False,,,,adamw,0.05,5e-06,,0,200,448,8,6664,3333,70,-1,hiresnet50.fb_ssl_yfcc100m_ft_in1k,90.489,,,0.7934,90.4890489048905,99.88,,,0.0086,60.8479,4.2578,16.3943,24.8108,24.8108,
hgpn05,40,aircraft_pl,hiresnet50.fb_ssl_yfcc100m_ft_in1k,False,,,,adamw,0.05,1e-05,,0,200,448,8,6664,3333,25,-1,hiresnet50.fb_ssl_yfcc100m_ft_in1k,89.619,,,0.969,89.61896189618962,99.91,,,0.0077,61.748,4.2578,16.3943,24.7838,24.7838,
hgpn05,40,aircraft_pl,hiresnet50.fb_ssl_yfcc100m_ft_in1k,False,,,,adamw,0.05,1e-05,,0,200,448,8,6664,3333,50,-1,hiresnet50.fb_ssl_yfcc100m_ft_in1k,90.7891,,,0.7716,90.78907890789078,99.955,,,0.0064,62.0593,4.2578,16.3943,24.7988,24.7988,
hgpn05,40,aircraft_pl,hiresnet50.fb_ssl_yfcc100m_ft_in1k,False,,,,adamw,0.05,1e-05,,0,200,448,8,6664,3333,70,-1,hiresnet50.fb_ssl_yfcc100m_ft_in1k,90.5491,,,0.7924,90.54905490549056,99.925,,,0.0068,60.7434,4.2578,16.3943,24.8108,24.8108,
hgpn05,40,aircraft_pl,hiresnet50.fb_ssl_yfcc100m_ft_in1k,False,,,,adamw,0.05,5e-05,,0,200,448,8,6664,3333,25,-1,hiresnet50.fb_ssl_yfcc100m_ft_in1k,91.9292,,,0.6129,91.92919291929194,100.0,,,0.0,60.7162,4.2578,16.3943,24.7838,24.7838,
hgpn05,40,aircraft_pl,hiresnet50.fb_ssl_yfcc100m_ft_in1k,False,,,,adamw,0.05,5e-05,,0,200,448,8,6664,3333,50,-1,hiresnet50.fb_ssl_yfcc100m_ft_in1k,92.4392,,,0.634,92.43924392439244,100.0,,,0.0002,61.0866,4.2578,16.3943,24.7988,24.7988,
hgpn05,40,aircraft_pl,hiresnet50.fb_ssl_yfcc100m_ft_in1k,False,,,,adamw,0.05,5e-05,,0,200,448,8,6664,3333,70,-1,hiresnet50.fb_ssl_yfcc100m_ft_in1k,91.9292,,,0.6377,91.92919291929194,99.97,,,0.005,61.5634,4.2578,16.3943,24.8108,24.8108,
hgpn05,40,aircraft_pl,hiresnet50.fb_ssl_yfcc100m_ft_in1k,False,,,,adamw,0.05,0.0001,,0,200,448,8,6664,3333,25,-1,hiresnet50.fb_ssl_yfcc100m_ft_in1k,92.6793,,,0.5758,92.67926792679268,100.0,,,0.0009,61.6148,4.2578,16.3943,24.7838,24.7838,
hgpn05,40,aircraft_pl,hiresnet50.fb_ssl_yfcc100m_ft_in1k,False,,,,adamw,0.05,0.0001,,0,200,448,8,6664,3333,50,-1,hiresnet50.fb_ssl_yfcc100m_ft_in1k,92.7993,,,0.5745,92.7992799279928,100.0,,,0.0,61.7192,4.2578,16.3943,24.7988,24.7988,
hgpn05,40,aircraft_pl,hiresnet50.fb_ssl_yfcc100m_ft_in1k,False,,,,adamw,0.05,0.0001,,0,200,448,8,6664,3333,70,-1,hiresnet50.fb_ssl_yfcc100m_ft_in1k,92.3492,,,0.6175,92.34923492349236,100.0,,,0.0,60.9583,4.2578,16.3943,24.8108,24.8108,
hgpn05,40,aircraft_pl,hiresnet50.fb_ssl_yfcc100m_ft_in1k,False,,,,adamw,0.05,0.0005,,0,200,448,8,6664,3333,25,-1,hiresnet50.fb_ssl_yfcc100m_ft_in1k,90.6391,,,0.7158,90.63906390639065,100.0,,,0.0001,60.8659,4.2578,16.3943,24.7838,24.7838,
hgpn05,40,aircraft_pl,hiresnet50.fb_ssl_yfcc100m_ft_in1k,False,,,,adamw,0.05,0.0005,,0,200,448,8,6664,3333,50,-1,hiresnet50.fb_ssl_yfcc100m_ft_in1k,90.5191,,,0.6872,90.51905190519052,99.985,,,0.0003,62.0329,4.2578,16.3943,24.7988,24.7988,
hgpn05,40,aircraft_pl,hiresnet50.fb_ssl_yfcc100m_ft_in1k,False,,,,adamw,0.05,0.0005,,0,200,448,8,6664,3333,70,-1,hiresnet50.fb_ssl_yfcc100m_ft_in1k,91.0291,,,0.72,91.02910291029104,100.0,,,0.0001,62.471,4.2578,16.3943,24.8108,24.8108,
hgpn05,40,aircraft_pl,hiresnet50.fb_ssl_yfcc100m_ft_in1k,False,,,,adamw,0.05,0.001,,0,200,448,8,6664,3333,25,-1,hiresnet50.fb_ssl_yfcc100m_ft_in1k,89.0789,,,0.7752,89.07890789078908,100.0,,,0.0002,60.704,4.2578,16.3943,24.7838,24.7838,
hgpn05,40,aircraft_pl,hiresnet50.fb_ssl_yfcc100m_ft_in1k,False,,,,adamw,0.05,0.001,,0,200,448,8,6664,3333,50,-1,hiresnet50.fb_ssl_yfcc100m_ft_in1k,88.6889,,,0.7802,88.68886888688868,100.0,,,0.0004,61.648,4.2578,16.3943,24.7988,24.7988,
hgpn05,40,aircraft_pl,hiresnet50.fb_ssl_yfcc100m_ft_in1k,False,,,,adamw,0.05,0.001,,0,200,448,8,6664,3333,70,-1,hiresnet50.fb_ssl_yfcc100m_ft_in1k,88.8689,,,0.8094,88.86888688868886,100.0,,,0.0001,61.0559,4.2578,16.3943,24.8108,24.8108,
hgpn05,40,aircraft_pl,hiresnet50.fb_ssl_yfcc100m_ft_in1k,False,,,,sgd,0.0,0.003,,0,200,448,8,6664,3333,25,-1,hiresnet50.fb_ssl_yfcc100m_ft_in1k,91.0891,,,0.4777,91.08910891089108,100.0,,,0.0003,57.5383,4.2578,16.3943,24.7838,24.7838,
hgpn05,40,aircraft_pl,hiresnet50.fb_ssl_yfcc100m_ft_in1k,False,,,,sgd,0.0,0.003,,0,200,448,8,6664,3333,50,-1,hiresnet50.fb_ssl_yfcc100m_ft_in1k,91.5992,,,0.463,91.5991599159916,100.0,,,0.0003,57.6191,4.2578,16.3943,24.7988,24.7988,
hgpn05,40,aircraft_pl,hiresnet50.fb_ssl_yfcc100m_ft_in1k,False,,,,sgd,0.0,0.003,,0,200,448,8,6664,3333,70,-1,hiresnet50.fb_ssl_yfcc100m_ft_in1k,90.8191,,,0.4852,90.81908190819082,100.0,,,0.0004,57.6417,4.2578,16.3943,24.8108,24.8108,
hgpn05,40,aircraft_pl,hiresnet50.fb_ssl_yfcc100m_ft_in1k,False,,,,sgd,0.0,0.01,,0,200,448,8,6664,3333,25,-1,hiresnet50.fb_ssl_yfcc100m_ft_in1k,92.6493,,,0.3981,92.64926492649263,100.0,,,0.0001,57.4761,4.2578,16.3943,24.7838,24.7838,
hgpn05,40,aircraft_pl,hiresnet50.fb_ssl_yfcc100m_ft_in1k,False,,,,sgd,0.0,0.01,,0,200,448,8,6664,3333,50,-1,hiresnet50.fb_ssl_yfcc100m_ft_in1k,93.2193,,,0.3939,93.21932193219322,100.0,,,0.0001,57.5119,4.2578,16.3943,24.7988,24.7988,
hgpn05,40,aircraft_pl,hiresnet50.fb_ssl_yfcc100m_ft_in1k,False,,,,sgd,0.0,0.01,,0,200,448,8,6664,3333,70,-1,hiresnet50.fb_ssl_yfcc100m_ft_in1k,93.3993,,,0.3961,93.3993399339934,100.0,,,0.0001,57.6859,4.2578,16.3943,24.8108,24.8108,
hgpn05,40,aircraft_pl,hiresnet50.fb_ssl_yfcc100m_ft_in1k,False,,,,sgd,0.0,0.03,,0,200,448,8,6664,3333,25,-1,hiresnet50.fb_ssl_yfcc100m_ft_in1k,93.6694,,,0.4518,93.66936693669366,100.0,,,0.0,58.2706,4.2578,16.3943,24.7838,24.7838,
hgpn05,40,aircraft_pl,hiresnet50.fb_ssl_yfcc100m_ft_in1k,False,,,,sgd,0.0,0.03,,0,200,448,8,6664,3333,50,-1,hiresnet50.fb_ssl_yfcc100m_ft_in1k,92.5593,,,0.4735,92.55925592559257,100.0,,,0.0,57.8943,4.2578,16.3943,24.7988,24.7988,
hgpn05,40,aircraft_pl,hiresnet50.fb_ssl_yfcc100m_ft_in1k,False,,,,sgd,0.0,0.03,,0,200,448,8,6664,3333,70,-1,hiresnet50.fb_ssl_yfcc100m_ft_in1k,93.2493,,,0.446,93.24932493249324,100.0,,,0.0,57.4379,4.2578,16.3943,24.8108,24.8108,
hgpn05,40,aircraft_pl,hiresnet50.fb_ssl_yfcc100m_ft_in1k,False,,,,sgd,0.0,0.1,,0,200,448,8,6664,3333,25,-1,hiresnet50.fb_ssl_yfcc100m_ft_in1k,89.919,,,1.0387,89.91899189918992,100.0,,,0.0019,58.1237,4.2578,16.3943,24.7838,24.7838,
hgpn05,40,aircraft_pl,hiresnet50.fb_ssl_yfcc100m_ft_in1k,False,,,,sgd,0.0,0.1,,0,200,448,8,6664,3333,50,-1,hiresnet50.fb_ssl_yfcc100m_ft_in1k,89.919,,,1.0286,89.91899189918992,100.0,,,0.0004,58.2246,4.2578,16.3943,24.7988,24.7988,
hgpn05,40,aircraft_pl,hiresnet50.fb_ssl_yfcc100m_ft_in1k,False,,,,sgd,0.0,0.1,,0,200,448,8,6664,3333,70,-1,hiresnet50.fb_ssl_yfcc100m_ft_in1k,90.189,,,1.0272,90.1890189018902,100.0,,,0.0008,58.2369,4.2578,16.3943,24.8108,24.8108,
hgpn04,40,aircraft_pl,hiresnet50.fb_swsl_ig1b_ft_in1k,False,,,,adamw,0.05,5e-06,,0,200,448,8,6664,3333,25,-1,hiresnet50.fb_swsl_ig1b_ft_in1k,90.6391,,,0.8004,90.63906390639065,99.8649,,,0.0182,60.7271,4.2578,16.3943,24.7838,24.7838,
hgpn04,40,aircraft_pl,hiresnet50.fb_swsl_ig1b_ft_in1k,False,,,,adamw,0.05,5e-06,,0,200,448,8,6664,3333,50,-1,hiresnet50.fb_swsl_ig1b_ft_in1k,90.6391,,,0.7055,90.63906390639065,99.7899,,,0.0235,58.9715,4.2578,16.3943,24.7988,24.7988,
hgpn04,40,aircraft_pl,hiresnet50.fb_swsl_ig1b_ft_in1k,False,,,,adamw,0.05,5e-06,,0,200,448,8,6664,3333,70,-1,hiresnet50.fb_swsl_ig1b_ft_in1k,90.7591,,,0.7231,90.75907590759076,99.8199,,,0.0214,58.9115,4.2578,16.3943,24.8108,24.8108,
hgpn04,40,aircraft_pl,hiresnet50.fb_swsl_ig1b_ft_in1k,False,,,,adamw,0.05,1e-05,,0,200,448,8,6664,3333,25,-1,hiresnet50.fb_swsl_ig1b_ft_in1k,90.7891,,,0.7682,90.78907890789078,99.925,,,0.0102,60.6561,4.2578,16.3943,24.7838,24.7838,
hgpn04,40,aircraft_pl,hiresnet50.fb_swsl_ig1b_ft_in1k,False,,,,adamw,0.05,1e-05,,0,200,448,8,6664,3333,50,-1,hiresnet50.fb_swsl_ig1b_ft_in1k,91.3891,,,0.6917,91.3891389138914,99.955,,,0.0014,58.4426,4.2578,16.3943,24.7988,24.7988,
hgpn04,40,aircraft_pl,hiresnet50.fb_swsl_ig1b_ft_in1k,False,,,,adamw,0.05,1e-05,,0,200,448,8,6664,3333,70,-1,hiresnet50.fb_swsl_ig1b_ft_in1k,90.369,,,0.7797,90.36903690369036,99.8199,,,0.0206,59.3355,4.2578,16.3943,24.8108,24.8108,
hgpn04,40,aircraft_pl,hiresnet50.fb_swsl_ig1b_ft_in1k,False,,,,adamw,0.05,5e-05,,0,200,448,8,6664,3333,25,-1,hiresnet50.fb_swsl_ig1b_ft_in1k,92.2292,,,0.6425,92.22922292229222,99.985,,,0.0013,59.4005,4.2578,16.3943,24.7838,24.7838,
hgpn04,40,aircraft_pl,hiresnet50.fb_swsl_ig1b_ft_in1k,False,,,,adamw,0.05,5e-05,,0,200,448,8,6664,3333,50,-1,hiresnet50.fb_swsl_ig1b_ft_in1k,92.6793,,,0.6212,92.67926792679268,99.985,,,0.0022,58.7529,4.2578,16.3943,24.7988,24.7988,
hgpn04,40,aircraft_pl,hiresnet50.fb_swsl_ig1b_ft_in1k,False,,,,adamw,0.05,5e-05,,0,200,448,8,6664,3333,70,-1,hiresnet50.fb_swsl_ig1b_ft_in1k,91.8992,,,0.7101,91.8991899189919,99.985,,,0.0005,58.5928,4.2578,16.3943,24.8108,24.8108,
hgpn04,40,aircraft_pl,hiresnet50.fb_swsl_ig1b_ft_in1k,False,,,,adamw,0.05,0.0001,,0,200,448,8,6664,3333,25,-1,hiresnet50.fb_swsl_ig1b_ft_in1k,93.0093,,,0.573,93.009300930093,100.0,,,0.0002,59.1066,4.2578,16.3943,24.7838,24.7838,
hgpn04,40,aircraft_pl,hiresnet50.fb_swsl_ig1b_ft_in1k,False,,,,adamw,0.05,0.0001,,0,200,448,8,6664,3333,50,-1,hiresnet50.fb_swsl_ig1b_ft_in1k,92.6793,,,0.5781,92.67926792679268,100.0,,,0.0002,58.8993,4.2578,16.3943,24.7988,24.7988,
hgpn04,40,aircraft_pl,hiresnet50.fb_swsl_ig1b_ft_in1k,False,,,,adamw,0.05,0.0001,,0,200,448,8,6664,3333,70,-1,hiresnet50.fb_swsl_ig1b_ft_in1k,92.1992,,,0.5967,92.1992199219922,100.0,,,0.0001,58.6677,4.2578,16.3943,24.8108,24.8108,
hgpn04,40,aircraft_pl,hiresnet50.fb_swsl_ig1b_ft_in1k,False,,,,adamw,0.05,0.0005,,0,200,448,8,6664,3333,25,-1,hiresnet50.fb_swsl_ig1b_ft_in1k,90.5791,,,0.7035,90.57905790579058,100.0,,,0.0001,59.7932,4.2578,16.3943,24.7838,24.7838,
hgpn04,40,aircraft_pl,hiresnet50.fb_swsl_ig1b_ft_in1k,False,,,,adamw,0.05,0.0005,,0,200,448,8,6664,3333,50,-1,hiresnet50.fb_swsl_ig1b_ft_in1k,90.5491,,,0.7296,90.54905490549056,100.0,,,0.0001,59.1345,4.2578,16.3943,24.7988,24.7988,
hgpn04,40,aircraft_pl,hiresnet50.fb_swsl_ig1b_ft_in1k,False,,,,adamw,0.05,0.0005,,0,200,448,8,6664,3333,70,-1,hiresnet50.fb_swsl_ig1b_ft_in1k,91.2091,,,0.6737,91.2091209120912,100.0,,,0.0001,58.6932,4.2578,16.3943,24.8108,24.8108,
hgpn04,40,aircraft_pl,hiresnet50.fb_swsl_ig1b_ft_in1k,False,,,,adamw,0.05,0.001,,0,200,448,8,6664,3333,25,-1,hiresnet50.fb_swsl_ig1b_ft_in1k,88.5089,,,0.8062,88.5088508850885,100.0,,,0.0005,59.5015,4.2578,16.3943,24.7838,24.7838,
hgpn04,40,aircraft_pl,hiresnet50.fb_swsl_ig1b_ft_in1k,False,,,,adamw,0.05,0.001,,0,200,448,8,6664,3333,50,-1,hiresnet50.fb_swsl_ig1b_ft_in1k,88.6289,,,0.7992,88.62886288628863,100.0,,,0.0002,59.1285,4.2578,16.3943,24.7988,24.7988,
hgpn04,40,aircraft_pl,hiresnet50.fb_swsl_ig1b_ft_in1k,False,,,,adamw,0.05,0.001,,0,200,448,8,6664,3333,70,-1,hiresnet50.fb_swsl_ig1b_ft_in1k,87.3687,,,0.8345,87.36873687368737,100.0,,,0.0002,58.6966,4.2578,16.3943,24.8108,24.8108,
hgpn04,40,aircraft_pl,hiresnet50.fb_swsl_ig1b_ft_in1k,False,,,,sgd,0.0,0.003,,0,200,448,8,6664,3333,25,-1,hiresnet50.fb_swsl_ig1b_ft_in1k,91.5092,,,0.4633,91.50915091509152,100.0,,,0.0003,56.5217,4.2578,16.3943,24.7838,24.7838,
hgpn04,40,aircraft_pl,hiresnet50.fb_swsl_ig1b_ft_in1k,False,,,,sgd,0.0,0.003,,0,200,448,8,6664,3333,50,-1,hiresnet50.fb_swsl_ig1b_ft_in1k,91.9292,,,0.4395,91.92919291929194,100.0,,,0.0003,55.4855,4.2578,16.3943,24.7988,24.7988,
hgpn04,40,aircraft_pl,hiresnet50.fb_swsl_ig1b_ft_in1k,False,,,,sgd,0.0,0.003,,0,200,448,8,6664,3333,70,-1,hiresnet50.fb_swsl_ig1b_ft_in1k,92.2592,,,0.4382,92.25922592259226,100.0,,,0.0003,55.6661,4.2578,16.3943,24.8108,24.8108,
hgpn04,40,aircraft_pl,hiresnet50.fb_swsl_ig1b_ft_in1k,False,,,,sgd,0.0,0.01,,0,200,448,8,6664,3333,25,-1,hiresnet50.fb_swsl_ig1b_ft_in1k,92.8593,,,0.4062,92.85928592859284,100.0,,,0.0001,55.3253,4.2578,16.3943,24.7838,24.7838,
hgpn04,40,aircraft_pl,hiresnet50.fb_swsl_ig1b_ft_in1k,False,,,,sgd,0.0,0.01,,0,200,448,8,6664,3333,50,-1,hiresnet50.fb_swsl_ig1b_ft_in1k,93.5494,,,0.3638,93.54935493549355,100.0,,,0.0001,55.8509,4.2578,16.3943,24.7988,24.7988,
hgpn04,40,aircraft_pl,hiresnet50.fb_swsl_ig1b_ft_in1k,False,,,,sgd,0.0,0.01,,0,200,448,8,6664,3333,70,-1,hiresnet50.fb_swsl_ig1b_ft_in1k,93.0993,,,0.417,93.0993099309931,100.0,,,0.0001,55.9398,4.2578,16.3943,24.8108,24.8108,
hgpn04,40,aircraft_pl,hiresnet50.fb_swsl_ig1b_ft_in1k,False,,,,sgd,0.0,0.03,,0,200,448,8,6664,3333,25,-1,hiresnet50.fb_swsl_ig1b_ft_in1k,93.0693,,,0.472,93.06930693069307,100.0,,,0.0001,55.7583,4.2578,16.3943,24.7838,24.7838,
hgpn04,40,aircraft_pl,hiresnet50.fb_swsl_ig1b_ft_in1k,False,,,,sgd,0.0,0.03,,0,200,448,8,6664,3333,50,-1,hiresnet50.fb_swsl_ig1b_ft_in1k,93.0393,,,0.4603,93.03930393039305,100.0,,,0.0,57.5493,4.2578,16.3943,24.7988,24.7988,
hgpn04,40,aircraft_pl,hiresnet50.fb_swsl_ig1b_ft_in1k,False,,,,sgd,0.0,0.03,,0,200,448,8,6664,3333,70,-1,hiresnet50.fb_swsl_ig1b_ft_in1k,93.3393,,,0.4559,93.33933393339332,100.0,,,0.0,55.1319,4.2578,16.3943,24.8108,24.8108,
hgpn04,40,aircraft_pl,hiresnet50.fb_swsl_ig1b_ft_in1k,False,,,,sgd,0.0,0.1,,0,200,448,8,6664,3333,25,-1,hiresnet50.fb_swsl_ig1b_ft_in1k,89.589,,,1.1204,89.58895889588959,100.0,,,0.0003,57.7546,4.2578,16.3943,24.7838,24.7838,
hgpn04,40,aircraft_pl,hiresnet50.fb_swsl_ig1b_ft_in1k,False,,,,sgd,0.0,0.1,,0,200,448,8,6664,3333,50,-1,hiresnet50.fb_swsl_ig1b_ft_in1k,89.949,,,1.0561,89.94899489948995,99.985,,,0.0013,56.9238,4.2578,16.3943,24.7988,24.7988,
hgpn04,40,aircraft_pl,hiresnet50.fb_swsl_ig1b_ft_in1k,False,,,,sgd,0.0,0.1,,0,200,448,8,6664,3333,70,-1,hiresnet50.fb_swsl_ig1b_ft_in1k,90.069,,,1.0409,90.06900690069007,100.0,,,0.0001,54.9482,4.2578,16.3943,24.8108,24.8108,
hgpn02,40,aircraft_pl,hiresnet50.gluon_in1k,False,,,,adamw,0.05,5e-06,,0,200,448,8,6664,3333,25,-1,hiresnet50.gluon_in1k,89.4089,,,0.7828,89.40894089408941,99.955,,,0.0052,59.1714,4.2578,16.3943,24.7838,24.7838,
hgpn02,40,aircraft_pl,hiresnet50.gluon_in1k,False,,,,adamw,0.05,5e-06,,0,200,448,8,6664,3333,50,-1,hiresnet50.gluon_in1k,88.7489,,,0.7969,88.74887488748875,99.97,,,0.0041,61.5592,4.2578,16.3943,24.7988,24.7988,
hgpn02,40,aircraft_pl,hiresnet50.gluon_in1k,False,,,,adamw,0.05,5e-06,,0,200,448,8,6664,3333,70,-1,hiresnet50.gluon_in1k,88.8089,,,0.8452,88.80888088808881,99.895,,,0.0107,62.9051,4.2578,16.3943,24.8108,24.8108,
hgpn02,40,aircraft_pl,hiresnet50.gluon_in1k,False,,,,adamw,0.05,1e-05,,0,200,448,8,6664,3333,25,-1,hiresnet50.gluon_in1k,89.3789,,,0.8129,89.37893789378938,99.91,,,0.0052,59.3049,4.2578,16.3943,24.7838,24.7838,
hgpn02,40,aircraft_pl,hiresnet50.gluon_in1k,False,,,,adamw,0.05,1e-05,,0,200,448,8,6664,3333,50,-1,hiresnet50.gluon_in1k,89.1389,,,0.8346,89.13891389138914,99.895,,,0.0073,61.9862,4.2578,16.3943,24.7988,24.7988,
hgpn02,40,aircraft_pl,hiresnet50.gluon_in1k,False,,,,adamw,0.05,1e-05,,0,200,448,8,6664,3333,70,-1,hiresnet50.gluon_in1k,89.4989,,,0.8177,89.4989498949895,99.91,,,0.0083,62.0832,4.2578,16.3943,24.8108,24.8108,
hgpn02,40,aircraft_pl,hiresnet50.gluon_in1k,False,,,,adamw,0.05,5e-05,,0,200,448,8,6664,3333,25,-1,hiresnet50.gluon_in1k,91.5692,,,0.6467,91.56915691569156,100.0,,,0.0004,59.5918,4.2578,16.3943,24.7838,24.7838,
hgpn02,40,aircraft_pl,hiresnet50.gluon_in1k,False,,,,adamw,0.05,5e-05,,0,200,448,8,6664,3333,50,-1,hiresnet50.gluon_in1k,91.6592,,,0.7067,91.65916591659166,100.0,,,0.0001,62.2857,4.2578,16.3943,24.7988,24.7988,
hgpn02,40,aircraft_pl,hiresnet50.gluon_in1k,False,,,,adamw,0.05,5e-05,,0,200,448,8,6664,3333,70,-1,hiresnet50.gluon_in1k,91.5692,,,0.6939,91.56915691569156,99.985,,,0.0021,62.5418,4.2578,16.3943,24.8108,24.8108,
hgpn02,40,aircraft_pl,hiresnet50.gluon_in1k,False,,,,adamw,0.05,0.0001,,0,200,448,8,6664,3333,25,-1,hiresnet50.gluon_in1k,91.9592,,,0.6471,91.95919591959196,100.0,,,0.0001,58.7237,4.2578,16.3943,24.7838,24.7838,
hgpn02,40,aircraft_pl,hiresnet50.gluon_in1k,False,,,,adamw,0.05,0.0001,,0,200,448,8,6664,3333,50,-1,hiresnet50.gluon_in1k,92.5293,,,0.5949,92.52925292529252,100.0,,,0.0001,60.6551,4.2578,16.3943,24.7988,24.7988,
hgpn02,40,aircraft_pl,hiresnet50.gluon_in1k,False,,,,adamw,0.05,0.0001,,0,200,448,8,6664,3333,70,-1,hiresnet50.gluon_in1k,92.1092,,,0.6637,92.10921092109211,100.0,,,0.0,62.052,4.2578,16.3943,24.8108,24.8108,
hgpn02,40,aircraft_pl,hiresnet50.gluon_in1k,False,,,,adamw,0.05,0.0005,,0,200,448,8,6664,3333,25,-1,hiresnet50.gluon_in1k,91.1191,,,0.7036,91.11911191119113,100.0,,,0.0002,59.1189,4.2578,16.3943,24.7838,24.7838,
hgpn02,40,aircraft_pl,hiresnet50.gluon_in1k,False,,,,adamw,0.05,0.0005,,0,200,448,8,6664,3333,50,-1,hiresnet50.gluon_in1k,91.1491,,,0.6621,91.14911491149115,100.0,,,0.0001,61.0811,4.2578,16.3943,24.7988,24.7988,
hgpn02,40,aircraft_pl,hiresnet50.gluon_in1k,False,,,,adamw,0.05,0.0005,,0,200,448,8,6664,3333,70,-1,hiresnet50.gluon_in1k,91.2691,,,0.667,91.26912691269126,100.0,,,0.0002,62.043,4.2578,16.3943,24.8108,24.8108,
hgpn02,40,aircraft_pl,hiresnet50.gluon_in1k,False,,,,adamw,0.05,0.001,,0,200,448,8,6664,3333,25,-1,hiresnet50.gluon_in1k,89.2289,,,0.7612,89.22892289228923,100.0,,,0.0002,59.5859,4.2578,16.3943,24.7838,24.7838,
hgpn02,40,aircraft_pl,hiresnet50.gluon_in1k,False,,,,adamw,0.05,0.001,,0,200,448,8,6664,3333,50,-1,hiresnet50.gluon_in1k,89.2889,,,0.7644,89.28892889288929,100.0,,,0.0002,59.5055,4.2578,16.3943,24.7988,24.7988,
hgpn02,40,aircraft_pl,hiresnet50.gluon_in1k,False,,,,adamw,0.05,0.001,,0,200,448,8,6664,3333,70,-1,hiresnet50.gluon_in1k,89.589,,,0.7398,89.58895889588959,100.0,,,0.0002,62.2643,4.2578,16.3943,24.8108,24.8108,
hgpn02,40,aircraft_pl,hiresnet50.gluon_in1k,False,,,,sgd,0.0,0.003,,0,200,448,8,6664,3333,25,-1,hiresnet50.gluon_in1k,91.1491,,,0.4464,91.14911491149115,100.0,,,0.0006,55.4655,4.2578,16.3943,24.7838,24.7838,
hgpn02,40,aircraft_pl,hiresnet50.gluon_in1k,False,,,,sgd,0.0,0.003,,0,200,448,8,6664,3333,50,-1,hiresnet50.gluon_in1k,90.9691,,,0.4575,90.96909690969098,100.0,,,0.0005,56.0457,4.2578,16.3943,24.7988,24.7988,
hgpn02,40,aircraft_pl,hiresnet50.gluon_in1k,False,,,,sgd,0.0,0.003,,0,200,448,8,6664,3333,70,-1,hiresnet50.gluon_in1k,91.2091,,,0.4615,91.2091209120912,100.0,,,0.0007,58.8923,4.2578,16.3943,24.8108,24.8108,
hgpn02,40,aircraft_pl,hiresnet50.gluon_in1k,False,,,,sgd,0.0,0.01,,0,200,448,8,6664,3333,25,-1,hiresnet50.gluon_in1k,92.2592,,,0.4228,92.25922592259226,100.0,,,0.0001,55.3904,4.2578,16.3943,24.7838,24.7838,
hgpn02,40,aircraft_pl,hiresnet50.gluon_in1k,False,,,,sgd,0.0,0.01,,0,200,448,8,6664,3333,50,-1,hiresnet50.gluon_in1k,92.3792,,,0.4414,92.37923792379236,100.0,,,0.0001,56.1274,4.2578,16.3943,24.7988,24.7988,
hgpn02,40,aircraft_pl,hiresnet50.gluon_in1k,False,,,,sgd,0.0,0.01,,0,200,448,8,6664,3333,70,-1,hiresnet50.gluon_in1k,92.3492,,,0.426,92.34923492349236,100.0,,,0.0001,58.6374,4.2578,16.3943,24.8108,24.8108,
hgpn02,40,aircraft_pl,hiresnet50.gluon_in1k,False,,,,sgd,0.0,0.03,,0,200,448,8,6664,3333,25,-1,hiresnet50.gluon_in1k,92.6193,,,0.4773,92.61926192619262,100.0,,,0.0,55.9114,4.2578,16.3943,24.7838,24.7838,
hgpn02,40,aircraft_pl,hiresnet50.gluon_in1k,False,,,,sgd,0.0,0.03,,0,200,448,8,6664,3333,50,-1,hiresnet50.gluon_in1k,92.9193,,,0.4852,92.91929192919292,100.0,,,0.0,55.9837,4.2578,16.3943,24.7988,24.7988,
hgpn02,40,aircraft_pl,hiresnet50.gluon_in1k,False,,,,sgd,0.0,0.03,,0,200,448,8,6664,3333,70,-1,hiresnet50.gluon_in1k,92.9193,,,0.469,92.91929192919292,100.0,,,0.0,57.9114,4.2578,16.3943,24.8108,24.8108,
hgpn02,40,aircraft_pl,hiresnet50.gluon_in1k,False,,,,sgd,0.0,0.1,,0,200,448,8,6664,3333,25,-1,hiresnet50.gluon_in1k,90.6691,,,0.9264,90.66906690669067,100.0,,,0.0007,56.7091,4.2578,16.3943,24.7838,24.7838,
hgpn02,40,aircraft_pl,hiresnet50.gluon_in1k,False,,,,sgd,0.0,0.1,,0,200,448,8,6664,3333,50,-1,hiresnet50.gluon_in1k,91.2391,,,0.8599,91.23912391239124,100.0,,,0.0006,55.1691,4.2578,16.3943,24.7988,24.7988,
hgpn02,40,aircraft_pl,hiresnet50.gluon_in1k,False,,,,sgd,0.0,0.1,,0,200,448,8,6664,3333,70,-1,hiresnet50.gluon_in1k,91.1191,,,0.9149,91.11911191119113,99.955,,,0.001,58.2572,4.2578,16.3943,24.8108,24.8108,
hgpn20,40,aircraft_pl,hiresnet50.in1k_mocov3,False,,,,adamw,0.05,5e-06,,0,200,448,8,6664,3333,25,-1,hiresnet50.in1k_mocov3,91.0591,,,0.492,91.05910591059106,100.0,,,0.0011,59.3554,4.2578,16.3943,24.7838,24.7838,
hgpn20,40,aircraft_pl,hiresnet50.in1k_mocov3,False,,,,adamw,0.05,5e-06,,0,200,448,8,6664,3333,50,-1,hiresnet50.in1k_mocov3,91.4191,,,0.4666,91.4191419141914,100.0,,,0.0002,61.0003,4.2578,16.3943,24.7988,24.7988,
hgpn20,40,aircraft_pl,hiresnet50.in1k_mocov3,False,,,,adamw,0.05,5e-06,,0,200,448,8,6664,3333,70,-1,hiresnet50.in1k_mocov3,91.3291,,,0.4838,91.32913291329132,100.0,,,0.0002,59.2112,4.2578,16.3943,24.8108,24.8108,
hgpn20,40,aircraft_pl,hiresnet50.in1k_mocov3,False,,,,adamw,0.05,1e-05,,0,200,448,8,6664,3333,25,-1,hiresnet50.in1k_mocov3,91.1491,,,0.4954,91.14911491149115,100.0,,,0.0004,59.9074,4.2578,16.3943,24.7838,24.7838,
hgpn20,40,aircraft_pl,hiresnet50.in1k_mocov3,False,,,,adamw,0.05,1e-05,,0,200,448,8,6664,3333,50,-1,hiresnet50.in1k_mocov3,90.9691,,,0.5066,90.96909690969098,100.0,,,0.0002,60.3827,4.2578,16.3943,24.7988,24.7988,
hgpn20,40,aircraft_pl,hiresnet50.in1k_mocov3,False,,,,adamw,0.05,1e-05,,0,200,448,8,6664,3333,70,-1,hiresnet50.in1k_mocov3,91.1791,,,0.5172,91.17911791179118,100.0,,,0.0005,59.5425,4.2578,16.3943,24.8108,24.8108,
hgpn20,40,aircraft_pl,hiresnet50.in1k_mocov3,False,,,,adamw,0.05,5e-05,,0,200,448,8,6664,3333,25,-1,hiresnet50.in1k_mocov3,92.2892,,,0.5136,92.28922892289228,100.0,,,0.0004,59.4678,4.2578,16.3943,24.7838,24.7838,
hgpn20,40,aircraft_pl,hiresnet50.in1k_mocov3,False,,,,adamw,0.05,5e-05,,0,200,448,8,6664,3333,50,-1,hiresnet50.in1k_mocov3,92.2592,,,0.4923,92.25922592259226,99.985,,,0.0003,60.0972,4.2578,16.3943,24.7988,24.7988,
hgpn20,40,aircraft_pl,hiresnet50.in1k_mocov3,False,,,,adamw,0.05,5e-05,,0,200,448,8,6664,3333,70,-1,hiresnet50.in1k_mocov3,91.9592,,,0.525,91.95919591959196,100.0,,,0.0,59.7163,4.2578,16.3943,24.8108,24.8108,
hgpn20,40,aircraft_pl,hiresnet50.in1k_mocov3,False,,,,adamw,0.05,0.0001,,0,200,448,8,6664,3333,25,-1,hiresnet50.in1k_mocov3,93.1893,,,0.5408,93.18931893189318,100.0,,,0.0001,59.6937,4.2578,16.3943,24.7838,24.7838,
hgpn20,40,aircraft_pl,hiresnet50.in1k_mocov3,False,,,,adamw,0.05,0.0001,,0,200,448,8,6664,3333,50,-1,hiresnet50.in1k_mocov3,93.0093,,,0.493,93.009300930093,100.0,,,0.0,59.7843,4.2578,16.3943,24.7988,24.7988,
hgpn20,40,aircraft_pl,hiresnet50.in1k_mocov3,False,,,,adamw,0.05,0.0001,,0,200,448,8,6664,3333,70,-1,hiresnet50.in1k_mocov3,92.5893,,,0.4937,92.5892589258926,100.0,,,0.0,59.5655,4.2578,16.3943,24.8108,24.8108,
hgpn20,40,aircraft_pl,hiresnet50.in1k_mocov3,False,,,,adamw,0.05,0.0005,,0,200,448,8,6664,3333,25,-1,hiresnet50.in1k_mocov3,92.3192,,,0.5962,92.31923192319232,100.0,,,0.0015,60.1815,4.2578,16.3943,24.7838,24.7838,
hgpn20,40,aircraft_pl,hiresnet50.in1k_mocov3,False,,,,adamw,0.05,0.0005,,0,200,448,8,6664,3333,50,-1,hiresnet50.in1k_mocov3,92.2892,,,0.5825,92.28922892289228,100.0,,,0.0001,60.645,4.2578,16.3943,24.7988,24.7988,
hgpn20,40,aircraft_pl,hiresnet50.in1k_mocov3,False,,,,adamw,0.05,0.0005,,0,200,448,8,6664,3333,70,-1,hiresnet50.in1k_mocov3,92.1092,,,0.6254,92.10921092109211,100.0,,,0.0,60.2715,4.2578,16.3943,24.8108,24.8108,
hgpn20,40,aircraft_pl,hiresnet50.in1k_mocov3,False,,,,adamw,0.05,0.001,,0,200,448,8,6664,3333,25,-1,hiresnet50.in1k_mocov3,91.3291,,,0.6644,91.32913291329132,100.0,,,0.0001,59.4713,4.2578,16.3943,24.7838,24.7838,
hgpn20,40,aircraft_pl,hiresnet50.in1k_mocov3,False,,,,adamw,0.05,0.001,,0,200,448,8,6664,3333,50,-1,hiresnet50.in1k_mocov3,91.8992,,,0.6007,91.8991899189919,100.0,,,0.0001,60.4664,4.2578,16.3943,24.7988,24.7988,
hgpn20,40,aircraft_pl,hiresnet50.in1k_mocov3,False,,,,adamw,0.05,0.001,,0,200,448,8,6664,3333,70,-1,hiresnet50.in1k_mocov3,91.2391,,,0.6719,91.23912391239124,100.0,,,0.0001,59.7542,4.2578,16.3943,24.8108,24.8108,
hgpn20,40,aircraft_pl,hiresnet50.in1k_mocov3,False,,,,sgd,0.0,0.003,,0,200,448,8,6664,3333,25,-1,hiresnet50.in1k_mocov3,89.1689,,,0.4532,89.16891689168916,100.0,,,0.0027,55.9723,4.2578,16.3943,24.7838,24.7838,
hgpn20,40,aircraft_pl,hiresnet50.in1k_mocov3,False,,,,sgd,0.0,0.003,,0,200,448,8,6664,3333,50,-1,hiresnet50.in1k_mocov3,89.2889,,,0.4549,89.28892889288929,100.0,,,0.0019,57.1424,4.2578,16.3943,24.7988,24.7988,
hgpn20,40,aircraft_pl,hiresnet50.in1k_mocov3,False,,,,sgd,0.0,0.003,,0,200,448,8,6664,3333,70,-1,hiresnet50.in1k_mocov3,89.0489,,,0.4568,89.04890489048906,100.0,,,0.0016,56.1822,4.2578,16.3943,24.8108,24.8108,
hgpn20,40,aircraft_pl,hiresnet50.in1k_mocov3,False,,,,sgd,0.0,0.01,,0,200,448,8,6664,3333,25,-1,hiresnet50.in1k_mocov3,89.979,,,0.4703,89.97899789978997,100.0,,,0.0004,56.0728,4.2578,16.3943,24.7838,24.7838,
hgpn20,40,aircraft_pl,hiresnet50.in1k_mocov3,False,,,,sgd,0.0,0.01,,0,200,448,8,6664,3333,50,-1,hiresnet50.in1k_mocov3,90.279,,,0.4476,90.27902790279028,100.0,,,0.0004,57.1178,4.2578,16.3943,24.7988,24.7988,
hgpn20,40,aircraft_pl,hiresnet50.in1k_mocov3,False,,,,sgd,0.0,0.01,,0,200,448,8,6664,3333,70,-1,hiresnet50.in1k_mocov3,90.219,,,0.4585,90.21902190219022,100.0,,,0.0002,56.8783,4.2578,16.3943,24.8108,24.8108,
hgpn20,40,aircraft_pl,hiresnet50.in1k_mocov3,False,,,,sgd,0.0,0.03,,0,200,448,8,6664,3333,25,-1,hiresnet50.in1k_mocov3,91.7792,,,0.4913,91.77917791779178,100.0,,,0.0001,56.0342,4.2578,16.3943,24.7838,24.7838,
hgpn20,40,aircraft_pl,hiresnet50.in1k_mocov3,False,,,,sgd,0.0,0.03,,0,200,448,8,6664,3333,50,-1,hiresnet50.in1k_mocov3,91.3291,,,0.4783,91.32913291329132,100.0,,,0.0,56.8521,4.2578,16.3943,24.7988,24.7988,
hgpn20,40,aircraft_pl,hiresnet50.in1k_mocov3,False,,,,sgd,0.0,0.03,,0,200,448,8,6664,3333,70,-1,hiresnet50.in1k_mocov3,91.1491,,,0.4833,91.14911491149115,100.0,,,0.0001,56.7082,4.2578,16.3943,24.8108,24.8108,
hgpn20,40,aircraft_pl,hiresnet50.in1k_mocov3,False,,,,sgd,0.0,0.1,,0,200,448,8,6664,3333,25,-1,hiresnet50.in1k_mocov3,92.6193,,,0.7081,92.61926192619262,100.0,,,0.0001,55.6443,4.2539,16.3943,24.7838,24.7838,
hgpn20,40,aircraft_pl,hiresnet50.in1k_mocov3,False,,,,sgd,0.0,0.1,,0,200,448,8,6664,3333,50,-1,hiresnet50.in1k_mocov3,91.8992,,,0.7565,91.8991899189919,99.985,,,0.0002,55.9967,4.2578,16.3943,24.7988,24.7988,
hgpn20,40,aircraft_pl,hiresnet50.in1k_mocov3,False,,,,sgd,0.0,0.1,,0,200,448,8,6664,3333,70,-1,hiresnet50.in1k_mocov3,92.4992,,,0.699,92.4992499249925,100.0,,,0.0,56.4657,4.2578,16.3943,24.8108,24.8108,
hgpn19,40,aircraft_pl,hiresnet50.in1k_spark,False,,,,adamw,0.05,5e-06,,0,200,448,8,6664,3333,25,-1,hiresnet50.in1k_spark,88.1488,,,0.9723,88.14881488148815,99.8049,,,0.022,60.3557,4.2578,16.3943,24.7838,24.7838,
hgpn19,40,aircraft_pl,hiresnet50.in1k_spark,False,,,,adamw,0.05,5e-06,,0,200,448,8,6664,3333,50,-1,hiresnet50.in1k_spark,88.3288,,,0.964,88.32883288328833,99.7599,,,0.0246,59.5813,4.2578,16.3943,24.7988,24.7988,
hgpn19,40,aircraft_pl,hiresnet50.in1k_spark,False,,,,adamw,0.05,5e-06,,0,200,448,8,6664,3333,70,-1,hiresnet50.in1k_spark,88.2088,,,1.0118,88.2088208820882,99.6849,,,0.0284,61.6084,4.2578,16.3943,24.8108,24.8108,
hgpn19,40,aircraft_pl,hiresnet50.in1k_spark,False,,,,adamw,0.05,1e-05,,0,200,448,8,6664,3333,25,-1,hiresnet50.in1k_spark,89.0189,,,0.9226,89.01890189018901,99.91,,,0.0115,60.6999,4.2578,16.3943,24.7838,24.7838,
hgpn19,40,aircraft_pl,hiresnet50.in1k_spark,False,,,,adamw,0.05,1e-05,,0,200,448,8,6664,3333,50,-1,hiresnet50.in1k_spark,88.6289,,,0.9139,88.62886288628863,99.925,,,0.0073,59.9165,4.2578,16.3943,24.7988,24.7988,
hgpn19,40,aircraft_pl,hiresnet50.in1k_spark,False,,,,adamw,0.05,1e-05,,0,200,448,8,6664,3333,70,-1,hiresnet50.in1k_spark,88.0288,,,0.8932,88.02880288028803,99.8649,,,0.0142,60.0794,4.2578,16.3943,24.8108,24.8108,
hgpn19,40,aircraft_pl,hiresnet50.in1k_spark,False,,,,adamw,0.05,5e-05,,0,200,448,8,6664,3333,25,-1,hiresnet50.in1k_spark,90.489,,,0.7156,90.4890489048905,99.985,,,0.0046,60.5785,4.2578,16.3943,24.7838,24.7838,
hgpn19,40,aircraft_pl,hiresnet50.in1k_spark,False,,,,adamw,0.05,5e-05,,0,200,448,8,6664,3333,50,-1,hiresnet50.in1k_spark,91.1191,,,0.6674,91.11911191119113,99.985,,,0.0011,59.9332,4.2578,16.3943,24.7988,24.7988,
hgpn19,40,aircraft_pl,hiresnet50.in1k_spark,False,,,,adamw,0.05,5e-05,,0,200,448,8,6664,3333,70,-1,hiresnet50.in1k_spark,90.9691,,,0.712,90.96909690969098,100.0,,,0.0001,62.7868,4.2578,16.3943,24.8108,24.8108,
hgpn19,40,aircraft_pl,hiresnet50.in1k_spark,False,,,,adamw,0.05,0.0001,,0,200,448,8,6664,3333,25,-1,hiresnet50.in1k_spark,90.399,,,0.7696,90.3990399039904,100.0,,,0.0036,59.5432,4.2578,16.3943,24.7838,24.7838,
hgpn19,40,aircraft_pl,hiresnet50.in1k_spark,False,,,,adamw,0.05,0.0001,,0,200,448,8,6664,3333,50,-1,hiresnet50.in1k_spark,90.489,,,0.7103,90.4890489048905,100.0,,,0.0007,59.4764,4.2578,16.3943,24.7988,24.7988,
hgpn19,40,aircraft_pl,hiresnet50.in1k_spark,False,,,,adamw,0.05,0.0001,,0,200,448,8,6664,3333,70,-1,hiresnet50.in1k_spark,90.459,,,0.7539,90.45904590459044,100.0,,,0.0,62.753,4.2578,16.3943,24.8108,24.8108,
hgpn19,40,aircraft_pl,hiresnet50.in1k_spark,False,,,,adamw,0.05,0.0005,,0,200,448,8,6664,3333,25,-1,hiresnet50.in1k_spark,86.5887,,,0.9689,86.58865886588659,100.0,,,0.0038,59.6789,4.2578,16.3943,24.7838,24.7838,
hgpn19,40,aircraft_pl,hiresnet50.in1k_spark,False,,,,adamw,0.05,0.0005,,0,200,448,8,6664,3333,50,-1,hiresnet50.in1k_spark,86.0486,,,0.9798,86.04860486048605,100.0,,,0.0007,59.8979,4.2578,16.3943,24.7988,24.7988,
hgpn19,40,aircraft_pl,hiresnet50.in1k_spark,False,,,,adamw,0.05,0.0005,,0,200,448,8,6664,3333,70,-1,hiresnet50.in1k_spark,85.1185,,,1.0303,85.11851185118512,100.0,,,0.0003,62.8935,4.2578,16.3943,24.8108,24.8108,
hgpn19,40,aircraft_pl,hiresnet50.in1k_spark,False,,,,adamw,0.05,0.001,,0,200,448,8,6664,3333,25,-1,hiresnet50.in1k_spark,86.6487,,,0.907,86.64866486648666,100.0,,,0.0036,59.6834,4.2578,16.3943,24.7838,24.7838,
hgpn19,40,aircraft_pl,hiresnet50.in1k_spark,False,,,,adamw,0.05,0.001,,0,200,448,8,6664,3333,50,-1,hiresnet50.in1k_spark,86.2286,,,0.9093,86.22862286228623,100.0,,,0.0004,59.4729,4.2578,16.3943,24.7988,24.7988,
hgpn19,40,aircraft_pl,hiresnet50.in1k_spark,False,,,,adamw,0.05,0.001,,0,200,448,8,6664,3333,70,-1,hiresnet50.in1k_spark,85.9886,,,0.9538,85.98859885988598,100.0,,,0.0006,62.0529,4.2578,16.3943,24.8108,24.8108,
hgpn19,40,aircraft_pl,hiresnet50.in1k_spark,False,,,,sgd,0.0,0.003,,0,200,448,8,6664,3333,25,-1,hiresnet50.in1k_spark,87.9088,,,0.6107,87.9087908790879,99.985,,,0.002,56.7857,4.2578,16.3943,24.7838,24.7838,
hgpn19,40,aircraft_pl,hiresnet50.in1k_spark,False,,,,sgd,0.0,0.003,,0,200,448,8,6664,3333,50,-1,hiresnet50.in1k_spark,88.0888,,,0.5988,88.0888088808881,100.0,,,0.0009,56.5655,4.2578,16.3943,24.7988,24.7988,
hgpn19,40,aircraft_pl,hiresnet50.in1k_spark,False,,,,sgd,0.0,0.003,,0,200,448,8,6664,3333,70,-1,hiresnet50.in1k_spark,86.7987,,,0.6729,86.79867986798679,100.0,,,0.0008,57.221,4.2578,16.3943,24.8108,24.8108,
hgpn19,40,aircraft_pl,hiresnet50.in1k_spark,False,,,,sgd,0.0,0.01,,0,200,448,8,6664,3333,25,-1,hiresnet50.in1k_spark,89.0189,,,0.5846,89.01890189018901,100.0,,,0.0015,56.6732,4.2578,16.3943,24.7838,24.7838,
hgpn19,40,aircraft_pl,hiresnet50.in1k_spark,False,,,,sgd,0.0,0.01,,0,200,448,8,6664,3333,50,-1,hiresnet50.in1k_spark,89.919,,,0.5532,89.91899189918992,100.0,,,0.0001,56.0246,4.2578,16.3943,24.7988,24.7988,
hgpn19,40,aircraft_pl,hiresnet50.in1k_spark,False,,,,sgd,0.0,0.01,,0,200,448,8,6664,3333,70,-1,hiresnet50.in1k_spark,88.9289,,,0.5991,88.92889288928893,100.0,,,0.0001,55.9218,4.2578,16.3943,24.8108,24.8108,
hgpn19,40,aircraft_pl,hiresnet50.in1k_spark,False,,,,sgd,0.0,0.03,,0,200,448,8,6664,3333,25,-1,hiresnet50.in1k_spark,86.4386,,,0.9171,86.43864386438644,100.0,,,0.0035,55.8607,4.2578,16.3943,24.7838,24.7838,
hgpn19,40,aircraft_pl,hiresnet50.in1k_spark,False,,,,sgd,0.0,0.03,,0,200,448,8,6664,3333,50,-1,hiresnet50.in1k_spark,86.9187,,,0.9003,86.91869186918692,100.0,,,0.0005,56.2939,4.2578,16.3943,24.7988,24.7988,
hgpn19,40,aircraft_pl,hiresnet50.in1k_spark,False,,,,sgd,0.0,0.03,,0,200,448,8,6664,3333,70,-1,hiresnet50.in1k_spark,86.3486,,,0.9625,86.34863486348635,100.0,,,0.0001,57.8834,4.2578,16.3943,24.8108,24.8108,
hgpn19,40,aircraft_pl,hiresnet50.in1k_spark,False,,,,sgd,0.0,0.1,,0,200,448,8,6664,3333,25,-1,hiresnet50.in1k_spark,82.6583,,,1.6872,82.65826582658266,99.925,,,0.0231,57.9712,4.2578,16.3943,24.7838,24.7838,
hgpn19,40,aircraft_pl,hiresnet50.in1k_spark,False,,,,sgd,0.0,0.1,,0,200,448,8,6664,3333,50,-1,hiresnet50.in1k_spark,81.3381,,,1.8593,81.33813381338133,99.925,,,0.0057,56.9465,4.2578,16.3943,24.7988,24.7988,
hgpn19,40,aircraft_pl,hiresnet50.in1k_spark,False,,,,sgd,0.0,0.1,,0,200,448,8,6664,3333,70,-1,hiresnet50.in1k_spark,81.3381,,,1.8785,81.33813381338133,99.94,,,0.0063,57.0039,4.2578,16.3943,24.8108,24.8108,
hgpn05,40,aircraft_pl,hiresnet50.in1k_supcon,False,,,,adamw,0.05,5e-06,,0,200,448,8,6664,3333,25,-1,hiresnet50.in1k_supcon,90.399,,,0.7694,90.3990399039904,99.895,,,0.0081,58.661,4.2578,16.3943,24.7838,24.7838,
hgpn05,40,aircraft_pl,hiresnet50.in1k_supcon,False,,,,adamw,0.05,5e-06,,0,200,448,8,6664,3333,50,-1,hiresnet50.in1k_supcon,90.8191,,,0.6634,90.81908190819082,99.88,,,0.0158,59.5187,4.2578,16.3943,24.7988,24.7988,
hgpn05,40,aircraft_pl,hiresnet50.in1k_supcon,False,,,,adamw,0.05,5e-06,,0,200,448,8,6664,3333,70,-1,hiresnet50.in1k_supcon,90.6691,,,0.6964,90.66906690669067,99.88,,,0.0186,60.4443,4.2578,16.3943,24.8108,24.8108,
hgpn05,40,aircraft_pl,hiresnet50.in1k_supcon,False,,,,adamw,0.05,1e-05,,0,200,448,8,6664,3333,25,-1,hiresnet50.in1k_supcon,90.7291,,,0.7373,90.72907290729071,99.955,,,0.0059,59.5116,4.2578,16.3943,24.7838,24.7838,
hgpn05,40,aircraft_pl,hiresnet50.in1k_supcon,False,,,,adamw,0.05,1e-05,,0,200,448,8,6664,3333,50,-1,hiresnet50.in1k_supcon,90.6391,,,0.7314,90.63906390639065,99.8649,,,0.0217,59.6779,4.2578,16.3943,24.7988,24.7988,
hgpn05,40,aircraft_pl,hiresnet50.in1k_supcon,False,,,,adamw,0.05,1e-05,,0,200,448,8,6664,3333,70,-1,hiresnet50.in1k_supcon,91.4791,,,0.6581,91.47914791479148,99.985,,,0.0008,59.7343,4.2578,16.3943,24.8108,24.8108,
hgpn05,40,aircraft_pl,hiresnet50.in1k_supcon,False,,,,adamw,0.05,5e-05,,0,200,448,8,6664,3333,25,-1,hiresnet50.in1k_supcon,92.1992,,,0.6233,92.1992199219922,100.0,,,0.0009,59.4694,4.2578,16.3943,24.7838,24.7838,
hgpn05,40,aircraft_pl,hiresnet50.in1k_supcon,False,,,,adamw,0.05,5e-05,,0,200,448,8,6664,3333,50,-1,hiresnet50.in1k_supcon,91.9592,,,0.6758,91.95919591959196,99.985,,,0.0016,60.144,4.2578,16.3943,24.7988,24.7988,
hgpn05,40,aircraft_pl,hiresnet50.in1k_supcon,False,,,,adamw,0.05,5e-05,,0,200,448,8,6664,3333,70,-1,hiresnet50.in1k_supcon,91.8092,,,0.6782,91.8091809180918,100.0,,,0.0,59.1069,4.2578,16.3943,24.8108,24.8108,
hgpn05,40,aircraft_pl,hiresnet50.in1k_supcon,False,,,,adamw,0.05,0.0001,,0,200,448,8,6664,3333,25,-1,hiresnet50.in1k_supcon,92.0792,,,0.6221,92.07920792079209,100.0,,,0.0004,58.9843,4.2578,16.3943,24.7838,24.7838,
hgpn05,40,aircraft_pl,hiresnet50.in1k_supcon,False,,,,adamw,0.05,0.0001,,0,200,448,8,6664,3333,50,-1,hiresnet50.in1k_supcon,92.2292,,,0.604,92.22922292229222,100.0,,,0.0002,59.3261,4.2578,16.3943,24.7988,24.7988,
hgpn05,40,aircraft_pl,hiresnet50.in1k_supcon,False,,,,adamw,0.05,0.0001,,0,200,448,8,6664,3333,70,-1,hiresnet50.in1k_supcon,92.7993,,,0.5918,92.7992799279928,100.0,,,0.0001,60.1546,4.2578,16.3943,24.8108,24.8108,
hgpn05,40,aircraft_pl,hiresnet50.in1k_supcon,False,,,,adamw,0.05,0.0005,,0,200,448,8,6664,3333,25,-1,hiresnet50.in1k_supcon,90.6691,,,0.7253,90.66906690669067,100.0,,,0.0002,59.5106,4.2578,16.3943,24.7838,24.7838,
hgpn05,40,aircraft_pl,hiresnet50.in1k_supcon,False,,,,adamw,0.05,0.0005,,0,200,448,8,6664,3333,50,-1,hiresnet50.in1k_supcon,90.279,,,0.7657,90.27902790279028,100.0,,,0.0004,60.0742,4.2578,16.3943,24.7988,24.7988,
hgpn05,40,aircraft_pl,hiresnet50.in1k_supcon,False,,,,adamw,0.05,0.0005,,0,200,448,8,6664,3333,70,-1,hiresnet50.in1k_supcon,90.6091,,,0.7475,90.6090609060906,100.0,,,0.0,59.9633,4.2578,16.3943,24.8108,24.8108,
hgpn05,40,aircraft_pl,hiresnet50.in1k_supcon,False,,,,adamw,0.05,0.001,,0,200,448,8,6664,3333,25,-1,hiresnet50.in1k_supcon,88.5989,,,0.8323,88.5988598859886,99.985,,,0.0023,58.7725,4.2578,16.3943,24.7838,24.7838,
hgpn05,40,aircraft_pl,hiresnet50.in1k_supcon,False,,,,adamw,0.05,0.001,,0,200,448,8,6664,3333,50,-1,hiresnet50.in1k_supcon,86.4686,,,0.9299,86.46864686468646,100.0,,,0.0007,59.0379,4.2578,16.3943,24.7988,24.7988,
hgpn05,40,aircraft_pl,hiresnet50.in1k_supcon,False,,,,adamw,0.05,0.001,,0,200,448,8,6664,3333,70,-1,hiresnet50.in1k_supcon,88.1188,,,0.8544,88.11881188118812,100.0,,,0.0003,60.799,4.2578,16.3943,24.8108,24.8108,
hgpn05,40,aircraft_pl,hiresnet50.in1k_supcon,False,,,,sgd,0.0,0.003,,0,200,448,8,6664,3333,25,-1,hiresnet50.in1k_supcon,92.8293,,,0.3705,92.82928292829284,100.0,,,0.0008,56.0723,4.2578,16.3943,24.7838,24.7838,
hgpn05,40,aircraft_pl,hiresnet50.in1k_supcon,False,,,,sgd,0.0,0.003,,0,200,448,8,6664,3333,50,-1,hiresnet50.in1k_supcon,92.0192,,,0.3807,92.01920192019202,100.0,,,0.0004,55.736,4.2578,16.3943,24.7988,24.7988,
hgpn05,40,aircraft_pl,hiresnet50.in1k_supcon,False,,,,sgd,0.0,0.003,,0,200,448,8,6664,3333,70,-1,hiresnet50.in1k_supcon,91.8992,,,0.3898,91.8991899189919,100.0,,,0.0004,56.5927,4.2578,16.3943,24.8108,24.8108,
hgpn05,40,aircraft_pl,hiresnet50.in1k_supcon,False,,,,sgd,0.0,0.01,,0,200,448,8,6664,3333,25,-1,hiresnet50.in1k_supcon,93.2193,,,0.3652,93.21932193219322,100.0,,,0.0002,55.3357,4.2578,16.3943,24.7838,24.7838,
hgpn05,40,aircraft_pl,hiresnet50.in1k_supcon,False,,,,sgd,0.0,0.01,,0,200,448,8,6664,3333,50,-1,hiresnet50.in1k_supcon,93.3393,,,0.3831,93.33933393339332,100.0,,,0.0001,55.3315,4.2578,16.3943,24.7988,24.7988,
hgpn05,40,aircraft_pl,hiresnet50.in1k_supcon,False,,,,sgd,0.0,0.01,,0,200,448,8,6664,3333,70,-1,hiresnet50.in1k_supcon,93.4893,,,0.3633,93.48934893489348,100.0,,,0.0001,57.149,4.2578,16.3943,24.8108,24.8108,
hgpn05,40,aircraft_pl,hiresnet50.in1k_supcon,False,,,,sgd,0.0,0.03,,0,200,448,8,6664,3333,25,-1,hiresnet50.in1k_supcon,93.2493,,,0.4741,93.24932493249324,100.0,,,0.0001,56.5979,4.2578,16.3943,24.7838,24.7838,
hgpn05,40,aircraft_pl,hiresnet50.in1k_supcon,False,,,,sgd,0.0,0.03,,0,200,448,8,6664,3333,50,-1,hiresnet50.in1k_supcon,93.0393,,,0.4902,93.03930393039305,100.0,,,0.0,55.7041,4.2578,16.3943,24.7988,24.7988,
hgpn05,40,aircraft_pl,hiresnet50.in1k_supcon,False,,,,sgd,0.0,0.03,,0,200,448,8,6664,3333,70,-1,hiresnet50.in1k_supcon,93.3393,,,0.4471,93.33933393339332,100.0,,,0.0,57.0312,4.2578,16.3943,24.8108,24.8108,
hgpn05,40,aircraft_pl,hiresnet50.in1k_supcon,False,,,,sgd,0.0,0.1,,0,200,448,8,6664,3333,25,-1,hiresnet50.in1k_supcon,90.6391,,,0.9852,90.63906390639065,99.985,,,0.0059,58.1889,4.2578,16.3943,24.7838,24.7838,
hgpn05,40,aircraft_pl,hiresnet50.in1k_supcon,False,,,,sgd,0.0,0.1,,0,200,448,8,6664,3333,50,-1,hiresnet50.in1k_supcon,90.489,,,0.9303,90.4890489048905,100.0,,,0.0029,56.2574,4.2578,16.3943,24.7988,24.7988,
hgpn05,40,aircraft_pl,hiresnet50.in1k_supcon,False,,,,sgd,0.0,0.1,,0,200,448,8,6664,3333,70,-1,hiresnet50.in1k_supcon,90.399,,,0.9359,90.3990399039904,100.0,,,0.0011,56.8799,4.2578,16.3943,24.8108,24.8108,
hgpn19,40,aircraft_pl,hiresnet50.in1k_swav,False,,,,adamw,0.05,5e-06,,0,200,448,8,6664,3333,25,-1,hiresnet50.in1k_swav,89.919,,,0.5096,89.91899189918992,99.985,,,0.0021,61.7319,4.2578,16.3943,24.7838,24.7838,
hgpn19,40,aircraft_pl,hiresnet50.in1k_swav,False,,,,adamw,0.05,5e-06,,0,200,448,8,6664,3333,50,-1,hiresnet50.in1k_swav,89.0489,,,0.5551,89.04890489048906,99.97,,,0.0031,60.9336,4.2578,16.3943,24.7988,24.7988,
hgpn19,40,aircraft_pl,hiresnet50.in1k_swav,False,,,,adamw,0.05,5e-06,,0,200,448,8,6664,3333,70,-1,hiresnet50.in1k_swav,90.099,,,0.5032,90.0990099009901,100.0,,,0.0004,60.3049,4.2578,16.3943,24.8108,24.8108,
hgpn19,40,aircraft_pl,hiresnet50.in1k_swav,False,,,,adamw,0.05,1e-05,,0,200,448,8,6664,3333,25,-1,hiresnet50.in1k_swav,90.009,,,0.5477,90.00900090009002,100.0,,,0.0015,63.3253,4.2578,16.3943,24.7838,24.7838,
hgpn19,40,aircraft_pl,hiresnet50.in1k_swav,False,,,,adamw,0.05,1e-05,,0,200,448,8,6664,3333,50,-1,hiresnet50.in1k_swav,90.369,,,0.5082,90.36903690369036,100.0,,,0.0005,61.9163,4.2578,16.3943,24.7988,24.7988,
hgpn19,40,aircraft_pl,hiresnet50.in1k_swav,False,,,,adamw,0.05,1e-05,,0,200,448,8,6664,3333,70,-1,hiresnet50.in1k_swav,90.5491,,,0.5012,90.54905490549056,100.0,,,0.0005,60.4569,4.2578,16.3943,24.8108,24.8108,
hgpn19,40,aircraft_pl,hiresnet50.in1k_swav,False,,,,adamw,0.05,5e-05,,0,200,448,8,6664,3333,25,-1,hiresnet50.in1k_swav,92.1692,,,0.5043,92.16921692169215,100.0,,,0.0002,63.5196,4.2578,16.3943,24.7838,24.7838,
hgpn19,40,aircraft_pl,hiresnet50.in1k_swav,False,,,,adamw,0.05,5e-05,,0,200,448,8,6664,3333,50,-1,hiresnet50.in1k_swav,91.6892,,,0.515,91.68916891689167,100.0,,,0.0004,61.2951,4.2578,16.3943,24.7988,24.7988,
hgpn19,40,aircraft_pl,hiresnet50.in1k_swav,False,,,,adamw,0.05,5e-05,,0,200,448,8,6664,3333,70,-1,hiresnet50.in1k_swav,92.3492,,,0.5127,92.34923492349236,100.0,,,0.0,60.4722,4.2578,16.3943,24.8108,24.8108,
hgpn19,40,aircraft_pl,hiresnet50.in1k_swav,False,,,,adamw,0.05,0.0001,,0,200,448,8,6664,3333,25,-1,hiresnet50.in1k_swav,92.5893,,,0.5316,92.5892589258926,100.0,,,0.0002,63.9613,4.2578,16.3943,24.7838,24.7838,
hgpn19,40,aircraft_pl,hiresnet50.in1k_swav,False,,,,adamw,0.05,0.0001,,0,200,448,8,6664,3333,50,-1,hiresnet50.in1k_swav,92.7693,,,0.499,92.76927692769276,100.0,,,0.0,61.2353,4.2578,16.3943,24.7988,24.7988,
hgpn19,40,aircraft_pl,hiresnet50.in1k_swav,False,,,,adamw,0.05,0.0001,,0,200,448,8,6664,3333,70,-1,hiresnet50.in1k_swav,93.0693,,,0.4993,93.06930693069307,100.0,,,0.0001,60.6016,4.2578,16.3943,24.8108,24.8108,
hgpn19,40,aircraft_pl,hiresnet50.in1k_swav,False,,,,adamw,0.05,0.0005,,0,200,448,8,6664,3333,25,-1,hiresnet50.in1k_swav,92.9493,,,0.5591,92.94929492949296,100.0,,,0.0009,63.2789,4.2578,16.3943,24.7838,24.7838,
hgpn19,40,aircraft_pl,hiresnet50.in1k_swav,False,,,,adamw,0.05,0.0005,,0,200,448,8,6664,3333,50,-1,hiresnet50.in1k_swav,92.4392,,,0.5653,92.43924392439244,100.0,,,0.0001,61.9985,4.2578,16.3943,24.7988,24.7988,
hgpn19,40,aircraft_pl,hiresnet50.in1k_swav,False,,,,adamw,0.05,0.0005,,0,200,448,8,6664,3333,70,-1,hiresnet50.in1k_swav,92.4692,,,0.5539,92.46924692469248,100.0,,,0.0,60.1891,4.2578,16.3943,24.8108,24.8108,
hgpn19,40,aircraft_pl,hiresnet50.in1k_swav,False,,,,adamw,0.05,0.001,,0,200,448,8,6664,3333,25,-1,hiresnet50.in1k_swav,91.5692,,,0.6316,91.56915691569156,100.0,,,0.0002,64.2138,4.2578,16.3943,24.7838,24.7838,
hgpn19,40,aircraft_pl,hiresnet50.in1k_swav,False,,,,adamw,0.05,0.001,,0,200,448,8,6664,3333,50,-1,hiresnet50.in1k_swav,91.2991,,,0.6414,91.2991299129913,100.0,,,0.0002,62.2031,4.2578,16.3943,24.7988,24.7988,
hgpn19,40,aircraft_pl,hiresnet50.in1k_swav,False,,,,adamw,0.05,0.001,,0,200,448,8,6664,3333,70,-1,hiresnet50.in1k_swav,91.2391,,,0.6389,91.23912391239124,99.985,,,0.0004,60.1918,4.2578,16.3943,24.8108,24.8108,
hgpn19,40,aircraft_pl,hiresnet50.in1k_swav,False,,,,sgd,0.0,0.003,,0,200,448,8,6664,3333,25,-1,hiresnet50.in1k_swav,88.1788,,,0.4996,88.17881788178818,100.0,,,0.0101,59.9329,4.2578,16.3943,24.7838,24.7838,
hgpn19,40,aircraft_pl,hiresnet50.in1k_swav,False,,,,sgd,0.0,0.003,,0,200,448,8,6664,3333,50,-1,hiresnet50.in1k_swav,88.3588,,,0.494,88.35883588358836,100.0,,,0.0029,58.7654,4.2578,16.3943,24.7988,24.7988,
hgpn19,40,aircraft_pl,hiresnet50.in1k_swav,False,,,,sgd,0.0,0.003,,0,200,448,8,6664,3333,70,-1,hiresnet50.in1k_swav,88.6289,,,0.4845,88.62886288628863,100.0,,,0.0022,56.3714,4.2578,16.3943,24.8108,24.8108,
hgpn19,40,aircraft_pl,hiresnet50.in1k_swav,False,,,,sgd,0.0,0.01,,0,200,448,8,6664,3333,25,-1,hiresnet50.in1k_swav,89.4089,,,0.514,89.40894089408941,100.0,,,0.0018,58.7742,4.2578,16.3943,24.7838,24.7838,
hgpn19,40,aircraft_pl,hiresnet50.in1k_swav,False,,,,sgd,0.0,0.01,,0,200,448,8,6664,3333,50,-1,hiresnet50.in1k_swav,89.4389,,,0.5107,89.43894389438944,100.0,,,0.0008,58.585,4.2578,16.3943,24.7988,24.7988,
hgpn19,40,aircraft_pl,hiresnet50.in1k_swav,False,,,,sgd,0.0,0.01,,0,200,448,8,6664,3333,70,-1,hiresnet50.in1k_swav,89.679,,,0.5008,89.67896789678967,100.0,,,0.0003,56.0254,4.2578,16.3943,24.8108,24.8108,
hgpn19,40,aircraft_pl,hiresnet50.in1k_swav,False,,,,sgd,0.0,0.03,,0,200,448,8,6664,3333,25,-1,hiresnet50.in1k_swav,91.0591,,,0.5486,91.05910591059106,100.0,,,0.0003,57.2514,4.2578,16.3943,24.7838,24.7838,
hgpn19,40,aircraft_pl,hiresnet50.in1k_swav,False,,,,sgd,0.0,0.03,,0,200,448,8,6664,3333,50,-1,hiresnet50.in1k_swav,91.4191,,,0.5216,91.4191419141914,100.0,,,0.0009,57.5004,4.2578,16.3943,24.7988,24.7988,
hgpn19,40,aircraft_pl,hiresnet50.in1k_swav,False,,,,sgd,0.0,0.03,,0,200,448,8,6664,3333,70,-1,hiresnet50.in1k_swav,91.3291,,,0.5318,91.32913291329132,100.0,,,0.0001,58.0333,4.2578,16.3943,24.8108,24.8108,
hgpn19,40,aircraft_pl,hiresnet50.in1k_swav,False,,,,sgd,0.0,0.1,,0,200,448,8,6664,3333,25,-1,hiresnet50.in1k_swav,92.0192,,,0.725,92.01920192019202,100.0,,,0.0004,56.6853,4.2578,16.3943,24.7838,24.7838,
hgpn19,40,aircraft_pl,hiresnet50.in1k_swav,False,,,,sgd,0.0,0.1,,0,200,448,8,6664,3333,50,-1,hiresnet50.in1k_swav,92.3492,,,0.7243,92.34923492349236,100.0,,,0.0,57.7539,4.2578,16.3943,24.7988,24.7988,
hgpn19,40,aircraft_pl,hiresnet50.in1k_swav,False,,,,sgd,0.0,0.1,,0,200,448,8,6664,3333,70,-1,hiresnet50.in1k_swav,92.5593,,,0.7171,92.55925592559257,100.0,,,0.0001,58.3171,4.2578,16.3943,24.8108,24.8108,
hgpn06,40,aircraft_pl,hiresnet50.in21k_miil,False,,,,adamw,0.05,5e-06,,0,200,448,8,6664,3333,25,-1,hiresnet50.in21k_miil,89.2289,,,0.5979,89.22892289228923,99.985,,,0.0037,58.5594,4.2578,16.3943,24.7838,24.7838,
hgpn06,40,aircraft_pl,hiresnet50.in21k_miil,False,,,,adamw,0.05,5e-06,,0,200,448,8,6664,3333,50,-1,hiresnet50.in21k_miil,90.369,,,0.5539,90.36903690369036,99.985,,,0.0007,58.1245,4.2578,16.3943,24.7988,24.7988,
hgpn06,40,aircraft_pl,hiresnet50.in21k_miil,False,,,,adamw,0.05,5e-06,,0,200,448,8,6664,3333,70,-1,hiresnet50.in21k_miil,90.219,,,0.5668,90.21902190219022,99.97,,,0.0012,58.3651,4.2578,16.3943,24.8108,24.8108,
hgpn06,40,aircraft_pl,hiresnet50.in21k_miil,False,,,,adamw,0.05,1e-05,,0,200,448,8,6664,3333,25,-1,hiresnet50.in21k_miil,90.219,,,0.5909,90.21902190219022,100.0,,,0.001,57.8274,4.2578,16.3943,24.7838,24.7838,
hgpn06,40,aircraft_pl,hiresnet50.in21k_miil,False,,,,adamw,0.05,1e-05,,0,200,448,8,6664,3333,50,-1,hiresnet50.in21k_miil,90.6391,,,0.5723,90.63906390639065,100.0,,,0.0003,58.1495,4.2578,16.3943,24.7988,24.7988,
hgpn06,40,aircraft_pl,hiresnet50.in21k_miil,False,,,,adamw,0.05,1e-05,,0,200,448,8,6664,3333,70,-1,hiresnet50.in21k_miil,89.769,,,0.6221,89.76897689768977,99.97,,,0.0017,58.9564,4.2578,16.3943,24.8108,24.8108,
hgpn06,40,aircraft_pl,hiresnet50.in21k_miil,False,,,,adamw,0.05,5e-05,,0,200,448,8,6664,3333,25,-1,hiresnet50.in21k_miil,91.6592,,,0.6163,91.65916591659166,100.0,,,0.0003,57.9202,4.2578,16.3943,24.7838,24.7838,
hgpn06,40,aircraft_pl,hiresnet50.in21k_miil,False,,,,adamw,0.05,5e-05,,0,200,448,8,6664,3333,50,-1,hiresnet50.in21k_miil,91.8392,,,0.5928,91.83918391839184,100.0,,,0.0001,58.4198,4.2578,16.3943,24.7988,24.7988,
hgpn06,40,aircraft_pl,hiresnet50.in21k_miil,False,,,,adamw,0.05,5e-05,,0,200,448,8,6664,3333,70,-1,hiresnet50.in21k_miil,91.8992,,,0.5706,91.8991899189919,100.0,,,0.0,57.9376,4.2578,16.3943,24.8108,24.8108,
hgpn06,40,aircraft_pl,hiresnet50.in21k_miil,False,,,,adamw,0.05,0.0001,,0,200,448,8,6664,3333,25,-1,hiresnet50.in21k_miil,92.1092,,,0.6298,92.10921092109211,99.985,,,0.0017,58.0425,4.2578,16.3943,24.7838,24.7838,
hgpn06,40,aircraft_pl,hiresnet50.in21k_miil,False,,,,adamw,0.05,0.0001,,0,200,448,8,6664,3333,50,-1,hiresnet50.in21k_miil,92.5293,,,0.5867,92.52925292529252,100.0,,,0.0,58.2161,4.2578,16.3943,24.7988,24.7988,
hgpn06,40,aircraft_pl,hiresnet50.in21k_miil,False,,,,adamw,0.05,0.0001,,0,200,448,8,6664,3333,70,-1,hiresnet50.in21k_miil,92.6793,,,0.5985,92.67926792679268,100.0,,,0.0,58.7068,4.2578,16.3943,24.8108,24.8108,
hgpn06,40,aircraft_pl,hiresnet50.in21k_miil,False,,,,adamw,0.05,0.0005,,0,200,448,8,6664,3333,25,-1,hiresnet50.in21k_miil,92.1392,,,0.6014,92.13921392139214,100.0,,,0.0001,58.7302,4.2578,16.3943,24.7838,24.7838,
hgpn06,40,aircraft_pl,hiresnet50.in21k_miil,False,,,,adamw,0.05,0.0005,,0,200,448,8,6664,3333,50,-1,hiresnet50.in21k_miil,92.3192,,,0.6133,92.31923192319232,100.0,,,0.0004,57.9792,4.2578,16.3943,24.7988,24.7988,
hgpn06,40,aircraft_pl,hiresnet50.in21k_miil,False,,,,adamw,0.05,0.0005,,0,200,448,8,6664,3333,70,-1,hiresnet50.in21k_miil,92.1992,,,0.6013,92.1992199219922,100.0,,,0.0001,58.4067,4.2578,16.3943,24.8108,24.8108,
hgpn06,40,aircraft_pl,hiresnet50.in21k_miil,False,,,,adamw,0.05,0.001,,0,200,448,8,6664,3333,25,-1,hiresnet50.in21k_miil,91.2991,,,0.6497,91.2991299129913,100.0,,,0.0003,58.15,4.2578,16.3943,24.7838,24.7838,
hgpn06,40,aircraft_pl,hiresnet50.in21k_miil,False,,,,adamw,0.05,0.001,,0,200,448,8,6664,3333,50,-1,hiresnet50.in21k_miil,91.1791,,,0.6434,91.17911791179118,100.0,,,0.0002,58.5054,4.2578,16.3943,24.7988,24.7988,
hgpn06,40,aircraft_pl,hiresnet50.in21k_miil,False,,,,adamw,0.05,0.001,,0,200,448,8,6664,3333,70,-1,hiresnet50.in21k_miil,91.3291,,,0.6141,91.32913291329132,100.0,,,0.0002,58.2494,4.2578,16.3943,24.8108,24.8108,
hgpn06,40,aircraft_pl,hiresnet50.in21k_miil,False,,,,sgd,0.0,0.003,,0,200,448,8,6664,3333,25,-1,hiresnet50.in21k_miil,88.5089,,,0.478,88.5088508850885,100.0,,,0.0072,54.7149,4.2578,16.3943,24.7838,24.7838,
hgpn06,40,aircraft_pl,hiresnet50.in21k_miil,False,,,,sgd,0.0,0.003,,0,200,448,8,6664,3333,50,-1,hiresnet50.in21k_miil,88.3888,,,0.4996,88.38883888388838,100.0,,,0.0043,54.9756,4.2578,16.3943,24.7988,24.7988,
hgpn06,40,aircraft_pl,hiresnet50.in21k_miil,False,,,,sgd,0.0,0.003,,0,200,448,8,6664,3333,70,-1,hiresnet50.in21k_miil,88.8689,,,0.4892,88.86888688868886,100.0,,,0.0036,55.2539,4.2578,16.3943,24.8108,24.8108,
hgpn06,40,aircraft_pl,hiresnet50.in21k_miil,False,,,,sgd,0.0,0.01,,0,200,448,8,6664,3333,25,-1,hiresnet50.in21k_miil,89.829,,,0.5059,89.82898289828982,100.0,,,0.0012,55.2065,4.2578,16.3943,24.7838,24.7838,
hgpn06,40,aircraft_pl,hiresnet50.in21k_miil,False,,,,sgd,0.0,0.01,,0,200,448,8,6664,3333,50,-1,hiresnet50.in21k_miil,90.309,,,0.5074,90.3090309030903,100.0,,,0.0011,54.7732,4.2578,16.3943,24.7988,24.7988,
hgpn06,40,aircraft_pl,hiresnet50.in21k_miil,False,,,,sgd,0.0,0.01,,0,200,448,8,6664,3333,70,-1,hiresnet50.in21k_miil,90.219,,,0.5114,90.21902190219022,100.0,,,0.0006,54.8857,4.2578,16.3943,24.8108,24.8108,
hgpn06,40,aircraft_pl,hiresnet50.in21k_miil,False,,,,sgd,0.0,0.03,,0,200,448,8,6664,3333,25,-1,hiresnet50.in21k_miil,91.2991,,,0.5746,91.2991299129913,100.0,,,0.0002,54.969,4.2578,16.3943,24.7838,24.7838,
hgpn06,40,aircraft_pl,hiresnet50.in21k_miil,False,,,,sgd,0.0,0.03,,0,200,448,8,6664,3333,50,-1,hiresnet50.in21k_miil,91.9292,,,0.5337,91.92919291929194,100.0,,,0.0005,55.714,4.2578,16.3943,24.7988,24.7988,
hgpn06,40,aircraft_pl,hiresnet50.in21k_miil,False,,,,sgd,0.0,0.03,,0,200,448,8,6664,3333,70,-1,hiresnet50.in21k_miil,91.3891,,,0.5592,91.3891389138914,100.0,,,0.0002,55.2254,4.2578,16.3943,24.8108,24.8108,
hgpn06,40,aircraft_pl,hiresnet50.in21k_miil,False,,,,sgd,0.0,0.1,,0,200,448,8,6664,3333,25,-1,hiresnet50.in21k_miil,91.8692,,,0.7667,91.86918691869188,99.985,,,0.0012,54.5277,4.2578,16.3943,24.7838,24.7838,
hgpn06,40,aircraft_pl,hiresnet50.in21k_miil,False,,,,sgd,0.0,0.1,,0,200,448,8,6664,3333,50,-1,hiresnet50.in21k_miil,92.0192,,,0.7355,92.01920192019202,99.985,,,0.0004,54.1201,4.2578,16.3943,24.7988,24.7988,
hgpn06,40,aircraft_pl,hiresnet50.in21k_miil,False,,,,sgd,0.0,0.1,,0,200,448,8,6664,3333,70,-1,hiresnet50.in21k_miil,92.4392,,,0.7427,92.43924392439244,99.985,,,0.002,55.1509,4.2578,16.3943,24.8108,24.8108,
hgpn19,40,aircraft_pl,hiresnet50.tv2_in1k,False,,,,adamw,0.05,5e-06,,0,200,448,8,6664,3333,25,-1,hiresnet50.tv2_in1k,89.949,,,0.6263,89.94899489948995,99.97,,,0.0035,61.9241,4.2578,16.3943,24.7838,24.7838,
hgpn19,40,aircraft_pl,hiresnet50.tv2_in1k,False,,,,adamw,0.05,5e-06,,0,200,448,8,6664,3333,50,-1,hiresnet50.tv2_in1k,90.069,,,0.6671,90.06900690069007,99.97,,,0.0016,60.9337,4.2578,16.3943,24.7988,24.7988,
hgpn19,40,aircraft_pl,hiresnet50.tv2_in1k,False,,,,adamw,0.05,5e-06,,0,200,448,8,6664,3333,70,-1,hiresnet50.tv2_in1k,89.4389,,,0.7272,89.43894389438944,99.94,,,0.0034,61.7832,4.2578,16.3943,24.8108,24.8108,
hgpn19,40,aircraft_pl,hiresnet50.tv2_in1k,False,,,,adamw,0.05,1e-05,,0,200,448,8,6664,3333,25,-1,hiresnet50.tv2_in1k,90.399,,,0.6806,90.3990399039904,99.97,,,0.0035,62.0704,4.2578,16.3943,24.7838,24.7838,
hgpn19,40,aircraft_pl,hiresnet50.tv2_in1k,False,,,,adamw,0.05,1e-05,,0,200,448,8,6664,3333,50,-1,hiresnet50.tv2_in1k,90.339,,,0.6985,90.33903390339034,99.955,,,0.0038,61.1694,4.2578,16.3943,24.7988,24.7988,
hgpn19,40,aircraft_pl,hiresnet50.tv2_in1k,False,,,,adamw,0.05,1e-05,,0,200,448,8,6664,3333,70,-1,hiresnet50.tv2_in1k,90.6091,,,0.7136,90.6090609060906,99.985,,,0.001,62.0526,4.2578,16.3943,24.8108,24.8108,
hgpn19,40,aircraft_pl,hiresnet50.tv2_in1k,False,,,,adamw,0.05,5e-05,,0,200,448,8,6664,3333,25,-1,hiresnet50.tv2_in1k,91.9892,,,0.646,91.989198919892,99.985,,,0.0008,61.8545,4.2578,16.3943,24.7838,24.7838,
hgpn19,40,aircraft_pl,hiresnet50.tv2_in1k,False,,,,adamw,0.05,5e-05,,0,200,448,8,6664,3333,50,-1,hiresnet50.tv2_in1k,91.2991,,,0.6345,91.2991299129913,100.0,,,0.0003,61.2002,4.2578,16.3943,24.7988,24.7988,
hgpn19,40,aircraft_pl,hiresnet50.tv2_in1k,False,,,,adamw,0.05,5e-05,,0,200,448,8,6664,3333,70,-1,hiresnet50.tv2_in1k,92.1692,,,0.6237,92.16921692169215,100.0,,,0.0001,62.8185,4.2578,16.3943,24.8108,24.8108,
hgpn19,40,aircraft_pl,hiresnet50.tv2_in1k,False,,,,adamw,0.05,0.0001,,0,200,448,8,6664,3333,25,-1,hiresnet50.tv2_in1k,92.6193,,,0.5937,92.61926192619262,100.0,,,0.0,61.9645,4.2578,16.3943,24.7838,24.7838,
hgpn19,40,aircraft_pl,hiresnet50.tv2_in1k,False,,,,adamw,0.05,0.0001,,0,200,448,8,6664,3333,50,-1,hiresnet50.tv2_in1k,92.1392,,,0.6469,92.13921392139214,100.0,,,0.0,61.5833,4.2578,16.3943,24.7988,24.7988,
hgpn19,40,aircraft_pl,hiresnet50.tv2_in1k,False,,,,adamw,0.05,0.0001,,0,200,448,8,6664,3333,70,-1,hiresnet50.tv2_in1k,92.6193,,,0.6001,92.61926192619262,100.0,,,0.0001,62.3882,4.2578,16.3943,24.8108,24.8108,
hgpn19,40,aircraft_pl,hiresnet50.tv2_in1k,False,,,,adamw,0.05,0.0005,,0,200,448,8,6664,3333,25,-1,hiresnet50.tv2_in1k,92.4992,,,0.6233,92.4992499249925,100.0,,,0.0002,61.9969,4.2578,16.3943,24.7838,24.7838,
hgpn19,40,aircraft_pl,hiresnet50.tv2_in1k,False,,,,adamw,0.05,0.0005,,0,200,448,8,6664,3333,50,-1,hiresnet50.tv2_in1k,91.9892,,,0.6159,91.989198919892,100.0,,,0.0001,61.7832,4.2578,16.3943,24.7988,24.7988,
hgpn19,40,aircraft_pl,hiresnet50.tv2_in1k,False,,,,adamw,0.05,0.0005,,0,200,448,8,6664,3333,70,-1,hiresnet50.tv2_in1k,91.8092,,,0.625,91.8091809180918,100.0,,,0.0003,62.3678,4.2578,16.3943,24.8108,24.8108,
hgpn19,40,aircraft_pl,hiresnet50.tv2_in1k,False,,,,adamw,0.05,0.001,,0,200,448,8,6664,3333,25,-1,hiresnet50.tv2_in1k,90.7591,,,0.6797,90.75907590759076,100.0,,,0.0003,61.8947,4.2578,16.3943,24.7838,24.7838,
hgpn19,40,aircraft_pl,hiresnet50.tv2_in1k,False,,,,adamw,0.05,0.001,,0,200,448,8,6664,3333,50,-1,hiresnet50.tv2_in1k,91.2991,,,0.6594,91.2991299129913,100.0,,,0.0003,61.8074,4.2578,16.3943,24.7988,24.7988,
hgpn19,40,aircraft_pl,hiresnet50.tv2_in1k,False,,,,adamw,0.05,0.001,,0,200,448,8,6664,3333,70,-1,hiresnet50.tv2_in1k,90.7891,,,0.6735,90.78907890789078,100.0,,,0.0004,62.5877,4.2578,16.3943,24.8108,24.8108,
hgpn19,40,aircraft_pl,hiresnet50.tv2_in1k,False,,,,sgd,0.0,0.003,,0,200,448,8,6664,3333,25,-1,hiresnet50.tv2_in1k,91.0591,,,0.4337,91.05910591059106,100.0,,,0.0014,58.209,4.2578,16.3943,24.7838,24.7838,
hgpn19,40,aircraft_pl,hiresnet50.tv2_in1k,False,,,,sgd,0.0,0.003,,0,200,448,8,6664,3333,50,-1,hiresnet50.tv2_in1k,90.9091,,,0.4548,90.9090909090909,100.0,,,0.0008,58.029,4.2578,16.3943,24.7988,24.7988,
hgpn19,40,aircraft_pl,hiresnet50.tv2_in1k,False,,,,sgd,0.0,0.003,,0,200,448,8,6664,3333,70,-1,hiresnet50.tv2_in1k,91.4791,,,0.4312,91.47914791479148,99.985,,,0.0013,59.4281,4.2578,16.3943,24.8108,24.8108,
hgpn19,40,aircraft_pl,hiresnet50.tv2_in1k,False,,,,sgd,0.0,0.01,,0,200,448,8,6664,3333,25,-1,hiresnet50.tv2_in1k,92.2592,,,0.4255,92.25922592259226,100.0,,,0.0005,57.5494,4.2578,16.3943,24.7838,24.7838,
hgpn19,40,aircraft_pl,hiresnet50.tv2_in1k,False,,,,sgd,0.0,0.01,,0,200,448,8,6664,3333,50,-1,hiresnet50.tv2_in1k,92.5293,,,0.4299,92.52925292529252,100.0,,,0.0001,57.768,4.2578,16.3943,24.7988,24.7988,
hgpn19,40,aircraft_pl,hiresnet50.tv2_in1k,False,,,,sgd,0.0,0.01,,0,200,448,8,6664,3333,70,-1,hiresnet50.tv2_in1k,91.9592,,,0.4506,91.95919591959196,100.0,,,0.0001,59.6047,4.2578,16.3943,24.8108,24.8108,
hgpn19,40,aircraft_pl,hiresnet50.tv2_in1k,False,,,,sgd,0.0,0.03,,0,200,448,8,6664,3333,25,-1,hiresnet50.tv2_in1k,92.4092,,,0.4886,92.40924092409242,100.0,,,0.0001,56.2716,4.2578,16.3943,24.7838,24.7838,
hgpn19,40,aircraft_pl,hiresnet50.tv2_in1k,False,,,,sgd,0.0,0.03,,0,200,448,8,6664,3333,50,-1,hiresnet50.tv2_in1k,92.8293,,,0.4664,92.82928292829284,100.0,,,0.0,57.7407,4.2578,16.3943,24.7988,24.7988,
hgpn19,40,aircraft_pl,hiresnet50.tv2_in1k,False,,,,sgd,0.0,0.03,,0,200,448,8,6664,3333,70,-1,hiresnet50.tv2_in1k,93.0093,,,0.4413,93.009300930093,100.0,,,0.0,58.6725,4.2578,16.3943,24.8108,24.8108,
hgpn19,40,aircraft_pl,hiresnet50.tv2_in1k,False,,,,sgd,0.0,0.1,,0,200,448,8,6664,3333,25,-1,hiresnet50.tv2_in1k,92.1692,,,0.7928,92.16921692169215,100.0,,,0.0001,56.1001,4.2578,16.3943,24.7838,24.7838,
hgpn19,40,aircraft_pl,hiresnet50.tv2_in1k,False,,,,sgd,0.0,0.1,,0,200,448,8,6664,3333,50,-1,hiresnet50.tv2_in1k,91.9592,,,0.7703,91.95919591959196,100.0,,,0.0003,57.6926,4.2578,16.3943,24.7988,24.7988,
hgpn19,40,aircraft_pl,hiresnet50.tv2_in1k,False,,,,sgd,0.0,0.1,,0,200,448,8,6664,3333,70,-1,hiresnet50.tv2_in1k,91.8392,,,0.8359,91.83918391839184,100.0,,,0.0014,58.9832,4.2578,16.3943,24.8108,24.8108,
hgpn04,40,aircraft_pl,hiresnet50.tv_in1k,False,,,,adamw,0.05,5e-06,,0,200,448,8,6664,3333,25,-1,hiresnet50.tv_in1k,90.6691,,,0.6243,90.66906690669067,99.925,,,0.0064,59.7455,4.2578,16.3943,24.7838,24.7838,
hgpn04,40,aircraft_pl,hiresnet50.tv_in1k,False,,,,adamw,0.05,5e-06,,0,200,448,8,6664,3333,50,-1,hiresnet50.tv_in1k,90.489,,,0.658,90.4890489048905,99.91,,,0.0034,62.9684,4.2578,16.3943,24.7988,24.7988,
hgpn04,40,aircraft_pl,hiresnet50.tv_in1k,False,,,,adamw,0.05,5e-06,,0,200,448,8,6664,3333,70,-1,hiresnet50.tv_in1k,90.7891,,,0.5958,90.78907890789078,99.955,,,0.0032,63.0626,4.2578,16.3943,24.8108,24.8108,
hgpn04,40,aircraft_pl,hiresnet50.tv_in1k,False,,,,adamw,0.05,1e-05,,0,200,448,8,6664,3333,25,-1,hiresnet50.tv_in1k,90.5791,,,0.6617,90.57905790579058,99.955,,,0.0025,59.3841,4.2578,16.3943,24.7838,24.7838,
hgpn04,40,aircraft_pl,hiresnet50.tv_in1k,False,,,,adamw,0.05,1e-05,,0,200,448,8,6664,3333,50,-1,hiresnet50.tv_in1k,90.459,,,0.6667,90.45904590459044,99.925,,,0.0035,62.6611,4.2578,16.3943,24.7988,24.7988,
hgpn04,40,aircraft_pl,hiresnet50.tv_in1k,False,,,,adamw,0.05,1e-05,,0,200,448,8,6664,3333,70,-1,hiresnet50.tv_in1k,90.6391,,,0.6298,90.63906390639065,100.0,,,0.001,62.7446,4.2578,16.3943,24.8108,24.8108,
hgpn04,40,aircraft_pl,hiresnet50.tv_in1k,False,,,,adamw,0.05,5e-05,,0,200,448,8,6664,3333,25,-1,hiresnet50.tv_in1k,92.2292,,,0.6266,92.22922292229222,100.0,,,0.0,60.3113,4.2578,16.3943,24.7838,24.7838,
hgpn04,40,aircraft_pl,hiresnet50.tv_in1k,False,,,,adamw,0.05,5e-05,,0,200,448,8,6664,3333,50,-1,hiresnet50.tv_in1k,92.3792,,,0.6103,92.37923792379236,100.0,,,0.0001,62.59,4.2578,16.3943,24.7988,24.7988,
hgpn04,40,aircraft_pl,hiresnet50.tv_in1k,False,,,,adamw,0.05,5e-05,,0,200,448,8,6664,3333,70,-1,hiresnet50.tv_in1k,92.1092,,,0.6253,92.10921092109211,100.0,,,0.0001,62.4447,4.2578,16.3943,24.8108,24.8108,
hgpn04,40,aircraft_pl,hiresnet50.tv_in1k,False,,,,adamw,0.05,0.0001,,0,200,448,8,6664,3333,25,-1,hiresnet50.tv_in1k,91.7192,,,0.6861,91.71917191719172,100.0,,,0.0002,60.1923,4.2578,16.3943,24.7838,24.7838,
hgpn04,40,aircraft_pl,hiresnet50.tv_in1k,False,,,,adamw,0.05,0.0001,,0,200,448,8,6664,3333,50,-1,hiresnet50.tv_in1k,92.3792,,,0.6133,92.37923792379236,100.0,,,0.0001,61.9708,4.2578,16.3943,24.7988,24.7988,
hgpn04,40,aircraft_pl,hiresnet50.tv_in1k,False,,,,adamw,0.05,0.0001,,0,200,448,8,6664,3333,70,-1,hiresnet50.tv_in1k,92.5593,,,0.6084,92.55925592559257,100.0,,,0.0,61.9969,4.2578,16.3943,24.8108,24.8108,
hgpn04,40,aircraft_pl,hiresnet50.tv_in1k,False,,,,adamw,0.05,0.0005,,0,200,448,8,6664,3333,25,-1,hiresnet50.tv_in1k,90.7891,,,0.7076,90.78907890789078,99.985,,,0.0002,60.7286,4.2578,16.3943,24.7838,24.7838,
hgpn04,40,aircraft_pl,hiresnet50.tv_in1k,False,,,,adamw,0.05,0.0005,,0,200,448,8,6664,3333,50,-1,hiresnet50.tv_in1k,90.8191,,,0.6888,90.81908190819082,100.0,,,0.0005,59.2081,4.2578,16.3943,24.7988,24.7988,
hgpn04,40,aircraft_pl,hiresnet50.tv_in1k,False,,,,adamw,0.05,0.0005,,0,200,448,8,6664,3333,70,-1,hiresnet50.tv_in1k,91.1191,,,0.6939,91.11911191119113,100.0,,,0.0001,61.7085,4.2578,16.3943,24.8108,24.8108,
hgpn04,40,aircraft_pl,hiresnet50.tv_in1k,False,,,,adamw,0.05,0.001,,0,200,448,8,6664,3333,25,-1,hiresnet50.tv_in1k,90.099,,,0.7623,90.0990099009901,100.0,,,0.0004,60.7076,4.2578,16.3943,24.7838,24.7838,
hgpn04,40,aircraft_pl,hiresnet50.tv_in1k,False,,,,adamw,0.05,0.001,,0,200,448,8,6664,3333,50,-1,hiresnet50.tv_in1k,89.3489,,,0.7545,89.34893489348934,100.0,,,0.0003,58.287,4.2578,16.3943,24.7988,24.7988,
hgpn04,40,aircraft_pl,hiresnet50.tv_in1k,False,,,,adamw,0.05,0.001,,0,200,448,8,6664,3333,70,-1,hiresnet50.tv_in1k,89.919,,,0.7426,89.91899189918992,100.0,,,0.0003,62.8799,4.2578,16.3943,24.8108,24.8108,
hgpn04,40,aircraft_pl,hiresnet50.tv_in1k,False,,,,sgd,0.0,0.003,,0,200,448,8,6664,3333,25,-1,hiresnet50.tv_in1k,91.5692,,,0.3898,91.56915691569156,100.0,,,0.0008,57.0133,4.2578,16.3943,24.7838,24.7838,
hgpn04,40,aircraft_pl,hiresnet50.tv_in1k,False,,,,sgd,0.0,0.003,,0,200,448,8,6664,3333,50,-1,hiresnet50.tv_in1k,91.9592,,,0.3842,91.95919591959196,100.0,,,0.0006,55.5267,4.2578,16.3943,24.7988,24.7988,
hgpn04,40,aircraft_pl,hiresnet50.tv_in1k,False,,,,sgd,0.0,0.003,,0,200,448,8,6664,3333,70,-1,hiresnet50.tv_in1k,91.4191,,,0.3885,91.4191419141914,100.0,,,0.0005,59.9844,4.2578,16.3943,24.8108,24.8108,
hgpn04,40,aircraft_pl,hiresnet50.tv_in1k,False,,,,sgd,0.0,0.01,,0,200,448,8,6664,3333,25,-1,hiresnet50.tv_in1k,92.5593,,,0.3798,92.55925592559257,100.0,,,0.0001,56.0776,4.2578,16.3943,24.7838,24.7838,
hgpn04,40,aircraft_pl,hiresnet50.tv_in1k,False,,,,sgd,0.0,0.01,,0,200,448,8,6664,3333,50,-1,hiresnet50.tv_in1k,92.9793,,,0.3865,92.97929792979298,100.0,,,0.0001,54.8945,4.2539,16.3943,24.7988,24.7988,
hgpn04,40,aircraft_pl,hiresnet50.tv_in1k,False,,,,sgd,0.0,0.01,,0,200,448,8,6664,3333,70,-1,hiresnet50.tv_in1k,93.1293,,,0.3718,93.12931293129311,100.0,,,0.0001,60.0764,4.2578,16.3943,24.8108,24.8108,
hgpn04,40,aircraft_pl,hiresnet50.tv_in1k,False,,,,sgd,0.0,0.03,,0,200,448,8,6664,3333,25,-1,hiresnet50.tv_in1k,92.6193,,,0.5082,92.61926192619262,100.0,,,0.0001,56.3042,4.2578,16.3943,24.7838,24.7838,
hgpn04,40,aircraft_pl,hiresnet50.tv_in1k,False,,,,sgd,0.0,0.03,,0,200,448,8,6664,3333,50,-1,hiresnet50.tv_in1k,92.8293,,,0.475,92.82928292829284,100.0,,,0.0,55.1557,4.2578,16.3943,24.7988,24.7988,
hgpn04,40,aircraft_pl,hiresnet50.tv_in1k,False,,,,sgd,0.0,0.03,,0,200,448,8,6664,3333,70,-1,hiresnet50.tv_in1k,92.8593,,,0.4551,92.85928592859284,100.0,,,0.0,59.8973,4.2578,16.3943,24.8108,24.8108,
hgpn04,40,aircraft_pl,hiresnet50.tv_in1k,False,,,,sgd,0.0,0.1,,0,200,448,8,6664,3333,25,-1,hiresnet50.tv_in1k,90.7891,,,0.9028,90.78907890789078,100.0,,,0.0013,57.7559,4.2578,16.3943,24.7838,24.7838,
hgpn04,40,aircraft_pl,hiresnet50.tv_in1k,False,,,,sgd,0.0,0.1,,0,200,448,8,6664,3333,50,-1,hiresnet50.tv_in1k,90.9391,,,0.939,90.93909390939092,99.97,,,0.001,54.9992,4.2578,16.3943,24.7988,24.7988,
hgpn04,40,aircraft_pl,hiresnet50.tv_in1k,False,,,,sgd,0.0,0.1,,0,200,448,8,6664,3333,70,-1,hiresnet50.tv_in1k,91.5692,,,0.8717,91.56915691569156,99.97,,,0.0017,60.5479,4.2578,16.3943,24.8108,24.8108,
hgpn21,40,aircraft_pl,hivit_base_patch16_224.dino,False,,,,adamw,0.05,5e-06,,0,200,448,8,6664,3333,25,-1,hivit_base_patch16_224.dino,86.9187,,,1.2629,86.91869186918692,99.4598,,,0.0706,75.5542,0.4238,67.1517,86.758,86.758,
hgpn21,40,aircraft_pl,hivit_base_patch16_224.dino,False,,,,adamw,0.05,5e-06,,0,200,448,8,6664,3333,50,-1,hivit_base_patch16_224.dino,86.1386,,,1.43,86.13861386138613,99.6549,,,0.0308,75.5636,0.4238,67.1517,86.773,86.773,
hgpn21,40,aircraft_pl,hivit_base_patch16_224.dino,False,,,,adamw,0.05,5e-06,,0,200,448,8,6664,3333,70,-1,hivit_base_patch16_224.dino,85.4185,,,1.4763,85.41854185418542,99.4598,,,0.0688,76.9209,0.4238,67.1517,86.785,86.785,
hgpn21,40,aircraft_pl,hivit_base_patch16_224.dino,False,,,,adamw,0.05,1e-05,,0,200,448,8,6664,3333,25,-1,hivit_base_patch16_224.dino,84.1284,,,1.5882,84.12841284128413,99.5948,,,0.0529,75.1632,0.4238,67.1517,86.758,86.758,
hgpn21,40,aircraft_pl,hivit_base_patch16_224.dino,False,,,,adamw,0.05,1e-05,,0,200,448,8,6664,3333,50,-1,hivit_base_patch16_224.dino,85.9286,,,1.3167,85.92859285928593,99.6999,,,0.0378,75.7971,0.4238,67.1517,86.773,86.773,
hgpn21,40,aircraft_pl,hivit_base_patch16_224.dino,False,,,,adamw,0.05,1e-05,,0,200,448,8,6664,3333,70,-1,hivit_base_patch16_224.dino,85.5386,,,1.4316,85.53855385538554,99.4898,,,0.0649,76.6899,0.4238,67.1517,86.785,86.785,
hgpn21,40,aircraft_pl,hivit_base_patch16_224.dino,False,,,,adamw,0.05,5e-05,,0,200,448,8,6664,3333,25,-1,hivit_base_patch16_224.dino,80.6481,,,2.0789,80.64806480648065,99.955,,,0.0015,74.9377,0.4238,67.1517,86.758,86.758,
hgpn21,40,aircraft_pl,hivit_base_patch16_224.dino,False,,,,adamw,0.05,5e-05,,0,200,448,8,6664,3333,50,-1,hivit_base_patch16_224.dino,80.138,,,2.0913,80.13801380138014,99.94,,,0.0045,75.6023,0.4238,67.1517,86.773,86.773,
hgpn21,40,aircraft_pl,hivit_base_patch16_224.dino,False,,,,adamw,0.05,5e-05,,0,200,448,8,6664,3333,70,-1,hivit_base_patch16_224.dino,79.0579,,,2.0881,79.05790579057906,99.925,,,0.0057,75.8417,0.4238,67.1517,86.785,86.785,
hgpn21,40,aircraft_pl,hivit_base_patch16_224.dino,False,,,,adamw,0.05,0.0001,,0,200,448,8,6664,3333,25,-1,hivit_base_patch16_224.dino,74.8275,,,2.5287,74.82748274827483,99.97,,,0.0071,74.9387,0.4238,67.1517,86.758,86.758,
hgpn21,40,aircraft_pl,hivit_base_patch16_224.dino,False,,,,adamw,0.05,0.0001,,0,200,448,8,6664,3333,50,-1,hivit_base_patch16_224.dino,75.2475,,,2.4638,75.24752475247524,99.925,,,0.0102,75.8536,0.4238,67.1517,86.773,86.773,
hgpn21,40,aircraft_pl,hivit_base_patch16_224.dino,False,,,,adamw,0.05,0.0001,,0,200,448,8,6664,3333,70,-1,hivit_base_patch16_224.dino,74.7975,,,2.5107,74.79747974797479,99.985,,,0.0012,75.6327,0.4238,67.1517,86.785,86.785,
hgpn21,40,aircraft_pl,hivit_base_patch16_224.dino,False,,,,adamw,0.05,0.0005,,0,200,448,8,6664,3333,25,-1,hivit_base_patch16_224.dino,6.3006,,,4.1946,6.300630063006301,7.458,,,6.9858,75.8973,0.4238,67.1517,86.758,86.758,
hgpn21,40,aircraft_pl,hivit_base_patch16_224.dino,False,,,,adamw,0.05,0.0005,,0,200,448,8,6664,3333,50,-1,hivit_base_patch16_224.dino,10.7711,,,3.884,10.771077107710772,11.4196,,,6.9046,76.0261,0.4238,67.1517,86.773,86.773,
hgpn21,40,aircraft_pl,hivit_base_patch16_224.dino,False,,,,adamw,0.05,0.0005,,0,200,448,8,6664,3333,70,-1,hivit_base_patch16_224.dino,6.9907,,,4.1509,6.990699069906991,7.2479,,,7.8282,76.0399,0.4238,67.1517,86.785,86.785,
hgpn21,40,aircraft_pl,hivit_base_patch16_224.dino,False,,,,adamw,0.05,0.001,,0,200,448,8,6664,3333,25,-1,hivit_base_patch16_224.dino,9.841,,,3.91,9.84098409840984,11.8547,,,6.4897,75.7397,0.4238,67.1517,86.758,86.758,
hgpn21,40,aircraft_pl,hivit_base_patch16_224.dino,False,,,,adamw,0.05,0.001,,0,200,448,8,6664,3333,50,-1,hivit_base_patch16_224.dino,5.4605,,,4.2913,5.4605460546054605,5.4772,,,7.712,76.1184,0.4238,67.1517,86.773,86.773,
hgpn21,40,aircraft_pl,hivit_base_patch16_224.dino,False,,,,adamw,0.05,0.001,,0,200,448,8,6664,3333,70,-1,hivit_base_patch16_224.dino,5.8206,,,4.2256,5.8205820582058205,6.7827,,,7.9222,75.6119,0.4238,67.1517,86.785,86.785,
hgpn21,40,aircraft_pl,hivit_base_patch16_224.dino,False,,,,sgd,0.0,0.003,,0,200,448,8,6664,3333,25,-1,hivit_base_patch16_224.dino,88.3888,,,0.7838,88.38883888388838,100.0,,,0.0003,69.075,0.4238,67.1517,86.758,86.758,
hgpn21,40,aircraft_pl,hivit_base_patch16_224.dino,False,,,,sgd,0.0,0.003,,0,200,448,8,6664,3333,50,-1,hivit_base_patch16_224.dino,88.2688,,,0.7874,88.26882688268827,100.0,,,0.0003,69.4584,0.4238,67.1517,86.773,86.773,
hgpn21,40,aircraft_pl,hivit_base_patch16_224.dino,False,,,,sgd,0.0,0.003,,0,200,448,8,6664,3333,70,-1,hivit_base_patch16_224.dino,88.2688,,,0.7523,88.26882688268827,100.0,,,0.0004,69.527,0.4238,67.1517,86.785,86.785,
hgpn21,40,aircraft_pl,hivit_base_patch16_224.dino,False,,,,sgd,0.0,0.01,,0,200,448,8,6664,3333,25,-1,hivit_base_patch16_224.dino,83.1083,,,1.2302,83.1083108310831,100.0,,,0.0001,68.5876,0.4238,67.1517,86.758,86.758,
hgpn21,40,aircraft_pl,hivit_base_patch16_224.dino,False,,,,sgd,0.0,0.01,,0,200,448,8,6664,3333,50,-1,hivit_base_patch16_224.dino,84.0384,,,1.2181,84.03840384038403,100.0,,,0.0001,69.2167,0.4238,67.1517,86.773,86.773,
hgpn21,40,aircraft_pl,hivit_base_patch16_224.dino,False,,,,sgd,0.0,0.01,,0,200,448,8,6664,3333,70,-1,hivit_base_patch16_224.dino,83.2283,,,1.2322,83.22832283228323,100.0,,,0.0001,69.5069,0.4238,67.1517,86.785,86.785,
hgpn21,40,aircraft_pl,hivit_base_patch16_224.dino,False,,,,sgd,0.0,0.03,,0,200,448,8,6664,3333,25,-1,hivit_base_patch16_224.dino,73.4173,,,2.0308,73.41734173417342,100.0,,,0.0002,69.424,0.4238,67.1517,86.758,86.758,
hgpn21,40,aircraft_pl,hivit_base_patch16_224.dino,False,,,,sgd,0.0,0.03,,0,200,448,8,6664,3333,50,-1,hivit_base_patch16_224.dino,39.3039,,,4.916,39.3039303930393,99.955,,,0.0032,69.2712,0.4238,67.1517,86.773,86.773,
hgpn21,40,aircraft_pl,hivit_base_patch16_224.dino,False,,,,sgd,0.0,0.03,,0,200,448,8,6664,3333,70,-1,hivit_base_patch16_224.dino,75.3375,,,1.8269,75.33753375337534,100.0,,,0.0,69.2613,0.4238,67.1517,86.785,86.785,
hgpn21,40,aircraft_pl,hivit_base_patch16_224.dino,False,,,,sgd,0.0,0.1,,0,200,448,8,6664,3333,25,-1,hivit_base_patch16_224.dino,,,,,,,,,,,,,,,
hgpn21,40,aircraft_pl,hivit_base_patch16_224.dino,False,,,,sgd,0.0,0.1,,0,200,448,8,6664,3333,50,-1,hivit_base_patch16_224.dino,,,,,,,,,,,,,,,
hgpn21,40,aircraft_pl,hivit_base_patch16_224.dino,False,,,,sgd,0.0,0.1,,0,200,448,8,6664,3333,70,-1,hivit_base_patch16_224.dino,,,,,,,,,,,,,,,
hgpn18,40,aircraft_pl,hivit_base_patch16_224.in1k_mocov3,False,,,,adamw,0.05,5e-06,,0,200,448,8,6664,3333,25,-1,hivit_base_patch16_224.in1k_mocov3,86.0186,,,1.0294,86.01860186018602,99.7149,,,0.0313,75.917,0.4238,67.1517,86.758,86.758,
hgpn18,40,aircraft_pl,hivit_base_patch16_224.in1k_mocov3,False,,,,adamw,0.05,5e-06,,0,200,448,8,6664,3333,50,-1,hivit_base_patch16_224.in1k_mocov3,86.8287,,,1.0119,86.82868286828683,99.7599,,,0.0232,75.7512,0.4238,67.1517,86.773,86.773,
hgpn18,40,aircraft_pl,hivit_base_patch16_224.in1k_mocov3,False,,,,adamw,0.05,5e-06,,0,200,448,8,6664,3333,70,-1,hivit_base_patch16_224.in1k_mocov3,87.6388,,,0.9394,87.63876387638764,99.7749,,,0.0177,76.3283,0.4238,67.1517,86.785,86.785,
hgpn18,40,aircraft_pl,hivit_base_patch16_224.in1k_mocov3,False,,,,adamw,0.05,1e-05,,0,200,448,8,6664,3333,25,-1,hivit_base_patch16_224.in1k_mocov3,88.0288,,,0.9879,88.02880288028803,99.8349,,,0.0145,75.7979,0.4238,67.1517,86.758,86.758,
hgpn18,40,aircraft_pl,hivit_base_patch16_224.in1k_mocov3,False,,,,adamw,0.05,1e-05,,0,200,448,8,6664,3333,50,-1,hivit_base_patch16_224.in1k_mocov3,86.9187,,,1.028,86.91869186918692,99.8349,,,0.014,76.2537,0.4238,67.1517,86.773,86.773,
hgpn18,40,aircraft_pl,hivit_base_patch16_224.in1k_mocov3,False,,,,adamw,0.05,1e-05,,0,200,448,8,6664,3333,70,-1,hivit_base_patch16_224.in1k_mocov3,87.5488,,,0.9606,87.54875487548755,99.6999,,,0.0327,76.2141,0.4238,67.1517,86.785,86.785,
hgpn18,40,aircraft_pl,hivit_base_patch16_224.in1k_mocov3,False,,,,adamw,0.05,5e-05,,0,200,448,8,6664,3333,25,-1,hivit_base_patch16_224.in1k_mocov3,86.9187,,,1.1827,86.91869186918692,99.985,,,0.0012,75.477,0.4238,67.1517,86.758,86.758,
hgpn18,40,aircraft_pl,hivit_base_patch16_224.in1k_mocov3,False,,,,adamw,0.05,5e-05,,0,200,448,8,6664,3333,50,-1,hivit_base_patch16_224.in1k_mocov3,88.2088,,,1.0475,88.2088208820882,100.0,,,0.0,76.0113,0.4238,67.1517,86.773,86.773,
hgpn18,40,aircraft_pl,hivit_base_patch16_224.in1k_mocov3,False,,,,adamw,0.05,5e-05,,0,200,448,8,6664,3333,70,-1,hivit_base_patch16_224.in1k_mocov3,87.2787,,,1.0649,87.27872787278727,100.0,,,0.0,76.019,0.4238,67.1517,86.785,86.785,
hgpn18,40,aircraft_pl,hivit_base_patch16_224.in1k_mocov3,False,,,,adamw,0.05,0.0001,,0,200,448,8,6664,3333,25,-1,hivit_base_patch16_224.in1k_mocov3,85.8686,,,1.2861,85.86858685868587,99.97,,,0.0006,75.8438,0.4238,67.1517,86.758,86.758,
hgpn18,40,aircraft_pl,hivit_base_patch16_224.in1k_mocov3,False,,,,adamw,0.05,0.0001,,0,200,448,8,6664,3333,50,-1,hivit_base_patch16_224.in1k_mocov3,85.7486,,,1.1748,85.74857485748575,99.955,,,0.0067,75.859,0.4238,67.1517,86.773,86.773,
hgpn18,40,aircraft_pl,hivit_base_patch16_224.in1k_mocov3,False,,,,adamw,0.05,0.0001,,0,200,448,8,6664,3333,70,-1,hivit_base_patch16_224.in1k_mocov3,84.8185,,,1.2904,84.81848184818482,100.0,,,0.0,75.7031,0.4238,67.1517,86.785,86.785,
hgpn18,40,aircraft_pl,hivit_base_patch16_224.in1k_mocov3,False,,,,adamw,0.05,0.0005,,0,200,448,8,6664,3333,25,-1,hivit_base_patch16_224.in1k_mocov3,71.4071,,,2.1739,71.4071407140714,100.0,,,0.0007,75.7344,0.4238,67.1517,86.758,86.758,
hgpn18,40,aircraft_pl,hivit_base_patch16_224.in1k_mocov3,False,,,,adamw,0.05,0.0005,,0,200,448,8,6664,3333,50,-1,hivit_base_patch16_224.in1k_mocov3,75.2775,,,1.7698,75.27752775277527,100.0,,,0.0005,76.0744,0.4238,67.1517,86.773,86.773,
hgpn18,40,aircraft_pl,hivit_base_patch16_224.in1k_mocov3,False,,,,adamw,0.05,0.0005,,0,200,448,8,6664,3333,70,-1,hivit_base_patch16_224.in1k_mocov3,73.8674,,,1.9774,73.86738673867387,99.97,,,0.0011,75.9824,0.4238,67.1517,86.785,86.785,
hgpn18,40,aircraft_pl,hivit_base_patch16_224.in1k_mocov3,False,,,,adamw,0.05,0.001,,0,200,448,8,6664,3333,25,-1,hivit_base_patch16_224.in1k_mocov3,20.042,,,4.6202,20.04200420042004,66.8067,,,2.6133,75.992,0.4238,67.1517,86.758,86.758,
hgpn18,40,aircraft_pl,hivit_base_patch16_224.in1k_mocov3,False,,,,adamw,0.05,0.001,,0,200,448,8,6664,3333,50,-1,hivit_base_patch16_224.in1k_mocov3,30.273,,,3.9287,30.273027302730274,78.7065,,,1.6162,75.9517,0.4238,67.1517,86.773,86.773,
hgpn18,40,aircraft_pl,hivit_base_patch16_224.in1k_mocov3,False,,,,adamw,0.05,0.001,,0,200,448,8,6664,3333,70,-1,hivit_base_patch16_224.in1k_mocov3,41.0441,,,2.6147,41.04410441044104,70.3782,,,2.1672,76.5221,0.4238,67.1517,86.785,86.785,
hgpn18,40,aircraft_pl,hivit_base_patch16_224.in1k_mocov3,False,,,,sgd,0.0,0.003,,0,200,448,8,6664,3333,25,-1,hivit_base_patch16_224.in1k_mocov3,88.5989,,,0.5241,88.5988598859886,100.0,,,0.0021,69.2451,0.4238,67.1517,86.758,86.758,
hgpn18,40,aircraft_pl,hivit_base_patch16_224.in1k_mocov3,False,,,,sgd,0.0,0.003,,0,200,448,8,6664,3333,50,-1,hivit_base_patch16_224.in1k_mocov3,88.4488,,,0.5047,88.44884488448845,100.0,,,0.0012,69.8254,0.4238,67.1517,86.773,86.773,
hgpn18,40,aircraft_pl,hivit_base_patch16_224.in1k_mocov3,False,,,,sgd,0.0,0.003,,0,200,448,8,6664,3333,70,-1,hivit_base_patch16_224.in1k_mocov3,88.5389,,,0.5215,88.53885388538853,100.0,,,0.0011,69.9219,0.4238,67.1517,86.785,86.785,
hgpn18,40,aircraft_pl,hivit_base_patch16_224.in1k_mocov3,False,,,,sgd,0.0,0.01,,0,200,448,8,6664,3333,25,-1,hivit_base_patch16_224.in1k_mocov3,89.589,,,0.5309,89.58895889588959,100.0,,,0.0007,69.5387,0.4238,67.1517,86.758,86.758,
hgpn18,40,aircraft_pl,hivit_base_patch16_224.in1k_mocov3,False,,,,sgd,0.0,0.01,,0,200,448,8,6664,3333,50,-1,hivit_base_patch16_224.in1k_mocov3,90.219,,,0.5149,90.21902190219022,100.0,,,0.0003,69.3104,0.4238,67.1517,86.773,86.773,
hgpn18,40,aircraft_pl,hivit_base_patch16_224.in1k_mocov3,False,,,,sgd,0.0,0.01,,0,200,448,8,6664,3333,70,-1,hivit_base_patch16_224.in1k_mocov3,89.979,,,0.5136,89.97899789978997,100.0,,,0.0001,69.9074,0.4238,67.1517,86.785,86.785,
hgpn18,40,aircraft_pl,hivit_base_patch16_224.in1k_mocov3,False,,,,sgd,0.0,0.03,,0,200,448,8,6664,3333,25,-1,hivit_base_patch16_224.in1k_mocov3,88.9889,,,0.6861,88.98889888988899,100.0,,,0.0003,69.2413,0.4238,67.1517,86.758,86.758,
hgpn18,40,aircraft_pl,hivit_base_patch16_224.in1k_mocov3,False,,,,sgd,0.0,0.03,,0,200,448,8,6664,3333,50,-1,hivit_base_patch16_224.in1k_mocov3,88.9289,,,0.6847,88.92889288928893,100.0,,,0.0001,69.465,0.4238,67.1517,86.773,86.773,
hgpn18,40,aircraft_pl,hivit_base_patch16_224.in1k_mocov3,False,,,,sgd,0.0,0.03,,0,200,448,8,6664,3333,70,-1,hivit_base_patch16_224.in1k_mocov3,89.0189,,,0.6984,89.01890189018901,100.0,,,0.0,69.5696,0.4238,67.1517,86.785,86.785,
hgpn18,40,aircraft_pl,hivit_base_patch16_224.in1k_mocov3,False,,,,sgd,0.0,0.1,,0,200,448,8,6664,3333,25,-1,hivit_base_patch16_224.in1k_mocov3,82.7183,,,1.7286,82.71827182718272,100.0,,,0.0016,68.826,0.4238,67.1517,86.758,86.758,
hgpn18,40,aircraft_pl,hivit_base_patch16_224.in1k_mocov3,False,,,,sgd,0.0,0.1,,0,200,448,8,6664,3333,50,-1,hivit_base_patch16_224.in1k_mocov3,82.3282,,,1.6444,82.32823282328233,100.0,,,0.0012,69.4457,0.4238,67.1517,86.773,86.773,
hgpn18,40,aircraft_pl,hivit_base_patch16_224.in1k_mocov3,False,,,,sgd,0.0,0.1,,0,200,448,8,6664,3333,70,-1,hivit_base_patch16_224.in1k_mocov3,82.9283,,,1.6214,82.92829282928292,100.0,,,0.0003,69.9419,0.4238,67.1517,86.785,86.785,
hgpn04,40,aircraft_pl,hivit_base_patch16_224.mae,False,,,,adamw,0.05,5e-06,,0,200,448,8,6664,3333,25,-1,hivit_base_patch16_224.mae,84.5485,,,1.3325,84.54845484548454,99.6699,,,0.0443,75.2612,0.4238,67.1517,86.758,86.758,
hgpn04,40,aircraft_pl,hivit_base_patch16_224.mae,False,,,,adamw,0.05,5e-06,,0,200,448,8,6664,3333,50,-1,hivit_base_patch16_224.mae,86.6187,,,1.1455,86.61866186618661,99.5798,,,0.0478,75.0759,0.4238,67.1517,86.773,86.773,
hgpn04,40,aircraft_pl,hivit_base_patch16_224.mae,False,,,,adamw,0.05,5e-06,,0,200,448,8,6664,3333,70,-1,hivit_base_patch16_224.mae,85.4785,,,1.3087,85.47854785478548,99.6399,,,0.0316,75.1524,0.4238,67.1517,86.785,86.785,
hgpn04,40,aircraft_pl,hivit_base_patch16_224.mae,False,,,,adamw,0.05,1e-05,,0,200,448,8,6664,3333,25,-1,hivit_base_patch16_224.mae,87.5188,,,1.1124,87.51875187518752,99.7149,,,0.0426,75.4099,0.4238,67.1517,86.758,86.758,
hgpn04,40,aircraft_pl,hivit_base_patch16_224.mae,False,,,,adamw,0.05,1e-05,,0,200,448,8,6664,3333,50,-1,hivit_base_patch16_224.mae,87.1587,,,1.1223,87.15871587158716,99.7449,,,0.0339,75.4981,0.4238,67.1517,86.773,86.773,
hgpn04,40,aircraft_pl,hivit_base_patch16_224.mae,False,,,,adamw,0.05,1e-05,,0,200,448,8,6664,3333,70,-1,hivit_base_patch16_224.mae,85.2985,,,1.2851,85.2985298529853,99.6549,,,0.0391,75.625,0.4238,67.1517,86.785,86.785,
hgpn04,40,aircraft_pl,hivit_base_patch16_224.mae,False,,,,adamw,0.05,5e-05,,0,200,448,8,6664,3333,25,-1,hivit_base_patch16_224.mae,87.7588,,,1.1991,87.75877587758775,99.925,,,0.012,75.3346,0.4238,67.1517,86.758,86.758,
hgpn04,40,aircraft_pl,hivit_base_patch16_224.mae,False,,,,adamw,0.05,5e-05,,0,200,448,8,6664,3333,50,-1,hivit_base_patch16_224.mae,86.9787,,,1.271,86.97869786978698,99.955,,,0.0054,75.3487,0.4238,67.1517,86.773,86.773,
hgpn04,40,aircraft_pl,hivit_base_patch16_224.mae,False,,,,adamw,0.05,5e-05,,0,200,448,8,6664,3333,70,-1,hivit_base_patch16_224.mae,87.0387,,,1.2732,87.03870387038704,99.955,,,0.0064,74.9673,0.4238,67.1517,86.785,86.785,
hgpn04,40,aircraft_pl,hivit_base_patch16_224.mae,False,,,,adamw,0.05,0.0001,,0,200,448,8,6664,3333,25,-1,hivit_base_patch16_224.mae,85.7486,,,1.3659,85.74857485748575,99.985,,,0.0014,75.421,0.4238,67.1517,86.758,86.758,
hgpn04,40,aircraft_pl,hivit_base_patch16_224.mae,False,,,,adamw,0.05,0.0001,,0,200,448,8,6664,3333,50,-1,hivit_base_patch16_224.mae,85.7486,,,1.3261,85.74857485748575,99.985,,,0.001,74.9647,0.4238,67.1517,86.773,86.773,
hgpn04,40,aircraft_pl,hivit_base_patch16_224.mae,False,,,,adamw,0.05,0.0001,,0,200,448,8,6664,3333,70,-1,hivit_base_patch16_224.mae,84.8785,,,1.4231,84.87848784878487,99.97,,,0.0024,75.1704,0.4238,67.1517,86.785,86.785,
hgpn04,40,aircraft_pl,hivit_base_patch16_224.mae,False,,,,adamw,0.05,0.0005,,0,200,448,8,6664,3333,25,-1,hivit_base_patch16_224.mae,,,,,,,,,,,,,,,
hgpn04,40,aircraft_pl,hivit_base_patch16_224.mae,False,,,,adamw,0.05,0.0005,,0,200,448,8,6664,3333,50,-1,hivit_base_patch16_224.mae,,,,,,,,,,,,,,,
hgpn04,40,aircraft_pl,hivit_base_patch16_224.mae,False,,,,adamw,0.05,0.0005,,0,200,448,8,6664,3333,70,-1,hivit_base_patch16_224.mae,5.4605,,,10.2478,5.4605460546054605,57.9382,,,3.0381,75.356,0.4238,67.1517,86.785,86.785,
hgpn04,40,aircraft_pl,hivit_base_patch16_224.mae,False,,,,adamw,0.05,0.001,,0,200,448,8,6664,3333,25,-1,hivit_base_patch16_224.mae,10.021,,,3.9271,10.02100210021002,14.1807,,,6.0989,75.3833,0.4238,67.1517,86.758,86.758,
hgpn04,40,aircraft_pl,hivit_base_patch16_224.mae,False,,,,adamw,0.05,0.001,,0,200,448,8,6664,3333,50,-1,hivit_base_patch16_224.mae,14.0414,,,3.7077,14.04140414041404,24.955,,,5.6915,74.9489,0.4238,67.1517,86.773,86.773,
hgpn04,40,aircraft_pl,hivit_base_patch16_224.mae,False,,,,adamw,0.05,0.001,,0,200,448,8,6664,3333,70,-1,hivit_base_patch16_224.mae,,,,,,,,,,,,,,,
hgpn04,40,aircraft_pl,hivit_base_patch16_224.mae,False,,,,sgd,0.0,0.003,,0,200,448,8,6664,3333,25,-1,hivit_base_patch16_224.mae,88.3888,,,0.6192,88.38883888388838,100.0,,,0.0006,68.557,0.4238,67.1517,86.758,86.758,
hgpn04,40,aircraft_pl,hivit_base_patch16_224.mae,False,,,,sgd,0.0,0.003,,0,200,448,8,6664,3333,50,-1,hivit_base_patch16_224.mae,88.9289,,,0.5919,88.92889288928893,100.0,,,0.0005,68.8349,0.4238,67.1517,86.773,86.773,
hgpn04,40,aircraft_pl,hivit_base_patch16_224.mae,False,,,,sgd,0.0,0.003,,0,200,448,8,6664,3333,70,-1,hivit_base_patch16_224.mae,88.5989,,,0.6132,88.5988598859886,100.0,,,0.0005,69.1721,0.4238,67.1517,86.785,86.785,
hgpn04,40,aircraft_pl,hivit_base_patch16_224.mae,False,,,,sgd,0.0,0.01,,0,200,448,8,6664,3333,25,-1,hivit_base_patch16_224.mae,90.429,,,0.564,90.42904290429044,100.0,,,0.0001,68.6771,0.4238,67.1517,86.758,86.758,
hgpn04,40,aircraft_pl,hivit_base_patch16_224.mae,False,,,,sgd,0.0,0.01,,0,200,448,8,6664,3333,50,-1,hivit_base_patch16_224.mae,89.799,,,0.6145,89.7989798979898,100.0,,,0.0001,69.0117,0.4238,67.1517,86.773,86.773,
hgpn04,40,aircraft_pl,hivit_base_patch16_224.mae,False,,,,sgd,0.0,0.01,,0,200,448,8,6664,3333,70,-1,hivit_base_patch16_224.mae,90.099,,,0.6219,90.0990099009901,100.0,,,0.0001,68.97,0.4238,67.1517,86.785,86.785,
hgpn04,40,aircraft_pl,hivit_base_patch16_224.mae,False,,,,sgd,0.0,0.03,,0,200,448,8,6664,3333,25,-1,hivit_base_patch16_224.mae,89.619,,,0.7772,89.61896189618962,100.0,,,0.0,68.6823,0.4238,67.1517,86.758,86.758,
hgpn04,40,aircraft_pl,hivit_base_patch16_224.mae,False,,,,sgd,0.0,0.03,,0,200,448,8,6664,3333,50,-1,hivit_base_patch16_224.mae,69.637,,,2.0855,69.63696369636963,100.0,,,0.0005,69.0693,0.4238,67.1517,86.773,86.773,
hgpn04,40,aircraft_pl,hivit_base_patch16_224.mae,False,,,,sgd,0.0,0.03,,0,200,448,8,6664,3333,70,-1,hivit_base_patch16_224.mae,79.2679,,,1.4462,79.26792679267926,100.0,,,0.0001,69.0829,0.4238,67.1517,86.785,86.785,
hgpn04,40,aircraft_pl,hivit_base_patch16_224.mae,False,,,,sgd,0.0,0.1,,0,200,448,8,6664,3333,25,-1,hivit_base_patch16_224.mae,,,,,,,,,,,,,,,
hgpn04,40,aircraft_pl,hivit_base_patch16_224.mae,False,,,,sgd,0.0,0.1,,0,200,448,8,6664,3333,50,-1,hivit_base_patch16_224.mae,,,,,,,,,,,,,,,
hgpn04,40,aircraft_pl,hivit_base_patch16_224.mae,False,,,,sgd,0.0,0.1,,0,200,448,8,6664,3333,70,-1,hivit_base_patch16_224.mae,,,,,,,,,,,,,,,
hgpn18,40,aircraft_pl,hivit_base_patch16_224.orig_in21k,False,,,,adamw,0.05,5e-06,,0,200,448,8,6664,3333,25,-1,hivit_base_patch16_224.orig_in21k,84.8185,,,1.2195,84.81848184818482,99.7749,,,0.0169,76.0936,0.4238,67.1517,86.758,86.758,
hgpn18,40,aircraft_pl,hivit_base_patch16_224.orig_in21k,False,,,,adamw,0.05,5e-06,,0,200,448,8,6664,3333,50,-1,hivit_base_patch16_224.orig_in21k,84.1284,,,1.2641,84.12841284128413,99.6849,,,0.0337,75.6237,0.4238,67.1517,86.773,86.773,
hgpn18,40,aircraft_pl,hivit_base_patch16_224.orig_in21k,False,,,,adamw,0.05,5e-06,,0,200,448,8,6664,3333,70,-1,hivit_base_patch16_224.orig_in21k,84.9385,,,1.2271,84.93849384938494,99.6248,,,0.0373,75.981,0.4238,67.1517,86.785,86.785,
hgpn18,40,aircraft_pl,hivit_base_patch16_224.orig_in21k,False,,,,adamw,0.05,1e-05,,0,200,448,8,6664,3333,25,-1,hivit_base_patch16_224.orig_in21k,85.2085,,,1.219,85.20852085208521,99.8199,,,0.016,75.6561,0.4238,67.1517,86.758,86.758,
hgpn18,40,aircraft_pl,hivit_base_patch16_224.orig_in21k,False,,,,adamw,0.05,1e-05,,0,200,448,8,6664,3333,50,-1,hivit_base_patch16_224.orig_in21k,85.6886,,,1.2459,85.6885688568857,99.8499,,,0.0111,76.0179,0.4238,67.1517,86.773,86.773,
hgpn18,40,aircraft_pl,hivit_base_patch16_224.orig_in21k,False,,,,adamw,0.05,1e-05,,0,200,448,8,6664,3333,70,-1,hivit_base_patch16_224.orig_in21k,85.0885,,,1.401,85.08850885088509,99.91,,,0.0107,75.6523,0.4238,67.1517,86.785,86.785,
hgpn18,40,aircraft_pl,hivit_base_patch16_224.orig_in21k,False,,,,adamw,0.05,5e-05,,0,200,448,8,6664,3333,25,-1,hivit_base_patch16_224.orig_in21k,86.8287,,,1.3915,86.82868286828683,100.0,,,0.0001,75.6142,0.4238,67.1517,86.758,86.758,
hgpn18,40,aircraft_pl,hivit_base_patch16_224.orig_in21k,False,,,,adamw,0.05,5e-05,,0,200,448,8,6664,3333,50,-1,hivit_base_patch16_224.orig_in21k,85.5986,,,1.4467,85.5985598559856,99.8349,,,0.0097,75.9127,0.4238,67.1517,86.773,86.773,
hgpn18,40,aircraft_pl,hivit_base_patch16_224.orig_in21k,False,,,,adamw,0.05,5e-05,,0,200,448,8,6664,3333,70,-1,hivit_base_patch16_224.orig_in21k,85.6586,,,1.4616,85.65856585658565,99.97,,,0.0056,75.9024,0.4238,67.1517,86.785,86.785,
hgpn18,40,aircraft_pl,hivit_base_patch16_224.orig_in21k,False,,,,adamw,0.05,0.0001,,0,200,448,8,6664,3333,25,-1,hivit_base_patch16_224.orig_in21k,82.7783,,,1.8287,82.77827782778277,100.0,,,0.0001,75.2333,0.4238,67.1517,86.758,86.758,
hgpn18,40,aircraft_pl,hivit_base_patch16_224.orig_in21k,False,,,,adamw,0.05,0.0001,,0,200,448,8,6664,3333,50,-1,hivit_base_patch16_224.orig_in21k,83.6784,,,1.7652,83.67836783678368,99.985,,,0.0035,76.0482,0.4238,67.1517,86.773,86.773,
hgpn18,40,aircraft_pl,hivit_base_patch16_224.orig_in21k,False,,,,adamw,0.05,0.0001,,0,200,448,8,6664,3333,70,-1,hivit_base_patch16_224.orig_in21k,83.5284,,,1.6774,83.52835283528353,100.0,,,0.0,75.8307,0.4238,67.1517,86.785,86.785,
hgpn18,40,aircraft_pl,hivit_base_patch16_224.orig_in21k,False,,,,adamw,0.05,0.0005,,0,200,448,8,6664,3333,25,-1,hivit_base_patch16_224.orig_in21k,72.2472,,,1.8143,72.24722472247225,100.0,,,0.0008,75.8254,0.4238,67.1517,86.758,86.758,
hgpn18,40,aircraft_pl,hivit_base_patch16_224.orig_in21k,False,,,,adamw,0.05,0.0005,,0,200,448,8,6664,3333,50,-1,hivit_base_patch16_224.orig_in21k,72.7273,,,1.7193,72.72727272727273,100.0,,,0.0004,75.7968,0.4238,67.1517,86.773,86.773,
hgpn18,40,aircraft_pl,hivit_base_patch16_224.orig_in21k,False,,,,adamw,0.05,0.0005,,0,200,448,8,6664,3333,70,-1,hivit_base_patch16_224.orig_in21k,68.4368,,,1.9879,68.43684368436844,99.985,,,0.002,75.7252,0.4238,67.1517,86.785,86.785,
hgpn18,40,aircraft_pl,hivit_base_patch16_224.orig_in21k,False,,,,adamw,0.05,0.001,,0,200,448,8,6664,3333,25,-1,hivit_base_patch16_224.orig_in21k,,,,,,,,,,,,,,,
hgpn18,40,aircraft_pl,hivit_base_patch16_224.orig_in21k,False,,,,adamw,0.05,0.001,,0,200,448,8,6664,3333,50,-1,hivit_base_patch16_224.orig_in21k,40.174,,,3.2432,40.17401740174017,89.5108,,,0.8913,75.9006,0.4238,67.1517,86.773,86.773,
hgpn18,40,aircraft_pl,hivit_base_patch16_224.orig_in21k,False,,,,adamw,0.05,0.001,,0,200,448,8,6664,3333,70,-1,hivit_base_patch16_224.orig_in21k,39.1839,,,3.9208,39.183918391839185,96.9988,,,0.3038,75.8258,0.4238,67.1517,86.785,86.785,
hgpn18,40,aircraft_pl,hivit_base_patch16_224.orig_in21k,False,,,,sgd,0.0,0.003,,0,200,448,8,6664,3333,25,-1,hivit_base_patch16_224.orig_in21k,87.0087,,,0.6975,87.00870087008701,100.0,,,0.0006,69.7371,0.4238,67.1517,86.758,86.758,
hgpn18,40,aircraft_pl,hivit_base_patch16_224.orig_in21k,False,,,,sgd,0.0,0.003,,0,200,448,8,6664,3333,50,-1,hivit_base_patch16_224.orig_in21k,86.4386,,,0.7397,86.43864386438644,100.0,,,0.0006,69.1536,0.4238,67.1517,86.773,86.773,
hgpn18,40,aircraft_pl,hivit_base_patch16_224.orig_in21k,False,,,,sgd,0.0,0.003,,0,200,448,8,6664,3333,70,-1,hivit_base_patch16_224.orig_in21k,86.6187,,,0.7236,86.61866186618661,99.985,,,0.0009,69.3711,0.4238,67.1517,86.785,86.785,
hgpn18,40,aircraft_pl,hivit_base_patch16_224.orig_in21k,False,,,,sgd,0.0,0.01,,0,200,448,8,6664,3333,25,-1,hivit_base_patch16_224.orig_in21k,89.3189,,,0.6348,89.31893189318932,100.0,,,0.0001,69.2705,0.4238,67.1517,86.758,86.758,
hgpn18,40,aircraft_pl,hivit_base_patch16_224.orig_in21k,False,,,,sgd,0.0,0.01,,0,200,448,8,6664,3333,50,-1,hivit_base_patch16_224.orig_in21k,88.7489,,,0.643,88.74887488748875,100.0,,,0.0001,69.6192,0.4238,67.1517,86.773,86.773,
hgpn18,40,aircraft_pl,hivit_base_patch16_224.orig_in21k,False,,,,sgd,0.0,0.01,,0,200,448,8,6664,3333,70,-1,hivit_base_patch16_224.orig_in21k,89.1389,,,0.626,89.13891389138914,100.0,,,0.0001,69.3849,0.4238,67.1517,86.785,86.785,
hgpn18,40,aircraft_pl,hivit_base_patch16_224.orig_in21k,False,,,,sgd,0.0,0.03,,0,200,448,8,6664,3333,25,-1,hivit_base_patch16_224.orig_in21k,88.9289,,,0.8094,88.92889288928893,100.0,,,0.0,68.9922,0.4238,67.1517,86.758,86.758,
hgpn18,40,aircraft_pl,hivit_base_patch16_224.orig_in21k,False,,,,sgd,0.0,0.03,,0,200,448,8,6664,3333,50,-1,hivit_base_patch16_224.orig_in21k,88.0888,,,0.8304,88.0888088808881,100.0,,,0.0,69.397,0.4238,67.1517,86.773,86.773,
hgpn18,40,aircraft_pl,hivit_base_patch16_224.orig_in21k,False,,,,sgd,0.0,0.03,,0,200,448,8,6664,3333,70,-1,hivit_base_patch16_224.orig_in21k,88.7489,,,0.8027,88.74887488748875,100.0,,,0.0,69.2655,0.4238,67.1517,86.785,86.785,
hgpn18,40,aircraft_pl,hivit_base_patch16_224.orig_in21k,False,,,,sgd,0.0,0.1,,0,200,448,8,6664,3333,25,-1,hivit_base_patch16_224.orig_in21k,77.2877,,,2.3985,77.28772877287729,100.0,,,0.0001,69.4321,0.4238,67.1517,86.758,86.758,
hgpn18,40,aircraft_pl,hivit_base_patch16_224.orig_in21k,False,,,,sgd,0.0,0.1,,0,200,448,8,6664,3333,50,-1,hivit_base_patch16_224.orig_in21k,77.4377,,,2.2554,77.43774377437744,100.0,,,0.0001,69.4902,0.4238,67.1517,86.773,86.773,
hgpn18,40,aircraft_pl,hivit_base_patch16_224.orig_in21k,False,,,,sgd,0.0,0.1,,0,200,448,8,6664,3333,70,-1,hivit_base_patch16_224.orig_in21k,76.5377,,,2.1905,76.53765376537653,100.0,,,0.0001,69.2943,0.4238,67.1517,86.785,86.785,
hgpn04,40,aircraft_pl,hivit_base_patch16_224_miil.in21k,False,,,,adamw,0.05,5e-06,,0,200,448,8,6664,3333,25,-1,hivit_base_patch16_224_miil.in21k,83.2883,,,1.377,83.2883288328833,99.7749,,,0.0254,73.2656,0.4238,67.1517,86.7303,86.7303,
hgpn04,40,aircraft_pl,hivit_base_patch16_224_miil.in21k,False,,,,adamw,0.05,5e-06,,0,200,448,8,6664,3333,50,-1,hivit_base_patch16_224_miil.in21k,84.9685,,,1.184,84.96849684968497,99.6098,,,0.0502,74.3832,0.4238,67.1517,86.7453,86.7453,
hgpn04,40,aircraft_pl,hivit_base_patch16_224_miil.in21k,False,,,,adamw,0.05,5e-06,,0,200,448,8,6664,3333,70,-1,hivit_base_patch16_224_miil.in21k,84.7585,,,1.2416,84.75847584758476,99.6849,,,0.0261,73.559,0.4238,67.1517,86.7574,86.7574,
hgpn04,40,aircraft_pl,hivit_base_patch16_224_miil.in21k,False,,,,adamw,0.05,1e-05,,0,200,448,8,6664,3333,25,-1,hivit_base_patch16_224_miil.in21k,84.7885,,,1.2966,84.78847884788479,99.895,,,0.0069,73.0456,0.4238,67.1517,86.7303,86.7303,
hgpn04,40,aircraft_pl,hivit_base_patch16_224_miil.in21k,False,,,,adamw,0.05,1e-05,,0,200,448,8,6664,3333,50,-1,hivit_base_patch16_224_miil.in21k,84.4884,,,1.4087,84.48844884488449,99.6849,,,0.0338,74.6866,0.4238,67.1517,86.7453,86.7453,
hgpn04,40,aircraft_pl,hivit_base_patch16_224_miil.in21k,False,,,,adamw,0.05,1e-05,,0,200,448,8,6664,3333,70,-1,hivit_base_patch16_224_miil.in21k,86.1086,,,1.1628,86.1086108610861,99.8049,,,0.0246,74.3113,0.4238,67.1517,86.7574,86.7574,
hgpn04,40,aircraft_pl,hivit_base_patch16_224_miil.in21k,False,,,,adamw,0.05,5e-05,,0,200,448,8,6664,3333,25,-1,hivit_base_patch16_224_miil.in21k,85.0585,,,1.5307,85.05850585058506,99.97,,,0.0045,72.8024,0.4238,67.1517,86.7303,86.7303,
hgpn04,40,aircraft_pl,hivit_base_patch16_224_miil.in21k,False,,,,adamw,0.05,5e-05,,0,200,448,8,6664,3333,50,-1,hivit_base_patch16_224_miil.in21k,85.2085,,,1.5044,85.20852085208521,99.955,,,0.0053,74.068,0.4238,67.1517,86.7453,86.7453,
hgpn04,40,aircraft_pl,hivit_base_patch16_224_miil.in21k,False,,,,adamw,0.05,5e-05,,0,200,448,8,6664,3333,70,-1,hivit_base_patch16_224_miil.in21k,85.3585,,,1.4843,85.35853585358535,99.895,,,0.0105,74.2098,0.4238,67.1517,86.7574,86.7574,
hgpn04,40,aircraft_pl,hivit_base_patch16_224_miil.in21k,False,,,,adamw,0.05,0.0001,,0,200,448,8,6664,3333,25,-1,hivit_base_patch16_224_miil.in21k,82.2082,,,1.8531,82.20822082208221,99.985,,,0.0042,73.0554,0.4238,67.1517,86.7303,86.7303,
hgpn04,40,aircraft_pl,hivit_base_patch16_224_miil.in21k,False,,,,adamw,0.05,0.0001,,0,200,448,8,6664,3333,50,-1,hivit_base_patch16_224_miil.in21k,82.9583,,,1.8424,82.95829582958295,99.97,,,0.004,74.0106,0.4238,67.1517,86.7453,86.7453,
hgpn04,40,aircraft_pl,hivit_base_patch16_224_miil.in21k,False,,,,adamw,0.05,0.0001,,0,200,448,8,6664,3333,70,-1,hivit_base_patch16_224_miil.in21k,83.2583,,,1.7257,83.25832583258325,99.955,,,0.0047,74.3819,0.4238,67.1517,86.7574,86.7574,
hgpn04,40,aircraft_pl,hivit_base_patch16_224_miil.in21k,False,,,,adamw,0.05,0.0005,,0,200,448,8,6664,3333,25,-1,hivit_base_patch16_224_miil.in21k,69.2769,,,2.0393,69.27692769276928,100.0,,,0.0018,73.0769,0.4238,67.1517,86.7303,86.7303,
hgpn04,40,aircraft_pl,hivit_base_patch16_224_miil.in21k,False,,,,adamw,0.05,0.0005,,0,200,448,8,6664,3333,50,-1,hivit_base_patch16_224_miil.in21k,70.447,,,1.886,70.44704470447044,99.97,,,0.0009,74.3233,0.4238,67.1517,86.7453,86.7453,
hgpn04,40,aircraft_pl,hivit_base_patch16_224_miil.in21k,False,,,,adamw,0.05,0.0005,,0,200,448,8,6664,3333,70,-1,hivit_base_patch16_224_miil.in21k,69.1869,,,1.9907,69.18691869186918,100.0,,,0.001,74.5605,0.4238,67.1517,86.7574,86.7574,
hgpn04,40,aircraft_pl,hivit_base_patch16_224_miil.in21k,False,,,,adamw,0.05,0.001,,0,200,448,8,6664,3333,25,-1,hivit_base_patch16_224_miil.in21k,,,,,,,,,,,,,,,
hgpn04,40,aircraft_pl,hivit_base_patch16_224_miil.in21k,False,,,,adamw,0.05,0.001,,0,200,448,8,6664,3333,50,-1,hivit_base_patch16_224_miil.in21k,19.712,,,5.6456,19.711971197119713,88.5054,,,0.997,74.5472,0.4238,67.1517,86.7453,86.7453,
hgpn04,40,aircraft_pl,hivit_base_patch16_224_miil.in21k,False,,,,adamw,0.05,0.001,,0,200,448,8,6664,3333,70,-1,hivit_base_patch16_224_miil.in21k,8.9409,,,6.6311,8.94089408940894,44.6128,,,4.0606,74.131,0.4238,67.1517,86.7574,86.7574,
hgpn04,40,aircraft_pl,hivit_base_patch16_224_miil.in21k,False,,,,sgd,0.0,0.003,,0,200,448,8,6664,3333,25,-1,hivit_base_patch16_224_miil.in21k,87.6688,,,0.6553,87.66876687668767,100.0,,,0.0007,67.222,0.4238,67.1517,86.7303,86.7303,
hgpn04,40,aircraft_pl,hivit_base_patch16_224_miil.in21k,False,,,,sgd,0.0,0.003,,0,200,448,8,6664,3333,50,-1,hivit_base_patch16_224_miil.in21k,87.4287,,,0.6644,87.42874287428742,100.0,,,0.0009,68.0386,0.4238,67.1517,86.7453,86.7453,
hgpn04,40,aircraft_pl,hivit_base_patch16_224_miil.in21k,False,,,,sgd,0.0,0.003,,0,200,448,8,6664,3333,70,-1,hivit_base_patch16_224_miil.in21k,87.6688,,,0.6523,87.66876687668767,100.0,,,0.001,68.3717,0.4238,67.1517,86.7574,86.7574,
hgpn04,40,aircraft_pl,hivit_base_patch16_224_miil.in21k,False,,,,sgd,0.0,0.01,,0,200,448,8,6664,3333,25,-1,hivit_base_patch16_224_miil.in21k,89.889,,,0.6192,89.88898889888989,100.0,,,0.0001,67.1697,0.4238,67.1517,86.7303,86.7303,
hgpn04,40,aircraft_pl,hivit_base_patch16_224_miil.in21k,False,,,,sgd,0.0,0.01,,0,200,448,8,6664,3333,50,-1,hivit_base_patch16_224_miil.in21k,90.129,,,0.608,90.12901290129012,100.0,,,0.0001,67.8721,0.4238,67.1517,86.7453,86.7453,
hgpn04,40,aircraft_pl,hivit_base_patch16_224_miil.in21k,False,,,,sgd,0.0,0.01,,0,200,448,8,6664,3333,70,-1,hivit_base_patch16_224_miil.in21k,89.889,,,0.6086,89.88898889888989,100.0,,,0.0001,68.2907,0.4238,67.1517,86.7574,86.7574,
hgpn04,40,aircraft_pl,hivit_base_patch16_224_miil.in21k,False,,,,sgd,0.0,0.03,,0,200,448,8,6664,3333,25,-1,hivit_base_patch16_224_miil.in21k,88.9889,,,0.811,88.98889888988899,100.0,,,0.0,66.841,0.4238,67.1517,86.7303,86.7303,
hgpn04,40,aircraft_pl,hivit_base_patch16_224_miil.in21k,False,,,,sgd,0.0,0.03,,0,200,448,8,6664,3333,50,-1,hivit_base_patch16_224_miil.in21k,88.9889,,,0.7855,88.98889888988899,100.0,,,0.0,67.1969,0.4238,67.1517,86.7453,86.7453,
hgpn04,40,aircraft_pl,hivit_base_patch16_224_miil.in21k,False,,,,sgd,0.0,0.03,,0,200,448,8,6664,3333,70,-1,hivit_base_patch16_224_miil.in21k,88.6889,,,0.7829,88.68886888688868,100.0,,,0.0,68.1316,0.4238,67.1517,86.7574,86.7574,
hgpn04,40,aircraft_pl,hivit_base_patch16_224_miil.in21k,False,,,,sgd,0.0,0.1,,0,200,448,8,6664,3333,25,-1,hivit_base_patch16_224_miil.in21k,75.8776,,,2.3872,75.87758775877587,100.0,,,0.0008,67.6731,0.4238,67.1517,86.7303,86.7303,
hgpn04,40,aircraft_pl,hivit_base_patch16_224_miil.in21k,False,,,,sgd,0.0,0.1,,0,200,448,8,6664,3333,50,-1,hivit_base_patch16_224_miil.in21k,77.4977,,,2.1868,77.49774977497749,100.0,,,0.0001,67.1733,0.4238,67.1517,86.7453,86.7453,
hgpn04,40,aircraft_pl,hivit_base_patch16_224_miil.in21k,False,,,,sgd,0.0,0.1,,0,200,448,8,6664,3333,70,-1,hivit_base_patch16_224_miil.in21k,77.5878,,,2.1753,77.58775877587759,100.0,,,0.0004,68.152,0.4238,67.1517,86.7574,86.7574,
hgpn17,40,aircraft_pl,hivit_base_patch16_clip_224.laion2b,False,,,,adamw,0.05,5e-06,,0,200,448,8,6664,3333,25,-1,hivit_base_patch16_clip_224.laion2b,88.5989,,,1.0759,88.5988598859886,99.1597,,,0.0803,74.8039,0.4238,67.1523,86.7587,86.7587,
hgpn17,40,aircraft_pl,hivit_base_patch16_clip_224.laion2b,False,,,,adamw,0.05,5e-06,,0,200,448,8,6664,3333,50,-1,hivit_base_patch16_clip_224.laion2b,88.8989,,,1.1177,88.8988898889889,99.2497,,,0.0841,75.436,0.4238,67.1523,86.7738,86.7738,
hgpn17,40,aircraft_pl,hivit_base_patch16_clip_224.laion2b,False,,,,adamw,0.05,5e-06,,0,200,448,8,6664,3333,70,-1,hivit_base_patch16_clip_224.laion2b,87.9688,,,1.2044,87.96879687968797,99.1747,,,0.1051,77.2274,0.4238,67.1523,86.7858,86.7858,
hgpn17,40,aircraft_pl,hivit_base_patch16_clip_224.laion2b,False,,,,adamw,0.05,1e-05,,0,200,448,8,6664,3333,25,-1,hivit_base_patch16_clip_224.laion2b,87.3087,,,1.2795,87.30873087308731,99.5648,,,0.0475,74.9377,0.4238,67.1523,86.7587,86.7587,
hgpn17,40,aircraft_pl,hivit_base_patch16_clip_224.laion2b,False,,,,adamw,0.05,1e-05,,0,200,448,8,6664,3333,50,-1,hivit_base_patch16_clip_224.laion2b,87.9688,,,1.2611,87.96879687968797,99.6399,,,0.0338,74.9249,0.4238,67.1523,86.7738,86.7738,
hgpn17,40,aircraft_pl,hivit_base_patch16_clip_224.laion2b,False,,,,adamw,0.05,1e-05,,0,200,448,8,6664,3333,70,-1,hivit_base_patch16_clip_224.laion2b,87.7588,,,1.3081,87.75877587758775,99.5648,,,0.0569,76.2235,0.4238,67.1523,86.7858,86.7858,
hgpn17,40,aircraft_pl,hivit_base_patch16_clip_224.laion2b,False,,,,adamw,0.05,5e-05,,0,200,448,8,6664,3333,25,-1,hivit_base_patch16_clip_224.laion2b,80.8281,,,1.9027,80.82808280828083,99.925,,,0.0136,74.8254,0.4238,67.1523,86.7587,86.7587,
hgpn17,40,aircraft_pl,hivit_base_patch16_clip_224.laion2b,False,,,,adamw,0.05,5e-05,,0,200,448,8,6664,3333,50,-1,hivit_base_patch16_clip_224.laion2b,81.5482,,,1.8378,81.54815481548155,99.895,,,0.0158,74.9648,0.4238,67.1523,86.7738,86.7738,
hgpn17,40,aircraft_pl,hivit_base_patch16_clip_224.laion2b,False,,,,adamw,0.05,5e-05,,0,200,448,8,6664,3333,70,-1,hivit_base_patch16_clip_224.laion2b,80.408,,,1.9003,80.40804080408041,99.8499,,,0.0203,74.9617,0.4238,67.1523,86.7858,86.7858,
hgpn17,40,aircraft_pl,hivit_base_patch16_clip_224.laion2b,False,,,,adamw,0.05,0.0001,,0,200,448,8,6664,3333,25,-1,hivit_base_patch16_clip_224.laion2b,43.9844,,,3.8816,43.984398439843986,99.985,,,0.0065,74.9581,0.4238,67.1523,86.7587,86.7587,
hgpn17,40,aircraft_pl,hivit_base_patch16_clip_224.laion2b,False,,,,adamw,0.05,0.0001,,0,200,448,8,6664,3333,50,-1,hivit_base_patch16_clip_224.laion2b,57.1857,,,3.0265,57.18571857185719,99.955,,,0.002,74.6581,0.4238,67.1523,86.7738,86.7738,
hgpn17,40,aircraft_pl,hivit_base_patch16_clip_224.laion2b,False,,,,adamw,0.05,0.0001,,0,200,448,8,6664,3333,70,-1,hivit_base_patch16_clip_224.laion2b,63.2163,,,2.7273,63.216321632163215,100.0,,,0.0002,75.453,0.4238,67.1523,86.7858,86.7858,
hgpn17,40,aircraft_pl,hivit_base_patch16_clip_224.laion2b,False,,,,adamw,0.05,0.0005,,0,200,448,8,6664,3333,25,-1,hivit_base_patch16_clip_224.laion2b,15.5116,,,3.5582,15.511551155115512,16.5066,,,5.2923,75.1115,0.4238,67.1523,86.7587,86.7587,
hgpn17,40,aircraft_pl,hivit_base_patch16_clip_224.laion2b,False,,,,adamw,0.05,0.0005,,0,200,448,8,6664,3333,50,-1,hivit_base_patch16_clip_224.laion2b,16.1416,,,3.4977,16.141614161416143,20.5732,,,5.8173,75.1848,0.4238,67.1523,86.7738,86.7738,
hgpn17,40,aircraft_pl,hivit_base_patch16_clip_224.laion2b,False,,,,adamw,0.05,0.0005,,0,200,448,8,6664,3333,70,-1,hivit_base_patch16_clip_224.laion2b,,,,,,,,,,,,,,,
hgpn17,40,aircraft_pl,hivit_base_patch16_clip_224.laion2b,False,,,,adamw,0.05,0.001,,0,200,448,8,6664,3333,25,-1,hivit_base_patch16_clip_224.laion2b,,,,,,,,,,,,,,,
hgpn17,40,aircraft_pl,hivit_base_patch16_clip_224.laion2b,False,,,,adamw,0.05,0.001,,0,200,448,8,6664,3333,50,-1,hivit_base_patch16_clip_224.laion2b,,,,,,,,,,,,,,,
hgpn17,40,aircraft_pl,hivit_base_patch16_clip_224.laion2b,False,,,,adamw,0.05,0.001,,0,200,448,8,6664,3333,70,-1,hivit_base_patch16_clip_224.laion2b,,,,,,,,,,,,,,,
hgpn17,40,aircraft_pl,hivit_base_patch16_clip_224.laion2b,False,,,,sgd,0.0,0.003,,0,200,448,8,6664,3333,25,-1,hivit_base_patch16_clip_224.laion2b,83.5284,,,1.205,83.52835283528353,100.0,,,0.0003,68.9187,0.4238,67.1523,86.7587,86.7587,
hgpn17,40,aircraft_pl,hivit_base_patch16_clip_224.laion2b,False,,,,sgd,0.0,0.003,,0,200,448,8,6664,3333,50,-1,hivit_base_patch16_clip_224.laion2b,80.498,,,1.3931,80.4980498049805,100.0,,,0.0004,69.0513,0.4238,67.1523,86.7738,86.7738,
hgpn17,40,aircraft_pl,hivit_base_patch16_clip_224.laion2b,False,,,,sgd,0.0,0.003,,0,200,448,8,6664,3333,70,-1,hivit_base_patch16_clip_224.laion2b,79.538,,,1.3381,79.53795379537954,100.0,,,0.0004,68.6148,0.4238,67.1523,86.7858,86.7858,
hgpn17,40,aircraft_pl,hivit_base_patch16_clip_224.laion2b,False,,,,sgd,0.0,0.01,,0,200,448,8,6664,3333,25,-1,hivit_base_patch16_clip_224.laion2b,75.3075,,,1.7206,75.30753075307531,100.0,,,0.0001,69.2506,0.4238,67.1523,86.7587,86.7587,
hgpn17,40,aircraft_pl,hivit_base_patch16_clip_224.laion2b,False,,,,sgd,0.0,0.01,,0,200,448,8,6664,3333,50,-1,hivit_base_patch16_clip_224.laion2b,78.6979,,,1.5211,78.6978697869787,100.0,,,0.0001,68.5991,0.4238,67.1523,86.7738,86.7738,
hgpn17,40,aircraft_pl,hivit_base_patch16_clip_224.laion2b,False,,,,sgd,0.0,0.01,,0,200,448,8,6664,3333,70,-1,hivit_base_patch16_clip_224.laion2b,79.0279,,,1.5071,79.02790279027903,100.0,,,0.0001,68.7043,0.4238,67.1523,86.7858,86.7858,
hgpn17,40,aircraft_pl,hivit_base_patch16_clip_224.laion2b,False,,,,sgd,0.0,0.03,,0,200,448,8,6664,3333,25,-1,hivit_base_patch16_clip_224.laion2b,46.5047,,,3.7645,46.5046504650465,99.7299,,,0.0256,69.1189,0.4238,67.1523,86.7587,86.7587,
hgpn17,40,aircraft_pl,hivit_base_patch16_clip_224.laion2b,False,,,,sgd,0.0,0.03,,0,200,448,8,6664,3333,50,-1,hivit_base_patch16_clip_224.laion2b,48.6349,,,3.737,48.634863486348635,99.97,,,0.0057,68.9668,0.4238,67.1523,86.7738,86.7738,
hgpn17,40,aircraft_pl,hivit_base_patch16_clip_224.laion2b,False,,,,sgd,0.0,0.03,,0,200,448,8,6664,3333,70,-1,hivit_base_patch16_clip_224.laion2b,44.8545,,,4.7205,44.85448544854486,99.985,,,0.0016,69.0814,0.4238,67.1523,86.7858,86.7858,
hgpn17,40,aircraft_pl,hivit_base_patch16_clip_224.laion2b,False,,,,sgd,0.0,0.1,,0,200,448,8,6664,3333,25,-1,hivit_base_patch16_clip_224.laion2b,,,,,,,,,,,,,,,
hgpn17,40,aircraft_pl,hivit_base_patch16_clip_224.laion2b,False,,,,sgd,0.0,0.1,,0,200,448,8,6664,3333,50,-1,hivit_base_patch16_clip_224.laion2b,,,,,,,,,,,,,,,
hgpn17,40,aircraft_pl,hivit_base_patch16_clip_224.laion2b,False,,,,sgd,0.0,0.1,,0,200,448,8,6664,3333,70,-1,hivit_base_patch16_clip_224.laion2b,,,,,,,,,,,,,,,
hgpn05,40,aircraft_pl,hivit_base_patch16_siglip_224.v2_webli,False,,,,adamw,0.05,5e-06,,0,200,448,8,6664,3333,25,-1,hivit_base_patch16_siglip_224.v2_webli,88.4188,,,1.0539,88.41884188418842,99.6248,,,0.0541,84.5519,0.4629,67.9975,93.8435,93.8435,
hgpn05,40,aircraft_pl,hivit_base_patch16_siglip_224.v2_webli,False,,,,adamw,0.05,5e-06,,0,200,448,8,6664,3333,50,-1,hivit_base_patch16_siglip_224.v2_webli,88.8389,,,1.0569,88.83888388838884,99.4898,,,0.0625,84.8104,0.4629,67.9975,93.8586,93.8586,
hgpn05,40,aircraft_pl,hivit_base_patch16_siglip_224.v2_webli,False,,,,adamw,0.05,5e-06,,0,200,448,8,6664,3333,70,-1,hivit_base_patch16_siglip_224.v2_webli,90.069,,,0.9248,90.06900690069007,99.3247,,,0.0796,85.4262,0.4629,67.9975,93.8706,93.8706,
hgpn05,40,aircraft_pl,hivit_base_patch16_siglip_224.v2_webli,False,,,,adamw,0.05,1e-05,,0,200,448,8,6664,3333,25,-1,hivit_base_patch16_siglip_224.v2_webli,88.1488,,,1.2132,88.14881488148815,99.5198,,,0.0568,84.752,0.4629,67.9975,93.8435,93.8435,
hgpn05,40,aircraft_pl,hivit_base_patch16_siglip_224.v2_webli,False,,,,adamw,0.05,1e-05,,0,200,448,8,6664,3333,50,-1,hivit_base_patch16_siglip_224.v2_webli,88.2688,,,1.1022,88.26882688268827,99.5198,,,0.0556,85.0222,0.4629,67.9975,93.8586,93.8586,
hgpn05,40,aircraft_pl,hivit_base_patch16_siglip_224.v2_webli,False,,,,adamw,0.05,1e-05,,0,200,448,8,6664,3333,70,-1,hivit_base_patch16_siglip_224.v2_webli,89.3489,,,1.0193,89.34893489348934,99.5648,,,0.0479,85.6779,0.4629,67.9975,93.8706,93.8706,
hgpn05,40,aircraft_pl,hivit_base_patch16_siglip_224.v2_webli,False,,,,adamw,0.05,5e-05,,0,200,448,8,6664,3333,25,-1,hivit_base_patch16_siglip_224.v2_webli,84.9085,,,1.6364,84.90849084908491,99.955,,,0.0044,84.3886,0.4629,67.9975,93.8435,93.8435,
hgpn05,40,aircraft_pl,hivit_base_patch16_siglip_224.v2_webli,False,,,,adamw,0.05,5e-05,,0,200,448,8,6664,3333,50,-1,hivit_base_patch16_siglip_224.v2_webli,82.7183,,,1.8796,82.71827182718272,99.94,,,0.0056,85.273,0.4629,67.9975,93.8586,93.8586,
hgpn05,40,aircraft_pl,hivit_base_patch16_siglip_224.v2_webli,False,,,,adamw,0.05,5e-05,,0,200,448,8,6664,3333,70,-1,hivit_base_patch16_siglip_224.v2_webli,76.9577,,,2.9719,76.95769576957696,99.8499,,,0.0145,84.9892,0.4629,67.9975,93.8706,93.8706,
hgpn05,40,aircraft_pl,hivit_base_patch16_siglip_224.v2_webli,False,,,,adamw,0.05,0.0001,,0,200,448,8,6664,3333,25,-1,hivit_base_patch16_siglip_224.v2_webli,80.468,,,1.8853,80.46804680468047,99.985,,,0.0022,84.2442,0.4629,67.9975,93.8435,93.8435,
hgpn05,40,aircraft_pl,hivit_base_patch16_siglip_224.v2_webli,False,,,,adamw,0.05,0.0001,,0,200,448,8,6664,3333,50,-1,hivit_base_patch16_siglip_224.v2_webli,77.1677,,,2.0344,77.16771677167716,100.0,,,0.0001,84.7887,0.4629,67.9975,93.8586,93.8586,
hgpn05,40,aircraft_pl,hivit_base_patch16_siglip_224.v2_webli,False,,,,adamw,0.05,0.0001,,0,200,448,8,6664,3333,70,-1,hivit_base_patch16_siglip_224.v2_webli,57.0657,,,3.0511,57.06570657065706,99.955,,,0.0032,85.8595,0.4629,67.9975,93.8706,93.8706,
hgpn05,40,aircraft_pl,hivit_base_patch16_siglip_224.v2_webli,False,,,,adamw,0.05,0.0005,,0,200,448,8,6664,3333,25,-1,hivit_base_patch16_siglip_224.v2_webli,,,,,,,,,,,,,,,
hgpn05,40,aircraft_pl,hivit_base_patch16_siglip_224.v2_webli,False,,,,adamw,0.05,0.0005,,0,200,448,8,6664,3333,50,-1,hivit_base_patch16_siglip_224.v2_webli,,,,,,,,,,,,,,,
hgpn05,40,aircraft_pl,hivit_base_patch16_siglip_224.v2_webli,False,,,,adamw,0.05,0.0005,,0,200,448,8,6664,3333,70,-1,hivit_base_patch16_siglip_224.v2_webli,15.7816,,,3.467,15.78157815781578,18.6375,,,6.4354,86.7487,0.4629,67.9975,93.8706,93.8706,
hgpn05,40,aircraft_pl,hivit_base_patch16_siglip_224.v2_webli,False,,,,adamw,0.05,0.001,,0,200,448,8,6664,3333,25,-1,hivit_base_patch16_siglip_224.v2_webli,,,,,,,,,,,,,,,
hgpn05,40,aircraft_pl,hivit_base_patch16_siglip_224.v2_webli,False,,,,adamw,0.05,0.001,,0,200,448,8,6664,3333,50,-1,hivit_base_patch16_siglip_224.v2_webli,,,,,,,,,,,,,,,
hgpn05,40,aircraft_pl,hivit_base_patch16_siglip_224.v2_webli,False,,,,adamw,0.05,0.001,,0,200,448,8,6664,3333,70,-1,hivit_base_patch16_siglip_224.v2_webli,,,,,,,,,,,,,,,
hgpn05,40,aircraft_pl,hivit_base_patch16_siglip_224.v2_webli,False,,,,sgd,0.0,0.003,,0,200,448,8,6664,3333,25,-1,hivit_base_patch16_siglip_224.v2_webli,93.0093,,,0.4615,93.009300930093,100.0,,,0.0003,78.4763,0.4629,67.9975,93.8435,93.8435,
hgpn05,40,aircraft_pl,hivit_base_patch16_siglip_224.v2_webli,False,,,,sgd,0.0,0.003,,0,200,448,8,6664,3333,50,-1,hivit_base_patch16_siglip_224.v2_webli,93.0693,,,0.4688,93.06930693069307,100.0,,,0.0003,78.6861,0.4629,67.9975,93.8586,93.8586,
hgpn05,40,aircraft_pl,hivit_base_patch16_siglip_224.v2_webli,False,,,,sgd,0.0,0.003,,0,200,448,8,6664,3333,70,-1,hivit_base_patch16_siglip_224.v2_webli,93.6694,,,0.4437,93.66936693669366,100.0,,,0.0003,79.7512,0.4629,67.9975,93.8706,93.8706,
hgpn05,40,aircraft_pl,hivit_base_patch16_siglip_224.v2_webli,False,,,,sgd,0.0,0.01,,0,200,448,8,6664,3333,25,-1,hivit_base_patch16_siglip_224.v2_webli,92.6193,,,0.5797,92.61926192619262,100.0,,,0.0001,77.7169,0.4629,67.9975,93.8435,93.8435,
hgpn05,40,aircraft_pl,hivit_base_patch16_siglip_224.v2_webli,False,,,,sgd,0.0,0.01,,0,200,448,8,6664,3333,50,-1,hivit_base_patch16_siglip_224.v2_webli,91.5992,,,0.6403,91.5991599159916,100.0,,,0.0001,78.4231,0.4629,67.9975,93.8586,93.8586,
hgpn05,40,aircraft_pl,hivit_base_patch16_siglip_224.v2_webli,False,,,,sgd,0.0,0.01,,0,200,448,8,6664,3333,70,-1,hivit_base_patch16_siglip_224.v2_webli,89.919,,,0.8841,89.91899189918992,100.0,,,0.0001,79.8592,0.4629,67.9975,93.8706,93.8706,
hgpn05,40,aircraft_pl,hivit_base_patch16_siglip_224.v2_webli,False,,,,sgd,0.0,0.03,,0,200,448,8,6664,3333,25,-1,hivit_base_patch16_siglip_224.v2_webli,87.2487,,,1.0249,87.24872487248724,100.0,,,0.0,78.3045,0.4629,67.9975,93.8435,93.8435,
hgpn05,40,aircraft_pl,hivit_base_patch16_siglip_224.v2_webli,False,,,,sgd,0.0,0.03,,0,200,448,8,6664,3333,50,-1,hivit_base_patch16_siglip_224.v2_webli,87.1587,,,1.0362,87.15871587158716,100.0,,,0.0,78.2874,0.4629,67.9975,93.8586,93.8586,
hgpn05,40,aircraft_pl,hivit_base_patch16_siglip_224.v2_webli,False,,,,sgd,0.0,0.03,,0,200,448,8,6664,3333,70,-1,hivit_base_patch16_siglip_224.v2_webli,68.1368,,,2.2885,68.13681368136814,100.0,,,0.0005,79.6719,0.4629,67.9975,93.8706,93.8706,
hgpn05,40,aircraft_pl,hivit_base_patch16_siglip_224.v2_webli,False,,,,sgd,0.0,0.1,,0,200,448,8,6664,3333,25,-1,hivit_base_patch16_siglip_224.v2_webli,21.3321,,,3.1973,21.33213321332133,24.6699,,,5.2872,77.6274,0.4629,67.9975,93.8435,93.8435,
hgpn05,40,aircraft_pl,hivit_base_patch16_siglip_224.v2_webli,False,,,,sgd,0.0,0.1,,0,200,448,8,6664,3333,50,-1,hivit_base_patch16_siglip_224.v2_webli,,,,,,,,,,,,,,,
hgpn05,40,aircraft_pl,hivit_base_patch16_siglip_224.v2_webli,False,,,,sgd,0.0,0.1,,0,200,448,8,6664,3333,70,-1,hivit_base_patch16_siglip_224.v2_webli,35.0735,,,2.7439,35.07350735073507,53.1363,,,3.3439,78.5183,0.4629,67.9975,93.8706,93.8706,
hgpn18,40,cars_pl,hideit3_base_patch16_224.fb_in1k,False,,,,adamw,0.05,5e-06,,0,200,448,8,8144,8041,25,-1,hideit3_base_patch16_224.fb_in1k,89.8023,,,0.7894,89.80226340007462,99.7544,,,0.0084,105.6911,0.4434,67.1662,86.8189,86.8189,
hgpn18,40,cars_pl,hideit3_base_patch16_224.fb_in1k,False,,,,adamw,0.05,5e-06,,0,200,448,8,8144,8041,50,-1,hideit3_base_patch16_224.fb_in1k,90.2624,,,0.8108,90.26240517348587,99.7421,,,0.0155,106.0203,0.4453,67.1662,86.8484,86.8484,
hgpn18,40,cars_pl,hideit3_base_patch16_224.fb_in1k,False,,,,adamw,0.05,1e-05,,0,200,448,8,8144,8041,25,-1,hideit3_base_patch16_224.fb_in1k,91.3071,,,0.7509,91.30705136177092,99.7299,,,0.0082,106.237,0.4434,67.1662,86.8189,86.8189,
hgpn18,40,cars_pl,hideit3_base_patch16_224.fb_in1k,False,,,,adamw,0.05,1e-05,,0,200,448,8,8144,8041,50,-1,hideit3_base_patch16_224.fb_in1k,90.8718,,,0.7884,90.87178211665216,99.7176,,,0.0115,105.9776,0.4453,67.1662,86.8484,86.8484,
hgpn18,40,cars_pl,hideit3_base_patch16_224.fb_in1k,False,,,,adamw,0.05,1e-05,,0,200,448,8,8144,8041,70,-1,hideit3_base_patch16_224.fb_in1k,,,,,,,,,,,,,,,
hgpn18,40,cars_pl,hideit3_base_patch16_224.fb_in1k,False,,,,adamw,0.05,5e-05,,0,200,448,8,8144,8041,25,-1,hideit3_base_patch16_224.fb_in1k,90.25,,,1.0358,90.24996890933964,99.8281,,,0.0041,106.1334,0.4434,67.1662,86.8189,86.8189,
hgpn18,40,cars_pl,hideit3_base_patch16_224.fb_in1k,False,,,,adamw,0.05,5e-05,,0,200,448,8,8144,8041,50,-1,hideit3_base_patch16_224.fb_in1k,90.6479,,,0.9983,90.64792936201964,99.7667,,,0.0084,105.8789,0.4453,67.1662,86.8484,86.8484,
hgpn18,40,cars_pl,hideit3_base_patch16_224.fb_in1k,False,,,,adamw,0.05,5e-05,,0,200,448,8,8144,8041,70,-1,hideit3_base_patch16_224.fb_in1k,90.337,,,1.0379,90.3370227583634,99.8158,,,0.01,106.3277,0.4453,67.1663,86.8718,86.8718,
hgpn18,40,cars_pl,hideit3_base_patch16_224.fb_in1k,False,,,,adamw,0.05,0.0001,,0,200,448,8,8144,8041,25,-1,hideit3_base_patch16_224.fb_in1k,87.713,,,1.2613,87.71297102350454,99.779,,,0.0045,105.8952,0.4434,67.1662,86.8189,86.8189,
hgpn18,40,cars_pl,hideit3_base_patch16_224.fb_in1k,False,,,,adamw,0.05,0.0001,,0,200,448,8,8144,8041,50,-1,hideit3_base_patch16_224.fb_in1k,88.3721,,,1.2649,88.37209302325581,99.8404,,,0.0048,105.3101,0.4453,67.1662,86.8484,86.8484,
hgpn18,40,cars_pl,hideit3_base_patch16_224.fb_in1k,False,,,,adamw,0.05,0.0001,,0,200,448,8,8144,8041,70,-1,hideit3_base_patch16_224.fb_in1k,88.2229,,,1.1562,88.22285785350081,99.693,,,0.0109,106.1639,0.4453,67.1663,86.8718,86.8718,
hgpn18,40,cars_pl,hideit3_base_patch16_224.fb_in1k,False,,,,adamw,0.05,0.0005,,0,200,448,8,8144,8041,25,-1,hideit3_base_patch16_224.fb_in1k,4.0542,,,5.8453,4.054222111677652,21.5373,,,6.1552,106.5637,0.4434,67.1662,86.8189,86.8189,
hgpn18,40,cars_pl,hideit3_base_patch16_224.fb_in1k,False,,,,adamw,0.05,0.0005,,0,200,448,8,8144,8041,50,-1,hideit3_base_patch16_224.fb_in1k,16.6895,,,4.2883,16.689466484268127,53.831,,,4.1256,107.076,0.4453,67.1662,86.8484,86.8484,
hgpn18,40,cars_pl,hideit3_base_patch16_224.fb_in1k,False,,,,adamw,0.05,0.0005,,0,200,448,8,8144,8041,70,-1,hideit3_base_patch16_224.fb_in1k,4.9994,,,5.9614,4.999378186792687,25.4666,,,6.747,106.1116,0.4453,67.1663,86.8718,86.8718,
hgpn18,40,cars_pl,hideit3_base_patch16_224.fb_in1k,False,,,,adamw,0.05,0.001,,0,200,448,8,8144,8041,25,-1,hideit3_base_patch16_224.fb_in1k,6.0067,,,4.7815,6.006715582638975,8.2638,,,7.4372,105.6219,0.4434,67.1662,86.8189,86.8189,
hgpn18,40,cars_pl,hideit3_base_patch16_224.fb_in1k,False,,,,adamw,0.05,0.001,,0,200,448,8,8144,8041,50,-1,hideit3_base_patch16_224.fb_in1k,,,,,,,,,,,,,,,
hgpn18,40,cars_pl,hideit3_base_patch16_224.fb_in1k,False,,,,adamw,0.05,0.001,,0,200,448,8,8144,8041,70,-1,hideit3_base_patch16_224.fb_in1k,3.992,,,4.9275,3.9920407909464,5.1449,,,9.2012,107.2589,0.4453,67.1663,86.8718,86.8718,
hgpn18,40,cars_pl,hideit3_base_patch16_224.fb_in1k,False,,,,sgd,0.0,0.003,,0,200,448,8,8144,8041,25,-1,hideit3_base_patch16_224.fb_in1k,91.3071,,,0.4381,91.30705136177092,99.8035,,,0.0081,97.1434,0.4434,67.1662,86.8189,86.8189,
hgpn18,40,cars_pl,hideit3_base_patch16_224.fb_in1k,False,,,,sgd,0.0,0.003,,0,200,448,8,8144,8041,50,-1,hideit3_base_patch16_224.fb_in1k,91.4812,,,0.4475,91.48115905981842,99.8404,,,0.0084,97.6948,0.4453,67.1662,86.8484,86.8484,
hgpn18,40,cars_pl,hideit3_base_patch16_224.fb_in1k,False,,,,sgd,0.0,0.003,,0,200,448,8,8144,8041,70,-1,hideit3_base_patch16_224.fb_in1k,91.6677,,,0.4471,91.6677030220122,99.8281,,,0.0091,97.9363,0.4453,67.1663,86.8718,86.8718,
hgpn18,40,cars_pl,hideit3_base_patch16_224.fb_in1k,False,,,,sgd,0.0,0.01,,0,200,448,8,8144,8041,25,-1,hideit3_base_patch16_224.fb_in1k,92.9611,,,0.4386,92.96107449322224,99.8281,,,0.004,97.1378,0.4434,67.1662,86.8189,86.8189,
hgpn18,40,cars_pl,hideit3_base_patch16_224.fb_in1k,False,,,,sgd,0.0,0.01,,0,200,448,8,8144,8041,50,-1,hideit3_base_patch16_224.fb_in1k,93.4461,,,0.4267,93.446088794926,99.8281,,,0.0049,97.7444,0.4453,67.1662,86.8484,86.8484,
hgpn18,40,cars_pl,hideit3_base_patch16_224.fb_in1k,False,,,,sgd,0.0,0.01,,0,200,448,8,8144,8041,70,-1,hideit3_base_patch16_224.fb_in1k,93.1103,,,0.4386,93.11030966297724,99.8404,,,0.0054,98.1,0.4453,67.1663,86.8718,86.8718,
hgpn18,40,cars_pl,hideit3_base_patch16_224.fb_in1k,False,,,,sgd,0.0,0.03,,0,200,448,8,8144,8041,25,-1,hideit3_base_patch16_224.fb_in1k,93.1103,,,0.4704,93.11030966297724,99.8649,,,0.0038,97.1602,0.4434,67.1662,86.8189,86.8189,
hgpn18,40,cars_pl,hideit3_base_patch16_224.fb_in1k,False,,,,sgd,0.0,0.03,,0,200,448,8,8144,8041,50,-1,hideit3_base_patch16_224.fb_in1k,93.2222,,,0.4727,93.2222360402935,99.8527,,,0.0051,97.822,0.4453,67.1662,86.8484,86.8484,
hgpn18,40,cars_pl,hideit3_base_patch16_224.fb_in1k,False,,,,sgd,0.0,0.03,,0,200,448,8,8144,8041,70,-1,hideit3_base_patch16_224.fb_in1k,93.2098,,,0.4568,93.20979977614724,99.8035,,,0.0053,97.7185,0.4453,67.1663,86.8718,86.8718,
hgpn18,40,cars_pl,hideit3_base_patch16_224.fb_in1k,False,,,,sgd,0.0,0.1,,0,200,448,8,8144,8041,25,-1,hideit3_base_patch16_224.fb_in1k,88.4343,,,0.9845,88.43427434398707,99.8404,,,0.0043,97.7747,0.4434,67.1662,86.8189,86.8189,
hgpn18,40,cars_pl,hideit3_base_patch16_224.fb_in1k,False,,,,sgd,0.0,0.1,,0,200,448,8,8144,8041,50,-1,hideit3_base_patch16_224.fb_in1k,88.9193,,,0.9755,88.91928864569084,99.8404,,,0.0065,97.6287,0.4453,67.1662,86.8484,86.8484,
hgpn18,40,cars_pl,hideit3_base_patch16_224.fb_in1k,False,,,,sgd,0.0,0.1,,0,200,448,8,8144,8041,70,-1,hideit3_base_patch16_224.fb_in1k,88.1731,,,0.9868,88.1731127969158,99.8281,,,0.0059,97.4521,0.4453,67.1663,86.8718,86.8718,
hgpn03,40,cars_pl,hideit3_base_patch16_224.fb_in22k_ft_in1k,False,,,,adamw,0.05,5e-06,,0,200,448,8,8144,8041,25,-1,hideit3_base_patch16_224.fb_in22k_ft_in1k,90.8718,,,0.7616,90.87178211665216,99.6562,,,0.0211,105.4297,0.4434,67.1662,86.8189,86.8189,
hgpn03,40,cars_pl,hideit3_base_patch16_224.fb_in22k_ft_in1k,False,,,,adamw,0.05,5e-06,,0,200,448,8,8144,8041,50,-1,hideit3_base_patch16_224.fb_in22k_ft_in1k,89.4167,,,0.8307,89.41673921154086,99.6316,,,0.0195,106.942,0.4453,67.1662,86.8484,86.8484,
hgpn03,40,cars_pl,hideit3_base_patch16_224.fb_in22k_ft_in1k,False,,,,adamw,0.05,1e-05,,0,200,448,8,8144,8041,25,-1,hideit3_base_patch16_224.fb_in22k_ft_in1k,90.8967,,,0.7902,90.89665464494466,99.693,,,0.0137,105.1172,0.4434,67.1662,86.8189,86.8189,
hgpn03,40,cars_pl,hideit3_base_patch16_224.fb_in22k_ft_in1k,False,,,,adamw,0.05,1e-05,,0,200,448,8,8144,8041,50,-1,hideit3_base_patch16_224.fb_in22k_ft_in1k,91.1703,,,0.8006,91.17025245616216,99.7667,,,0.0082,106.3716,0.4453,67.1662,86.8484,86.8484,
hgpn03,40,cars_pl,hideit3_base_patch16_224.fb_in22k_ft_in1k,False,,,,adamw,0.05,1e-05,,0,200,448,8,8144,8041,70,-1,hideit3_base_patch16_224.fb_in22k_ft_in1k,,,,,,,,,,,,,,,
hgpn03,40,cars_pl,hideit3_base_patch16_224.fb_in22k_ft_in1k,False,,,,adamw,0.05,5e-05,,0,200,448,8,8144,8041,25,-1,hideit3_base_patch16_224.fb_in22k_ft_in1k,90.1878,,,1.0488,90.1877875886084,99.7544,,,0.01,105.2094,0.4434,67.1662,86.8189,86.8189,
hgpn03,40,cars_pl,hideit3_base_patch16_224.fb_in22k_ft_in1k,False,,,,adamw,0.05,5e-05,,0,200,448,8,8144,8041,50,-1,hideit3_base_patch16_224.fb_in22k_ft_in1k,90.4614,,,1.0049,90.46138539982589,99.8158,,,0.0056,106.1854,0.4453,67.1662,86.8484,86.8484,
hgpn03,40,cars_pl,hideit3_base_patch16_224.fb_in22k_ft_in1k,False,,,,adamw,0.05,5e-05,,0,200,448,8,8144,8041,70,-1,hideit3_base_patch16_224.fb_in22k_ft_in1k,90.5982,,,1.0146,90.59818430543464,99.7667,,,0.0132,105.8685,0.4453,67.1663,86.8718,86.8718,
hgpn03,40,cars_pl,hideit3_base_patch16_224.fb_in22k_ft_in1k,False,,,,adamw,0.05,0.0001,,0,200,448,8,8144,8041,25,-1,hideit3_base_patch16_224.fb_in22k_ft_in1k,88.5462,,,1.1407,88.54620072130332,99.7667,,,0.0077,105.5239,0.4434,67.1662,86.8189,86.8189,
hgpn03,40,cars_pl,hideit3_base_patch16_224.fb_in22k_ft_in1k,False,,,,adamw,0.05,0.0001,,0,200,448,8,8144,8041,50,-1,hideit3_base_patch16_224.fb_in22k_ft_in1k,88.397,,,1.2274,88.39696555154832,99.7667,,,0.0077,105.9197,0.4453,67.1662,86.8484,86.8484,
hgpn03,40,cars_pl,hideit3_base_patch16_224.fb_in22k_ft_in1k,False,,,,adamw,0.05,0.0001,,0,200,448,8,8144,8041,70,-1,hideit3_base_patch16_224.fb_in22k_ft_in1k,88.2726,,,1.2676,88.27260291008581,99.8035,,,0.0074,106.6466,0.4453,67.1663,86.8718,86.8718,
hgpn03,40,cars_pl,hideit3_base_patch16_224.fb_in22k_ft_in1k,False,,,,adamw,0.05,0.0005,,0,200,448,8,8144,8041,25,-1,hideit3_base_patch16_224.fb_in22k_ft_in1k,3.022,,,6.5675,3.0220121875388632,22.7284,,,6.2233,105.6579,0.4434,67.1662,86.8189,86.8189,
hgpn03,40,cars_pl,hideit3_base_patch16_224.fb_in22k_ft_in1k,False,,,,adamw,0.05,0.0005,,0,200,448,8,8144,8041,50,-1,hideit3_base_patch16_224.fb_in22k_ft_in1k,4.2035,,,6.2364,4.203457281432658,22.0899,,,6.8923,106.5618,0.4453,67.1662,86.8484,86.8484,
hgpn03,40,cars_pl,hideit3_base_patch16_224.fb_in22k_ft_in1k,False,,,,adamw,0.05,0.0005,,0,200,448,8,8144,8041,70,-1,hideit3_base_patch16_224.fb_in22k_ft_in1k,5.1984,,,6.1883,5.198358413132695,31.9622,,,5.9654,106.6587,0.4453,67.1663,86.8718,86.8718,
hgpn03,40,cars_pl,hideit3_base_patch16_224.fb_in22k_ft_in1k,False,,,,adamw,0.05,0.001,,0,200,448,8,8144,8041,25,-1,hideit3_base_patch16_224.fb_in22k_ft_in1k,6.8648,,,4.8138,6.864817808730257,11.2353,,,7.2464,105.5625,0.4434,67.1662,86.8189,86.8189,
hgpn03,40,cars_pl,hideit3_base_patch16_224.fb_in22k_ft_in1k,False,,,,adamw,0.05,0.001,,0,200,448,8,8144,8041,50,-1,hideit3_base_patch16_224.fb_in22k_ft_in1k,,,,,,,,,,,,,,,
hgpn03,40,cars_pl,hideit3_base_patch16_224.fb_in22k_ft_in1k,False,,,,adamw,0.05,0.001,,0,200,448,8,8144,8041,70,-1,hideit3_base_patch16_224.fb_in22k_ft_in1k,4.6139,,,5.3728,4.613853998258923,13.9121,,,7.9706,105.8175,0.4453,67.1663,86.8718,86.8718,
hgpn03,40,cars_pl,hideit3_base_patch16_224.fb_in22k_ft_in1k,False,,,,sgd,0.0,0.003,,0,200,448,8,8144,8041,25,-1,hideit3_base_patch16_224.fb_in22k_ft_in1k,91.4936,,,0.4471,91.49359532396468,99.8281,,,0.0096,97.4762,0.4434,67.1662,86.8189,86.8189,
hgpn03,40,cars_pl,hideit3_base_patch16_224.fb_in22k_ft_in1k,False,,,,sgd,0.0,0.003,,0,200,448,8,8144,8041,50,-1,hideit3_base_patch16_224.fb_in22k_ft_in1k,91.3817,,,0.4439,91.38166894664845,99.8404,,,0.0083,97.2445,0.4453,67.1662,86.8484,86.8484,
hgpn03,40,cars_pl,hideit3_base_patch16_224.fb_in22k_ft_in1k,False,,,,sgd,0.0,0.003,,0,200,448,8,8144,8041,70,-1,hideit3_base_patch16_224.fb_in22k_ft_in1k,91.3444,,,0.4363,91.34436015420968,99.8158,,,0.0094,97.7579,0.4453,67.1663,86.8718,86.8718,
hgpn03,40,cars_pl,hideit3_base_patch16_224.fb_in22k_ft_in1k,False,,,,sgd,0.0,0.01,,0,200,448,8,8144,8041,25,-1,hideit3_base_patch16_224.fb_in22k_ft_in1k,93.1725,,,0.4308,93.1724909837085,99.8649,,,0.0048,97.5868,0.4434,67.1662,86.8189,86.8189,
hgpn03,40,cars_pl,hideit3_base_patch16_224.fb_in22k_ft_in1k,False,,,,sgd,0.0,0.01,,0,200,448,8,8144,8041,50,-1,hideit3_base_patch16_224.fb_in22k_ft_in1k,93.0357,,,0.4445,93.03569207809974,99.8895,,,0.0041,97.057,0.4453,67.1662,86.8484,86.8484,
hgpn03,40,cars_pl,hideit3_base_patch16_224.fb_in22k_ft_in1k,False,,,,sgd,0.0,0.01,,0,200,448,8,8144,8041,70,-1,hideit3_base_patch16_224.fb_in22k_ft_in1k,93.1849,,,0.4357,93.18492724785474,99.8281,,,0.0049,97.7138,0.4453,67.1663,86.8718,86.8718,
hgpn03,40,cars_pl,hideit3_base_patch16_224.fb_in22k_ft_in1k,False,,,,sgd,0.0,0.03,,0,200,448,8,8144,8041,25,-1,hideit3_base_patch16_224.fb_in22k_ft_in1k,93.6202,,,0.4705,93.6201964929735,99.8404,,,0.0046,97.9301,0.4434,67.1662,86.8189,86.8189,
hgpn03,40,cars_pl,hideit3_base_patch16_224.fb_in22k_ft_in1k,False,,,,sgd,0.0,0.03,,0,200,448,8,8144,8041,50,-1,hideit3_base_patch16_224.fb_in22k_ft_in1k,93.272,,,0.4822,93.27198109687848,99.8404,,,0.0043,97.6297,0.4453,67.1662,86.8484,86.8484,
hgpn03,40,cars_pl,hideit3_base_patch16_224.fb_in22k_ft_in1k,False,,,,sgd,0.0,0.03,,0,200,448,8,8144,8041,70,-1,hideit3_base_patch16_224.fb_in22k_ft_in1k,93.3466,,,0.4819,93.346598681756,99.8404,,,0.0049,97.6235,0.4453,67.1663,86.8718,86.8718,
hgpn03,40,cars_pl,hideit3_base_patch16_224.fb_in22k_ft_in1k,False,,,,sgd,0.0,0.1,,0,200,448,8,8144,8041,25,-1,hideit3_base_patch16_224.fb_in22k_ft_in1k,87.9741,,,1.036,87.9741325705758,99.8158,,,0.0056,97.4155,0.4434,67.1662,86.8189,86.8189,
hgpn03,40,cars_pl,hideit3_base_patch16_224.fb_in22k_ft_in1k,False,,,,sgd,0.0,0.1,,0,200,448,8,8144,8041,50,-1,hideit3_base_patch16_224.fb_in22k_ft_in1k,88.3845,,,0.9574,88.38452928740206,99.8281,,,0.0065,97.0081,0.4453,67.1662,86.8484,86.8484,
hgpn03,40,cars_pl,hideit3_base_patch16_224.fb_in22k_ft_in1k,False,,,,sgd,0.0,0.1,,0,200,448,8,8144,8041,70,-1,hideit3_base_patch16_224.fb_in22k_ft_in1k,88.9069,,,0.9549,88.90685238154458,99.8649,,,0.0056,98.2583,0.4453,67.1663,86.8718,86.8718,
hgpn04,40,cars_pl,hideit_base_patch16_224.fb_in1k,False,,,,adamw,0.05,5e-06,,0,200,448,8,8144,8041,25,-1,hideit_base_patch16_224.fb_in1k,90.0883,,,0.6886,90.08829747543838,99.7053,,,0.0086,97.9874,0.4238,67.1517,86.8013,86.8013,
hgpn04,40,cars_pl,hideit_base_patch16_224.fb_in1k,False,,,,adamw,0.05,5e-06,,0,200,448,8,8144,8041,50,-1,hideit_base_patch16_224.fb_in1k,91.6428,,,0.6036,91.64283049371969,99.7421,,,0.0111,98.9956,0.4238,67.1518,86.8307,86.8307,
hgpn04,40,cars_pl,hideit_base_patch16_224.fb_in1k,False,,,,adamw,0.05,5e-06,,0,200,448,8,8144,8041,70,-1,hideit_base_patch16_224.fb_in1k,90.6728,,,0.6517,90.67280189031214,99.7421,,,0.0145,97.9277,0.4258,67.1518,86.8542,86.8542,
hgpn04,40,cars_pl,hideit_base_patch16_224.fb_in1k,False,,,,adamw,0.05,1e-05,,0,200,448,8,8144,8041,25,-1,hideit_base_patch16_224.fb_in1k,90.0759,,,0.7433,90.07586121129212,99.7299,,,0.0139,97.7909,0.4238,67.1517,86.8013,86.8013,
hgpn04,40,cars_pl,hideit_base_patch16_224.fb_in1k,False,,,,adamw,0.05,1e-05,,0,200,448,8,8144,8041,50,-1,hideit_base_patch16_224.fb_in1k,90.735,,,0.6986,90.7349832110434,99.8035,,,0.0085,98.0952,0.4238,67.1518,86.8307,86.8307,
hgpn04,40,cars_pl,hideit_base_patch16_224.fb_in1k,False,,,,adamw,0.05,1e-05,,0,200,448,8,8144,8041,70,-1,hideit_base_patch16_224.fb_in1k,90.9961,,,0.6476,90.99614475811468,99.7667,,,0.0098,97.94,0.4258,67.1518,86.8542,86.8542,
hgpn04,40,cars_pl,hideit_base_patch16_224.fb_in1k,False,,,,adamw,0.05,5e-05,,0,200,448,8,8144,8041,25,-1,hideit_base_patch16_224.fb_in1k,90.7225,,,0.7855,90.72254694689715,99.8035,,,0.005,97.3334,0.4238,67.1517,86.8013,86.8013,
hgpn04,40,cars_pl,hideit_base_patch16_224.fb_in1k,False,,,,adamw,0.05,5e-05,,0,200,448,8,8144,8041,50,-1,hideit_base_patch16_224.fb_in1k,90.3619,,,0.8435,90.3618952866559,99.779,,,0.0135,98.0245,0.4238,67.1518,86.8307,86.8307,
hgpn04,40,cars_pl,hideit_base_patch16_224.fb_in1k,False,,,,adamw,0.05,5e-05,,0,200,448,8,8144,8041,70,-1,hideit_base_patch16_224.fb_in1k,90.4738,,,0.848,90.47382166397216,99.8281,,,0.0063,97.8702,0.4258,67.1518,86.8542,86.8542,
hgpn04,40,cars_pl,hideit_base_patch16_224.fb_in1k,False,,,,adamw,0.05,0.0001,,0,200,448,8,8144,8041,25,-1,hideit_base_patch16_224.fb_in1k,88.4591,,,1.0069,88.45914687227956,99.8281,,,0.0082,97.8833,0.4238,67.1517,86.8013,86.8013,
hgpn04,40,cars_pl,hideit_base_patch16_224.fb_in1k,False,,,,adamw,0.05,0.0001,,0,200,448,8,8144,8041,50,-1,hideit_base_patch16_224.fb_in1k,88.8695,,,0.941,88.86954358910583,99.779,,,0.0065,97.4858,0.4238,67.1518,86.8307,86.8307,
hgpn04,40,cars_pl,hideit_base_patch16_224.fb_in1k,False,,,,adamw,0.05,0.0001,,0,200,448,8,8144,8041,70,-1,hideit_base_patch16_224.fb_in1k,87.8249,,,1.0732,87.82489740082079,99.8158,,,0.0072,97.9115,0.4258,67.1518,86.8542,86.8542,
hgpn04,40,cars_pl,hideit_base_patch16_224.fb_in1k,False,,,,adamw,0.05,0.0005,,0,200,448,8,8144,8041,25,-1,hideit_base_patch16_224.fb_in1k,57.1198,,,2.7341,57.11976122372839,99.8281,,,0.0107,98.0502,0.4238,67.1517,86.8013,86.8013,
hgpn04,40,cars_pl,hideit_base_patch16_224.fb_in1k,False,,,,adamw,0.05,0.0005,,0,200,448,8,8144,8041,50,-1,hideit_base_patch16_224.fb_in1k,13.7172,,,8.7792,13.717199353314264,96.5742,,,0.4453,98.0256,0.4238,67.1518,86.8307,86.8307,
hgpn04,40,cars_pl,hideit_base_patch16_224.fb_in1k,False,,,,adamw,0.05,0.0005,,0,200,448,8,8144,8041,70,-1,hideit_base_patch16_224.fb_in1k,21.8008,,,4.3387,21.80077104837707,77.0383,,,1.9381,97.6564,0.4258,67.1518,86.8542,86.8542,
hgpn04,40,cars_pl,hideit_base_patch16_224.fb_in1k,False,,,,adamw,0.05,0.001,,0,200,448,8,8144,8041,25,-1,hideit_base_patch16_224.fb_in1k,,,,,,,,,,,,,,,
hgpn04,40,cars_pl,hideit_base_patch16_224.fb_in1k,False,,,,adamw,0.05,0.001,,0,200,448,8,8144,8041,50,-1,hideit_base_patch16_224.fb_in1k,,,,,,,,,,,,,,,
hgpn04,40,cars_pl,hideit_base_patch16_224.fb_in1k,False,,,,adamw,0.05,0.001,,0,200,448,8,8144,8041,70,-1,hideit_base_patch16_224.fb_in1k,,,,,,,,,,,,,,,
hgpn04,40,cars_pl,hideit_base_patch16_224.fb_in1k,False,,,,sgd,0.0,0.003,,0,200,448,8,8144,8041,25,-1,hideit_base_patch16_224.fb_in1k,91.1081,,,0.415,91.10807113543092,99.8404,,,0.0085,90.005,0.4238,67.1517,86.8013,86.8013,
hgpn04,40,cars_pl,hideit_base_patch16_224.fb_in1k,False,,,,sgd,0.0,0.003,,0,200,448,8,8144,8041,50,-1,hideit_base_patch16_224.fb_in1k,91.5433,,,0.4151,91.54334038054968,99.8158,,,0.0079,90.4498,0.4238,67.1518,86.8307,86.8307,
hgpn04,40,cars_pl,hideit_base_patch16_224.fb_in1k,False,,,,sgd,0.0,0.003,,0,200,448,8,8144,8041,70,-1,hideit_base_patch16_224.fb_in1k,91.7299,,,0.4004,91.72988434274345,99.8158,,,0.0087,90.2085,0.4258,67.1518,86.8542,86.8542,
hgpn04,40,cars_pl,hideit_base_patch16_224.fb_in1k,False,,,,sgd,0.0,0.01,,0,200,448,8,8144,8041,25,-1,hideit_base_patch16_224.fb_in1k,92.6129,,,0.391,92.61285909712724,99.8281,,,0.0049,89.9909,0.4238,67.1517,86.8013,86.8013,
hgpn04,40,cars_pl,hideit_base_patch16_224.fb_in1k,False,,,,sgd,0.0,0.01,,0,200,448,8,8144,8041,50,-1,hideit_base_patch16_224.fb_in1k,92.8367,,,0.4052,92.83671185175972,99.8281,,,0.0052,90.4604,0.4238,67.1518,86.8307,86.8307,
hgpn04,40,cars_pl,hideit_base_patch16_224.fb_in1k,False,,,,sgd,0.0,0.01,,0,200,448,8,8144,8041,70,-1,hideit_base_patch16_224.fb_in1k,92.9984,,,0.3883,92.998383285661,99.8281,,,0.0059,90.4834,0.4258,67.1518,86.8542,86.8542,
hgpn04,40,cars_pl,hideit_base_patch16_224.fb_in1k,False,,,,sgd,0.0,0.03,,0,200,448,8,8144,8041,25,-1,hideit_base_patch16_224.fb_in1k,92.9362,,,0.4533,92.93620196492974,99.8527,,,0.005,90.5489,0.4238,67.1517,86.8013,86.8013,
hgpn04,40,cars_pl,hideit_base_patch16_224.fb_in1k,False,,,,sgd,0.0,0.03,,0,200,448,8,8144,8041,50,-1,hideit_base_patch16_224.fb_in1k,92.9113,,,0.452,92.91132943663725,99.8404,,,0.0053,90.4916,0.4238,67.1518,86.8307,86.8307,
hgpn04,40,cars_pl,hideit_base_patch16_224.fb_in1k,False,,,,sgd,0.0,0.03,,0,200,448,8,8144,8041,70,-1,hideit_base_patch16_224.fb_in1k,92.874,,,0.433,92.87402064419848,99.8035,,,0.005,91.1927,0.4258,67.1518,86.8542,86.8542,
hgpn04,40,cars_pl,hideit_base_patch16_224.fb_in1k,False,,,,sgd,0.0,0.1,,0,200,448,8,8144,8041,25,-1,hideit_base_patch16_224.fb_in1k,88.7701,,,0.9224,88.77005347593582,99.8772,,,0.0041,90.4886,0.4238,67.1517,86.8013,86.8013,
hgpn04,40,cars_pl,hideit_base_patch16_224.fb_in1k,False,,,,sgd,0.0,0.1,,0,200,448,8,8144,8041,50,-1,hideit_base_patch16_224.fb_in1k,89.1058,,,0.9072,89.1058326078846,99.8649,,,0.0053,90.3709,0.4238,67.1518,86.8307,86.8307,
hgpn04,40,cars_pl,hideit_base_patch16_224.fb_in1k,False,,,,sgd,0.0,0.1,,0,200,448,8,8144,8041,70,-1,hideit_base_patch16_224.fb_in1k,88.9939,,,0.8821,88.99390623056834,99.8527,,,0.0054,90.7746,0.4258,67.1518,86.8542,86.8542,
hgpn19,40,cars_pl,hiresnet50.a1_in1k,False,,,,adamw,0.05,5e-06,,0,200,448,8,8144,8041,25,-1,hiresnet50.a1_in1k,91.7174,,,0.404,91.7174480785972,99.7913,,,0.017,68.3107,0.2207,16.3943,24.8271,24.8271,
hgpn19,40,cars_pl,hiresnet50.a1_in1k,False,,,,adamw,0.05,5e-06,,0,200,448,8,8144,8041,50,-1,hiresnet50.a1_in1k,91.705,,,0.4108,91.70501181445094,99.7913,,,0.0164,69.1553,0.2207,16.3944,24.8565,24.8565,
hgpn19,40,cars_pl,hiresnet50.a1_in1k,False,,,,adamw,0.05,5e-06,,0,200,448,8,8144,8041,70,-1,hiresnet50.a1_in1k,,,,,,,,,,,,,,,
hgpn19,40,cars_pl,hiresnet50.a1_in1k,False,,,,adamw,0.05,1e-05,,0,200,448,8,8144,8041,25,-1,hiresnet50.a1_in1k,91.6801,,,0.4226,91.68013928615844,99.7913,,,0.0145,68.1794,0.2207,16.3943,24.8271,24.8271,
hgpn19,40,cars_pl,hiresnet50.a1_in1k,False,,,,adamw,0.05,1e-05,,0,200,448,8,8144,8041,50,-1,hiresnet50.a1_in1k,91.8916,,,0.4247,91.8915557766447,99.8035,,,0.0152,68.5028,0.2207,16.3944,24.8565,24.8565,
hgpn19,40,cars_pl,hiresnet50.a1_in1k,False,,,,adamw,0.05,1e-05,,0,200,448,8,8144,8041,70,-1,hiresnet50.a1_in1k,91.9786,,,0.4212,91.97860962566844,99.8281,,,0.0137,70.5151,0.2207,16.3944,24.88,24.88,
hgpn19,40,cars_pl,hiresnet50.a1_in1k,False,,,,adamw,0.05,5e-05,,0,200,448,8,8144,8041,25,-1,hiresnet50.a1_in1k,92.5258,,,0.4438,92.52580524810348,99.7913,,,0.0074,68.3163,0.2207,16.3943,24.8271,24.8271,
hgpn19,40,cars_pl,hiresnet50.a1_in1k,False,,,,adamw,0.05,5e-05,,0,200,448,8,8144,8041,50,-1,hiresnet50.a1_in1k,92.675,,,0.4444,92.67504041785848,99.8404,,,0.0069,68.5967,0.2207,16.3944,24.8565,24.8565,
hgpn19,40,cars_pl,hiresnet50.a1_in1k,False,,,,adamw,0.05,5e-05,,0,200,448,8,8144,8041,70,-1,hiresnet50.a1_in1k,92.5756,,,0.4526,92.57555030468848,99.8281,,,0.007,69.9042,0.2207,16.3944,24.88,24.88,
hgpn19,40,cars_pl,hiresnet50.a1_in1k,False,,,,adamw,0.05,0.0001,,0,200,448,8,8144,8041,25,-1,hiresnet50.a1_in1k,92.8616,,,0.4706,92.86158438005224,99.8404,,,0.0058,68.6677,0.2207,16.3943,24.8271,24.8271,
hgpn19,40,cars_pl,hiresnet50.a1_in1k,False,,,,adamw,0.05,0.0001,,0,200,448,8,8144,8041,50,-1,hiresnet50.a1_in1k,93.0108,,,0.4605,93.01081954980724,99.8404,,,0.0053,67.3816,0.2207,16.3944,24.8565,24.8565,
hgpn19,40,cars_pl,hiresnet50.a1_in1k,False,,,,adamw,0.05,0.0001,,0,200,448,8,8144,8041,70,-1,hiresnet50.a1_in1k,92.9984,,,0.4704,92.998383285661,99.8158,,,0.0058,69.9061,0.2207,16.3944,24.88,24.88,
hgpn19,40,cars_pl,hiresnet50.a1_in1k,False,,,,adamw,0.05,0.0005,,0,200,448,8,8144,8041,25,-1,hiresnet50.a1_in1k,89.6033,,,2.3685,89.60328317373461,99.8404,,,0.0062,67.9092,0.2207,16.3943,24.8271,24.8271,
hgpn19,40,cars_pl,hiresnet50.a1_in1k,False,,,,adamw,0.05,0.0005,,0,200,448,8,8144,8041,50,-1,hiresnet50.a1_in1k,92.8243,,,0.5296,92.82427558761349,99.8158,,,0.0063,64.894,0.2207,16.3944,24.8565,24.8565,
hgpn19,40,cars_pl,hiresnet50.a1_in1k,False,,,,adamw,0.05,0.0005,,0,200,448,8,8144,8041,70,-1,hiresnet50.a1_in1k,92.9735,,,0.5034,92.97351075736847,99.8158,,,0.0061,70.4115,0.2207,16.3944,24.88,24.88,
hgpn19,40,cars_pl,hiresnet50.a1_in1k,False,,,,adamw,0.05,0.001,,0,200,448,8,8144,8041,25,-1,hiresnet50.a1_in1k,92.6875,,,0.5206,92.68747668200471,99.8527,,,0.0077,68.7101,0.2207,16.3943,24.8271,24.8271,
hgpn19,40,cars_pl,hiresnet50.a1_in1k,False,,,,adamw,0.05,0.001,,0,200,448,8,8144,8041,50,-1,hiresnet50.a1_in1k,91.9413,,,0.554,91.9413008332297,99.8281,,,0.0084,64.9265,0.2207,16.3944,24.8565,24.8565,
hgpn19,40,cars_pl,hiresnet50.a1_in1k,False,,,,adamw,0.05,0.001,,0,200,448,8,8144,8041,70,-1,hiresnet50.a1_in1k,92.0781,,,0.5304,92.07809973883845,99.8404,,,0.007,69.5716,0.2207,16.3944,24.88,24.88,
hgpn19,40,cars_pl,hiresnet50.a1_in1k,False,,,,sgd,0.0,0.003,,0,200,448,8,8144,8041,25,-1,hiresnet50.a1_in1k,88.4094,,,0.4659,88.40940181569457,99.7913,,,0.0454,64.2827,0.2207,16.3943,24.8271,24.8271,
hgpn19,40,cars_pl,hiresnet50.a1_in1k,False,,,,sgd,0.0,0.003,,0,200,448,8,8144,8041,50,-1,hiresnet50.a1_in1k,88.6333,,,0.4731,88.63325457032707,99.8404,,,0.0212,60.2464,0.2207,16.3944,24.8565,24.8565,
hgpn19,40,cars_pl,hiresnet50.a1_in1k,False,,,,sgd,0.0,0.003,,0,200,448,8,8144,8041,70,-1,hiresnet50.a1_in1k,89.0188,,,0.4674,89.01877875886083,99.8281,,,0.0196,64.6144,0.2207,16.3944,24.88,24.88,
hgpn19,40,cars_pl,hiresnet50.a1_in1k,False,,,,sgd,0.0,0.01,,0,200,448,8,8144,8041,25,-1,hiresnet50.a1_in1k,90.337,,,0.4844,90.3370227583634,99.8158,,,0.0184,63.0104,0.2207,16.3943,24.8271,24.8271,
hgpn19,40,cars_pl,hiresnet50.a1_in1k,False,,,,sgd,0.0,0.01,,0,200,448,8,8144,8041,50,-1,hiresnet50.a1_in1k,90.0634,,,0.5046,90.06342494714588,99.8035,,,0.014,60.5291,0.2207,16.3944,24.8565,24.8565,
hgpn19,40,cars_pl,hiresnet50.a1_in1k,False,,,,sgd,0.0,0.01,,0,200,448,8,8144,8041,70,-1,hiresnet50.a1_in1k,90.2375,,,0.4902,90.23753264519338,99.8035,,,0.0118,64.4389,0.2207,16.3944,24.88,24.88,
hgpn19,40,cars_pl,hiresnet50.a1_in1k,False,,,,sgd,0.0,0.03,,0,200,448,8,8144,8041,25,-1,hiresnet50.a1_in1k,91.0708,,,0.5319,91.07076234299215,99.8281,,,0.0111,60.6896,0.2207,16.3943,24.8271,24.8271,
hgpn19,40,cars_pl,hiresnet50.a1_in1k,False,,,,sgd,0.0,0.03,,0,200,448,8,8144,8041,50,-1,hiresnet50.a1_in1k,90.7474,,,0.5431,90.74741947518966,99.8404,,,0.0083,60.3921,0.2207,16.3944,24.8565,24.8565,
hgpn19,40,cars_pl,hiresnet50.a1_in1k,False,,,,sgd,0.0,0.03,,0,200,448,8,8144,8041,70,-1,hiresnet50.a1_in1k,90.735,,,0.5344,90.7349832110434,99.8404,,,0.0086,64.7625,0.2207,16.3944,24.88,24.88,
hgpn19,40,cars_pl,hiresnet50.a1_in1k,False,,,,sgd,0.0,0.1,,0,200,448,8,8144,8041,25,-1,hiresnet50.a1_in1k,91.6304,,,0.6605,91.63039422957344,99.8527,,,0.0101,60.6996,0.2207,16.3943,24.8271,24.8271,
hgpn19,40,cars_pl,hiresnet50.a1_in1k,False,,,,sgd,0.0,0.1,,0,200,448,8,8144,8041,50,-1,hiresnet50.a1_in1k,91.4563,,,0.6638,91.45628653152592,99.8158,,,0.0087,61.1377,0.2207,16.3944,24.8565,24.8565,
hgpn19,40,cars_pl,hiresnet50.a1_in1k,False,,,,sgd,0.0,0.1,,0,200,448,8,8144,8041,70,-1,hiresnet50.a1_in1k,92.0284,,,0.6418,92.02835468225344,99.8281,,,0.0079,64.7089,0.2207,16.3944,24.88,24.88,
hgpn03,40,cars_pl,hiresnet50.fb_ssl_yfcc100m_ft_in1k,False,,,,adamw,0.05,5e-06,,0,200,448,8,8144,8041,25,-1,hiresnet50.fb_ssl_yfcc100m_ft_in1k,91.4314,,,0.6364,91.43141400323344,99.7667,,,0.0114,64.2314,0.2207,16.3943,24.8271,24.8271,
hgpn03,40,cars_pl,hiresnet50.fb_ssl_yfcc100m_ft_in1k,False,,,,adamw,0.05,5e-06,,0,200,448,8,8144,8041,50,-1,hiresnet50.fb_ssl_yfcc100m_ft_in1k,91.6553,,,0.6496,91.65526675786592,99.6807,,,0.0187,64.4386,0.2207,16.3944,24.8565,24.8565,
hgpn03,40,cars_pl,hiresnet50.fb_ssl_yfcc100m_ft_in1k,False,,,,adamw,0.05,5e-06,,0,200,448,8,8144,8041,70,-1,hiresnet50.fb_ssl_yfcc100m_ft_in1k,91.22,,,0.6673,91.21999751274716,99.779,,,0.0088,64.0898,0.2207,16.3944,24.88,24.88,
hgpn03,40,cars_pl,hiresnet50.fb_ssl_yfcc100m_ft_in1k,False,,,,adamw,0.05,1e-05,,0,200,448,8,8144,8041,25,-1,hiresnet50.fb_ssl_yfcc100m_ft_in1k,91.8542,,,0.6227,91.85424698420594,99.779,,,0.0101,64.0635,0.2207,16.3943,24.8271,24.8271,
hgpn03,40,cars_pl,hiresnet50.fb_ssl_yfcc100m_ft_in1k,False,,,,adamw,0.05,1e-05,,0,200,448,8,8144,8041,50,-1,hiresnet50.fb_ssl_yfcc100m_ft_in1k,91.2324,,,0.6724,91.23243377689342,99.7913,,,0.0095,64.4559,0.2207,16.3944,24.8565,24.8565,
hgpn03,40,cars_pl,hiresnet50.fb_ssl_yfcc100m_ft_in1k,False,,,,adamw,0.05,1e-05,,0,200,448,8,8144,8041,70,-1,hiresnet50.fb_ssl_yfcc100m_ft_in1k,91.3444,,,0.6639,91.34436015420968,99.7421,,,0.0126,64.0768,0.2207,16.3944,24.88,24.88,
hgpn03,40,cars_pl,hiresnet50.fb_ssl_yfcc100m_ft_in1k,False,,,,adamw,0.05,5e-05,,0,200,448,8,8144,8041,25,-1,hiresnet50.fb_ssl_yfcc100m_ft_in1k,93.5331,,,0.5131,93.53314264394976,99.8158,,,0.0047,63.6344,0.2207,16.3943,24.8271,24.8271,
hgpn03,40,cars_pl,hiresnet50.fb_ssl_yfcc100m_ft_in1k,False,,,,adamw,0.05,5e-05,,0,200,448,8,8144,8041,50,-1,hiresnet50.fb_ssl_yfcc100m_ft_in1k,93.0108,,,0.548,93.01081954980724,99.8281,,,0.0049,64.1295,0.2207,16.3944,24.8565,24.8565,
hgpn03,40,cars_pl,hiresnet50.fb_ssl_yfcc100m_ft_in1k,False,,,,adamw,0.05,5e-05,,0,200,448,8,8144,8041,70,-1,hiresnet50.fb_ssl_yfcc100m_ft_in1k,93.272,,,0.5349,93.27198109687848,99.8158,,,0.0077,64.142,0.2207,16.3944,24.88,24.88,
hgpn03,40,cars_pl,hiresnet50.fb_ssl_yfcc100m_ft_in1k,False,,,,adamw,0.05,0.0001,,0,200,448,8,8144,8041,25,-1,hiresnet50.fb_ssl_yfcc100m_ft_in1k,93.4212,,,0.488,93.42121626663352,99.8158,,,0.0046,63.7299,0.2207,16.3943,24.8271,24.8271,
hgpn03,40,cars_pl,hiresnet50.fb_ssl_yfcc100m_ft_in1k,False,,,,adamw,0.05,0.0001,,0,200,448,8,8144,8041,50,-1,hiresnet50.fb_ssl_yfcc100m_ft_in1k,93.6948,,,0.4791,93.694814077851,99.8281,,,0.0056,64.1194,0.2207,16.3944,24.8565,24.8565,
hgpn03,40,cars_pl,hiresnet50.fb_ssl_yfcc100m_ft_in1k,False,,,,adamw,0.05,0.0001,,0,200,448,8,8144,8041,70,-1,hiresnet50.fb_ssl_yfcc100m_ft_in1k,93.5456,,,0.4765,93.545578908096,99.8527,,,0.0058,64.6795,0.2207,16.3944,24.88,24.88,
hgpn03,40,cars_pl,hiresnet50.fb_ssl_yfcc100m_ft_in1k,False,,,,adamw,0.05,0.0005,,0,200,448,8,8144,8041,25,-1,hiresnet50.fb_ssl_yfcc100m_ft_in1k,91.6677,,,0.5298,91.6677030220122,99.8281,,,0.0082,63.5718,0.2207,16.3943,24.8271,24.8271,
hgpn03,40,cars_pl,hiresnet50.fb_ssl_yfcc100m_ft_in1k,False,,,,adamw,0.05,0.0005,,0,200,448,8,8144,8041,50,-1,hiresnet50.fb_ssl_yfcc100m_ft_in1k,91.506,,,0.513,91.50603158811091,99.8158,,,0.0079,64.4179,0.2207,16.3944,24.8565,24.8565,
hgpn03,40,cars_pl,hiresnet50.fb_ssl_yfcc100m_ft_in1k,False,,,,adamw,0.05,0.0005,,0,200,448,8,8144,8041,70,-1,hiresnet50.fb_ssl_yfcc100m_ft_in1k,91.5433,,,0.5193,91.54334038054968,99.8281,,,0.0073,64.018,0.2207,16.3944,24.88,24.88,
hgpn03,40,cars_pl,hiresnet50.fb_ssl_yfcc100m_ft_in1k,False,,,,adamw,0.05,0.001,,0,200,448,8,8144,8041,25,-1,hiresnet50.fb_ssl_yfcc100m_ft_in1k,84.9148,,,0.8621,84.91481159059819,99.8281,,,0.009,63.87,0.2207,16.3943,24.8271,24.8271,
hgpn03,40,cars_pl,hiresnet50.fb_ssl_yfcc100m_ft_in1k,False,,,,adamw,0.05,0.001,,0,200,448,8,8144,8041,50,-1,hiresnet50.fb_ssl_yfcc100m_ft_in1k,85.9221,,,0.7885,85.92214898644447,99.8404,,,0.0102,64.3195,0.2207,16.3944,24.8565,24.8565,
hgpn03,40,cars_pl,hiresnet50.fb_ssl_yfcc100m_ft_in1k,False,,,,adamw,0.05,0.001,,0,200,448,8,8144,8041,70,-1,hiresnet50.fb_ssl_yfcc100m_ft_in1k,84.9894,,,0.8502,84.98942917547569,99.8158,,,0.0101,64.0244,0.2207,16.3944,24.88,24.88,
hgpn03,40,cars_pl,hiresnet50.fb_ssl_yfcc100m_ft_in1k,False,,,,sgd,0.0,0.003,,0,200,448,8,8144,8041,25,-1,hiresnet50.fb_ssl_yfcc100m_ft_in1k,93.0606,,,0.4153,93.06056460639223,99.8281,,,0.0113,59.3339,0.2207,16.3943,24.8271,24.8271,
hgpn03,40,cars_pl,hiresnet50.fb_ssl_yfcc100m_ft_in1k,False,,,,sgd,0.0,0.003,,0,200,448,8,8144,8041,50,-1,hiresnet50.fb_ssl_yfcc100m_ft_in1k,92.1154,,,0.4546,92.1154085312772,99.8649,,,0.0104,60.0872,0.2207,16.3944,24.8565,24.8565,
hgpn03,40,cars_pl,hiresnet50.fb_ssl_yfcc100m_ft_in1k,False,,,,sgd,0.0,0.003,,0,200,448,8,8144,8041,70,-1,hiresnet50.fb_ssl_yfcc100m_ft_in1k,92.389,,,0.4434,92.38900634249472,99.8404,,,0.0117,60.2539,0.2207,16.3944,24.88,24.88,
hgpn03,40,cars_pl,hiresnet50.fb_ssl_yfcc100m_ft_in1k,False,,,,sgd,0.0,0.01,,0,200,448,8,8144,8041,25,-1,hiresnet50.fb_ssl_yfcc100m_ft_in1k,94.1176,,,0.3933,94.11764705882354,99.8527,,,0.0069,59.1396,0.2207,16.3943,24.8271,24.8271,
hgpn03,40,cars_pl,hiresnet50.fb_ssl_yfcc100m_ft_in1k,False,,,,sgd,0.0,0.01,,0,200,448,8,8144,8041,50,-1,hiresnet50.fb_ssl_yfcc100m_ft_in1k,93.9187,,,0.4151,93.91866683248352,99.8772,,,0.0066,60.0137,0.2207,16.3944,24.8565,24.8565,
hgpn03,40,cars_pl,hiresnet50.fb_ssl_yfcc100m_ft_in1k,False,,,,sgd,0.0,0.01,,0,200,448,8,8144,8041,70,-1,hiresnet50.fb_ssl_yfcc100m_ft_in1k,93.4958,,,0.4084,93.495833851511,99.8649,,,0.0081,60.7278,0.2207,16.3944,24.88,24.88,
hgpn03,40,cars_pl,hiresnet50.fb_ssl_yfcc100m_ft_in1k,False,,,,sgd,0.0,0.03,,0,200,448,8,8144,8041,25,-1,hiresnet50.fb_ssl_yfcc100m_ft_in1k,94.1301,,,0.3995,94.13008332296978,99.8649,,,0.0059,59.0814,0.2207,16.3943,24.8271,24.8271,
hgpn03,40,cars_pl,hiresnet50.fb_ssl_yfcc100m_ft_in1k,False,,,,sgd,0.0,0.03,,0,200,448,8,8144,8041,50,-1,hiresnet50.fb_ssl_yfcc100m_ft_in1k,94.1425,,,0.3918,94.14251958711604,99.8281,,,0.0057,60.1537,0.2207,16.3944,24.8565,24.8565,
hgpn03,40,cars_pl,hiresnet50.fb_ssl_yfcc100m_ft_in1k,False,,,,sgd,0.0,0.03,,0,200,448,8,8144,8041,70,-1,hiresnet50.fb_ssl_yfcc100m_ft_in1k,94.1301,,,0.3975,94.13008332296978,99.8404,,,0.0057,60.4862,0.2207,16.3944,24.88,24.88,
hgpn03,40,cars_pl,hiresnet50.fb_ssl_yfcc100m_ft_in1k,False,,,,sgd,0.0,0.1,,0,200,448,8,8144,8041,25,-1,hiresnet50.fb_ssl_yfcc100m_ft_in1k,91.6926,,,0.6365,91.69257555030468,99.8281,,,0.0131,59.2419,0.2207,16.3943,24.8271,24.8271,
hgpn03,40,cars_pl,hiresnet50.fb_ssl_yfcc100m_ft_in1k,False,,,,sgd,0.0,0.1,,0,200,448,8,8144,8041,50,-1,hiresnet50.fb_ssl_yfcc100m_ft_in1k,91.7423,,,0.651,91.74232060688968,99.8404,,,0.0103,59.9469,0.2207,16.3944,24.8565,24.8565,
hgpn03,40,cars_pl,hiresnet50.fb_ssl_yfcc100m_ft_in1k,False,,,,sgd,0.0,0.1,,0,200,448,8,8144,8041,70,-1,hiresnet50.fb_ssl_yfcc100m_ft_in1k,91.3195,,,0.6748,91.31948762591718,99.8281,,,0.0106,60.1408,0.2207,16.3944,24.88,24.88,
hgpn20,40,cars_pl,hiresnet50.fb_swsl_ig1b_ft_in1k,False,,,,adamw,0.05,5e-06,,0,200,448,8,8144,8041,25,-1,hiresnet50.fb_swsl_ig1b_ft_in1k,91.4439,,,0.6789,91.44385026737967,99.7053,,,0.0152,65.1045,0.2207,16.3943,24.8271,24.8271,
hgpn20,40,cars_pl,hiresnet50.fb_swsl_ig1b_ft_in1k,False,,,,adamw,0.05,5e-06,,0,200,448,8,8144,8041,50,-1,hiresnet50.fb_swsl_ig1b_ft_in1k,91.1081,,,0.6978,91.10807113543092,99.7667,,,0.0162,66.499,0.2207,16.3944,24.8565,24.8565,
hgpn20,40,cars_pl,hiresnet50.fb_swsl_ig1b_ft_in1k,False,,,,adamw,0.05,5e-06,,0,200,448,8,8144,8041,70,-1,hiresnet50.fb_swsl_ig1b_ft_in1k,91.021,,,0.7026,91.02101728640716,99.7176,,,0.0195,65.7747,0.2207,16.3944,24.88,24.88,
hgpn20,40,cars_pl,hiresnet50.fb_swsl_ig1b_ft_in1k,False,,,,adamw,0.05,1e-05,,0,200,448,8,8144,8041,25,-1,hiresnet50.fb_swsl_ig1b_ft_in1k,92.1403,,,0.6209,92.1402810595697,99.7667,,,0.0078,64.5729,0.2207,16.3943,24.8271,24.8271,
hgpn20,40,cars_pl,hiresnet50.fb_swsl_ig1b_ft_in1k,False,,,,adamw,0.05,1e-05,,0,200,448,8,8144,8041,50,-1,hiresnet50.fb_swsl_ig1b_ft_in1k,92.1776,,,0.6315,92.17758985200844,99.7667,,,0.0095,66.432,0.2207,16.3944,24.8565,24.8565,
hgpn20,40,cars_pl,hiresnet50.fb_swsl_ig1b_ft_in1k,False,,,,adamw,0.05,1e-05,,0,200,448,8,8144,8041,70,-1,hiresnet50.fb_swsl_ig1b_ft_in1k,92.2522,,,0.6358,92.25220743688595,99.7544,,,0.0133,66.0551,0.2207,16.3944,24.88,24.88,
hgpn20,40,cars_pl,hiresnet50.fb_swsl_ig1b_ft_in1k,False,,,,adamw,0.05,5e-05,,0,200,448,8,8144,8041,25,-1,hiresnet50.fb_swsl_ig1b_ft_in1k,93.4585,,,0.5106,93.45852505907226,99.8404,,,0.0043,65.0749,0.2207,16.3943,24.8271,24.8271,
hgpn20,40,cars_pl,hiresnet50.fb_swsl_ig1b_ft_in1k,False,,,,adamw,0.05,5e-05,,0,200,448,8,8144,8041,50,-1,hiresnet50.fb_swsl_ig1b_ft_in1k,93.6948,,,0.5318,93.694814077851,99.8158,,,0.0053,66.3472,0.2207,16.3944,24.8565,24.8565,
hgpn20,40,cars_pl,hiresnet50.fb_swsl_ig1b_ft_in1k,False,,,,adamw,0.05,5e-05,,0,200,448,8,8144,8041,70,-1,hiresnet50.fb_swsl_ig1b_ft_in1k,93.5829,,,0.521,93.58288770053476,99.8158,,,0.0049,65.6578,0.2207,16.3944,24.88,24.88,
hgpn20,40,cars_pl,hiresnet50.fb_swsl_ig1b_ft_in1k,False,,,,adamw,0.05,0.0001,,0,200,448,8,8144,8041,25,-1,hiresnet50.fb_swsl_ig1b_ft_in1k,93.6202,,,0.4643,93.6201964929735,99.8281,,,0.0045,64.7108,0.2207,16.3943,24.8271,24.8271,
hgpn20,40,cars_pl,hiresnet50.fb_swsl_ig1b_ft_in1k,False,,,,adamw,0.05,0.0001,,0,200,448,8,8144,8041,50,-1,hiresnet50.fb_swsl_ig1b_ft_in1k,93.4585,,,0.4614,93.45852505907226,99.8158,,,0.0053,66.4555,0.2207,16.3944,24.8565,24.8565,
hgpn20,40,cars_pl,hiresnet50.fb_swsl_ig1b_ft_in1k,False,,,,adamw,0.05,0.0001,,0,200,448,8,8144,8041,70,-1,hiresnet50.fb_swsl_ig1b_ft_in1k,93.6948,,,0.4608,93.694814077851,99.8281,,,0.006,65.4669,0.2207,16.3944,24.88,24.88,
hgpn20,40,cars_pl,hiresnet50.fb_swsl_ig1b_ft_in1k,False,,,,adamw,0.05,0.0005,,0,200,448,8,8144,8041,25,-1,hiresnet50.fb_swsl_ig1b_ft_in1k,87.4394,,,0.7389,87.43937321228702,99.8527,,,0.0083,64.3612,0.2207,16.3943,24.8271,24.8271,
hgpn20,40,cars_pl,hiresnet50.fb_swsl_ig1b_ft_in1k,False,,,,adamw,0.05,0.0005,,0,200,448,8,8144,8041,50,-1,hiresnet50.fb_swsl_ig1b_ft_in1k,84.6661,,,0.8934,84.66608630767317,99.8035,,,0.0087,66.0666,0.2207,16.3944,24.8565,24.8565,
hgpn20,40,cars_pl,hiresnet50.fb_swsl_ig1b_ft_in1k,False,,,,adamw,0.05,0.0005,,0,200,448,8,8144,8041,70,-1,hiresnet50.fb_swsl_ig1b_ft_in1k,82.9996,,,0.9449,82.99962691207561,99.8158,,,0.0114,65.8328,0.2207,16.3944,24.88,24.88,
hgpn20,40,cars_pl,hiresnet50.fb_swsl_ig1b_ft_in1k,False,,,,adamw,0.05,0.001,,0,200,448,8,8144,8041,25,-1,hiresnet50.fb_swsl_ig1b_ft_in1k,86.2331,,,0.7767,86.23305559010073,99.8158,,,0.0088,64.7538,0.2207,16.3943,24.8271,24.8271,
hgpn20,40,cars_pl,hiresnet50.fb_swsl_ig1b_ft_in1k,False,,,,adamw,0.05,0.001,,0,200,448,8,8144,8041,50,-1,hiresnet50.fb_swsl_ig1b_ft_in1k,86.2082,,,0.7909,86.20818306180823,99.8527,,,0.0082,66.2025,0.2207,16.3944,24.8565,24.8565,
hgpn20,40,cars_pl,hiresnet50.fb_swsl_ig1b_ft_in1k,False,,,,adamw,0.05,0.001,,0,200,448,8,8144,8041,70,-1,hiresnet50.fb_swsl_ig1b_ft_in1k,85.375,,,0.8332,85.37495336400946,99.8404,,,0.0098,66.4518,0.2207,16.3944,24.88,24.88,
hgpn20,40,cars_pl,hiresnet50.fb_swsl_ig1b_ft_in1k,False,,,,sgd,0.0,0.003,,0,200,448,8,8144,8041,25,-1,hiresnet50.fb_swsl_ig1b_ft_in1k,92.4885,,,0.4501,92.48849645566472,99.8649,,,0.009,60.1709,0.2207,16.3943,24.8271,24.8271,
hgpn20,40,cars_pl,hiresnet50.fb_swsl_ig1b_ft_in1k,False,,,,sgd,0.0,0.003,,0,200,448,8,8144,8041,50,-1,hiresnet50.fb_swsl_ig1b_ft_in1k,92.302,,,0.4648,92.30195249347096,99.8649,,,0.0099,61.6265,0.2207,16.3944,24.8565,24.8565,
hgpn20,40,cars_pl,hiresnet50.fb_swsl_ig1b_ft_in1k,False,,,,sgd,0.0,0.003,,0,200,448,8,8144,8041,70,-1,hiresnet50.fb_swsl_ig1b_ft_in1k,92.0657,,,0.4916,92.0656634746922,99.8649,,,0.0098,62.1003,0.2207,16.3944,24.88,24.88,
hgpn20,40,cars_pl,hiresnet50.fb_swsl_ig1b_ft_in1k,False,,,,sgd,0.0,0.01,,0,200,448,8,8144,8041,25,-1,hiresnet50.fb_swsl_ig1b_ft_in1k,93.7321,,,0.4211,93.73212287028976,99.8527,,,0.0051,60.1632,0.2207,16.3943,24.8271,24.8271,
hgpn20,40,cars_pl,hiresnet50.fb_swsl_ig1b_ft_in1k,False,,,,sgd,0.0,0.01,,0,200,448,8,8144,8041,50,-1,hiresnet50.fb_swsl_ig1b_ft_in1k,93.757,,,0.4398,93.75699539858226,99.8895,,,0.0062,61.3695,0.2207,16.3944,24.8565,24.8565,
hgpn20,40,cars_pl,hiresnet50.fb_swsl_ig1b_ft_in1k,False,,,,sgd,0.0,0.01,,0,200,448,8,8144,8041,70,-1,hiresnet50.fb_swsl_ig1b_ft_in1k,93.8316,,,0.4191,93.83161298345976,99.8527,,,0.0072,62.091,0.2207,16.3944,24.88,24.88,
hgpn20,40,cars_pl,hiresnet50.fb_swsl_ig1b_ft_in1k,False,,,,sgd,0.0,0.03,,0,200,448,8,8144,8041,25,-1,hiresnet50.fb_swsl_ig1b_ft_in1k,94.2918,,,0.3958,94.29175475687104,99.8281,,,0.0049,60.5482,0.2207,16.3943,24.8271,24.8271,
hgpn20,40,cars_pl,hiresnet50.fb_swsl_ig1b_ft_in1k,False,,,,sgd,0.0,0.03,,0,200,448,8,8144,8041,50,-1,hiresnet50.fb_swsl_ig1b_ft_in1k,94.1425,,,0.3987,94.14251958711604,99.8281,,,0.0056,61.5727,0.2207,16.3944,24.8565,24.8565,
hgpn20,40,cars_pl,hiresnet50.fb_swsl_ig1b_ft_in1k,False,,,,sgd,0.0,0.03,,0,200,448,8,8144,8041,70,-1,hiresnet50.fb_swsl_ig1b_ft_in1k,94.2669,,,0.3897,94.26688222857854,99.8527,,,0.0058,62.248,0.2207,16.3944,24.88,24.88,
hgpn20,40,cars_pl,hiresnet50.fb_swsl_ig1b_ft_in1k,False,,,,sgd,0.0,0.1,,0,200,448,8,8144,8041,25,-1,hiresnet50.fb_swsl_ig1b_ft_in1k,80.2388,,,1.4934,80.238776271608,99.7667,,,0.0204,61.1908,0.2207,16.3943,24.8271,24.8271,
hgpn20,40,cars_pl,hiresnet50.fb_swsl_ig1b_ft_in1k,False,,,,sgd,0.0,0.1,,0,200,448,8,8144,8041,50,-1,hiresnet50.fb_swsl_ig1b_ft_in1k,91.4687,,,0.6791,91.46872279567218,99.8649,,,0.01,60.4535,0.2207,16.3944,24.8565,24.8565,
hgpn20,40,cars_pl,hiresnet50.fb_swsl_ig1b_ft_in1k,False,,,,sgd,0.0,0.1,,0,200,448,8,8144,8041,70,-1,hiresnet50.fb_swsl_ig1b_ft_in1k,90.8096,,,0.7064,90.8096007959209,99.8281,,,0.0117,61.8134,0.2207,16.3944,24.88,24.88,
hgpn05,40,cars_pl,hiresnet50.gluon_in1k,False,,,,adamw,0.05,5e-06,,0,200,448,8,8144,8041,25,-1,hiresnet50.gluon_in1k,90.6852,,,0.6377,90.6852381544584,99.7913,,,0.0105,66.7019,0.2207,16.3943,24.8271,24.8271,
hgpn05,40,cars_pl,hiresnet50.gluon_in1k,False,,,,adamw,0.05,5e-06,,0,200,448,8,8144,8041,50,-1,hiresnet50.gluon_in1k,91.3941,,,0.6211,91.39410521079468,99.8035,,,0.0103,64.1221,0.2207,16.3944,24.8565,24.8565,
hgpn05,40,cars_pl,hiresnet50.gluon_in1k,False,,,,adamw,0.05,5e-06,,0,200,448,8,8144,8041,70,-1,hiresnet50.gluon_in1k,91.3817,,,0.6135,91.38166894664845,99.7421,,,0.0124,64.9473,0.2207,16.3944,24.88,24.88,
hgpn05,40,cars_pl,hiresnet50.gluon_in1k,False,,,,adamw,0.05,1e-05,,0,200,448,8,8144,8041,25,-1,hiresnet50.gluon_in1k,91.1205,,,0.6306,91.12050739957716,99.7667,,,0.0059,67.0338,0.2207,16.3943,24.8271,24.8271,
hgpn05,40,cars_pl,hiresnet50.gluon_in1k,False,,,,adamw,0.05,1e-05,,0,200,448,8,8144,8041,50,-1,hiresnet50.gluon_in1k,91.9786,,,0.5857,91.97860962566844,99.779,,,0.0088,64.4323,0.2207,16.3944,24.8565,24.8565,
hgpn05,40,cars_pl,hiresnet50.gluon_in1k,False,,,,adamw,0.05,1e-05,,0,200,448,8,8144,8041,70,-1,hiresnet50.gluon_in1k,91.3941,,,0.6103,91.39410521079468,99.7667,,,0.0074,65.0884,0.2207,16.3944,24.88,24.88,
hgpn05,40,cars_pl,hiresnet50.gluon_in1k,False,,,,adamw,0.05,5e-05,,0,200,448,8,8144,8041,25,-1,hiresnet50.gluon_in1k,93.0979,,,0.5306,93.09787339883098,99.7913,,,0.0041,66.6566,0.2207,16.3943,24.8271,24.8271,
hgpn05,40,cars_pl,hiresnet50.gluon_in1k,False,,,,adamw,0.05,5e-05,,0,200,448,8,8144,8041,50,-1,hiresnet50.gluon_in1k,92.9362,,,0.5349,92.93620196492974,99.8404,,,0.0055,64.2103,0.2207,16.3944,24.8565,24.8565,
hgpn05,40,cars_pl,hiresnet50.gluon_in1k,False,,,,adamw,0.05,5e-05,,0,200,448,8,8144,8041,70,-1,hiresnet50.gluon_in1k,93.1974,,,0.5298,93.197363512001,99.7913,,,0.0048,64.3453,0.2207,16.3944,24.88,24.88,
hgpn05,40,cars_pl,hiresnet50.gluon_in1k,False,,,,adamw,0.05,0.0001,,0,200,448,8,8144,8041,25,-1,hiresnet50.gluon_in1k,93.3342,,,0.482,93.33416241760976,99.8158,,,0.0048,66.3493,0.2207,16.3943,24.8271,24.8271,
hgpn05,40,cars_pl,hiresnet50.gluon_in1k,False,,,,adamw,0.05,0.0001,,0,200,448,8,8144,8041,50,-1,hiresnet50.gluon_in1k,93.558,,,0.4874,93.55801517224226,99.8404,,,0.0058,64.2062,0.2207,16.3944,24.8565,24.8565,
hgpn05,40,cars_pl,hiresnet50.gluon_in1k,False,,,,adamw,0.05,0.0001,,0,200,448,8,8144,8041,70,-1,hiresnet50.gluon_in1k,93.558,,,0.5117,93.55801517224226,99.8035,,,0.005,64.4636,0.2207,16.3944,24.88,24.88,
hgpn05,40,cars_pl,hiresnet50.gluon_in1k,False,,,,adamw,0.05,0.0005,,0,200,448,8,8144,8041,25,-1,hiresnet50.gluon_in1k,92.2149,,,0.4957,92.2148986444472,99.8281,,,0.008,66.9695,0.2207,16.3943,24.8271,24.8271,
hgpn05,40,cars_pl,hiresnet50.gluon_in1k,False,,,,adamw,0.05,0.0005,,0,200,448,8,8144,8041,50,-1,hiresnet50.gluon_in1k,92.2149,,,0.512,92.2148986444472,99.8281,,,0.0073,64.1827,0.2207,16.3944,24.8565,24.8565,
hgpn05,40,cars_pl,hiresnet50.gluon_in1k,False,,,,adamw,0.05,0.0005,,0,200,448,8,8144,8041,70,-1,hiresnet50.gluon_in1k,92.1403,,,0.5335,92.1402810595697,99.8158,,,0.0066,64.664,0.2207,16.3944,24.88,24.88,
hgpn05,40,cars_pl,hiresnet50.gluon_in1k,False,,,,adamw,0.05,0.001,,0,200,448,8,8144,8041,25,-1,hiresnet50.gluon_in1k,85.4371,,,0.8205,85.4371346847407,99.8281,,,0.0088,67.2091,0.2207,16.3943,24.8271,24.8271,
hgpn05,40,cars_pl,hiresnet50.gluon_in1k,False,,,,adamw,0.05,0.001,,0,200,448,8,8144,8041,50,-1,hiresnet50.gluon_in1k,85.6237,,,0.8396,85.62367864693447,99.8158,,,0.0119,65.5004,0.2207,16.3944,24.8565,24.8565,
hgpn05,40,cars_pl,hiresnet50.gluon_in1k,False,,,,adamw,0.05,0.001,,0,200,448,8,8144,8041,70,-1,hiresnet50.gluon_in1k,86.9171,,,0.7588,86.91705011814452,99.8035,,,0.0089,64.7358,0.2207,16.3944,24.88,24.88,
hgpn05,40,cars_pl,hiresnet50.gluon_in1k,False,,,,sgd,0.0,0.003,,0,200,448,8,8144,8041,25,-1,hiresnet50.gluon_in1k,92.675,,,0.3998,92.67504041785848,99.8404,,,0.0091,62.3606,0.2207,16.3943,24.8271,24.8271,
hgpn05,40,cars_pl,hiresnet50.gluon_in1k,False,,,,sgd,0.0,0.003,,0,200,448,8,8144,8041,50,-1,hiresnet50.gluon_in1k,92.9113,,,0.3922,92.91132943663725,99.8527,,,0.0116,62.1586,0.2207,16.3944,24.8565,24.8565,
hgpn05,40,cars_pl,hiresnet50.gluon_in1k,False,,,,sgd,0.0,0.003,,0,200,448,8,8144,8041,70,-1,hiresnet50.gluon_in1k,92.6253,,,0.4117,92.62529536127349,99.8281,,,0.0111,61.0208,0.2207,16.3944,24.88,24.88,
hgpn05,40,cars_pl,hiresnet50.gluon_in1k,False,,,,sgd,0.0,0.01,,0,200,448,8,8144,8041,25,-1,hiresnet50.gluon_in1k,93.6451,,,0.3949,93.645069021266,99.8527,,,0.0063,62.1566,0.2207,16.3943,24.8271,24.8271,
hgpn05,40,cars_pl,hiresnet50.gluon_in1k,False,,,,sgd,0.0,0.01,,0,200,448,8,8144,8041,50,-1,hiresnet50.gluon_in1k,93.6451,,,0.3946,93.645069021266,99.8527,,,0.008,62.0863,0.2207,16.3944,24.8565,24.8565,
hgpn05,40,cars_pl,hiresnet50.gluon_in1k,False,,,,sgd,0.0,0.01,,0,200,448,8,8144,8041,70,-1,hiresnet50.gluon_in1k,93.8192,,,0.3793,93.81917671931352,99.8649,,,0.0078,60.4528,0.2207,16.3944,24.88,24.88,
hgpn05,40,cars_pl,hiresnet50.gluon_in1k,False,,,,sgd,0.0,0.03,,0,200,448,8,8144,8041,25,-1,hiresnet50.gluon_in1k,94.1176,,,0.4027,94.11764705882354,99.8404,,,0.004,63.3053,0.2207,16.3943,24.8271,24.8271,
hgpn05,40,cars_pl,hiresnet50.gluon_in1k,False,,,,sgd,0.0,0.03,,0,200,448,8,8144,8041,50,-1,hiresnet50.gluon_in1k,93.8316,,,0.4053,93.83161298345976,99.8649,,,0.0054,62.1122,0.2207,16.3944,24.8565,24.8565,
hgpn05,40,cars_pl,hiresnet50.gluon_in1k,False,,,,sgd,0.0,0.03,,0,200,448,8,8144,8041,70,-1,hiresnet50.gluon_in1k,94.2171,,,0.4065,94.21713717199351,99.8772,,,0.0054,60.4055,0.2148,16.3944,24.88,24.88,
hgpn05,40,cars_pl,hiresnet50.gluon_in1k,False,,,,sgd,0.0,0.1,,0,200,448,8,8144,8041,25,-1,hiresnet50.gluon_in1k,92.2895,,,0.6143,92.2895162293247,99.8158,,,0.009,63.0182,0.2207,16.3943,24.8271,24.8271,
hgpn05,40,cars_pl,hiresnet50.gluon_in1k,False,,,,sgd,0.0,0.1,,0,200,448,8,8144,8041,50,-1,hiresnet50.gluon_in1k,92.4014,,,0.6196,92.40144260664096,99.8649,,,0.0086,62.6615,0.2207,16.3944,24.8565,24.8565,
hgpn05,40,cars_pl,hiresnet50.gluon_in1k,False,,,,sgd,0.0,0.1,,0,200,448,8,8144,8041,70,-1,hiresnet50.gluon_in1k,92.5134,,,0.6283,92.51336898395722,99.8281,,,0.0077,60.3216,0.2207,16.3944,24.88,24.88,
hgpn04,40,cars_pl,hiresnet50.in1k_mocov3,False,,,,adamw,0.05,5e-06,,0,200,448,8,8144,8041,25,-1,hiresnet50.in1k_mocov3,92.6999,,,0.4119,92.69991294615096,99.8158,,,0.0115,64.7007,0.2207,16.3943,24.8271,24.8271,
hgpn04,40,cars_pl,hiresnet50.in1k_mocov3,False,,,,adamw,0.05,5e-06,,0,200,448,8,8144,8041,50,-1,hiresnet50.in1k_mocov3,92.8491,,,0.4117,92.84914811590598,99.8158,,,0.0106,65.0107,0.2207,16.3944,24.8565,24.8565,
hgpn04,40,cars_pl,hiresnet50.in1k_mocov3,False,,,,adamw,0.05,5e-06,,0,200,448,8,8144,8041,70,-1,hiresnet50.in1k_mocov3,92.6626,,,0.4115,92.66260415371222,99.8035,,,0.01,64.5935,0.2207,16.3944,24.88,24.88,
hgpn04,40,cars_pl,hiresnet50.in1k_mocov3,False,,,,adamw,0.05,1e-05,,0,200,448,8,8144,8041,25,-1,hiresnet50.in1k_mocov3,92.6502,,,0.4184,92.65016788956598,99.8035,,,0.0101,64.1872,0.2207,16.3943,24.8271,24.8271,
hgpn04,40,cars_pl,hiresnet50.in1k_mocov3,False,,,,adamw,0.05,1e-05,,0,200,448,8,8144,8041,50,-1,hiresnet50.in1k_mocov3,92.8367,,,0.4431,92.83671185175972,99.7913,,,0.0081,65.0336,0.2207,16.3944,24.8565,24.8565,
hgpn04,40,cars_pl,hiresnet50.in1k_mocov3,False,,,,adamw,0.05,1e-05,,0,200,448,8,8144,8041,70,-1,hiresnet50.in1k_mocov3,92.8989,,,0.4287,92.898893172491,99.8035,,,0.0091,64.4947,0.2207,16.3944,24.88,24.88,
hgpn04,40,cars_pl,hiresnet50.in1k_mocov3,False,,,,adamw,0.05,5e-05,,0,200,448,8,8144,8041,25,-1,hiresnet50.in1k_mocov3,93.4834,,,0.4498,93.48339758736476,99.8404,,,0.0061,64.466,0.2207,16.3943,24.8271,24.8271,
hgpn04,40,cars_pl,hiresnet50.in1k_mocov3,False,,,,adamw,0.05,5e-05,,0,200,448,8,8144,8041,50,-1,hiresnet50.in1k_mocov3,93.6575,,,0.4554,93.65750528541226,99.8158,,,0.0053,65.011,0.2207,16.3944,24.8565,24.8565,
hgpn04,40,cars_pl,hiresnet50.in1k_mocov3,False,,,,adamw,0.05,5e-05,,0,200,448,8,8144,8041,70,-1,hiresnet50.in1k_mocov3,93.5083,,,0.4586,93.50827011565724,99.8035,,,0.0056,64.7352,0.2207,16.3944,24.88,24.88,
hgpn04,40,cars_pl,hiresnet50.in1k_mocov3,False,,,,adamw,0.05,0.0001,,0,200,448,8,8144,8041,25,-1,hiresnet50.in1k_mocov3,93.5456,,,0.4494,93.545578908096,99.8158,,,0.0053,64.4815,0.2207,16.3943,24.8271,24.8271,
hgpn04,40,cars_pl,hiresnet50.in1k_mocov3,False,,,,adamw,0.05,0.0001,,0,200,448,8,8144,8041,50,-1,hiresnet50.in1k_mocov3,93.8067,,,0.4572,93.80674045516729,99.8281,,,0.0056,64.6863,0.2207,16.3944,24.8565,24.8565,
hgpn04,40,cars_pl,hiresnet50.in1k_mocov3,False,,,,adamw,0.05,0.0001,,0,200,448,8,8144,8041,70,-1,hiresnet50.in1k_mocov3,93.6575,,,0.4544,93.65750528541226,99.8404,,,0.0055,65.0882,0.2148,16.3944,24.88,24.88,
hgpn04,40,cars_pl,hiresnet50.in1k_mocov3,False,,,,adamw,0.05,0.0005,,0,200,448,8,8144,8041,25,-1,hiresnet50.in1k_mocov3,92.7994,,,0.5095,92.79940305932098,99.8404,,,0.0063,64.3469,0.2207,16.3943,24.8271,24.8271,
hgpn04,40,cars_pl,hiresnet50.in1k_mocov3,False,,,,adamw,0.05,0.0005,,0,200,448,8,8144,8041,50,-1,hiresnet50.in1k_mocov3,92.8616,,,0.5311,92.86158438005224,99.8404,,,0.0071,64.5136,0.2207,16.3944,24.8565,24.8565,
hgpn04,40,cars_pl,hiresnet50.in1k_mocov3,False,,,,adamw,0.05,0.0005,,0,200,448,8,8144,8041,70,-1,hiresnet50.in1k_mocov3,92.787,,,0.5091,92.78696679517472,99.8404,,,0.0073,65.1501,0.2207,16.3944,24.88,24.88,
hgpn04,40,cars_pl,hiresnet50.in1k_mocov3,False,,,,adamw,0.05,0.001,,0,200,448,8,8144,8041,25,-1,hiresnet50.in1k_mocov3,92.1154,,,0.5298,92.1154085312772,99.8281,,,0.0077,64.5236,0.2207,16.3943,24.8271,24.8271,
hgpn04,40,cars_pl,hiresnet50.in1k_mocov3,False,,,,adamw,0.05,0.001,,0,200,448,8,8144,8041,50,-1,hiresnet50.in1k_mocov3,91.9786,,,0.535,91.97860962566844,99.8404,,,0.0079,64.7284,0.2207,16.3944,24.8565,24.8565,
hgpn04,40,cars_pl,hiresnet50.in1k_mocov3,False,,,,adamw,0.05,0.001,,0,200,448,8,8144,8041,70,-1,hiresnet50.in1k_mocov3,91.9413,,,0.5458,91.9413008332297,99.8281,,,0.0087,65.3415,0.2207,16.3944,24.88,24.88,
hgpn04,40,cars_pl,hiresnet50.in1k_mocov3,False,,,,sgd,0.0,0.003,,0,200,448,8,8144,8041,25,-1,hiresnet50.in1k_mocov3,92.0159,,,0.3562,92.0159184181072,99.8404,,,0.0115,60.9863,0.2207,16.3943,24.8271,24.8271,
hgpn04,40,cars_pl,hiresnet50.in1k_mocov3,False,,,,sgd,0.0,0.003,,0,200,448,8,8144,8041,50,-1,hiresnet50.in1k_mocov3,92.0532,,,0.3589,92.05322721054596,99.9018,,,0.0095,60.2971,0.2207,16.3944,24.8565,24.8565,
hgpn04,40,cars_pl,hiresnet50.in1k_mocov3,False,,,,sgd,0.0,0.003,,0,200,448,8,8144,8041,70,-1,hiresnet50.in1k_mocov3,92.1527,,,0.3539,92.15271732371596,99.8527,,,0.0097,60.6136,0.2207,16.3944,24.88,24.88,
hgpn04,40,cars_pl,hiresnet50.in1k_mocov3,False,,,,sgd,0.0,0.01,,0,200,448,8,8144,8041,25,-1,hiresnet50.in1k_mocov3,92.675,,,0.3754,92.67504041785848,99.8158,,,0.0073,60.7715,0.2207,16.3943,24.8271,24.8271,
hgpn04,40,cars_pl,hiresnet50.in1k_mocov3,False,,,,sgd,0.0,0.01,,0,200,448,8,8144,8041,50,-1,hiresnet50.in1k_mocov3,92.6129,,,0.3781,92.61285909712724,99.8649,,,0.008,60.2069,0.2207,16.3944,24.8565,24.8565,
hgpn04,40,cars_pl,hiresnet50.in1k_mocov3,False,,,,sgd,0.0,0.01,,0,200,448,8,8144,8041,70,-1,hiresnet50.in1k_mocov3,92.6999,,,0.3708,92.69991294615096,99.8404,,,0.0074,60.9961,0.2207,16.3944,24.88,24.88,
hgpn04,40,cars_pl,hiresnet50.in1k_mocov3,False,,,,sgd,0.0,0.03,,0,200,448,8,8144,8041,25,-1,hiresnet50.in1k_mocov3,92.7372,,,0.4014,92.73722173858972,99.8772,,,0.0055,60.4697,0.2207,16.3943,24.8271,24.8271,
hgpn04,40,cars_pl,hiresnet50.in1k_mocov3,False,,,,sgd,0.0,0.03,,0,200,448,8,8144,8041,50,-1,hiresnet50.in1k_mocov3,93.073,,,0.3968,93.0730008705385,99.8649,,,0.0059,60.373,0.2207,16.3944,24.8565,24.8565,
hgpn04,40,cars_pl,hiresnet50.in1k_mocov3,False,,,,sgd,0.0,0.03,,0,200,448,8,8144,8041,70,-1,hiresnet50.in1k_mocov3,93.3466,,,0.3886,93.346598681756,99.8772,,,0.0057,61.081,0.2207,16.3944,24.88,24.88,
hgpn04,40,cars_pl,hiresnet50.in1k_mocov3,False,,,,sgd,0.0,0.1,,0,200,448,8,8144,8041,25,-1,hiresnet50.in1k_mocov3,93.0979,,,0.5909,93.09787339883098,99.8035,,,0.0065,60.4039,0.2207,16.3943,24.8271,24.8271,
hgpn04,40,cars_pl,hiresnet50.in1k_mocov3,False,,,,sgd,0.0,0.1,,0,200,448,8,8144,8041,50,-1,hiresnet50.in1k_mocov3,93.272,,,0.5601,93.27198109687848,99.8158,,,0.0078,60.3614,0.2207,16.3944,24.8565,24.8565,
hgpn04,40,cars_pl,hiresnet50.in1k_mocov3,False,,,,sgd,0.0,0.1,,0,200,448,8,8144,8041,70,-1,hiresnet50.in1k_mocov3,93.2595,,,0.5526,93.25954483273225,99.8035,,,0.0065,60.9905,0.2207,16.3944,24.88,24.88,
hgpn05,40,cars_pl,hiresnet50.in1k_spark,False,,,,adamw,0.05,5e-06,,0,200,448,8,8144,8041,25,-1,hiresnet50.in1k_spark,88.7079,,,0.807,88.70787215520458,99.7053,,,0.0239,64.1907,0.2207,16.3943,24.8271,24.8271,
hgpn05,40,cars_pl,hiresnet50.in1k_spark,False,,,,adamw,0.05,5e-06,,0,200,448,8,8144,8041,50,-1,hiresnet50.in1k_spark,88.0488,,,0.8776,88.0487501554533,99.6685,,,0.0276,64.6478,0.2207,16.3944,24.8565,24.8565,
hgpn05,40,cars_pl,hiresnet50.in1k_spark,False,,,,adamw,0.05,5e-06,,0,200,448,8,8144,8041,70,-1,hiresnet50.in1k_spark,89.653,,,0.7753,89.6530282303196,99.6562,,,0.0259,65.9467,0.2207,16.3944,24.88,24.88,
hgpn05,40,cars_pl,hiresnet50.in1k_spark,False,,,,adamw,0.05,1e-05,,0,200,448,8,8144,8041,25,-1,hiresnet50.in1k_spark,89.4789,,,0.7847,89.4789205322721,99.7176,,,0.0174,63.9388,0.2207,16.3943,24.8271,24.8271,
hgpn05,40,cars_pl,hiresnet50.in1k_spark,False,,,,adamw,0.05,1e-05,,0,200,448,8,8144,8041,50,-1,hiresnet50.in1k_spark,89.4789,,,0.7437,89.4789205322721,99.693,,,0.0166,64.3879,0.2207,16.3944,24.8565,24.8565,
hgpn05,40,cars_pl,hiresnet50.in1k_spark,False,,,,adamw,0.05,1e-05,,0,200,448,8,8144,8041,70,-1,hiresnet50.in1k_spark,90.0634,,,0.7421,90.06342494714588,99.693,,,0.0198,65.3785,0.2207,16.3944,24.88,24.88,
hgpn05,40,cars_pl,hiresnet50.in1k_spark,False,,,,adamw,0.05,5e-05,,0,200,448,8,8144,8041,25,-1,hiresnet50.in1k_spark,92.1278,,,0.5466,92.12784479542346,99.8035,,,0.0096,63.7462,0.2207,16.3943,24.8271,24.8271,
hgpn05,40,cars_pl,hiresnet50.in1k_spark,False,,,,adamw,0.05,5e-05,,0,200,448,8,8144,8041,50,-1,hiresnet50.in1k_spark,91.8916,,,0.5583,91.8915557766447,99.7913,,,0.0068,63.7695,0.2207,16.3944,24.8565,24.8565,
hgpn05,40,cars_pl,hiresnet50.in1k_spark,False,,,,adamw,0.05,5e-05,,0,200,448,8,8144,8041,70,-1,hiresnet50.in1k_spark,92.5258,,,0.5413,92.52580524810348,99.8527,,,0.0065,65.5366,0.2207,16.3944,24.88,24.88,
hgpn05,40,cars_pl,hiresnet50.in1k_spark,False,,,,adamw,0.05,0.0001,,0,200,448,8,8144,8041,25,-1,hiresnet50.in1k_spark,90.5982,,,0.577,90.59818430543464,99.7913,,,0.0092,63.9875,0.2207,16.3943,24.8271,24.8271,
hgpn05,40,cars_pl,hiresnet50.in1k_spark,False,,,,adamw,0.05,0.0001,,0,200,448,8,8144,8041,50,-1,hiresnet50.in1k_spark,91.5185,,,0.522,91.5184678522572,99.7544,,,0.0079,64.2037,0.2207,16.3944,24.8565,24.8565,
hgpn05,40,cars_pl,hiresnet50.in1k_spark,False,,,,adamw,0.05,0.0001,,0,200,448,8,8144,8041,70,-1,hiresnet50.in1k_spark,91.3195,,,0.5557,91.31948762591718,99.8158,,,0.0082,65.3335,0.2207,16.3944,24.88,24.88,
hgpn05,40,cars_pl,hiresnet50.in1k_spark,False,,,,adamw,0.05,0.0005,,0,200,448,8,8144,8041,25,-1,hiresnet50.in1k_spark,82.241,,,1.0244,82.24101479915433,99.8158,,,0.0096,63.9496,0.2207,16.3943,24.8271,24.8271,
hgpn05,40,cars_pl,hiresnet50.in1k_spark,False,,,,adamw,0.05,0.0005,,0,200,448,8,8144,8041,50,-1,hiresnet50.in1k_spark,83.4846,,,0.9372,83.48464121377938,99.8404,,,0.0101,64.1306,0.2207,16.3944,24.8565,24.8565,
hgpn05,40,cars_pl,hiresnet50.in1k_spark,False,,,,adamw,0.05,0.0005,,0,200,448,8,8144,8041,70,-1,hiresnet50.in1k_spark,81.4575,,,1.0812,81.45753015794055,99.8158,,,0.0099,65.2064,0.2207,16.3944,24.88,24.88,
hgpn05,40,cars_pl,hiresnet50.in1k_spark,False,,,,adamw,0.05,0.001,,0,200,448,8,8144,8041,25,-1,hiresnet50.in1k_spark,84.4671,,,0.9181,84.46710608133317,99.8035,,,0.0091,64.1883,0.2207,16.3943,24.8271,24.8271,
hgpn05,40,cars_pl,hiresnet50.in1k_spark,False,,,,adamw,0.05,0.001,,0,200,448,8,8144,8041,50,-1,hiresnet50.in1k_spark,84.9646,,,0.867,84.96455664718319,99.7913,,,0.012,63.8727,0.2207,16.3944,24.8565,24.8565,
hgpn05,40,cars_pl,hiresnet50.in1k_spark,False,,,,adamw,0.05,0.001,,0,200,448,8,8144,8041,70,-1,hiresnet50.in1k_spark,85.2382,,,0.8832,85.2381544584007,99.8158,,,0.0097,65.4812,0.2207,16.3944,24.88,24.88,
hgpn05,40,cars_pl,hiresnet50.in1k_spark,False,,,,sgd,0.0,0.003,,0,200,448,8,8144,8041,25,-1,hiresnet50.in1k_spark,89.7152,,,0.5535,89.71520955105086,99.8281,,,0.0137,59.8738,0.2207,16.3943,24.8271,24.8271,
hgpn05,40,cars_pl,hiresnet50.in1k_spark,False,,,,sgd,0.0,0.003,,0,200,448,8,8144,8041,50,-1,hiresnet50.in1k_spark,89.081,,,0.5756,89.08096007959209,99.8281,,,0.0152,59.872,0.2207,16.3944,24.8565,24.8565,
hgpn05,40,cars_pl,hiresnet50.in1k_spark,False,,,,sgd,0.0,0.003,,0,200,448,8,8144,8041,70,-1,hiresnet50.in1k_spark,90.0261,,,0.5382,90.02611615470713,99.8281,,,0.0147,60.0717,0.2207,16.3944,24.88,24.88,
hgpn05,40,cars_pl,hiresnet50.in1k_spark,False,,,,sgd,0.0,0.01,,0,200,448,8,8144,8041,25,-1,hiresnet50.in1k_spark,91.6304,,,0.4787,91.63039422957344,99.8527,,,0.0094,59.7874,0.2207,16.3943,24.8271,24.8271,
hgpn05,40,cars_pl,hiresnet50.in1k_spark,False,,,,sgd,0.0,0.01,,0,200,448,8,8144,8041,50,-1,hiresnet50.in1k_spark,91.904,,,0.467,91.90399204079095,99.8281,,,0.0091,59.703,0.2207,16.3944,24.8565,24.8565,
hgpn05,40,cars_pl,hiresnet50.in1k_spark,False,,,,sgd,0.0,0.01,,0,200,448,8,8144,8041,70,-1,hiresnet50.in1k_spark,91.9537,,,0.468,91.95373709737596,99.8281,,,0.0089,60.071,0.2207,16.3944,24.88,24.88,
hgpn05,40,cars_pl,hiresnet50.in1k_spark,False,,,,sgd,0.0,0.03,,0,200,448,8,8144,8041,25,-1,hiresnet50.in1k_spark,87.1658,,,0.7725,87.16577540106952,99.779,,,0.0098,60.7936,0.2207,16.3943,24.8271,24.8271,
hgpn05,40,cars_pl,hiresnet50.in1k_spark,False,,,,sgd,0.0,0.03,,0,200,448,8,8144,8041,50,-1,hiresnet50.in1k_spark,89.9515,,,0.6268,89.95149856982962,99.8158,,,0.0091,59.7439,0.2207,16.3944,24.8565,24.8565,
hgpn05,40,cars_pl,hiresnet50.in1k_spark,False,,,,sgd,0.0,0.03,,0,200,448,8,8144,8041,70,-1,hiresnet50.in1k_spark,87.9866,,,0.7322,87.98656883472205,99.779,,,0.0089,60.1078,0.2207,16.3944,24.88,24.88,
hgpn05,40,cars_pl,hiresnet50.in1k_spark,False,,,,sgd,0.0,0.1,,0,200,448,8,8144,8041,25,-1,hiresnet50.in1k_spark,81.1591,,,1.4303,81.15905981843055,99.8035,,,0.0253,60.8586,0.2207,16.3943,24.8271,24.8271,
hgpn05,40,cars_pl,hiresnet50.in1k_spark,False,,,,sgd,0.0,0.1,,0,200,448,8,8144,8041,50,-1,hiresnet50.in1k_spark,74.3937,,,2.0433,74.39373212287029,99.7421,,,0.0213,59.6048,0.2207,16.3944,24.8565,24.8565,
hgpn05,40,cars_pl,hiresnet50.in1k_spark,False,,,,sgd,0.0,0.1,,0,200,448,8,8144,8041,70,-1,hiresnet50.in1k_spark,79.7662,,,1.6034,79.76619823405049,99.779,,,0.0161,60.3084,0.2207,16.3944,24.88,24.88,
hgpn05,40,cars_pl,hiresnet50.in1k_supcon,False,,,,adamw,0.05,5e-06,,0,200,448,8,8144,8041,25,-1,hiresnet50.in1k_supcon,92.0781,,,0.5969,92.07809973883845,99.779,,,0.0121,65.7505,0.2207,16.3943,24.8271,24.8271,
hgpn05,40,cars_pl,hiresnet50.in1k_supcon,False,,,,adamw,0.05,5e-06,,0,200,448,8,8144,8041,50,-1,hiresnet50.in1k_supcon,91.9164,,,0.6027,91.9164283049372,99.7544,,,0.0109,65.0521,0.2207,16.3944,24.8565,24.8565,
hgpn05,40,cars_pl,hiresnet50.in1k_supcon,False,,,,adamw,0.05,5e-06,,0,200,448,8,8144,8041,70,-1,hiresnet50.in1k_supcon,92.0035,,,0.6277,92.00348215396096,99.7913,,,0.0098,64.8761,0.2207,16.3944,24.88,24.88,
hgpn05,40,cars_pl,hiresnet50.in1k_supcon,False,,,,adamw,0.05,1e-05,,0,200,448,8,8144,8041,25,-1,hiresnet50.in1k_supcon,92.302,,,0.5929,92.30195249347096,99.7913,,,0.0066,65.4095,0.2207,16.3943,24.8271,24.8271,
hgpn05,40,cars_pl,hiresnet50.in1k_supcon,False,,,,adamw,0.05,1e-05,,0,200,448,8,8144,8041,50,-1,hiresnet50.in1k_supcon,91.9662,,,0.6601,91.9661733615222,99.7667,,,0.0105,64.8427,0.2207,16.3944,24.8565,24.8565,
hgpn05,40,cars_pl,hiresnet50.in1k_supcon,False,,,,adamw,0.05,1e-05,,0,200,448,8,8144,8041,70,-1,hiresnet50.in1k_supcon,92.103,,,0.6366,92.10297226713097,99.7667,,,0.0131,65.3906,0.2207,16.3944,24.88,24.88,
hgpn05,40,cars_pl,hiresnet50.in1k_supcon,False,,,,adamw,0.05,5e-05,,0,200,448,8,8144,8041,25,-1,hiresnet50.in1k_supcon,93.2969,,,0.5581,93.296853625171,99.8158,,,0.0045,65.8071,0.2207,16.3943,24.8271,24.8271,
hgpn05,40,cars_pl,hiresnet50.in1k_supcon,False,,,,adamw,0.05,5e-05,,0,200,448,8,8144,8041,50,-1,hiresnet50.in1k_supcon,93.0606,,,0.5827,93.06056460639223,99.779,,,0.0048,64.6804,0.2207,16.3944,24.8565,24.8565,
hgpn05,40,cars_pl,hiresnet50.in1k_supcon,False,,,,adamw,0.05,5e-05,,0,200,448,8,8144,8041,70,-1,hiresnet50.in1k_supcon,93.1103,,,0.5712,93.11030966297724,99.8281,,,0.0052,65.4699,0.2207,16.3944,24.88,24.88,
hgpn05,40,cars_pl,hiresnet50.in1k_supcon,False,,,,adamw,0.05,0.0001,,0,200,448,8,8144,8041,25,-1,hiresnet50.in1k_supcon,93.5953,,,0.5024,93.595323964681,99.8527,,,0.0045,65.1893,0.2207,16.3943,24.8271,24.8271,
hgpn05,40,cars_pl,hiresnet50.in1k_supcon,False,,,,adamw,0.05,0.0001,,0,200,448,8,8144,8041,50,-1,hiresnet50.in1k_supcon,93.272,,,0.5135,93.27198109687848,99.8404,,,0.0053,64.6346,0.2207,16.3944,24.8565,24.8565,
hgpn05,40,cars_pl,hiresnet50.in1k_supcon,False,,,,adamw,0.05,0.0001,,0,200,448,8,8144,8041,70,-1,hiresnet50.in1k_supcon,93.272,,,0.5234,93.27198109687848,99.8404,,,0.005,65.4622,0.2207,16.3944,24.88,24.88,
hgpn05,40,cars_pl,hiresnet50.in1k_supcon,False,,,,adamw,0.05,0.0005,,0,200,448,8,8144,8041,25,-1,hiresnet50.in1k_supcon,86.1709,,,0.7997,86.17087426936948,99.8281,,,0.0072,65.2289,0.2207,16.3943,24.8271,24.8271,
hgpn05,40,cars_pl,hiresnet50.in1k_supcon,False,,,,adamw,0.05,0.0005,,0,200,448,8,8144,8041,50,-1,hiresnet50.in1k_supcon,88.969,,,0.6733,88.96903370227584,99.8158,,,0.0073,65.2578,0.2207,16.3944,24.8565,24.8565,
hgpn05,40,cars_pl,hiresnet50.in1k_supcon,False,,,,adamw,0.05,0.0005,,0,200,448,8,8144,8041,70,-1,hiresnet50.in1k_supcon,90.6852,,,0.5658,90.6852381544584,99.8527,,,0.0075,65.6735,0.2207,16.3944,24.88,24.88,
hgpn05,40,cars_pl,hiresnet50.in1k_supcon,False,,,,adamw,0.05,0.001,,0,200,448,8,8144,8041,25,-1,hiresnet50.in1k_supcon,85.661,,,0.8333,85.66098743937322,99.8281,,,0.0098,65.171,0.2207,16.3943,24.8271,24.8271,
hgpn05,40,cars_pl,hiresnet50.in1k_supcon,False,,,,adamw,0.05,0.001,,0,200,448,8,8144,8041,50,-1,hiresnet50.in1k_supcon,83.9075,,,0.9245,83.9074741947519,99.8035,,,0.0096,64.7372,0.2207,16.3944,24.8565,24.8565,
hgpn05,40,cars_pl,hiresnet50.in1k_supcon,False,,,,adamw,0.05,0.001,,0,200,448,8,8144,8041,70,-1,hiresnet50.in1k_supcon,84.7531,,,0.8789,84.75314015669693,99.8158,,,0.0115,65.3761,0.2207,16.3944,24.88,24.88,
hgpn05,40,cars_pl,hiresnet50.in1k_supcon,False,,,,sgd,0.0,0.003,,0,200,448,8,8144,8041,25,-1,hiresnet50.in1k_supcon,93.6202,,,0.3862,93.6201964929735,99.8404,,,0.0092,61.1607,0.2207,16.3943,24.8271,24.8271,
hgpn05,40,cars_pl,hiresnet50.in1k_supcon,False,,,,sgd,0.0,0.003,,0,200,448,8,8144,8041,50,-1,hiresnet50.in1k_supcon,92.9611,,,0.41,92.96107449322224,99.8895,,,0.0108,60.3044,0.2207,16.3944,24.8565,24.8565,
hgpn05,40,cars_pl,hiresnet50.in1k_supcon,False,,,,sgd,0.0,0.003,,0,200,448,8,8144,8041,70,-1,hiresnet50.in1k_supcon,93.0606,,,0.4117,93.06056460639223,99.8527,,,0.0097,61.0366,0.2207,16.3944,24.88,24.88,
hgpn05,40,cars_pl,hiresnet50.in1k_supcon,False,,,,sgd,0.0,0.01,,0,200,448,8,8144,8041,25,-1,hiresnet50.in1k_supcon,94.0555,,,0.3969,94.05546573809228,99.8527,,,0.0047,60.9169,0.2207,16.3943,24.8271,24.8271,
hgpn05,40,cars_pl,hiresnet50.in1k_supcon,False,,,,sgd,0.0,0.01,,0,200,448,8,8144,8041,50,-1,hiresnet50.in1k_supcon,93.757,,,0.4015,93.75699539858226,99.8527,,,0.0072,60.2607,0.2207,16.3944,24.8565,24.8565,
hgpn05,40,cars_pl,hiresnet50.in1k_supcon,False,,,,sgd,0.0,0.01,,0,200,448,8,8144,8041,70,-1,hiresnet50.in1k_supcon,94.2544,,,0.3871,94.25444596443228,99.8649,,,0.0073,61.1855,0.2207,16.3944,24.88,24.88,
hgpn05,40,cars_pl,hiresnet50.in1k_supcon,False,,,,sgd,0.0,0.03,,0,200,448,8,8144,8041,25,-1,hiresnet50.in1k_supcon,94.2296,,,0.42,94.2295734361398,99.8404,,,0.0047,60.6042,0.2207,16.3943,24.8271,24.8271,
hgpn05,40,cars_pl,hiresnet50.in1k_supcon,False,,,,sgd,0.0,0.03,,0,200,448,8,8144,8041,50,-1,hiresnet50.in1k_supcon,94.1798,,,0.4275,94.17982837955478,99.8895,,,0.0059,60.2931,0.2207,16.3944,24.8565,24.8565,
hgpn05,40,cars_pl,hiresnet50.in1k_supcon,False,,,,sgd,0.0,0.03,,0,200,448,8,8144,8041,70,-1,hiresnet50.in1k_supcon,94.2296,,,0.4176,94.2295734361398,99.8527,,,0.0055,61.0518,0.2207,16.3944,24.88,24.88,
hgpn05,40,cars_pl,hiresnet50.in1k_supcon,False,,,,sgd,0.0,0.1,,0,200,448,8,8144,8041,25,-1,hiresnet50.in1k_supcon,91.9786,,,0.6303,91.97860962566844,99.8772,,,0.0097,60.924,0.2207,16.3943,24.8271,24.8271,
hgpn05,40,cars_pl,hiresnet50.in1k_supcon,False,,,,sgd,0.0,0.1,,0,200,448,8,8144,8041,50,-1,hiresnet50.in1k_supcon,91.8791,,,0.6144,91.87911951249843,99.8281,,,0.011,60.8489,0.2207,16.3944,24.8565,24.8565,
hgpn05,40,cars_pl,hiresnet50.in1k_supcon,False,,,,sgd,0.0,0.1,,0,200,448,8,8144,8041,70,-1,hiresnet50.in1k_supcon,92.3393,,,0.6322,92.33926128590971,99.8404,,,0.0093,60.8886,0.2207,16.3944,24.88,24.88,
hgpn06,40,cars_pl,hiresnet50.in1k_swav,False,,,,adamw,0.05,5e-06,,0,200,448,8,8144,8041,25,-1,hiresnet50.in1k_swav,92.4014,,,0.4134,92.40144260664096,99.7913,,,0.0155,64.3966,0.2207,16.3943,24.8271,24.8271,
hgpn06,40,cars_pl,hiresnet50.in1k_swav,False,,,,adamw,0.05,5e-06,,0,200,448,8,8144,8041,50,-1,hiresnet50.in1k_swav,92.4885,,,0.4005,92.48849645566472,99.8158,,,0.0134,65.3509,0.2207,16.3944,24.8565,24.8565,
hgpn06,40,cars_pl,hiresnet50.in1k_swav,False,,,,adamw,0.05,5e-06,,0,200,448,8,8144,8041,70,-1,hiresnet50.in1k_swav,92.7497,,,0.406,92.74965800273598,99.7913,,,0.0133,65.587,0.2207,16.3944,24.88,24.88,
hgpn06,40,cars_pl,hiresnet50.in1k_swav,False,,,,adamw,0.05,1e-05,,0,200,448,8,8144,8041,25,-1,hiresnet50.in1k_swav,92.3766,,,0.4176,92.37657007834846,99.8158,,,0.0126,64.6865,0.2207,16.3943,24.8271,24.8271,
hgpn06,40,cars_pl,hiresnet50.in1k_swav,False,,,,adamw,0.05,1e-05,,0,200,448,8,8144,8041,50,-1,hiresnet50.in1k_swav,92.7745,,,0.4171,92.77453053102847,99.7913,,,0.0097,65.2718,0.2207,16.3944,24.8565,24.8565,
hgpn06,40,cars_pl,hiresnet50.in1k_swav,False,,,,adamw,0.05,1e-05,,0,200,448,8,8144,8041,70,-1,hiresnet50.in1k_swav,92.8491,,,0.4026,92.84914811590598,99.779,,,0.0109,66.1155,0.2207,16.3944,24.88,24.88,
hgpn06,40,cars_pl,hiresnet50.in1k_swav,False,,,,adamw,0.05,5e-05,,0,200,448,8,8144,8041,25,-1,hiresnet50.in1k_swav,93.272,,,0.425,93.27198109687848,99.8035,,,0.006,65.0506,0.2207,16.3943,24.8271,24.8271,
hgpn06,40,cars_pl,hiresnet50.in1k_swav,False,,,,adamw,0.05,5e-05,,0,200,448,8,8144,8041,50,-1,hiresnet50.in1k_swav,93.3963,,,0.4302,93.396343738341,99.7913,,,0.0063,65.8947,0.2207,16.3944,24.8565,24.8565,
hgpn06,40,cars_pl,hiresnet50.in1k_swav,False,,,,adamw,0.05,5e-05,,0,200,448,8,8144,8041,70,-1,hiresnet50.in1k_swav,93.6326,,,0.4309,93.63263275711977,99.8281,,,0.0057,66.5156,0.2207,16.3944,24.88,24.88,
hgpn06,40,cars_pl,hiresnet50.in1k_swav,False,,,,adamw,0.05,0.0001,,0,200,448,8,8144,8041,25,-1,hiresnet50.in1k_swav,93.7321,,,0.4418,93.73212287028976,99.8404,,,0.0055,64.9679,0.2207,16.3943,24.8271,24.8271,
hgpn06,40,cars_pl,hiresnet50.in1k_swav,False,,,,adamw,0.05,0.0001,,0,200,448,8,8144,8041,50,-1,hiresnet50.in1k_swav,93.9684,,,0.4316,93.96841188906852,99.8281,,,0.0058,65.2631,0.2207,16.3944,24.8565,24.8565,
hgpn06,40,cars_pl,hiresnet50.in1k_swav,False,,,,adamw,0.05,0.0001,,0,200,448,8,8144,8041,70,-1,hiresnet50.in1k_swav,93.9435,,,0.4385,93.94353936077604,99.8404,,,0.0057,65.5964,0.2207,16.3944,24.88,24.88,
hgpn06,40,cars_pl,hiresnet50.in1k_swav,False,,,,adamw,0.05,0.0005,,0,200,448,8,8144,8041,25,-1,hiresnet50.in1k_swav,92.7372,,,0.5072,92.73722173858972,99.8404,,,0.0064,67.1222,0.2207,16.3943,24.8271,24.8271,
hgpn06,40,cars_pl,hiresnet50.in1k_swav,False,,,,adamw,0.05,0.0005,,0,200,448,8,8144,8041,50,-1,hiresnet50.in1k_swav,93.1725,,,0.4972,93.1724909837085,99.8281,,,0.0076,65.7709,0.2207,16.3944,24.8565,24.8565,
hgpn06,40,cars_pl,hiresnet50.in1k_swav,False,,,,adamw,0.05,0.0005,,0,200,448,8,8144,8041,70,-1,hiresnet50.in1k_swav,92.7621,,,0.4913,92.76209426688224,99.8281,,,0.0069,65.4471,0.2207,16.3944,24.88,24.88,
hgpn06,40,cars_pl,hiresnet50.in1k_swav,False,,,,adamw,0.05,0.001,,0,200,448,8,8144,8041,25,-1,hiresnet50.in1k_swav,91.9289,,,0.521,91.92886456908344,99.8158,,,0.0076,65.7029,0.2207,16.3943,24.8271,24.8271,
hgpn06,40,cars_pl,hiresnet50.in1k_swav,False,,,,adamw,0.05,0.001,,0,200,448,8,8144,8041,50,-1,hiresnet50.in1k_swav,92.103,,,0.5378,92.10297226713097,99.8404,,,0.0088,65.9397,0.2207,16.3944,24.8565,24.8565,
hgpn06,40,cars_pl,hiresnet50.in1k_swav,False,,,,adamw,0.05,0.001,,0,200,448,8,8144,8041,70,-1,hiresnet50.in1k_swav,91.8916,,,0.5289,91.8915557766447,99.8281,,,0.0089,66.2297,0.2207,16.3944,24.88,24.88,
hgpn06,40,cars_pl,hiresnet50.in1k_swav,False,,,,sgd,0.0,0.003,,0,200,448,8,8144,8041,25,-1,hiresnet50.in1k_swav,91.7299,,,0.3739,91.72988434274345,99.8527,,,0.0142,61.0304,0.2207,16.3943,24.8271,24.8271,
hgpn06,40,cars_pl,hiresnet50.in1k_swav,False,,,,sgd,0.0,0.003,,0,200,448,8,8144,8041,50,-1,hiresnet50.in1k_swav,91.5806,,,0.368,91.58064917298844,99.8158,,,0.0113,61.3397,0.2207,16.3944,24.8565,24.8565,
hgpn06,40,cars_pl,hiresnet50.in1k_swav,False,,,,sgd,0.0,0.003,,0,200,448,8,8144,8041,70,-1,hiresnet50.in1k_swav,91.8418,,,0.3714,91.8418107200597,99.8527,,,0.0116,61.5892,0.2207,16.3944,24.88,24.88,
hgpn06,40,cars_pl,hiresnet50.in1k_swav,False,,,,sgd,0.0,0.01,,0,200,448,8,8144,8041,25,-1,hiresnet50.in1k_swav,92.0159,,,0.3941,92.0159184181072,99.8035,,,0.0075,61.0213,0.2207,16.3943,24.8271,24.8271,
hgpn06,40,cars_pl,hiresnet50.in1k_swav,False,,,,sgd,0.0,0.01,,0,200,448,8,8144,8041,50,-1,hiresnet50.in1k_swav,92.4885,,,0.3803,92.48849645566472,99.8281,,,0.0078,61.5281,0.2207,16.3944,24.8565,24.8565,
hgpn06,40,cars_pl,hiresnet50.in1k_swav,False,,,,sgd,0.0,0.01,,0,200,448,8,8144,8041,70,-1,hiresnet50.in1k_swav,92.4636,,,0.3838,92.4636239273722,99.8158,,,0.0085,61.5361,0.2207,16.3944,24.88,24.88,
hgpn06,40,cars_pl,hiresnet50.in1k_swav,False,,,,sgd,0.0,0.03,,0,200,448,8,8144,8041,25,-1,hiresnet50.in1k_swav,92.5756,,,0.4295,92.57555030468848,99.8404,,,0.008,61.7302,0.2207,16.3943,24.8271,24.8271,
hgpn06,40,cars_pl,hiresnet50.in1k_swav,False,,,,sgd,0.0,0.03,,0,200,448,8,8144,8041,50,-1,hiresnet50.in1k_swav,93.0606,,,0.3965,93.06056460639223,99.8035,,,0.0065,61.3449,0.2207,16.3944,24.8565,24.8565,
hgpn06,40,cars_pl,hiresnet50.in1k_swav,False,,,,sgd,0.0,0.03,,0,200,448,8,8144,8041,70,-1,hiresnet50.in1k_swav,93.0108,,,0.4015,93.01081954980724,99.8527,,,0.0056,61.7284,0.2207,16.3944,24.88,24.88,
hgpn06,40,cars_pl,hiresnet50.in1k_swav,False,,,,sgd,0.0,0.1,,0,200,448,8,8144,8041,25,-1,hiresnet50.in1k_swav,92.9859,,,0.6099,92.98594702151472,99.8404,,,0.0079,62.028,0.2207,16.3943,24.8271,24.8271,
hgpn06,40,cars_pl,hiresnet50.in1k_swav,False,,,,sgd,0.0,0.1,,0,200,448,8,8144,8041,50,-1,hiresnet50.in1k_swav,92.9859,,,0.5837,92.98594702151472,99.8281,,,0.0087,61.0388,0.2207,16.3944,24.8565,24.8565,
hgpn06,40,cars_pl,hiresnet50.in1k_swav,False,,,,sgd,0.0,0.1,,0,200,448,8,8144,8041,70,-1,hiresnet50.in1k_swav,93.0233,,,0.5878,93.02325581395348,99.8404,,,0.0074,61.6803,0.2207,16.3944,24.88,24.88,
camel.ee.nctu.edu.tw,40,cars_pl,hiresnet50.in21k_miil,False,,,,sgd,0.0,0.1,,0,200,448,8,8144,8041,25,-1,hiresnet50.in21k_miil,,,,,,,,,,,,,,,
camel.ee.nctu.edu.tw,40,cars_pl,hiresnet50.in21k_miil,False,,,,sgd,0.0,0.1,,0,200,448,8,8144,8041,25,-1,hiresnet50.in21k_miil,,,,,,,,,,,,,,,
hgpn20,40,cars_pl,hiresnet50.tv2_in1k,False,,,,adamw,0.05,5e-06,,0,200,448,8,8144,8041,25,-1,hiresnet50.tv2_in1k,91.7796,,,0.5113,91.77962939932844,99.7913,,,0.013,65.3494,0.2207,16.3943,24.8271,24.8271,
hgpn20,40,cars_pl,hiresnet50.tv2_in1k,False,,,,adamw,0.05,5e-06,,0,200,448,8,8144,8041,50,-1,hiresnet50.tv2_in1k,91.7299,,,0.5054,91.72988434274345,99.7913,,,0.0137,65.8716,0.2207,16.3944,24.8565,24.8565,
hgpn20,40,cars_pl,hiresnet50.tv2_in1k,False,,,,adamw,0.05,5e-06,,0,200,448,8,8144,8041,70,-1,hiresnet50.tv2_in1k,91.8294,,,0.4823,91.82937445591344,99.779,,,0.0108,66.0649,0.2207,16.3944,24.88,24.88,
hgpn20,40,cars_pl,hiresnet50.tv2_in1k,False,,,,adamw,0.05,1e-05,,0,200,448,8,8144,8041,25,-1,hiresnet50.tv2_in1k,92.1278,,,0.5254,92.12784479542346,99.8158,,,0.0083,66.2359,0.2207,16.3943,24.8271,24.8271,
hgpn20,40,cars_pl,hiresnet50.tv2_in1k,False,,,,adamw,0.05,1e-05,,0,200,448,8,8144,8041,50,-1,hiresnet50.tv2_in1k,91.9289,,,0.5064,91.92886456908344,99.779,,,0.0095,66.6602,0.2207,16.3944,24.8565,24.8565,
hgpn20,40,cars_pl,hiresnet50.tv2_in1k,False,,,,adamw,0.05,1e-05,,0,200,448,8,8144,8041,70,-1,hiresnet50.tv2_in1k,92.1278,,,0.5138,92.12784479542346,99.7913,,,0.0102,65.1545,0.2207,16.3944,24.88,24.88,
hgpn20,40,cars_pl,hiresnet50.tv2_in1k,False,,,,adamw,0.05,5e-05,,0,200,448,8,8144,8041,25,-1,hiresnet50.tv2_in1k,93.3963,,,0.4924,93.396343738341,99.8281,,,0.0049,65.6369,0.2207,16.3943,24.8271,24.8271,
hgpn20,40,cars_pl,hiresnet50.tv2_in1k,False,,,,adamw,0.05,5e-05,,0,200,448,8,8144,8041,50,-1,hiresnet50.tv2_in1k,93.2222,,,0.5091,93.2222360402935,99.8281,,,0.0051,66.0838,0.2207,16.3944,24.8565,24.8565,
hgpn20,40,cars_pl,hiresnet50.tv2_in1k,False,,,,adamw,0.05,5e-05,,0,200,448,8,8144,8041,70,-1,hiresnet50.tv2_in1k,93.3093,,,0.5129,93.30928988931726,99.8404,,,0.0053,65.3508,0.2207,16.3944,24.88,24.88,
hgpn20,40,cars_pl,hiresnet50.tv2_in1k,False,,,,adamw,0.05,0.0001,,0,200,448,8,8144,8041,25,-1,hiresnet50.tv2_in1k,93.2969,,,0.4858,93.296853625171,99.8158,,,0.0049,66.0215,0.2207,16.3943,24.8271,24.8271,
hgpn20,40,cars_pl,hiresnet50.tv2_in1k,False,,,,adamw,0.05,0.0001,,0,200,448,8,8144,8041,50,-1,hiresnet50.tv2_in1k,93.5207,,,0.4794,93.52070637980351,99.8281,,,0.006,66.2312,0.2207,16.3944,24.8565,24.8565,
hgpn20,40,cars_pl,hiresnet50.tv2_in1k,False,,,,adamw,0.05,0.0001,,0,200,448,8,8144,8041,70,-1,hiresnet50.tv2_in1k,93.6326,,,0.4907,93.63263275711977,99.8281,,,0.006,65.7493,0.2207,16.3944,24.88,24.88,
hgpn20,40,cars_pl,hiresnet50.tv2_in1k,False,,,,adamw,0.05,0.0005,,0,200,448,8,8144,8041,25,-1,hiresnet50.tv2_in1k,92.4636,,,0.5263,92.4636239273722,99.8404,,,0.0065,66.2244,0.2207,16.3943,24.8271,24.8271,
hgpn20,40,cars_pl,hiresnet50.tv2_in1k,False,,,,adamw,0.05,0.0005,,0,200,448,8,8144,8041,50,-1,hiresnet50.tv2_in1k,92.588,,,0.5148,92.58798656883472,99.8527,,,0.0068,65.0093,0.2207,16.3944,24.8565,24.8565,
hgpn20,40,cars_pl,hiresnet50.tv2_in1k,False,,,,adamw,0.05,0.0005,,0,200,448,8,8144,8041,70,-1,hiresnet50.tv2_in1k,92.6129,,,0.4995,92.61285909712724,99.8281,,,0.007,65.6587,0.2207,16.3944,24.88,24.88,
hgpn20,40,cars_pl,hiresnet50.tv2_in1k,False,,,,adamw,0.05,0.001,,0,200,448,8,8144,8041,25,-1,hiresnet50.tv2_in1k,91.8791,,,0.5376,91.87911951249843,99.8404,,,0.0076,65.8782,0.2207,16.3943,24.8271,24.8271,
hgpn20,40,cars_pl,hiresnet50.tv2_in1k,False,,,,adamw,0.05,0.001,,0,200,448,8,8144,8041,50,-1,hiresnet50.tv2_in1k,91.6926,,,0.5405,91.69257555030468,99.8035,,,0.0079,64.6557,0.2207,16.3944,24.8565,24.8565,
hgpn20,40,cars_pl,hiresnet50.tv2_in1k,False,,,,adamw,0.05,0.001,,0,200,448,8,8144,8041,70,-1,hiresnet50.tv2_in1k,91.904,,,0.5155,91.90399204079095,99.8158,,,0.0078,65.1597,0.2207,16.3944,24.88,24.88,
hgpn20,40,cars_pl,hiresnet50.tv2_in1k,False,,,,sgd,0.0,0.003,,0,200,448,8,8144,8041,25,-1,hiresnet50.tv2_in1k,93.272,,,0.3391,93.27198109687848,99.8404,,,0.0124,61.5855,0.2207,16.3943,24.8271,24.8271,
hgpn20,40,cars_pl,hiresnet50.tv2_in1k,False,,,,sgd,0.0,0.003,,0,200,448,8,8144,8041,50,-1,hiresnet50.tv2_in1k,92.9984,,,0.3485,92.998383285661,99.8404,,,0.0114,60.5937,0.2207,16.3944,24.8565,24.8565,
hgpn20,40,cars_pl,hiresnet50.tv2_in1k,False,,,,sgd,0.0,0.003,,0,200,448,8,8144,8041,70,-1,hiresnet50.tv2_in1k,93.1227,,,0.3426,93.12274592712347,99.8158,,,0.0116,61.2209,0.2207,16.3944,24.88,24.88,
hgpn20,40,cars_pl,hiresnet50.tv2_in1k,False,,,,sgd,0.0,0.01,,0,200,448,8,8144,8041,25,-1,hiresnet50.tv2_in1k,93.6326,,,0.3572,93.63263275711977,99.8772,,,0.0087,61.5896,0.2207,16.3943,24.8271,24.8271,
hgpn20,40,cars_pl,hiresnet50.tv2_in1k,False,,,,sgd,0.0,0.01,,0,200,448,8,8144,8041,50,-1,hiresnet50.tv2_in1k,93.2347,,,0.3664,93.23467230443974,99.8404,,,0.0087,61.4502,0.2207,16.3944,24.8565,24.8565,
hgpn20,40,cars_pl,hiresnet50.tv2_in1k,False,,,,sgd,0.0,0.01,,0,200,448,8,8144,8041,70,-1,hiresnet50.tv2_in1k,94.0306,,,0.3519,94.03059320979978,99.8281,,,0.0079,61.1302,0.2207,16.3944,24.88,24.88,
hgpn20,40,cars_pl,hiresnet50.tv2_in1k,False,,,,sgd,0.0,0.03,,0,200,448,8,8144,8041,25,-1,hiresnet50.tv2_in1k,93.9311,,,0.3779,93.93110309662976,99.8649,,,0.0057,61.4204,0.2207,16.3943,24.8271,24.8271,
hgpn20,40,cars_pl,hiresnet50.tv2_in1k,False,,,,sgd,0.0,0.03,,0,200,448,8,8144,8041,50,-1,hiresnet50.tv2_in1k,94.1674,,,0.3609,94.16739211540852,99.8649,,,0.0061,60.5774,0.2207,16.3944,24.8565,24.8565,
hgpn20,40,cars_pl,hiresnet50.tv2_in1k,False,,,,sgd,0.0,0.03,,0,200,448,8,8144,8041,70,-1,hiresnet50.tv2_in1k,93.8814,,,0.3676,93.88135804004476,99.8404,,,0.006,61.3628,0.2207,16.3944,24.88,24.88,
hgpn20,40,cars_pl,hiresnet50.tv2_in1k,False,,,,sgd,0.0,0.1,,0,200,448,8,8144,8041,25,-1,hiresnet50.tv2_in1k,92.9859,,,0.6004,92.98594702151472,99.8158,,,0.0094,61.1032,0.2207,16.3943,24.8271,24.8271,
hgpn20,40,cars_pl,hiresnet50.tv2_in1k,False,,,,sgd,0.0,0.1,,0,200,448,8,8144,8041,50,-1,hiresnet50.tv2_in1k,92.8243,,,0.5943,92.82427558761349,99.8404,,,0.0081,60.6559,0.2207,16.3944,24.8565,24.8565,
hgpn20,40,cars_pl,hiresnet50.tv2_in1k,False,,,,sgd,0.0,0.1,,0,200,448,8,8144,8041,70,-1,hiresnet50.tv2_in1k,92.7123,,,0.6041,92.71234921029723,99.8158,,,0.0079,61.5104,0.2207,16.3944,24.88,24.88,
hgpn02,40,cars_pl,hiresnet50.tv_in1k,False,,,,adamw,0.05,5e-06,,0,200,448,8,8144,8041,25,-1,hiresnet50.tv_in1k,92.0781,,,0.5067,92.07809973883845,99.7544,,,0.0107,63.7479,0.2207,16.3943,24.8271,24.8271,
hgpn02,40,cars_pl,hiresnet50.tv_in1k,False,,,,adamw,0.05,5e-06,,0,200,448,8,8144,8041,50,-1,hiresnet50.tv_in1k,91.7796,,,0.5315,91.77962939932844,99.7421,,,0.0126,62.9877,0.2207,16.3944,24.8565,24.8565,
hgpn02,40,cars_pl,hiresnet50.tv_in1k,False,,,,adamw,0.05,5e-06,,0,200,448,8,8144,8041,70,-1,hiresnet50.tv_in1k,91.904,,,0.5165,91.90399204079095,99.7913,,,0.0105,63.587,0.2207,16.3944,24.88,24.88,
hgpn02,40,cars_pl,hiresnet50.tv_in1k,False,,,,adamw,0.05,1e-05,,0,200,448,8,8144,8041,25,-1,hiresnet50.tv_in1k,92.5756,,,0.497,92.57555030468848,99.8158,,,0.0062,63.6048,0.2207,16.3943,24.8271,24.8271,
hgpn02,40,cars_pl,hiresnet50.tv_in1k,False,,,,adamw,0.05,1e-05,,0,200,448,8,8144,8041,50,-1,hiresnet50.tv_in1k,92.302,,,0.5328,92.30195249347096,99.779,,,0.0074,63.2888,0.2207,16.3944,24.8565,24.8565,
hgpn02,40,cars_pl,hiresnet50.tv_in1k,False,,,,adamw,0.05,1e-05,,0,200,448,8,8144,8041,70,-1,hiresnet50.tv_in1k,92.5507,,,0.538,92.55067777639596,99.8035,,,0.0117,63.7632,0.2207,16.3944,24.88,24.88,
hgpn02,40,cars_pl,hiresnet50.tv_in1k,False,,,,adamw,0.05,5e-05,,0,200,448,8,8144,8041,25,-1,hiresnet50.tv_in1k,93.4212,,,0.5201,93.42121626663352,99.8281,,,0.0052,63.5885,0.2207,16.3943,24.8271,24.8271,
hgpn02,40,cars_pl,hiresnet50.tv_in1k,False,,,,adamw,0.05,5e-05,,0,200,448,8,8144,8041,50,-1,hiresnet50.tv_in1k,92.9486,,,0.548,92.94863822907598,99.8035,,,0.0058,63.1718,0.2207,16.3944,24.8565,24.8565,
hgpn02,40,cars_pl,hiresnet50.tv_in1k,False,,,,adamw,0.05,5e-05,,0,200,448,8,8144,8041,70,-1,hiresnet50.tv_in1k,93.2969,,,0.5088,93.296853625171,99.8035,,,0.0073,63.6276,0.2207,16.3944,24.88,24.88,
hgpn02,40,cars_pl,hiresnet50.tv_in1k,False,,,,adamw,0.05,0.0001,,0,200,448,8,8144,8041,25,-1,hiresnet50.tv_in1k,93.3466,,,0.4879,93.346598681756,99.8527,,,0.0058,63.5046,0.2207,16.3943,24.8271,24.8271,
hgpn02,40,cars_pl,hiresnet50.tv_in1k,False,,,,adamw,0.05,0.0001,,0,200,448,8,8144,8041,50,-1,hiresnet50.tv_in1k,93.1974,,,0.5205,93.197363512001,99.8404,,,0.0064,63.9996,0.2207,16.3944,24.8565,24.8565,
hgpn02,40,cars_pl,hiresnet50.tv_in1k,False,,,,adamw,0.05,0.0001,,0,200,448,8,8144,8041,70,-1,hiresnet50.tv_in1k,93.2595,,,0.5063,93.25954483273225,99.8281,,,0.0073,63.8344,0.2207,16.3944,24.88,24.88,
hgpn02,40,cars_pl,hiresnet50.tv_in1k,False,,,,adamw,0.05,0.0005,,0,200,448,8,8144,8041,25,-1,hiresnet50.tv_in1k,92.3517,,,0.5065,92.35169755005596,99.8158,,,0.0072,63.7173,0.2207,16.3943,24.8271,24.8271,
hgpn02,40,cars_pl,hiresnet50.tv_in1k,False,,,,adamw,0.05,0.0005,,0,200,448,8,8144,8041,50,-1,hiresnet50.tv_in1k,92.5258,,,0.5059,92.52580524810348,99.8527,,,0.008,63.9288,0.2207,16.3944,24.8565,24.8565,
hgpn02,40,cars_pl,hiresnet50.tv_in1k,False,,,,adamw,0.05,0.0005,,0,200,448,8,8144,8041,70,-1,hiresnet50.tv_in1k,91.9786,,,0.5081,91.97860962566844,99.8527,,,0.0095,63.4054,0.2207,16.3944,24.88,24.88,
hgpn02,40,cars_pl,hiresnet50.tv_in1k,False,,,,adamw,0.05,0.001,,0,200,448,8,8144,8041,25,-1,hiresnet50.tv_in1k,86.1087,,,0.7916,86.10869294863824,99.8404,,,0.0085,63.9896,0.2207,16.3943,24.8271,24.8271,
hgpn02,40,cars_pl,hiresnet50.tv_in1k,False,,,,adamw,0.05,0.001,,0,200,448,8,8144,8041,50,-1,hiresnet50.tv_in1k,85.0765,,,0.8584,85.07648302449944,99.8404,,,0.0095,63.8295,0.2207,16.3944,24.8565,24.8565,
hgpn02,40,cars_pl,hiresnet50.tv_in1k,False,,,,adamw,0.05,0.001,,0,200,448,8,8144,8041,70,-1,hiresnet50.tv_in1k,86.1336,,,0.8138,86.13356547693073,99.8158,,,0.0098,63.8507,0.2207,16.3944,24.88,24.88,
hgpn02,40,cars_pl,hiresnet50.tv_in1k,False,,,,sgd,0.0,0.003,,0,200,448,8,8144,8041,25,-1,hiresnet50.tv_in1k,93.4958,,,0.3522,93.495833851511,99.8649,,,0.0099,59.589,0.2207,16.3943,24.8271,24.8271,
hgpn02,40,cars_pl,hiresnet50.tv_in1k,False,,,,sgd,0.0,0.003,,0,200,448,8,8144,8041,50,-1,hiresnet50.tv_in1k,93.1849,,,0.3517,93.18492724785474,99.8404,,,0.0122,59.688,0.2207,16.3944,24.8565,24.8565,
hgpn02,40,cars_pl,hiresnet50.tv_in1k,False,,,,sgd,0.0,0.003,,0,200,448,8,8144,8041,70,-1,hiresnet50.tv_in1k,93.6078,,,0.3443,93.60776022882726,99.8158,,,0.012,59.5753,0.2207,16.3944,24.88,24.88,
hgpn02,40,cars_pl,hiresnet50.tv_in1k,False,,,,sgd,0.0,0.01,,0,200,448,8,8144,8041,25,-1,hiresnet50.tv_in1k,94.0182,,,0.3509,94.01815694565352,99.8404,,,0.0078,59.2748,0.2207,16.3943,24.8271,24.8271,
hgpn02,40,cars_pl,hiresnet50.tv_in1k,False,,,,sgd,0.0,0.01,,0,200,448,8,8144,8041,50,-1,hiresnet50.tv_in1k,93.9062,,,0.3697,93.90623056833728,99.8527,,,0.0081,59.1402,0.2207,16.3944,24.8565,24.8565,
hgpn02,40,cars_pl,hiresnet50.tv_in1k,False,,,,sgd,0.0,0.01,,0,200,448,8,8144,8041,70,-1,hiresnet50.tv_in1k,94.155,,,0.3499,94.15495585126229,99.8649,,,0.0069,59.7491,0.2207,16.3944,24.88,24.88,
hgpn02,40,cars_pl,hiresnet50.tv_in1k,False,,,,sgd,0.0,0.03,,0,200,448,8,8144,8041,25,-1,hiresnet50.tv_in1k,94.2047,,,0.4252,94.20470090784728,99.8527,,,0.0058,59.57,0.2207,16.3943,24.8271,24.8271,
hgpn02,40,cars_pl,hiresnet50.tv_in1k,False,,,,sgd,0.0,0.03,,0,200,448,8,8144,8041,50,-1,hiresnet50.tv_in1k,93.7943,,,0.4219,93.794304191021,99.8527,,,0.0067,59.395,0.2207,16.3944,24.8565,24.8565,
hgpn02,40,cars_pl,hiresnet50.tv_in1k,False,,,,sgd,0.0,0.03,,0,200,448,8,8144,8041,70,-1,hiresnet50.tv_in1k,94.0057,,,0.4132,94.00572068150728,99.8404,,,0.0061,59.1657,0.2207,16.3944,24.88,24.88,
hgpn02,40,cars_pl,hiresnet50.tv_in1k,False,,,,sgd,0.0,0.1,,0,200,448,8,8144,8041,25,-1,hiresnet50.tv_in1k,92.2522,,,0.6294,92.25220743688595,99.8404,,,0.0116,59.7173,0.2207,16.3943,24.8271,24.8271,
hgpn02,40,cars_pl,hiresnet50.tv_in1k,False,,,,sgd,0.0,0.1,,0,200,448,8,8144,8041,50,-1,hiresnet50.tv_in1k,92.2646,,,0.6091,92.2646437010322,99.8649,,,0.0127,59.1292,0.2207,16.3944,24.8565,24.8565,
hgpn02,40,cars_pl,hiresnet50.tv_in1k,False,,,,sgd,0.0,0.1,,0,200,448,8,8144,8041,70,-1,hiresnet50.tv_in1k,92.19,,,0.6017,92.19002611615473,99.8281,,,0.0108,59.3804,0.2207,16.3944,24.88,24.88,
hgpn05,40,cars_pl,hivit_base_patch16_224.dino,False,,,,adamw,0.05,5e-06,,0,200,448,8,8144,8041,25,-1,hivit_base_patch16_224.dino,88.3472,,,1.0285,88.34722049496331,99.4966,,,0.0374,99.5908,0.4238,67.1517,86.8013,86.8013,
hgpn05,40,cars_pl,hivit_base_patch16_224.dino,False,,,,adamw,0.05,5e-06,,0,200,448,8,8144,8041,50,-1,hivit_base_patch16_224.dino,87.7254,,,1.0718,87.7254072876508,99.7176,,,0.0178,99.1358,0.4238,67.1518,86.8307,86.8307,
hgpn05,40,cars_pl,hivit_base_patch16_224.dino,False,,,,adamw,0.05,5e-06,,0,200,448,8,8144,8041,70,-1,hivit_base_patch16_224.dino,87.9493,,,1.047,87.9492600422833,99.6685,,,0.0303,99.3715,0.4258,67.1518,86.8542,86.8542,
hgpn05,40,cars_pl,hivit_base_patch16_224.dino,False,,,,adamw,0.05,1e-05,,0,200,448,8,8144,8041,25,-1,hivit_base_patch16_224.dino,88.5462,,,1.044,88.54620072130332,99.5948,,,0.029,99.5582,0.4238,67.1517,86.8013,86.8013,
hgpn05,40,cars_pl,hivit_base_patch16_224.dino,False,,,,adamw,0.05,1e-05,,0,200,448,8,8144,8041,50,-1,hivit_base_patch16_224.dino,86.5564,,,1.2269,86.55639845790324,99.6562,,,0.0243,99.0092,0.4238,67.1518,86.8307,86.8307,
hgpn05,40,cars_pl,hivit_base_patch16_224.dino,False,,,,adamw,0.05,1e-05,,0,200,448,8,8144,8041,70,-1,hivit_base_patch16_224.dino,86.7803,,,1.1802,86.78025121253576,99.7299,,,0.0208,98.82,0.4258,67.1518,86.8542,86.8542,
hgpn05,40,cars_pl,hivit_base_patch16_224.dino,False,,,,adamw,0.05,5e-05,,0,200,448,8,8144,8041,25,-1,hivit_base_patch16_224.dino,84.0816,,,1.4689,84.0815818927994,99.7544,,,0.0119,99.5334,0.4238,67.1517,86.8013,86.8013,
hgpn05,40,cars_pl,hivit_base_patch16_224.dino,False,,,,adamw,0.05,5e-05,,0,200,448,8,8144,8041,50,-1,hivit_base_patch16_224.dino,84.5542,,,1.4302,84.55415993035692,99.7913,,,0.0095,98.7616,0.4238,67.1518,86.8307,86.8307,
hgpn05,40,cars_pl,hivit_base_patch16_224.dino,False,,,,adamw,0.05,5e-05,,0,200,448,8,8144,8041,70,-1,hivit_base_patch16_224.dino,83.7582,,,1.4727,83.7582390249969,99.7176,,,0.014,99.4965,0.4258,67.1518,86.8542,86.8542,
hgpn05,40,cars_pl,hivit_base_patch16_224.dino,False,,,,adamw,0.05,0.0001,,0,200,448,8,8144,8041,25,-1,hivit_base_patch16_224.dino,79.4553,,,1.7804,79.45529163039423,99.8281,,,0.0055,99.6714,0.4238,67.1517,86.8013,86.8013,
hgpn05,40,cars_pl,hivit_base_patch16_224.dino,False,,,,adamw,0.05,0.0001,,0,200,448,8,8144,8041,50,-1,hivit_base_patch16_224.dino,79.7289,,,1.7092,79.72888944161174,99.7913,,,0.0058,99.0543,0.4238,67.1518,86.8307,86.8307,
hgpn05,40,cars_pl,hivit_base_patch16_224.dino,False,,,,adamw,0.05,0.0001,,0,200,448,8,8144,8041,70,-1,hivit_base_patch16_224.dino,80.985,,,1.5916,80.98495212038304,99.8035,,,0.0056,99.6837,0.4258,67.1518,86.8542,86.8542,
hgpn05,40,cars_pl,hivit_base_patch16_224.dino,False,,,,adamw,0.05,0.0005,,0,200,448,8,8144,8041,25,-1,hivit_base_patch16_224.dino,3.4573,,,4.9753,3.4572814326576298,4.5801,,,7.988,100.1583,0.4238,67.1517,86.8013,86.8013,
hgpn05,40,cars_pl,hivit_base_patch16_224.dino,False,,,,adamw,0.05,0.0005,,0,200,448,8,8144,8041,50,-1,hivit_base_patch16_224.dino,4.4273,,,4.8757,4.427310036065166,6.4219,,,8.6297,98.652,0.4238,67.1518,86.8307,86.8307,
hgpn05,40,cars_pl,hivit_base_patch16_224.dino,False,,,,adamw,0.05,0.0005,,0,200,448,8,8144,8041,70,-1,hivit_base_patch16_224.dino,3.6065,,,4.9553,3.6065166024126354,4.8993,,,9.2338,99.0031,0.4258,67.1518,86.8542,86.8542,
hgpn05,40,cars_pl,hivit_base_patch16_224.dino,False,,,,adamw,0.05,0.001,,0,200,448,8,8144,8041,25,-1,hivit_base_patch16_224.dino,4.2408,,,4.9376,4.240766073871409,5.1694,,,7.8734,99.9769,0.4238,67.1517,86.8013,86.8013,
hgpn05,40,cars_pl,hivit_base_patch16_224.dino,False,,,,adamw,0.05,0.001,,0,200,448,8,8144,8041,50,-1,hivit_base_patch16_224.dino,,,,,,,,,,,,,,,
hgpn05,40,cars_pl,hivit_base_patch16_224.dino,False,,,,adamw,0.05,0.001,,0,200,448,8,8144,8041,70,-1,hivit_base_patch16_224.dino,2.8603,,,5.0538,2.8603407536376073,3.2417,,,9.5539,99.1061,0.4258,67.1518,86.8542,86.8542,
hgpn05,40,cars_pl,hivit_base_patch16_224.dino,False,,,,sgd,0.0,0.003,,0,200,448,8,8144,8041,25,-1,hivit_base_patch16_224.dino,91.22,,,0.4847,91.21999751274716,99.8772,,,0.0073,91.9331,0.4238,67.1517,86.8013,86.8013,
hgpn05,40,cars_pl,hivit_base_patch16_224.dino,False,,,,sgd,0.0,0.003,,0,200,448,8,8144,8041,50,-1,hivit_base_patch16_224.dino,89.1929,,,0.6151,89.19288645690834,99.8404,,,0.0077,90.956,0.4238,67.1518,86.8307,86.8307,
hgpn05,40,cars_pl,hivit_base_patch16_224.dino,False,,,,sgd,0.0,0.003,,0,200,448,8,8144,8041,70,-1,hivit_base_patch16_224.dino,88.4467,,,0.6507,88.44671060813332,99.8649,,,0.0085,91.0299,0.4258,67.1518,86.8542,86.8542,
hgpn05,40,cars_pl,hivit_base_patch16_224.dino,False,,,,sgd,0.0,0.01,,0,200,448,8,8144,8041,25,-1,hivit_base_patch16_224.dino,86.3574,,,0.743,86.35741823156324,99.8281,,,0.0056,91.3918,0.4238,67.1517,86.8013,86.8013,
hgpn05,40,cars_pl,hivit_base_patch16_224.dino,False,,,,sgd,0.0,0.01,,0,200,448,8,8144,8041,50,-1,hivit_base_patch16_224.dino,62.5544,,,1.8079,62.55440865563985,99.8281,,,0.0061,91.7193,0.4238,67.1518,86.8307,86.8307,
hgpn05,40,cars_pl,hivit_base_patch16_224.dino,False,,,,sgd,0.0,0.01,,0,200,448,8,8144,8041,70,-1,hivit_base_patch16_224.dino,51.7224,,,2.386,51.72242258425569,99.8158,,,0.0075,91.3712,0.4258,67.1518,86.8542,86.8542,
hgpn05,40,cars_pl,hivit_base_patch16_224.dino,False,,,,sgd,0.0,0.03,,0,200,448,8,8144,8041,25,-1,hivit_base_patch16_224.dino,22.0619,,,6.6614,22.06193259544833,99.8895,,,0.0089,92.0064,0.4238,67.1517,86.8013,86.8013,
hgpn05,40,cars_pl,hivit_base_patch16_224.dino,False,,,,sgd,0.0,0.03,,0,200,448,8,8144,8041,50,-1,hivit_base_patch16_224.dino,22.435,,,6.6257,22.43502051983584,99.8281,,,0.0107,91.974,0.4238,67.1518,86.8307,86.8307,
hgpn05,40,cars_pl,hivit_base_patch16_224.dino,False,,,,sgd,0.0,0.03,,0,200,448,8,8144,8041,70,-1,hivit_base_patch16_224.dino,22.149,,,6.8105,22.14898644447208,99.9018,,,0.0076,91.2636,0.4258,67.1518,86.8542,86.8542,
hgpn05,40,cars_pl,hivit_base_patch16_224.dino,False,,,,sgd,0.0,0.1,,0,200,448,8,8144,8041,25,-1,hivit_base_patch16_224.dino,,,,,,,,,,,,,,,
hgpn05,40,cars_pl,hivit_base_patch16_224.dino,False,,,,sgd,0.0,0.1,,0,200,448,8,8144,8041,50,-1,hivit_base_patch16_224.dino,,,,,,,,,,,,,,,
hgpn05,40,cars_pl,hivit_base_patch16_224.dino,False,,,,sgd,0.0,0.1,,0,200,448,8,8144,8041,70,-1,hivit_base_patch16_224.dino,,,,,,,,,,,,,,,
hgpn05,40,cars_pl,hivit_base_patch16_224.in1k_mocov3,False,,,,adamw,0.05,5e-06,,0,200,448,8,8144,8041,25,-1,hivit_base_patch16_224.in1k_mocov3,90.4614,,,0.6066,90.46138539982589,99.6562,,,0.0144,97.9762,0.4238,67.1517,86.8013,86.8013,
hgpn05,40,cars_pl,hivit_base_patch16_224.in1k_mocov3,False,,,,adamw,0.05,5e-06,,0,200,448,8,8144,8041,50,-1,hivit_base_patch16_224.in1k_mocov3,89.7898,,,0.6663,89.78982713592836,99.7176,,,0.0141,97.5926,0.4238,67.1518,86.8307,86.8307,
hgpn05,40,cars_pl,hivit_base_patch16_224.in1k_mocov3,False,,,,adamw,0.05,5e-06,,0,200,448,8,8144,8041,70,-1,hivit_base_patch16_224.in1k_mocov3,88.6581,,,0.6961,88.65812709861957,99.6316,,,0.019,97.3086,0.4258,67.1518,86.8542,86.8542,
hgpn05,40,cars_pl,hivit_base_patch16_224.in1k_mocov3,False,,,,adamw,0.05,1e-05,,0,200,448,8,8144,8041,25,-1,hivit_base_patch16_224.in1k_mocov3,90.8842,,,0.6121,90.8842183807984,99.7667,,,0.0078,98.3843,0.4238,67.1517,86.8013,86.8013,
hgpn05,40,cars_pl,hivit_base_patch16_224.in1k_mocov3,False,,,,adamw,0.05,1e-05,,0,200,448,8,8144,8041,50,-1,hivit_base_patch16_224.in1k_mocov3,90.6852,,,0.6274,90.6852381544584,99.7053,,,0.014,97.6365,0.4238,67.1518,86.8307,86.8307,
hgpn05,40,cars_pl,hivit_base_patch16_224.in1k_mocov3,False,,,,adamw,0.05,1e-05,,0,200,448,8,8144,8041,70,-1,hivit_base_patch16_224.in1k_mocov3,90.7474,,,0.6258,90.74741947518966,99.7176,,,0.0095,97.847,0.4258,67.1518,86.8542,86.8542,
hgpn05,40,cars_pl,hivit_base_patch16_224.in1k_mocov3,False,,,,adamw,0.05,5e-05,,0,200,448,8,8144,8041,25,-1,hivit_base_patch16_224.in1k_mocov3,91.9786,,,0.6686,91.97860962566844,99.8035,,,0.0043,97.9184,0.4238,67.1517,86.8013,86.8013,
hgpn05,40,cars_pl,hivit_base_patch16_224.in1k_mocov3,False,,,,adamw,0.05,5e-05,,0,200,448,8,8144,8041,50,-1,hivit_base_patch16_224.in1k_mocov3,90.8096,,,0.7782,90.8096007959209,99.8281,,,0.0049,97.7184,0.4238,67.1518,86.8307,86.8307,
hgpn05,40,cars_pl,hivit_base_patch16_224.in1k_mocov3,False,,,,adamw,0.05,5e-05,,0,200,448,8,8144,8041,70,-1,hivit_base_patch16_224.in1k_mocov3,90.7599,,,0.7454,90.7598557393359,99.8158,,,0.0105,97.5216,0.4258,67.1518,86.8542,86.8542,
hgpn05,40,cars_pl,hivit_base_patch16_224.in1k_mocov3,False,,,,adamw,0.05,0.0001,,0,200,448,8,8144,8041,25,-1,hivit_base_patch16_224.in1k_mocov3,90.0137,,,0.7931,90.01367989056088,99.779,,,0.007,99.3038,0.4238,67.1517,86.8013,86.8013,
hgpn05,40,cars_pl,hivit_base_patch16_224.in1k_mocov3,False,,,,adamw,0.05,0.0001,,0,200,448,8,8144,8041,50,-1,hivit_base_patch16_224.in1k_mocov3,89.8147,,,0.7896,89.81469966422087,99.7913,,,0.0074,98.2556,0.4238,67.1518,86.8307,86.8307,
hgpn05,40,cars_pl,hivit_base_patch16_224.in1k_mocov3,False,,,,adamw,0.05,0.0001,,0,200,448,8,8144,8041,70,-1,hivit_base_patch16_224.in1k_mocov3,88.9939,,,0.8476,88.99390623056834,99.8527,,,0.0053,97.6277,0.4258,67.1518,86.8542,86.8542,
hgpn05,40,cars_pl,hivit_base_patch16_224.in1k_mocov3,False,,,,adamw,0.05,0.0005,,0,200,448,8,8144,8041,25,-1,hivit_base_patch16_224.in1k_mocov3,39.224,,,3.5644,39.22397711727397,99.1528,,,0.2612,100.2957,0.4238,67.1517,86.8013,86.8013,
hgpn05,40,cars_pl,hivit_base_patch16_224.in1k_mocov3,False,,,,adamw,0.05,0.0005,,0,200,448,8,8144,8041,50,-1,hivit_base_patch16_224.in1k_mocov3,47.7179,,,3.3126,47.71794552916304,99.8158,,,0.0204,98.1246,0.4238,67.1518,86.8307,86.8307,
hgpn05,40,cars_pl,hivit_base_patch16_224.in1k_mocov3,False,,,,adamw,0.05,0.0005,,0,200,448,8,8144,8041,70,-1,hivit_base_patch16_224.in1k_mocov3,,,,,,,,,,,,,,,
hgpn05,40,cars_pl,hivit_base_patch16_224.in1k_mocov3,False,,,,adamw,0.05,0.001,,0,200,448,8,8144,8041,25,-1,hivit_base_patch16_224.in1k_mocov3,8.2577,,,6.5958,8.25767939311031,51.3139,,,3.8683,100.147,0.4238,67.1517,86.8013,86.8013,
hgpn05,40,cars_pl,hivit_base_patch16_224.in1k_mocov3,False,,,,adamw,0.05,0.001,,0,200,448,8,8144,8041,50,-1,hivit_base_patch16_224.in1k_mocov3,,,,,,,,,,,,,,,
hgpn05,40,cars_pl,hivit_base_patch16_224.in1k_mocov3,False,,,,adamw,0.05,0.001,,0,200,448,8,8144,8041,70,-1,hivit_base_patch16_224.in1k_mocov3,16.5154,,,5.2448,16.51535878622062,69.8551,,,2.6262,97.329,0.4258,67.1518,86.8542,86.8542,
hgpn05,40,cars_pl,hivit_base_patch16_224.in1k_mocov3,False,,,,sgd,0.0,0.003,,0,200,448,8,8144,8041,25,-1,hivit_base_patch16_224.in1k_mocov3,91.8667,,,0.379,91.8666832483522,99.8158,,,0.0073,92.4689,0.4238,67.1517,86.8013,86.8013,
hgpn05,40,cars_pl,hivit_base_patch16_224.in1k_mocov3,False,,,,sgd,0.0,0.003,,0,200,448,8,8144,8041,50,-1,hivit_base_patch16_224.in1k_mocov3,91.7672,,,0.3703,91.7671931351822,99.8281,,,0.0108,90.1344,0.4238,67.1518,86.8307,86.8307,
hgpn05,40,cars_pl,hivit_base_patch16_224.in1k_mocov3,False,,,,sgd,0.0,0.003,,0,200,448,8,8144,8041,70,-1,hivit_base_patch16_224.in1k_mocov3,91.8294,,,0.3756,91.82937445591344,99.8158,,,0.0088,90.3068,0.4258,67.1518,86.8542,86.8542,
hgpn05,40,cars_pl,hivit_base_patch16_224.in1k_mocov3,False,,,,sgd,0.0,0.01,,0,200,448,8,8144,8041,25,-1,hivit_base_patch16_224.in1k_mocov3,92.5507,,,0.4002,92.55067777639596,99.7913,,,0.0067,92.4917,0.4238,67.1517,86.8013,86.8013,
hgpn05,40,cars_pl,hivit_base_patch16_224.in1k_mocov3,False,,,,sgd,0.0,0.01,,0,200,448,8,8144,8041,50,-1,hivit_base_patch16_224.in1k_mocov3,92.4636,,,0.4002,92.4636239273722,99.779,,,0.0073,90.0053,0.4238,67.1518,86.8307,86.8307,
hgpn05,40,cars_pl,hivit_base_patch16_224.in1k_mocov3,False,,,,sgd,0.0,0.01,,0,200,448,8,8144,8041,70,-1,hivit_base_patch16_224.in1k_mocov3,92.5134,,,0.4014,92.51336898395722,99.7913,,,0.0065,89.7854,0.4258,67.1518,86.8542,86.8542,
hgpn05,40,cars_pl,hivit_base_patch16_224.in1k_mocov3,False,,,,sgd,0.0,0.03,,0,200,448,8,8144,8041,25,-1,hivit_base_patch16_224.in1k_mocov3,92.0284,,,0.4757,92.02835468225344,99.8158,,,0.0056,92.0878,0.4238,67.1517,86.8013,86.8013,
hgpn05,40,cars_pl,hivit_base_patch16_224.in1k_mocov3,False,,,,sgd,0.0,0.03,,0,200,448,8,8144,8041,50,-1,hivit_base_patch16_224.in1k_mocov3,92.0532,,,0.4678,92.05322721054596,99.8404,,,0.0058,90.0942,0.4238,67.1518,86.8307,86.8307,
hgpn05,40,cars_pl,hivit_base_patch16_224.in1k_mocov3,False,,,,sgd,0.0,0.03,,0,200,448,8,8144,8041,70,-1,hivit_base_patch16_224.in1k_mocov3,92.3268,,,0.4698,92.32682502176348,99.8158,,,0.0052,90.3473,0.4258,67.1518,86.8542,86.8542,
hgpn05,40,cars_pl,hivit_base_patch16_224.in1k_mocov3,False,,,,sgd,0.0,0.1,,0,200,448,8,8144,8041,25,-1,hivit_base_patch16_224.in1k_mocov3,,,,,,,,,,,,,,,
hgpn05,40,cars_pl,hivit_base_patch16_224.in1k_mocov3,False,,,,sgd,0.0,0.1,,0,200,448,8,8144,8041,50,-1,hivit_base_patch16_224.in1k_mocov3,85.8227,,,0.9783,85.82265887327446,99.8649,,,0.0079,90.0846,0.4238,67.1518,86.8307,86.8307,
hgpn05,40,cars_pl,hivit_base_patch16_224.in1k_mocov3,False,,,,sgd,0.0,0.1,,0,200,448,8,8144,8041,70,-1,hivit_base_patch16_224.in1k_mocov3,86.8797,,,0.9223,86.87974132570575,99.7913,,,0.0068,89.9444,0.4258,67.1518,86.8542,86.8542,
hgpn05,40,cars_pl,hivit_base_patch16_224.mae,False,,,,adamw,0.05,5e-06,,0,200,448,8,8144,8041,25,-1,hivit_base_patch16_224.mae,87.2155,,,0.8859,87.21552045765452,99.6685,,,0.0201,98.2962,0.4238,67.1517,86.8013,86.8013,
hgpn05,40,cars_pl,hivit_base_patch16_224.mae,False,,,,adamw,0.05,5e-06,,0,200,448,8,8144,8041,50,-1,hivit_base_patch16_224.mae,88.0363,,,0.8058,88.03631389130705,99.693,,,0.0169,98.3499,0.4238,67.1518,86.8307,86.8307,
hgpn05,40,cars_pl,hivit_base_patch16_224.mae,False,,,,adamw,0.05,5e-06,,0,200,448,8,8144,8041,70,-1,hivit_base_patch16_224.mae,87.601,,,0.8423,87.60104464618829,99.6807,,,0.0192,99.0227,0.4258,67.1518,86.8542,86.8542,
hgpn05,40,cars_pl,hivit_base_patch16_224.mae,False,,,,adamw,0.05,1e-05,,0,200,448,8,8144,8041,25,-1,hivit_base_patch16_224.mae,88.9442,,,0.7932,88.94416117398333,99.7544,,,0.0109,98.4901,0.4238,67.1517,86.8013,86.8013,
hgpn05,40,cars_pl,hivit_base_patch16_224.mae,False,,,,adamw,0.05,1e-05,,0,200,448,8,8144,8041,50,-1,hivit_base_patch16_224.mae,89.4167,,,0.7461,89.41673921154086,99.7913,,,0.011,98.8112,0.4238,67.1518,86.8307,86.8307,
hgpn05,40,cars_pl,hivit_base_patch16_224.mae,False,,,,adamw,0.05,1e-05,,0,200,448,8,8144,8041,70,-1,hivit_base_patch16_224.mae,88.6084,,,0.8413,88.60838204203458,99.7544,,,0.0135,98.6995,0.4258,67.1518,86.8542,86.8542,
hgpn05,40,cars_pl,hivit_base_patch16_224.mae,False,,,,adamw,0.05,5e-05,,0,200,448,8,8144,8041,25,-1,hivit_base_patch16_224.mae,90.536,,,0.7729,90.5360029847034,99.7667,,,0.0067,98.6574,0.4238,67.1517,86.8013,86.8013,
hgpn05,40,cars_pl,hivit_base_patch16_224.mae,False,,,,adamw,0.05,5e-05,,0,200,448,8,8144,8041,50,-1,hivit_base_patch16_224.mae,90.1256,,,0.7656,90.12560626787712,99.7913,,,0.0108,98.8366,0.4238,67.1518,86.8307,86.8307,
hgpn05,40,cars_pl,hivit_base_patch16_224.mae,False,,,,adamw,0.05,5e-05,,0,200,448,8,8144,8041,70,-1,hivit_base_patch16_224.mae,88.9069,,,0.9126,88.90685238154458,99.8158,,,0.0058,98.999,0.4258,67.1518,86.8542,86.8542,
hgpn05,40,cars_pl,hivit_base_patch16_224.mae,False,,,,adamw,0.05,0.0001,,0,200,448,8,8144,8041,25,-1,hivit_base_patch16_224.mae,59.5075,,,2.5396,59.50752393980848,99.8035,,,0.0083,98.7607,0.4238,67.1517,86.8013,86.8013,
hgpn05,40,cars_pl,hivit_base_patch16_224.mae,False,,,,adamw,0.05,0.0001,,0,200,448,8,8144,8041,50,-1,hivit_base_patch16_224.mae,88.0736,,,0.9443,88.0736226837458,99.779,,,0.0068,98.8096,0.4238,67.1518,86.8307,86.8307,
hgpn05,40,cars_pl,hivit_base_patch16_224.mae,False,,,,adamw,0.05,0.0001,,0,200,448,8,8144,8041,70,-1,hivit_base_patch16_224.mae,84.007,,,1.2292,84.0069643079219,99.8035,,,0.0081,98.7479,0.4258,67.1518,86.8542,86.8542,
hgpn05,40,cars_pl,hivit_base_patch16_224.mae,False,,,,adamw,0.05,0.0005,,0,200,448,8,8144,8041,25,-1,hivit_base_patch16_224.mae,8.7178,,,5.0921,8.717821166521578,37.8193,,,4.8223,98.8487,0.4238,67.1517,86.8013,86.8013,
hgpn05,40,cars_pl,hivit_base_patch16_224.mae,False,,,,adamw,0.05,0.0005,,0,200,448,8,8144,8041,50,-1,hivit_base_patch16_224.mae,10.3594,,,4.6435,10.359408033826638,27.7873,,,6.2924,98.9014,0.4238,67.1518,86.8307,86.8307,
hgpn05,40,cars_pl,hivit_base_patch16_224.mae,False,,,,adamw,0.05,0.0005,,0,200,448,8,8144,8041,70,-1,hivit_base_patch16_224.mae,4.7507,,,7.8386,4.750652903867678,45.5427,,,4.6437,99.3234,0.4258,67.1518,86.8542,86.8542,
hgpn05,40,cars_pl,hivit_base_patch16_224.mae,False,,,,adamw,0.05,0.001,,0,200,448,8,8144,8041,25,-1,hivit_base_patch16_224.mae,6.7529,,,4.6939,6.752891431414003,9.2461,,,7.3374,98.6681,0.4238,67.1517,86.8013,86.8013,
hgpn05,40,cars_pl,hivit_base_patch16_224.mae,False,,,,adamw,0.05,0.001,,0,200,448,8,8144,8041,50,-1,hivit_base_patch16_224.mae,,,,,,,,,,,,,,,
hgpn05,40,cars_pl,hivit_base_patch16_224.mae,False,,,,adamw,0.05,0.001,,0,200,448,8,8144,8041,70,-1,hivit_base_patch16_224.mae,6.3798,,,4.718,6.379803507026489,8.7426,,,8.561,98.8928,0.4258,67.1518,86.8542,86.8542,
hgpn05,40,cars_pl,hivit_base_patch16_224.mae,False,,,,sgd,0.0,0.003,,0,200,448,8,8144,8041,25,-1,hivit_base_patch16_224.mae,90.2873,,,0.4533,90.28727770177838,99.8649,,,0.0098,90.4793,0.4238,67.1517,86.8013,86.8013,
hgpn05,40,cars_pl,hivit_base_patch16_224.mae,False,,,,sgd,0.0,0.003,,0,200,448,8,8144,8041,50,-1,hivit_base_patch16_224.mae,90.2002,,,0.4412,90.20022385275465,99.8281,,,0.0104,90.6552,0.4238,67.1518,86.8307,86.8307,
hgpn05,40,cars_pl,hivit_base_patch16_224.mae,False,,,,sgd,0.0,0.003,,0,200,448,8,8144,8041,70,-1,hivit_base_patch16_224.mae,90.051,,,0.4528,90.05098868299963,99.8527,,,0.0115,90.8549,0.4258,67.1518,86.8542,86.8542,
hgpn05,40,cars_pl,hivit_base_patch16_224.mae,False,,,,sgd,0.0,0.01,,0,200,448,8,8144,8041,25,-1,hivit_base_patch16_224.mae,92.389,,,0.4171,92.38900634249472,99.8281,,,0.0062,91.0539,0.4238,67.1517,86.8013,86.8013,
hgpn05,40,cars_pl,hivit_base_patch16_224.mae,False,,,,sgd,0.0,0.01,,0,200,448,8,8144,8041,50,-1,hivit_base_patch16_224.mae,91.7299,,,0.4314,91.72988434274345,99.8281,,,0.008,90.6982,0.4238,67.1518,86.8307,86.8307,
hgpn05,40,cars_pl,hivit_base_patch16_224.mae,False,,,,sgd,0.0,0.01,,0,200,448,8,8144,8041,70,-1,hivit_base_patch16_224.mae,91.4936,,,0.4604,91.49359532396468,99.8281,,,0.0076,91.204,0.4258,67.1518,86.8542,86.8542,
hgpn05,40,cars_pl,hivit_base_patch16_224.mae,False,,,,sgd,0.0,0.03,,0,200,448,8,8144,8041,25,-1,hivit_base_patch16_224.mae,79.3807,,,1.2216,79.38067404551673,99.7913,,,0.0068,90.971,0.4238,67.1517,86.8013,86.8013,
hgpn05,40,cars_pl,hivit_base_patch16_224.mae,False,,,,sgd,0.0,0.03,,0,200,448,8,8144,8041,50,-1,hivit_base_patch16_224.mae,72.3791,,,1.6199,72.37905733117772,99.7913,,,0.0099,90.9009,0.4238,67.1518,86.8307,86.8307,
hgpn05,40,cars_pl,hivit_base_patch16_224.mae,False,,,,sgd,0.0,0.03,,0,200,448,8,8144,8041,70,-1,hivit_base_patch16_224.mae,84.4298,,,0.8416,84.42979728889442,99.8035,,,0.0099,91.0468,0.4258,67.1518,86.8542,86.8542,
hgpn05,40,cars_pl,hivit_base_patch16_224.mae,False,,,,sgd,0.0,0.1,,0,200,448,8,8144,8041,25,-1,hivit_base_patch16_224.mae,,,,,,,,,,,,,,,
hgpn05,40,cars_pl,hivit_base_patch16_224.mae,False,,,,sgd,0.0,0.1,,0,200,448,8,8144,8041,50,-1,hivit_base_patch16_224.mae,,,,,,,,,,,,,,,
hgpn05,40,cars_pl,hivit_base_patch16_224.mae,False,,,,sgd,0.0,0.1,,0,200,448,8,8144,8041,70,-1,hivit_base_patch16_224.mae,,,,,,,,,,,,,,,
hgpn05,40,cars_pl,hivit_base_patch16_224.orig_in21k,False,,,,adamw,0.05,5e-06,,0,200,448,8,8144,8041,25,-1,hivit_base_patch16_224.orig_in21k,86.6186,,,0.8719,86.6185797786345,99.6685,,,0.0156,98.0792,0.4238,67.1517,86.8013,86.8013,
hgpn05,40,cars_pl,hivit_base_patch16_224.orig_in21k,False,,,,adamw,0.05,5e-06,,0,200,448,8,8144,8041,50,-1,hivit_base_patch16_224.orig_in21k,87.2901,,,0.884,87.29013804253202,99.7176,,,0.0134,99.7009,0.4238,67.1518,86.8307,86.8307,
hgpn05,40,cars_pl,hivit_base_patch16_224.orig_in21k,False,,,,adamw,0.05,5e-06,,0,200,448,8,8144,8041,70,-1,hivit_base_patch16_224.orig_in21k,87.912,,,0.8901,87.91195124984455,99.7053,,,0.0142,100.0995,0.4258,67.1518,86.8542,86.8542,
hgpn05,40,cars_pl,hivit_base_patch16_224.orig_in21k,False,,,,adamw,0.05,1e-05,,0,200,448,8,8144,8041,25,-1,hivit_base_patch16_224.orig_in21k,88.5338,,,0.8268,88.53376445715708,99.7544,,,0.0087,98.1378,0.4238,67.1517,86.8013,86.8013,
hgpn05,40,cars_pl,hivit_base_patch16_224.orig_in21k,False,,,,adamw,0.05,1e-05,,0,200,448,8,8144,8041,50,-1,hivit_base_patch16_224.orig_in21k,87.4767,,,0.9076,87.47668200472577,99.6807,,,0.017,99.8128,0.4238,67.1518,86.8307,86.8307,
hgpn05,40,cars_pl,hivit_base_patch16_224.orig_in21k,False,,,,adamw,0.05,1e-05,,0,200,448,8,8144,8041,70,-1,hivit_base_patch16_224.orig_in21k,88.0861,,,0.899,88.08605894789206,99.7053,,,0.015,100.107,0.4258,67.1518,86.8542,86.8542,
hgpn05,40,cars_pl,hivit_base_patch16_224.orig_in21k,False,,,,adamw,0.05,5e-05,,0,200,448,8,8144,8041,25,-1,hivit_base_patch16_224.orig_in21k,90.5484,,,0.8735,90.54843924884965,99.8404,,,0.0041,98.6317,0.4238,67.1517,86.8013,86.8013,
hgpn05,40,cars_pl,hivit_base_patch16_224.orig_in21k,False,,,,adamw,0.05,5e-05,,0,200,448,8,8144,8041,50,-1,hivit_base_patch16_224.orig_in21k,89.0934,,,1.0087,89.09339634373833,99.8158,,,0.0094,100.0417,0.4238,67.1518,86.8307,86.8307,
hgpn05,40,cars_pl,hivit_base_patch16_224.orig_in21k,False,,,,adamw,0.05,5e-05,,0,200,448,8,8144,8041,70,-1,hivit_base_patch16_224.orig_in21k,89.9266,,,0.9408,89.92662604153712,99.779,,,0.0057,99.8716,0.4258,67.1518,86.8542,86.8542,
hgpn05,40,cars_pl,hivit_base_patch16_224.orig_in21k,False,,,,adamw,0.05,0.0001,,0,200,448,8,8144,8041,25,-1,hivit_base_patch16_224.orig_in21k,87.3026,,,1.1343,87.30257430667828,99.8158,,,0.0043,98.9871,0.4238,67.1517,86.8013,86.8013,
hgpn05,40,cars_pl,hivit_base_patch16_224.orig_in21k,False,,,,adamw,0.05,0.0001,,0,200,448,8,8144,8041,50,-1,hivit_base_patch16_224.orig_in21k,88.5586,,,1.1138,88.55863698544957,99.8527,,,0.0055,98.9257,0.4238,67.1518,86.8307,86.8307,
hgpn05,40,cars_pl,hivit_base_patch16_224.orig_in21k,False,,,,adamw,0.05,0.0001,,0,200,448,8,8144,8041,70,-1,hivit_base_patch16_224.orig_in21k,87.3896,,,1.2036,87.38962815570203,99.8035,,,0.0055,99.9247,0.4258,67.1518,86.8542,86.8542,
hgpn05,40,cars_pl,hivit_base_patch16_224.orig_in21k,False,,,,adamw,0.05,0.0005,,0,200,448,8,8144,8041,25,-1,hivit_base_patch16_224.orig_in21k,59.4951,,,2.39,59.49508767566223,99.8035,,,0.0095,99.1185,0.4238,67.1517,86.8013,86.8013,
hgpn05,40,cars_pl,hivit_base_patch16_224.orig_in21k,False,,,,adamw,0.05,0.0005,,0,200,448,8,8144,8041,50,-1,hivit_base_patch16_224.orig_in21k,69.357,,,1.6914,69.35704514363886,99.8035,,,0.0115,97.7968,0.4238,67.1518,86.8307,86.8307,
hgpn05,40,cars_pl,hivit_base_patch16_224.orig_in21k,False,,,,adamw,0.05,0.0005,,0,200,448,8,8144,8041,70,-1,hivit_base_patch16_224.orig_in21k,69.954,,,1.7201,69.95398582265888,99.8035,,,0.0138,100.3959,0.4258,67.1518,86.8542,86.8542,
hgpn05,40,cars_pl,hivit_base_patch16_224.orig_in21k,False,,,,adamw,0.05,0.001,,0,200,448,8,8144,8041,25,-1,hivit_base_patch16_224.orig_in21k,,,,,,,,,,,,,,,
hgpn05,40,cars_pl,hivit_base_patch16_224.orig_in21k,False,,,,adamw,0.05,0.001,,0,200,448,8,8144,8041,50,-1,hivit_base_patch16_224.orig_in21k,12.884,,,4.432,12.883969655515482,34.946,,,5.58,97.9524,0.4238,67.1518,86.8307,86.8307,
hgpn05,40,cars_pl,hivit_base_patch16_224.orig_in21k,False,,,,adamw,0.05,0.001,,0,200,448,8,8144,8041,70,-1,hivit_base_patch16_224.orig_in21k,,,,,,,,,,,,,,,
hgpn05,40,cars_pl,hivit_base_patch16_224.orig_in21k,False,,,,sgd,0.0,0.003,,0,200,448,8,8144,8041,25,-1,hivit_base_patch16_224.orig_in21k,87.9617,,,0.5555,87.96169630642954,99.8404,,,0.0073,91.5495,0.4238,67.1517,86.8013,86.8013,
hgpn05,40,cars_pl,hivit_base_patch16_224.orig_in21k,False,,,,sgd,0.0,0.003,,0,200,448,8,8144,8041,50,-1,hivit_base_patch16_224.orig_in21k,87.5886,,,0.5805,87.58860838204204,99.8404,,,0.0103,90.4243,0.4238,67.1518,86.8307,86.8307,
hgpn05,40,cars_pl,hivit_base_patch16_224.orig_in21k,False,,,,sgd,0.0,0.003,,0,200,448,8,8144,8041,70,-1,hivit_base_patch16_224.orig_in21k,88.3223,,,0.5557,88.32234796667082,99.8649,,,0.01,92.3556,0.4258,67.1518,86.8542,86.8542,
hgpn05,40,cars_pl,hivit_base_patch16_224.orig_in21k,False,,,,sgd,0.0,0.01,,0,200,448,8,8144,8041,25,-1,hivit_base_patch16_224.orig_in21k,90.4738,,,0.5092,90.47382166397216,99.8404,,,0.0046,91.9735,0.4238,67.1517,86.8013,86.8013,
hgpn05,40,cars_pl,hivit_base_patch16_224.orig_in21k,False,,,,sgd,0.0,0.01,,0,200,448,8,8144,8041,50,-1,hivit_base_patch16_224.orig_in21k,90.6106,,,0.5136,90.6106205695809,99.8527,,,0.006,90.1306,0.4238,67.1518,86.8307,86.8307,
hgpn05,40,cars_pl,hivit_base_patch16_224.orig_in21k,False,,,,sgd,0.0,0.01,,0,200,448,8,8144,8041,70,-1,hivit_base_patch16_224.orig_in21k,90.7474,,,0.5067,90.74741947518966,99.8527,,,0.0057,92.3544,0.4258,67.1518,86.8542,86.8542,
hgpn05,40,cars_pl,hivit_base_patch16_224.orig_in21k,False,,,,sgd,0.0,0.03,,0,200,448,8,8144,8041,25,-1,hivit_base_patch16_224.orig_in21k,91.6553,,,0.5194,91.65526675786592,99.8527,,,0.0042,90.6944,0.4238,67.1517,86.8013,86.8013,
hgpn05,40,cars_pl,hivit_base_patch16_224.orig_in21k,False,,,,sgd,0.0,0.03,,0,200,448,8,8144,8041,50,-1,hivit_base_patch16_224.orig_in21k,91.5931,,,0.5245,91.59308543713468,99.8527,,,0.0053,91.1065,0.4238,67.1518,86.8307,86.8307,
hgpn05,40,cars_pl,hivit_base_patch16_224.orig_in21k,False,,,,sgd,0.0,0.03,,0,200,448,8,8144,8041,70,-1,hivit_base_patch16_224.orig_in21k,91.8542,,,0.527,91.85424698420594,99.8649,,,0.0046,92.2429,0.4258,67.1518,86.8542,86.8542,
hgpn05,40,cars_pl,hivit_base_patch16_224.orig_in21k,False,,,,sgd,0.0,0.1,,0,200,448,8,8144,8041,25,-1,hivit_base_patch16_224.orig_in21k,81.7684,,,1.4315,81.76843676159682,99.8527,,,0.0049,91.4914,0.4238,67.1517,86.8013,86.8013,
hgpn05,40,cars_pl,hivit_base_patch16_224.orig_in21k,False,,,,sgd,0.0,0.1,,0,200,448,8,8144,8041,50,-1,hivit_base_patch16_224.orig_in21k,82.2783,,,1.3479,82.27832359159308,99.779,,,0.0074,90.487,0.4238,67.1518,86.8307,86.8307,
hgpn05,40,cars_pl,hivit_base_patch16_224.orig_in21k,False,,,,sgd,0.0,0.1,,0,200,448,8,8144,8041,70,-1,hivit_base_patch16_224.orig_in21k,81.358,,,1.4118,81.35804004477055,99.8404,,,0.0077,92.2418,0.4258,67.1518,86.8542,86.8542,
hgpn06,40,cars_pl,hivit_base_patch16_224_miil.in21k,False,,,,adamw,0.05,5e-06,,0,200,448,8,8144,8041,25,-1,hivit_base_patch16_224_miil.in21k,85.6859,,,1.0107,85.6858599676657,99.693,,,0.0251,98.2473,0.4238,67.1517,86.7736,86.7736,
hgpn06,40,cars_pl,hivit_base_patch16_224_miil.in21k,False,,,,adamw,0.05,5e-06,,0,200,448,8,8144,8041,50,-1,hivit_base_patch16_224_miil.in21k,84.7407,,,1.0293,84.74070389255068,99.693,,,0.0145,96.5965,0.4238,67.1518,86.8031,86.8031,
hgpn06,40,cars_pl,hivit_base_patch16_224_miil.in21k,False,,,,adamw,0.05,5e-06,,0,200,448,8,8144,8041,70,-1,hivit_base_patch16_224_miil.in21k,85.0392,,,1.0697,85.03917423206069,99.6439,,,0.017,96.9828,0.4238,67.1518,86.8265,86.8265,
hgpn06,40,cars_pl,hivit_base_patch16_224_miil.in21k,False,,,,adamw,0.05,1e-05,,0,200,448,8,8144,8041,25,-1,hivit_base_patch16_224_miil.in21k,87.4021,,,0.9293,87.40206441984827,99.7667,,,0.014,98.7097,0.4238,67.1517,86.7736,86.7736,
hgpn06,40,cars_pl,hivit_base_patch16_224_miil.in21k,False,,,,adamw,0.05,1e-05,,0,200,448,8,8144,8041,50,-1,hivit_base_patch16_224_miil.in21k,87.0414,,,1.0212,87.04141275960701,99.7544,,,0.0154,96.5367,0.4238,67.1518,86.8031,86.8031,
hgpn06,40,cars_pl,hivit_base_patch16_224_miil.in21k,False,,,,adamw,0.05,1e-05,,0,200,448,8,8144,8041,70,-1,hivit_base_patch16_224_miil.in21k,84.5169,,,1.3363,84.51685113791817,99.7913,,,0.0104,97.3201,0.4238,67.1518,86.8265,86.8265,
hgpn06,40,cars_pl,hivit_base_patch16_224_miil.in21k,False,,,,adamw,0.05,5e-05,,0,200,448,8,8144,8041,25,-1,hivit_base_patch16_224_miil.in21k,89.7525,,,1.0751,89.75251834348961,99.8158,,,0.0058,98.7629,0.4238,67.1517,86.7736,86.7736,
hgpn06,40,cars_pl,hivit_base_patch16_224_miil.in21k,False,,,,adamw,0.05,5e-05,,0,200,448,8,8144,8041,50,-1,hivit_base_patch16_224_miil.in21k,88.8074,,,1.1628,88.80736226837458,99.8158,,,0.0051,97.4906,0.4238,67.1518,86.8031,86.8031,
hgpn06,40,cars_pl,hivit_base_patch16_224_miil.in21k,False,,,,adamw,0.05,5e-05,,0,200,448,8,8144,8041,70,-1,hivit_base_patch16_224_miil.in21k,88.6954,,,1.1639,88.69543589105832,99.8035,,,0.0051,97.3828,0.4238,67.1518,86.8265,86.8265,
hgpn06,40,cars_pl,hivit_base_patch16_224_miil.in21k,False,,,,adamw,0.05,0.0001,,0,200,448,8,8144,8041,25,-1,hivit_base_patch16_224_miil.in21k,86.631,,,1.5015,86.63101604278074,99.8158,,,0.0061,98.7918,0.4238,67.1517,86.7736,86.7736,
hgpn06,40,cars_pl,hivit_base_patch16_224_miil.in21k,False,,,,adamw,0.05,0.0001,,0,200,448,8,8144,8041,50,-1,hivit_base_patch16_224_miil.in21k,86.9295,,,1.2799,86.92948638229076,99.779,,,0.0069,97.8068,0.4238,67.1518,86.8031,86.8031,
hgpn06,40,cars_pl,hivit_base_patch16_224_miil.in21k,False,,,,adamw,0.05,0.0001,,0,200,448,8,8144,8041,70,-1,hivit_base_patch16_224_miil.in21k,86.432,,,1.5023,86.43203581644075,99.8035,,,0.0117,96.569,0.4238,67.1518,86.8265,86.8265,
hgpn06,40,cars_pl,hivit_base_patch16_224_miil.in21k,False,,,,adamw,0.05,0.0005,,0,200,448,8,8144,8041,25,-1,hivit_base_patch16_224_miil.in21k,59.0847,,,2.4195,59.08469095883597,99.7913,,,0.0139,98.6086,0.4238,67.1517,86.7736,86.7736,
hgpn06,40,cars_pl,hivit_base_patch16_224_miil.in21k,False,,,,adamw,0.05,0.0005,,0,200,448,8,8144,8041,50,-1,hivit_base_patch16_224_miil.in21k,61.8829,,,2.3044,61.88285039174232,99.8035,,,0.013,98.3196,0.4238,67.1518,86.8031,86.8031,
hgpn06,40,cars_pl,hivit_base_patch16_224_miil.in21k,False,,,,adamw,0.05,0.0005,,0,200,448,8,8144,8041,70,-1,hivit_base_patch16_224_miil.in21k,52.1577,,,2.8427,52.15769182937446,99.8035,,,0.0175,96.1777,0.4238,67.1518,86.8265,86.8265,
hgpn06,40,cars_pl,hivit_base_patch16_224_miil.in21k,False,,,,adamw,0.05,0.001,,0,200,448,8,8144,8041,25,-1,hivit_base_patch16_224_miil.in21k,4.5765,,,6.788,4.576545205820172,36.8247,,,5.2398,98.8536,0.4238,67.1517,86.7736,86.7736,
hgpn06,40,cars_pl,hivit_base_patch16_224_miil.in21k,False,,,,adamw,0.05,0.001,,0,200,448,8,8144,8041,50,-1,hivit_base_patch16_224_miil.in21k,,,,,,,,,,,,,,,
hgpn06,40,cars_pl,hivit_base_patch16_224_miil.in21k,False,,,,adamw,0.05,0.001,,0,200,448,8,8144,8041,70,-1,hivit_base_patch16_224_miil.in21k,4.589,,,7.8351,4.588981469966422,39.4524,,,5.2773,96.7038,0.4238,67.1518,86.8265,86.8265,
hgpn06,40,cars_pl,hivit_base_patch16_224_miil.in21k,False,,,,sgd,0.0,0.003,,0,200,448,8,8144,8041,25,-1,hivit_base_patch16_224_miil.in21k,88.9566,,,0.5233,88.95659743812959,99.7913,,,0.0102,90.9157,0.4238,67.1517,86.7736,86.7736,
hgpn06,40,cars_pl,hivit_base_patch16_224_miil.in21k,False,,,,sgd,0.0,0.003,,0,200,448,8,8144,8041,50,-1,hivit_base_patch16_224_miil.in21k,88.7701,,,0.5169,88.77005347593582,99.8404,,,0.0097,90.2823,0.4238,67.1518,86.8031,86.8031,
hgpn06,40,cars_pl,hivit_base_patch16_224_miil.in21k,False,,,,sgd,0.0,0.003,,0,200,448,8,8144,8041,70,-1,hivit_base_patch16_224_miil.in21k,88.9939,,,0.519,88.99390623056834,99.8404,,,0.0102,89.0261,0.4238,67.1518,86.8265,86.8265,
hgpn06,40,cars_pl,hivit_base_patch16_224_miil.in21k,False,,,,sgd,0.0,0.01,,0,200,448,8,8144,8041,25,-1,hivit_base_patch16_224_miil.in21k,91.9164,,,0.4557,91.9164283049372,99.8158,,,0.0058,90.806,0.4238,67.1517,86.7736,86.7736,
hgpn06,40,cars_pl,hivit_base_patch16_224_miil.in21k,False,,,,sgd,0.0,0.01,,0,200,448,8,8144,8041,50,-1,hivit_base_patch16_224_miil.in21k,91.7921,,,0.4628,91.79206566347467,99.8404,,,0.0061,91.1896,0.4238,67.1518,86.8031,86.8031,
hgpn06,40,cars_pl,hivit_base_patch16_224_miil.in21k,False,,,,sgd,0.0,0.01,,0,200,448,8,8144,8041,70,-1,hivit_base_patch16_224_miil.in21k,91.5558,,,0.4736,91.55577664469594,99.8281,,,0.0061,88.7461,0.4238,67.1518,86.8265,86.8265,
hgpn06,40,cars_pl,hivit_base_patch16_224_miil.in21k,False,,,,sgd,0.0,0.03,,0,200,448,8,8144,8041,25,-1,hivit_base_patch16_224_miil.in21k,91.8791,,,0.53,91.87911951249843,99.8527,,,0.0043,91.0734,0.4238,67.1517,86.7736,86.7736,
hgpn06,40,cars_pl,hivit_base_patch16_224_miil.in21k,False,,,,sgd,0.0,0.03,,0,200,448,8,8144,8041,50,-1,hivit_base_patch16_224_miil.in21k,92.5134,,,0.4573,92.51336898395722,99.8649,,,0.0054,91.22,0.4238,67.1518,86.8031,86.8031,
hgpn06,40,cars_pl,hivit_base_patch16_224_miil.in21k,False,,,,sgd,0.0,0.03,,0,200,448,8,8144,8041,70,-1,hivit_base_patch16_224_miil.in21k,92.0781,,,0.4955,92.07809973883845,99.8158,,,0.005,89.0454,0.4238,67.1518,86.8265,86.8265,
hgpn06,40,cars_pl,hivit_base_patch16_224_miil.in21k,False,,,,sgd,0.0,0.1,,0,200,448,8,8144,8041,25,-1,hivit_base_patch16_224_miil.in21k,77.9878,,,1.6618,77.98781246113667,99.8158,,,0.0093,90.6491,0.4238,67.1517,86.7736,86.7736,
hgpn06,40,cars_pl,hivit_base_patch16_224_miil.in21k,False,,,,sgd,0.0,0.1,,0,200,448,8,8144,8041,50,-1,hivit_base_patch16_224_miil.in21k,78.0251,,,1.621,78.02512125357542,99.8035,,,0.0081,91.0242,0.4238,67.1518,86.8031,86.8031,
hgpn06,40,cars_pl,hivit_base_patch16_224_miil.in21k,False,,,,sgd,0.0,0.1,,0,200,448,8,8144,8041,70,-1,hivit_base_patch16_224_miil.in21k,78.6096,,,1.6003,78.6096256684492,99.8158,,,0.0092,88.6619,0.4238,67.1518,86.8265,86.8265,
hgpn18,40,cars_pl,hivit_base_patch16_clip_224.laion2b,False,,,,adamw,0.05,5e-06,,0,200,448,8,8144,8041,25,-1,hivit_base_patch16_clip_224.laion2b,90.6728,,,0.8677,90.67280189031214,99.3983,,,0.0566,99.3872,0.4238,67.1524,86.8021,86.8021,
hgpn18,40,cars_pl,hivit_base_patch16_clip_224.laion2b,False,,,,adamw,0.05,5e-06,,0,200,448,8,8144,8041,50,-1,hivit_base_patch16_clip_224.laion2b,90.5982,,,0.8344,90.59818430543464,99.2878,,,0.085,99.0926,0.4238,67.1524,86.8315,86.8315,
hgpn18,40,cars_pl,hivit_base_patch16_clip_224.laion2b,False,,,,adamw,0.05,5e-06,,0,200,448,8,8144,8041,70,-1,hivit_base_patch16_clip_224.laion2b,91.2697,,,0.8008,91.26974256933217,99.472,,,0.041,98.2464,0.4258,67.1524,86.8549,86.8549,
hgpn18,40,cars_pl,hivit_base_patch16_clip_224.laion2b,False,,,,adamw,0.05,1e-05,,0,200,448,8,8144,8041,25,-1,hivit_base_patch16_clip_224.laion2b,91.0708,,,0.8643,91.07076234299215,99.6316,,,0.0262,98.7674,0.4238,67.1524,86.8021,86.8021,
hgpn18,40,cars_pl,hivit_base_patch16_clip_224.laion2b,False,,,,adamw,0.05,1e-05,,0,200,448,8,8144,8041,50,-1,hivit_base_patch16_clip_224.laion2b,91.22,,,0.8319,91.21999751274716,99.4843,,,0.0578,99.6538,0.4238,67.1524,86.8315,86.8315,
hgpn18,40,cars_pl,hivit_base_patch16_clip_224.laion2b,False,,,,adamw,0.05,1e-05,,0,200,448,8,8144,8041,70,-1,hivit_base_patch16_clip_224.laion2b,90.3246,,,0.9175,90.32458649421714,99.5334,,,0.0476,99.1411,0.4258,67.1524,86.8549,86.8549,
hgpn18,40,cars_pl,hivit_base_patch16_clip_224.laion2b,False,,,,adamw,0.05,5e-05,,0,200,448,8,8144,8041,25,-1,hivit_base_patch16_clip_224.laion2b,87.8125,,,1.0827,87.81246113667454,99.8035,,,0.0081,99.1627,0.4238,67.1524,86.8021,86.8021,
hgpn18,40,cars_pl,hivit_base_patch16_clip_224.laion2b,False,,,,adamw,0.05,5e-05,,0,200,448,8,8144,8041,50,-1,hivit_base_patch16_clip_224.laion2b,87.8249,,,1.0648,87.82489740082079,99.7053,,,0.0194,99.4764,0.4238,67.1524,86.8315,86.8315,
hgpn18,40,cars_pl,hivit_base_patch16_clip_224.laion2b,False,,,,adamw,0.05,5e-05,,0,200,448,8,8144,8041,70,-1,hivit_base_patch16_clip_224.laion2b,87.0787,,,1.1792,87.07872155204576,99.7421,,,0.0149,99.2921,0.4258,67.1524,86.8549,86.8549,
hgpn18,40,cars_pl,hivit_base_patch16_clip_224.laion2b,False,,,,adamw,0.05,0.0001,,0,200,448,8,8144,8041,25,-1,hivit_base_patch16_clip_224.laion2b,28.4666,,,4.9733,28.46660863076732,99.7544,,,0.0207,99.0953,0.4238,67.1524,86.8021,86.8021,
hgpn18,40,cars_pl,hivit_base_patch16_clip_224.laion2b,False,,,,adamw,0.05,0.0001,,0,200,448,8,8144,8041,50,-1,hivit_base_patch16_clip_224.laion2b,37.3088,,,3.9263,37.3087924387514,99.7176,,,0.0283,99.8582,0.4238,67.1524,86.8315,86.8315,
hgpn18,40,cars_pl,hivit_base_patch16_clip_224.laion2b,False,,,,adamw,0.05,0.0001,,0,200,448,8,8144,8041,70,-1,hivit_base_patch16_clip_224.laion2b,35.804,,,4.1648,35.804004477055095,99.7053,,,0.0248,99.1081,0.4258,67.1524,86.8549,86.8549,
hgpn18,40,cars_pl,hivit_base_patch16_clip_224.laion2b,False,,,,adamw,0.05,0.0005,,0,200,448,8,8144,8041,25,-1,hivit_base_patch16_clip_224.laion2b,4.875,,,4.8354,4.875015545330183,7.3428,,,7.4483,99.2177,0.4238,67.1524,86.8021,86.8021,
hgpn18,40,cars_pl,hivit_base_patch16_clip_224.laion2b,False,,,,adamw,0.05,0.0005,,0,200,448,8,8144,8041,50,-1,hivit_base_patch16_clip_224.laion2b,,,,,,,,,,,,,,,
hgpn18,40,cars_pl,hivit_base_patch16_clip_224.laion2b,False,,,,adamw,0.05,0.0005,,0,200,448,8,8144,8041,70,-1,hivit_base_patch16_clip_224.laion2b,,,,,,,,,,,,,,,
hgpn18,40,cars_pl,hivit_base_patch16_clip_224.laion2b,False,,,,adamw,0.05,0.001,,0,200,448,8,8144,8041,25,-1,hivit_base_patch16_clip_224.laion2b,,,,,,,,,,,,,,,
hgpn18,40,cars_pl,hivit_base_patch16_clip_224.laion2b,False,,,,adamw,0.05,0.001,,0,200,448,8,8144,8041,50,-1,hivit_base_patch16_clip_224.laion2b,,,,,,,,,,,,,,,
hgpn18,40,cars_pl,hivit_base_patch16_clip_224.laion2b,False,,,,adamw,0.05,0.001,,0,200,448,8,8144,8041,70,-1,hivit_base_patch16_clip_224.laion2b,,,,,,,,,,,,,,,
hgpn18,40,cars_pl,hivit_base_patch16_clip_224.laion2b,False,,,,sgd,0.0,0.003,,0,200,448,8,8144,8041,25,-1,hivit_base_patch16_clip_224.laion2b,85.1262,,,0.8334,85.12622808108445,99.8158,,,0.0088,91.317,0.4238,67.1524,86.8021,86.8021,
hgpn18,40,cars_pl,hivit_base_patch16_clip_224.laion2b,False,,,,sgd,0.0,0.003,,0,200,448,8,8144,8041,50,-1,hivit_base_patch16_clip_224.laion2b,87.0538,,,0.7843,87.05384902375326,99.8404,,,0.0083,91.3985,0.4238,67.1524,86.8315,86.8315,
hgpn18,40,cars_pl,hivit_base_patch16_clip_224.laion2b,False,,,,sgd,0.0,0.003,,0,200,448,8,8144,8041,70,-1,hivit_base_patch16_clip_224.laion2b,84.5293,,,0.905,84.52928740206443,99.8527,,,0.0078,91.4365,0.4258,67.1524,86.8549,86.8549,
hgpn18,40,cars_pl,hivit_base_patch16_clip_224.laion2b,False,,,,sgd,0.0,0.01,,0,200,448,8,8144,8041,25,-1,hivit_base_patch16_clip_224.laion2b,81.3207,,,0.967,81.3207312523318,99.8404,,,0.0051,91.3297,0.4238,67.1524,86.8021,86.8021,
hgpn18,40,cars_pl,hivit_base_patch16_clip_224.laion2b,False,,,,sgd,0.0,0.01,,0,200,448,8,8144,8041,50,-1,hivit_base_patch16_clip_224.laion2b,78.3733,,,1.1797,78.37333664967043,99.8404,,,0.0066,91.1466,0.4238,67.1524,86.8315,86.8315,
hgpn18,40,cars_pl,hivit_base_patch16_clip_224.laion2b,False,,,,sgd,0.0,0.01,,0,200,448,8,8144,8041,70,-1,hivit_base_patch16_clip_224.laion2b,81.7933,,,0.9512,81.79330928988932,99.8527,,,0.0051,91.3586,0.4258,67.1524,86.8549,86.8549,
hgpn18,40,cars_pl,hivit_base_patch16_clip_224.laion2b,False,,,,sgd,0.0,0.03,,0,200,448,8,8144,8041,25,-1,hivit_base_patch16_clip_224.laion2b,29.3123,,,5.2743,29.31227459271235,99.7421,,,0.0208,91.172,0.4238,67.1524,86.8021,86.8021,
hgpn18,40,cars_pl,hivit_base_patch16_clip_224.laion2b,False,,,,sgd,0.0,0.03,,0,200,448,8,8144,8041,50,-1,hivit_base_patch16_clip_224.laion2b,29.1879,,,5.3593,29.187911951249845,99.7421,,,0.0201,91.7456,0.4238,67.1524,86.8315,86.8315,
hgpn18,40,cars_pl,hivit_base_patch16_clip_224.laion2b,False,,,,sgd,0.0,0.03,,0,200,448,8,8144,8041,70,-1,hivit_base_patch16_clip_224.laion2b,29.2501,,,5.2397,29.250093271981097,99.3124,,,0.0658,91.4418,0.4258,67.1524,86.8549,86.8549,
hgpn18,40,cars_pl,hivit_base_patch16_clip_224.laion2b,False,,,,sgd,0.0,0.1,,0,200,448,8,8144,8041,25,-1,hivit_base_patch16_clip_224.laion2b,,,,,,,,,,,,,,,
hgpn18,40,cars_pl,hivit_base_patch16_clip_224.laion2b,False,,,,sgd,0.0,0.1,,0,200,448,8,8144,8041,50,-1,hivit_base_patch16_clip_224.laion2b,,,,,,,,,,,,,,,
hgpn18,40,cars_pl,hivit_base_patch16_clip_224.laion2b,False,,,,sgd,0.0,0.1,,0,200,448,8,8144,8041,70,-1,hivit_base_patch16_clip_224.laion2b,,,,,,,,,,,,,,,
hgpn04,40,cars_pl,hivit_base_patch16_siglip_224.v2_webli,False,,,,adamw,0.05,5e-06,,0,200,448,8,8144,8041,25,-1,hivit_base_patch16_siglip_224.v2_webli,92.0781,,,0.7776,92.07809973883845,99.5702,,,0.0443,106.9321,0.4629,67.9975,93.8869,93.8869,
hgpn04,40,cars_pl,hivit_base_patch16_siglip_224.v2_webli,False,,,,adamw,0.05,5e-06,,0,200,448,8,8144,8041,50,-1,hivit_base_patch16_siglip_224.v2_webli,92.5134,,,0.6922,92.51336898395722,99.4597,,,0.0525,106.449,0.4629,67.9976,93.9163,93.9163,
hgpn04,40,cars_pl,hivit_base_patch16_siglip_224.v2_webli,False,,,,adamw,0.05,5e-06,,0,200,448,8,8144,8041,70,-1,hivit_base_patch16_siglip_224.v2_webli,84.9894,,,1.5551,84.98942917547569,99.0914,,,0.1228,108.9418,0.4648,67.9976,93.9397,93.9397,
hgpn04,40,cars_pl,hivit_base_patch16_siglip_224.v2_webli,False,,,,adamw,0.05,1e-05,,0,200,448,8,8144,8041,25,-1,hivit_base_patch16_siglip_224.v2_webli,91.8418,,,0.7843,91.8418107200597,99.5825,,,0.0426,106.2529,0.4629,67.9975,93.8869,93.8869,
hgpn04,40,cars_pl,hivit_base_patch16_siglip_224.v2_webli,False,,,,adamw,0.05,1e-05,,0,200,448,8,8144,8041,50,-1,hivit_base_patch16_siglip_224.v2_webli,91.9413,,,0.7978,91.9413008332297,99.4843,,,0.0561,106.9552,0.4629,67.9976,93.9163,93.9163,
hgpn04,40,cars_pl,hivit_base_patch16_siglip_224.v2_webli,False,,,,adamw,0.05,1e-05,,0,200,448,8,8144,8041,70,-1,hivit_base_patch16_siglip_224.v2_webli,91.3319,,,0.8447,91.33192389006342,99.5825,,,0.0403,108.8109,0.4648,67.9976,93.9397,93.9397,
hgpn04,40,cars_pl,hivit_base_patch16_siglip_224.v2_webli,False,,,,adamw,0.05,5e-05,,0,200,448,8,8144,8041,25,-1,hivit_base_patch16_siglip_224.v2_webli,87.713,,,1.2557,87.71297102350454,99.7544,,,0.0108,107.0936,0.4629,67.9975,93.8869,93.8869,
hgpn04,40,cars_pl,hivit_base_patch16_siglip_224.v2_webli,False,,,,adamw,0.05,5e-05,,0,200,448,8,8144,8041,50,-1,hivit_base_patch16_siglip_224.v2_webli,77.3038,,,2.3558,77.3038179330929,99.7053,,,0.0154,106.9103,0.4629,67.9976,93.9163,93.9163,
hgpn04,40,cars_pl,hivit_base_patch16_siglip_224.v2_webli,False,,,,adamw,0.05,5e-05,,0,200,448,8,8144,8041,70,-1,hivit_base_patch16_siglip_224.v2_webli,82.7633,,,1.4817,82.76333789329685,99.7544,,,0.0135,109.1699,0.4648,67.9976,93.9397,93.9397,
hgpn04,40,cars_pl,hivit_base_patch16_siglip_224.v2_webli,False,,,,adamw,0.05,0.0001,,0,200,448,8,8144,8041,25,-1,hivit_base_patch16_siglip_224.v2_webli,53.165,,,2.8025,53.16502922522074,99.7544,,,0.0195,107.3772,0.4629,67.9975,93.8869,93.8869,
hgpn04,40,cars_pl,hivit_base_patch16_siglip_224.v2_webli,False,,,,adamw,0.05,0.0001,,0,200,448,8,8144,8041,50,-1,hivit_base_patch16_siglip_224.v2_webli,68.8223,,,1.8235,68.82228578535008,99.7667,,,0.0145,107.2403,0.4629,67.9976,93.9163,93.9163,
hgpn04,40,cars_pl,hivit_base_patch16_siglip_224.v2_webli,False,,,,adamw,0.05,0.0001,,0,200,448,8,8144,8041,70,-1,hivit_base_patch16_siglip_224.v2_webli,58.8608,,,2.5316,58.86083820420346,99.7421,,,0.0169,109.3275,0.4648,67.9976,93.9397,93.9397,
hgpn04,40,cars_pl,hivit_base_patch16_siglip_224.v2_webli,False,,,,adamw,0.05,0.0005,,0,200,448,8,8144,8041,25,-1,hivit_base_patch16_siglip_224.v2_webli,7.9965,,,4.5541,7.99651784603905,13.4332,,,7.2339,107.1611,0.4629,67.9975,93.8869,93.8869,
hgpn04,40,cars_pl,hivit_base_patch16_siglip_224.v2_webli,False,,,,adamw,0.05,0.0005,,0,200,448,8,8144,8041,50,-1,hivit_base_patch16_siglip_224.v2_webli,,,,,,,,,,,,,,,
hgpn04,40,cars_pl,hivit_base_patch16_siglip_224.v2_webli,False,,,,adamw,0.05,0.0005,,0,200,448,8,8144,8041,70,-1,hivit_base_patch16_siglip_224.v2_webli,6.6783,,,4.684,6.6782738465365,8.8286,,,8.5275,108.1894,0.4648,67.9976,93.9397,93.9397,
hgpn04,40,cars_pl,hivit_base_patch16_siglip_224.v2_webli,False,,,,adamw,0.05,0.001,,0,200,448,8,8144,8041,25,-1,hivit_base_patch16_siglip_224.v2_webli,,,,,,,,,,,,,,,
hgpn04,40,cars_pl,hivit_base_patch16_siglip_224.v2_webli,False,,,,adamw,0.05,0.001,,0,200,448,8,8144,8041,50,-1,hivit_base_patch16_siglip_224.v2_webli,,,,,,,,,,,,,,,
hgpn04,40,cars_pl,hivit_base_patch16_siglip_224.v2_webli,False,,,,adamw,0.05,0.001,,0,200,448,8,8144,8041,70,-1,hivit_base_patch16_siglip_224.v2_webli,,,,,,,,,,,,,,,
hgpn04,40,cars_pl,hivit_base_patch16_siglip_224.v2_webli,False,,,,sgd,0.0,0.003,,0,200,448,8,8144,8041,25,-1,hivit_base_patch16_siglip_224.v2_webli,95.1872,,,0.384,95.18716577540108,99.8527,,,0.0079,99.1146,0.4629,67.9975,93.8869,93.8869,
hgpn04,40,cars_pl,hivit_base_patch16_siglip_224.v2_webli,False,,,,sgd,0.0,0.003,,0,200,448,8,8144,8041,50,-1,hivit_base_patch16_siglip_224.v2_webli,95.1499,,,0.3747,95.14985698296232,99.8404,,,0.008,99.4357,0.4629,67.9976,93.9163,93.9163,
hgpn04,40,cars_pl,hivit_base_patch16_siglip_224.v2_webli,False,,,,sgd,0.0,0.003,,0,200,448,8,8144,8041,70,-1,hivit_base_patch16_siglip_224.v2_webli,92.6004,,,0.5162,92.60042283298095,99.8404,,,0.0092,98.6742,0.4648,67.9976,93.9397,93.9397,
hgpn04,40,cars_pl,hivit_base_patch16_siglip_224.v2_webli,False,,,,sgd,0.0,0.01,,0,200,448,8,8144,8041,25,-1,hivit_base_patch16_siglip_224.v2_webli,94.2669,,,0.4194,94.26688222857854,99.8649,,,0.0056,99.6021,0.4629,67.9975,93.8869,93.8869,
hgpn04,40,cars_pl,hivit_base_patch16_siglip_224.v2_webli,False,,,,sgd,0.0,0.01,,0,200,448,8,8144,8041,50,-1,hivit_base_patch16_siglip_224.v2_webli,93.8067,,,0.4971,93.80674045516729,99.8404,,,0.0055,99.2491,0.4629,67.9976,93.9163,93.9163,
hgpn04,40,cars_pl,hivit_base_patch16_siglip_224.v2_webli,False,,,,sgd,0.0,0.01,,0,200,448,8,8144,8041,70,-1,hivit_base_patch16_siglip_224.v2_webli,91.8916,,,0.6237,91.8915557766447,99.8158,,,0.0059,99.2188,0.4648,67.9976,93.9397,93.9397,
hgpn04,40,cars_pl,hivit_base_patch16_siglip_224.v2_webli,False,,,,sgd,0.0,0.03,,0,200,448,8,8144,8041,25,-1,hivit_base_patch16_siglip_224.v2_webli,82.3529,,,1.0905,82.3529411764706,99.8158,,,0.0087,99.6854,0.4629,67.9975,93.8869,93.8869,
hgpn04,40,cars_pl,hivit_base_patch16_siglip_224.v2_webli,False,,,,sgd,0.0,0.03,,0,200,448,8,8144,8041,50,-1,hivit_base_patch16_siglip_224.v2_webli,91.021,,,0.7164,91.02101728640716,99.8281,,,0.0054,99.0886,0.4629,67.9976,93.9163,93.9163,
hgpn04,40,cars_pl,hivit_base_patch16_siglip_224.v2_webli,False,,,,sgd,0.0,0.03,,0,200,448,8,8144,8041,70,-1,hivit_base_patch16_siglip_224.v2_webli,51.2623,,,3.3803,51.26228081084442,99.8649,,,0.0074,99.1886,0.4648,67.9976,93.9397,93.9397,
hgpn04,40,cars_pl,hivit_base_patch16_siglip_224.v2_webli,False,,,,sgd,0.0,0.1,,0,200,448,8,8144,8041,25,-1,hivit_base_patch16_siglip_224.v2_webli,9.8495,,,4.4692,9.849521203830369,16.196,,,6.9354,98.7064,0.4629,67.9975,93.8869,93.8869,
hgpn04,40,cars_pl,hivit_base_patch16_siglip_224.v2_webli,False,,,,sgd,0.0,0.1,,0,200,448,8,8144,8041,50,-1,hivit_base_patch16_siglip_224.v2_webli,,,,,,,,,,,,,,,
hgpn04,40,cars_pl,hivit_base_patch16_siglip_224.v2_webli,False,,,,sgd,0.0,0.1,,0,200,448,8,8144,8041,70,-1,hivit_base_patch16_siglip_224.v2_webli,,,,,,,,,,,,,,,
vsplab,40,cub_pl,hideit3_base_patch16_224.fb_in1k,False,,,,adamw,0.05,5e-06,,0,200,448,8,5992,5794,25,-1,hideit3_base_patch16_224.fb_in1k,85.9337,,,1.2543,85.9337245426303,99.8665,,,0.0071,755.7161,0.8047,78.5317,86.8208,86.8208,
vsplab,40,cub_pl,hideit3_base_patch16_224.fb_in1k,False,,,,adamw,0.05,1e-05,,0,200,448,8,5992,5794,25,-1,hideit3_base_patch16_224.fb_in1k,85.7957,,,1.3788,85.79565067311012,99.9499,,,0.0037,756.0186,0.8047,78.5317,86.8208,86.8208,
vsplab,40,cub_pl,hideit3_base_patch16_224.fb_in1k,False,,,,adamw,0.05,5e-05,,0,200,448,8,5992,5794,25,-1,hideit3_base_patch16_224.fb_in1k,83.1895,,,1.9259,83.18950638591646,99.9833,,,0.0002,777.7956,0.8047,78.5317,86.8208,86.8208,
vsplab,40,cub_pl,hideit3_base_patch16_224.fb_in1k,False,,,,adamw,0.05,0.0001,,0,200,448,8,5992,5794,25,-1,hideit3_base_patch16_224.fb_in1k,78.892,,,2.5073,78.89195719710045,100.0,,,0.0,358.5219,0.8047,78.5317,86.8208,86.8208,
vsplab,40,cub_pl,hideit3_base_patch16_224.fb_in1k,False,,,,adamw,0.05,0.0005,,0,200,448,8,5992,5794,25,-1,hideit3_base_patch16_224.fb_in1k,67.2075,,,2.8623,67.2074559889541,100.0,,,0.0,298.9063,0.8047,78.5317,86.8208,86.8208,
vsplab,40,cub_pl,hideit3_base_patch16_224.fb_in1k,False,,,,adamw,0.05,0.001,,0,200,448,8,5992,5794,25,-1,hideit3_base_patch16_224.fb_in1k,,,,,,,,,,,,,,,
vsplab,40,cub_pl,hideit3_base_patch16_224.fb_in1k,False,,,,sgd,0.0,0.003,,0,200,448,8,5992,5794,25,-1,hideit3_base_patch16_224.fb_in1k,86.5551,,,0.7102,86.55505695547117,100.0,,,0.0006,272.747,0.8047,78.5317,86.8208,86.8208,
vsplab,40,cub_pl,hideit3_base_patch16_224.fb_in1k,False,,,,sgd,0.0,0.01,,0,200,448,8,5992,5794,25,-1,hideit3_base_patch16_224.fb_in1k,88.4363,,,0.6975,88.43631342768381,100.0,,,0.0001,270.3323,0.8047,78.5317,86.8208,86.8208,
vsplab,40,cub_pl,hideit3_base_patch16_224.fb_in1k,False,,,,sgd,0.0,0.03,,0,200,448,8,5992,5794,25,-1,hideit3_base_patch16_224.fb_in1k,88.3155,,,0.7803,88.31549879185364,100.0,,,0.0,269.1901,0.8047,78.5317,86.8208,86.8208,
vsplab,40,cub_pl,hideit3_base_patch16_224.fb_in1k,False,,,,sgd,0.0,0.1,,0,200,448,8,5992,5794,25,-1,hideit3_base_patch16_224.fb_in1k,79.9275,,,2.0706,79.9275112185019,100.0,,,0.0,265.9785,0.8047,78.5317,86.8208,86.8208,
hgpn19,40,cub_pl,hideit3_base_patch16_224.fb_in22k_ft_in1k,False,,,,adamw,0.05,5e-06,,0,200,448,8,5992,5794,25,-1,hideit3_base_patch16_224.fb_in22k_ft_in1k,87.3145,,,1.2693,87.31446323783224,99.8331,,,0.0098,72.3205,0.4434,67.1662,86.8208,86.8208,
hgpn19,40,cub_pl,hideit3_base_patch16_224.fb_in22k_ft_in1k,False,,,,adamw,0.05,5e-06,,0,200,448,8,5992,5794,50,-1,hideit3_base_patch16_224.fb_in22k_ft_in1k,87.0038,,,1.2778,87.0037970314118,99.8665,,,0.0178,73.3459,0.4453,67.1662,86.8508,86.8508,
hgpn19,40,cub_pl,hideit3_base_patch16_224.fb_in22k_ft_in1k,False,,,,adamw,0.05,5e-06,,0,200,448,8,5992,5794,70,-1,hideit3_base_patch16_224.fb_in22k_ft_in1k,88.1774,,,1.1983,88.17742492233344,99.9499,,,0.0085,76.0682,0.4453,67.1663,86.8748,86.8748,
hgpn19,40,cub_pl,hideit3_base_patch16_224.fb_in22k_ft_in1k,False,,,,adamw,0.05,1e-05,,0,200,448,8,5992,5794,25,-1,hideit3_base_patch16_224.fb_in22k_ft_in1k,87.6942,,,1.3045,87.69416637901277,99.8999,,,0.0104,72.8038,0.4434,67.1662,86.8208,86.8208,
hgpn19,40,cub_pl,hideit3_base_patch16_224.fb_in22k_ft_in1k,False,,,,adamw,0.05,1e-05,,0,200,448,8,5992,5794,50,-1,hideit3_base_patch16_224.fb_in22k_ft_in1k,87.7114,,,1.2969,87.7114256127028,99.9166,,,0.0053,74.1422,0.4453,67.1662,86.8508,86.8508,
hgpn19,40,cub_pl,hideit3_base_patch16_224.fb_in22k_ft_in1k,False,,,,adamw,0.05,1e-05,,0,200,448,8,5992,5794,70,-1,hideit3_base_patch16_224.fb_in22k_ft_in1k,87.5216,,,1.2555,87.52157404211253,99.9499,,,0.0053,75.737,0.4453,67.1663,86.8748,86.8748,
hgpn19,40,cub_pl,hideit3_base_patch16_224.fb_in22k_ft_in1k,False,,,,adamw,0.05,5e-05,,0,200,448,8,5992,5794,25,-1,hideit3_base_patch16_224.fb_in22k_ft_in1k,83.8971,,,1.9304,83.89713496720745,99.9499,,,0.0051,72.1502,0.4434,67.1662,86.8208,86.8208,
hgpn19,40,cub_pl,hideit3_base_patch16_224.fb_in22k_ft_in1k,False,,,,adamw,0.05,5e-05,,0,200,448,8,5992,5794,50,-1,hideit3_base_patch16_224.fb_in22k_ft_in1k,85.0017,,,1.8202,85.00172592336901,99.9833,,,0.0052,73.5859,0.4453,67.1662,86.8508,86.8508,
hgpn19,40,cub_pl,hideit3_base_patch16_224.fb_in22k_ft_in1k,False,,,,adamw,0.05,5e-05,,0,200,448,8,5992,5794,70,-1,hideit3_base_patch16_224.fb_in22k_ft_in1k,84.3459,,,1.7762,84.34587504314808,99.9666,,,0.0047,74.5695,0.4453,67.1663,86.8748,86.8748,
hgpn19,40,cub_pl,hideit3_base_patch16_224.fb_in22k_ft_in1k,False,,,,adamw,0.05,0.0001,,0,200,448,8,5992,5794,25,-1,hideit3_base_patch16_224.fb_in22k_ft_in1k,79.893,,,2.4801,79.89299275112185,99.9833,,,0.0014,72.2495,0.4434,67.1662,86.8208,86.8208,
hgpn19,40,cub_pl,hideit3_base_patch16_224.fb_in22k_ft_in1k,False,,,,adamw,0.05,0.0001,,0,200,448,8,5992,5794,50,-1,hideit3_base_patch16_224.fb_in22k_ft_in1k,79.7894,,,2.5192,79.7894373489817,99.9833,,,0.0002,74.2629,0.4453,67.1662,86.8508,86.8508,
hgpn19,40,cub_pl,hideit3_base_patch16_224.fb_in22k_ft_in1k,False,,,,adamw,0.05,0.0001,,0,200,448,8,5992,5794,70,-1,hideit3_base_patch16_224.fb_in22k_ft_in1k,80.4971,,,2.2355,80.4970659302727,99.9833,,,0.0025,74.4856,0.4453,67.1663,86.8748,86.8748,
hgpn19,40,cub_pl,hideit3_base_patch16_224.fb_in22k_ft_in1k,False,,,,adamw,0.05,0.0005,,0,200,448,8,5992,5794,25,-1,hideit3_base_patch16_224.fb_in22k_ft_in1k,59.4063,,,2.7811,59.40628236106317,100.0,,,0.0001,72.0525,0.4434,67.1662,86.8208,86.8208,
hgpn19,40,cub_pl,hideit3_base_patch16_224.fb_in22k_ft_in1k,False,,,,adamw,0.05,0.0005,,0,200,448,8,5992,5794,50,-1,hideit3_base_patch16_224.fb_in22k_ft_in1k,65.378,,,2.3855,65.37797721781153,99.9833,,,0.0013,75.0026,0.4453,67.1662,86.8508,86.8508,
hgpn19,40,cub_pl,hideit3_base_patch16_224.fb_in22k_ft_in1k,False,,,,adamw,0.05,0.0005,,0,200,448,8,5992,5794,70,-1,hideit3_base_patch16_224.fb_in22k_ft_in1k,65.0328,,,2.3693,65.03279254401104,99.9833,,,0.0004,75.07,0.4453,67.1663,86.8748,86.8748,
hgpn19,40,cub_pl,hideit3_base_patch16_224.fb_in22k_ft_in1k,False,,,,adamw,0.05,0.001,,0,200,448,8,5992,5794,25,-1,hideit3_base_patch16_224.fb_in22k_ft_in1k,17.4491,,,3.8583,17.449085260614428,33.6282,,,4.9282,72.4931,0.4434,67.1662,86.8208,86.8208,
hgpn19,40,cub_pl,hideit3_base_patch16_224.fb_in22k_ft_in1k,False,,,,adamw,0.05,0.001,,0,200,448,8,5992,5794,50,-1,hideit3_base_patch16_224.fb_in22k_ft_in1k,14.8084,,,3.9173,14.808422506040731,29.1555,,,5.4711,74.8991,0.4453,67.1662,86.8508,86.8508,
hgpn19,40,cub_pl,hideit3_base_patch16_224.fb_in22k_ft_in1k,False,,,,adamw,0.05,0.001,,0,200,448,8,5992,5794,70,-1,hideit3_base_patch16_224.fb_in22k_ft_in1k,,,,,,,,,,,,,,,
hgpn19,40,cub_pl,hideit3_base_patch16_224.fb_in22k_ft_in1k,False,,,,sgd,0.0,0.003,,0,200,448,8,5992,5794,25,-1,hideit3_base_patch16_224.fb_in22k_ft_in1k,89.6272,,,0.5919,89.62720055229548,100.0,,,0.0005,67.6586,0.4434,67.1662,86.8208,86.8208,
hgpn19,40,cub_pl,hideit3_base_patch16_224.fb_in22k_ft_in1k,False,,,,sgd,0.0,0.003,,0,200,448,8,5992,5794,50,-1,hideit3_base_patch16_224.fb_in22k_ft_in1k,89.213,,,0.6078,89.2129789437349,100.0,,,0.0005,69.2521,0.4453,67.1662,86.8508,86.8508,
hgpn19,40,cub_pl,hideit3_base_patch16_224.fb_in22k_ft_in1k,False,,,,sgd,0.0,0.003,,0,200,448,8,5992,5794,70,-1,hideit3_base_patch16_224.fb_in22k_ft_in1k,89.4546,,,0.6052,89.45460821539524,100.0,,,0.0006,69.712,0.4453,67.1663,86.8748,86.8748,
hgpn19,40,cub_pl,hideit3_base_patch16_224.fb_in22k_ft_in1k,False,,,,sgd,0.0,0.01,,0,200,448,8,5992,5794,25,-1,hideit3_base_patch16_224.fb_in22k_ft_in1k,90.6628,,,0.6323,90.66275457369692,100.0,,,0.0001,67.4969,0.4434,67.1662,86.8208,86.8208,
hgpn19,40,cub_pl,hideit3_base_patch16_224.fb_in22k_ft_in1k,False,,,,sgd,0.0,0.01,,0,200,448,8,5992,5794,50,-1,hideit3_base_patch16_224.fb_in22k_ft_in1k,90.6628,,,0.6405,90.66275457369692,100.0,,,0.0001,69.8178,0.4453,67.1662,86.8508,86.8508,
hgpn19,40,cub_pl,hideit3_base_patch16_224.fb_in22k_ft_in1k,False,,,,sgd,0.0,0.01,,0,200,448,8,5992,5794,70,-1,hideit3_base_patch16_224.fb_in22k_ft_in1k,90.6455,,,0.6373,90.6454953400069,100.0,,,0.0001,68.9174,0.4453,67.1663,86.8748,86.8748,
hgpn19,40,cub_pl,hideit3_base_patch16_224.fb_in22k_ft_in1k,False,,,,sgd,0.0,0.03,,0,200,448,8,5992,5794,25,-1,hideit3_base_patch16_224.fb_in22k_ft_in1k,89.4546,,,0.7984,89.45460821539524,100.0,,,0.0,67.3659,0.4434,67.1662,86.8208,86.8208,
hgpn19,40,cub_pl,hideit3_base_patch16_224.fb_in22k_ft_in1k,False,,,,sgd,0.0,0.03,,0,200,448,8,5992,5794,50,-1,hideit3_base_patch16_224.fb_in22k_ft_in1k,90.0759,,,0.7918,90.07594062823613,100.0,,,0.0,67.808,0.4453,67.1662,86.8508,86.8508,
hgpn19,40,cub_pl,hideit3_base_patch16_224.fb_in22k_ft_in1k,False,,,,sgd,0.0,0.03,,0,200,448,8,5992,5794,70,-1,hideit3_base_patch16_224.fb_in22k_ft_in1k,89.8171,,,0.7782,89.81705212288574,100.0,,,0.0,68.9764,0.4453,67.1663,86.8748,86.8748,
hgpn19,40,cub_pl,hideit3_base_patch16_224.fb_in22k_ft_in1k,False,,,,sgd,0.0,0.1,,0,200,448,8,5992,5794,25,-1,hideit3_base_patch16_224.fb_in22k_ft_in1k,81.291,,,1.9211,81.2909906800138,100.0,,,0.0,67.8357,0.4434,67.1662,86.8208,86.8208,
hgpn19,40,cub_pl,hideit3_base_patch16_224.fb_in22k_ft_in1k,False,,,,sgd,0.0,0.1,,0,200,448,8,5992,5794,50,-1,hideit3_base_patch16_224.fb_in22k_ft_in1k,81.5499,,,1.9109,81.54987918536418,100.0,,,0.0,67.1925,0.4453,67.1662,86.8508,86.8508,
hgpn19,40,cub_pl,hideit3_base_patch16_224.fb_in22k_ft_in1k,False,,,,sgd,0.0,0.1,,0,200,448,8,5992,5794,70,-1,hideit3_base_patch16_224.fb_in22k_ft_in1k,82.0504,,,1.8297,82.05039696237488,100.0,,,0.0,67.8859,0.4453,67.1663,86.8748,86.8748,
hgpn19,40,cub_pl,hideit_base_patch16_224.fb_in1k,False,,,,adamw,0.05,5e-06,,0,200,448,8,5992,5794,25,-1,hideit_base_patch16_224.fb_in1k,85.0708,,,1.2167,85.0707628581291,99.8331,,,0.0106,71.407,0.4238,67.1518,86.8031,86.8031,
hgpn19,40,cub_pl,hideit_base_patch16_224.fb_in1k,False,,,,adamw,0.05,5e-06,,0,200,448,8,5992,5794,50,-1,hideit_base_patch16_224.fb_in1k,85.1053,,,1.2026,85.10528132550915,99.8665,,,0.016,70.3151,0.4238,67.1518,86.8331,86.8331,
hgpn19,40,cub_pl,hideit_base_patch16_224.fb_in1k,False,,,,adamw,0.05,5e-06,,0,200,448,8,5992,5794,70,-1,hideit_base_patch16_224.fb_in1k,83.69,,,1.2907,83.69002416292716,99.9332,,,0.007,68.7813,0.4258,67.1518,86.8572,86.8572,
hgpn19,40,cub_pl,hideit_base_patch16_224.fb_in1k,False,,,,adamw,0.05,1e-05,,0,200,448,8,5992,5794,25,-1,hideit_base_patch16_224.fb_in1k,85.1053,,,1.2619,85.10528132550915,99.8832,,,0.0097,70.7717,0.4238,67.1518,86.8031,86.8031,
hgpn19,40,cub_pl,hideit_base_patch16_224.fb_in1k,False,,,,adamw,0.05,1e-05,,0,200,448,8,5992,5794,50,-1,hideit_base_patch16_224.fb_in1k,85.0708,,,1.2671,85.0707628581291,99.9666,,,0.0006,70.2314,0.4238,67.1518,86.8331,86.8331,
hgpn19,40,cub_pl,hideit_base_patch16_224.fb_in1k,False,,,,adamw,0.05,1e-05,,0,200,448,8,5992,5794,70,-1,hideit_base_patch16_224.fb_in1k,84.8637,,,1.2406,84.86365205384881,99.9332,,,0.0028,68.4506,0.4258,67.1518,86.8572,86.8572,
hgpn19,40,cub_pl,hideit_base_patch16_224.fb_in1k,False,,,,adamw,0.05,5e-05,,0,200,448,8,5992,5794,25,-1,hideit_base_patch16_224.fb_in1k,83.0687,,,1.7321,83.0686917500863,99.9666,,,0.005,71.3019,0.4238,67.1518,86.8031,86.8031,
hgpn19,40,cub_pl,hideit_base_patch16_224.fb_in1k,False,,,,adamw,0.05,5e-05,,0,200,448,8,5992,5794,50,-1,hideit_base_patch16_224.fb_in1k,83.0514,,,1.6921,83.05143251639628,100.0,,,0.0,69.9734,0.4238,67.1518,86.8331,86.8331,
hgpn19,40,cub_pl,hideit_base_patch16_224.fb_in1k,False,,,,adamw,0.05,5e-05,,0,200,448,8,5992,5794,70,-1,hideit_base_patch16_224.fb_in1k,84.6911,,,1.6262,84.69105971694857,100.0,,,0.0,69.0832,0.4258,67.1518,86.8572,86.8572,
hgpn19,40,cub_pl,hideit_base_patch16_224.fb_in1k,False,,,,adamw,0.05,0.0001,,0,200,448,8,5992,5794,25,-1,hideit_base_patch16_224.fb_in1k,79.9448,,,2.0145,79.94477045219192,100.0,,,0.0,71.7365,0.4238,67.1518,86.8031,86.8031,
hgpn19,40,cub_pl,hideit_base_patch16_224.fb_in1k,False,,,,adamw,0.05,0.0001,,0,200,448,8,5992,5794,50,-1,hideit_base_patch16_224.fb_in1k,80.1001,,,2.0231,80.10010355540214,100.0,,,0.0,70.2861,0.4238,67.1518,86.8331,86.8331,
hgpn19,40,cub_pl,hideit_base_patch16_224.fb_in1k,False,,,,adamw,0.05,0.0001,,0,200,448,8,5992,5794,70,-1,hideit_base_patch16_224.fb_in1k,80.5661,,,2.0752,80.56610286503279,100.0,,,0.0,68.6117,0.4258,67.1518,86.8572,86.8572,
hgpn19,40,cub_pl,hideit_base_patch16_224.fb_in1k,False,,,,adamw,0.05,0.0005,,0,200,448,8,5992,5794,25,-1,hideit_base_patch16_224.fb_in1k,67.8633,,,2.8289,67.863306869175,100.0,,,0.0,69.921,0.4238,67.1518,86.8031,86.8031,
hgpn19,40,cub_pl,hideit_base_patch16_224.fb_in1k,False,,,,adamw,0.05,0.0005,,0,200,448,8,5992,5794,50,-1,hideit_base_patch16_224.fb_in1k,68.6227,,,2.7735,68.62271315153608,100.0,,,0.0,70.7334,0.4238,67.1518,86.8331,86.8331,
hgpn19,40,cub_pl,hideit_base_patch16_224.fb_in1k,False,,,,adamw,0.05,0.0005,,0,200,448,8,5992,5794,70,-1,hideit_base_patch16_224.fb_in1k,67.5009,,,2.8127,67.5008629616845,100.0,,,0.0,68.9249,0.4258,67.1518,86.8572,86.8572,
hgpn19,40,cub_pl,hideit_base_patch16_224.fb_in1k,False,,,,adamw,0.05,0.001,,0,200,448,8,5992,5794,25,-1,hideit_base_patch16_224.fb_in1k,24.3873,,,6.3037,24.387297204004145,99.6662,,,0.098,70.4197,0.4238,67.1518,86.8031,86.8031,
hgpn19,40,cub_pl,hideit_base_patch16_224.fb_in1k,False,,,,adamw,0.05,0.001,,0,200,448,8,5992,5794,50,-1,hideit_base_patch16_224.fb_in1k,29.8412,,,6.2134,29.841215050051776,99.9499,,,0.0108,70.2315,0.4238,67.1518,86.8331,86.8331,
hgpn19,40,cub_pl,hideit_base_patch16_224.fb_in1k,False,,,,adamw,0.05,0.001,,0,200,448,8,5992,5794,70,-1,hideit_base_patch16_224.fb_in1k,41.7501,,,4.2568,41.75008629616845,99.9833,,,0.0036,68.5341,0.4258,67.1518,86.8572,86.8572,
hgpn19,40,cub_pl,hideit_base_patch16_224.fb_in1k,False,,,,sgd,0.0,0.003,,0,200,448,8,5992,5794,25,-1,hideit_base_patch16_224.fb_in1k,86.3479,,,0.6891,86.34794615119088,100.0,,,0.0008,59.785,0.4238,67.1518,86.8031,86.8031,
hgpn19,40,cub_pl,hideit_base_patch16_224.fb_in1k,False,,,,sgd,0.0,0.003,,0,200,448,8,5992,5794,50,-1,hideit_base_patch16_224.fb_in1k,85.8992,,,0.6884,85.89920607525026,100.0,,,0.0008,60.3599,0.4238,67.1518,86.8331,86.8331,
hgpn19,40,cub_pl,hideit_base_patch16_224.fb_in1k,False,,,,sgd,0.0,0.003,,0,200,448,8,5992,5794,70,-1,hideit_base_patch16_224.fb_in1k,85.8474,,,0.697,85.84742837418018,100.0,,,0.0009,58.8101,0.4258,67.1518,86.8572,86.8572,
hgpn19,40,cub_pl,hideit_base_patch16_224.fb_in1k,False,,,,sgd,0.0,0.01,,0,200,448,8,5992,5794,25,-1,hideit_base_patch16_224.fb_in1k,87.7805,,,0.6877,87.78046254746289,100.0,,,0.0002,59.98,0.4238,67.1518,86.8031,86.8031,
hgpn19,40,cub_pl,hideit_base_patch16_224.fb_in1k,False,,,,sgd,0.0,0.01,,0,200,448,8,5992,5794,50,-1,hideit_base_patch16_224.fb_in1k,87.6942,,,0.6803,87.69416637901277,100.0,,,0.0002,60.4283,0.4238,67.1518,86.8331,86.8331,
hgpn19,40,cub_pl,hideit_base_patch16_224.fb_in1k,False,,,,sgd,0.0,0.01,,0,200,448,8,5992,5794,70,-1,hideit_base_patch16_224.fb_in1k,87.418,,,0.6873,87.41801863997239,100.0,,,0.0002,59.508,0.4258,67.1518,86.8572,86.8572,
hgpn19,40,cub_pl,hideit_base_patch16_224.fb_in1k,False,,,,sgd,0.0,0.03,,0,200,448,8,5992,5794,25,-1,hideit_base_patch16_224.fb_in1k,88.3845,,,0.7457,88.38453572661373,100.0,,,0.0,59.819,0.4238,67.1518,86.8031,86.8031,
hgpn19,40,cub_pl,hideit_base_patch16_224.fb_in1k,False,,,,sgd,0.0,0.03,,0,200,448,8,5992,5794,50,-1,hideit_base_patch16_224.fb_in1k,88.6779,,,0.738,88.67794269934414,100.0,,,0.0,60.159,0.4238,67.1518,86.8331,86.8331,
hgpn19,40,cub_pl,hideit_base_patch16_224.fb_in1k,False,,,,sgd,0.0,0.03,,0,200,448,8,5992,5794,70,-1,hideit_base_patch16_224.fb_in1k,88.4191,,,0.7085,88.41905419399379,100.0,,,0.0,59.1045,0.4258,67.1518,86.8572,86.8572,
hgpn19,40,cub_pl,hideit_base_patch16_224.fb_in1k,False,,,,sgd,0.0,0.1,,0,200,448,8,5992,5794,25,-1,hideit_base_patch16_224.fb_in1k,82.3956,,,1.7369,82.39558163617535,100.0,,,0.0012,60.0211,0.4238,67.1518,86.8031,86.8031,
hgpn19,40,cub_pl,hideit_base_patch16_224.fb_in1k,False,,,,sgd,0.0,0.1,,0,200,448,8,5992,5794,50,-1,hideit_base_patch16_224.fb_in1k,82.3438,,,1.6956,82.34380393510529,100.0,,,0.0,60.4925,0.4238,67.1518,86.8331,86.8331,
hgpn19,40,cub_pl,hideit_base_patch16_224.fb_in1k,False,,,,sgd,0.0,0.1,,0,200,448,8,5992,5794,70,-1,hideit_base_patch16_224.fb_in1k,82.5854,,,1.6823,82.58543320676561,100.0,,,0.0,59.1002,0.4258,67.1518,86.8572,86.8572,
hgpn42,40,cub_pl,hiresnet50.a1_in1k,False,,,,adamw,0.05,5e-06,,0,200,448,8,5992,5794,25,-1,hiresnet50.a1_in1k,85.1916,,,0.7169,85.19157749395927,99.9666,,,0.0064,51.1304,4.2578,16.3943,24.8289,24.8289,
hgpn42,40,cub_pl,hiresnet50.a1_in1k,False,,,,adamw,0.05,5e-06,,0,200,448,8,5992,5794,50,-1,hiresnet50.a1_in1k,85.1571,,,0.7394,85.15705902657922,100.0,,,0.0051,52.5817,4.2578,16.3944,24.8589,24.8589,
hgpn42,40,cub_pl,hiresnet50.a1_in1k,False,,,,adamw,0.05,5e-06,,0,200,448,8,5992,5794,70,-1,hiresnet50.a1_in1k,84.8119,,,0.7308,84.81187435277873,99.9666,,,0.0035,53.1341,4.2598,16.3944,24.883,24.883,
hgpn42,40,cub_pl,hiresnet50.a1_in1k,False,,,,adamw,0.05,1e-05,,0,200,448,8,5992,5794,25,-1,hiresnet50.a1_in1k,85.1398,,,0.7666,85.13979979288919,99.9833,,,0.0028,50.3943,4.2578,16.3943,24.8289,24.8289,
hgpn42,40,cub_pl,hiresnet50.a1_in1k,False,,,,adamw,0.05,1e-05,,0,200,448,8,5992,5794,50,-1,hiresnet50.a1_in1k,84.9672,,,0.805,84.96720745598896,100.0,,,0.0021,51.4893,4.2578,16.3944,24.8589,24.8589,
hgpn42,40,cub_pl,hiresnet50.a1_in1k,False,,,,adamw,0.05,1e-05,,0,200,448,8,5992,5794,70,-1,hiresnet50.a1_in1k,84.7428,,,0.7852,84.74283741801864,99.9666,,,0.0018,52.8998,4.2598,16.3944,24.883,24.883,
hgpn42,40,cub_pl,hiresnet50.a1_in1k,False,,,,adamw,0.05,5e-05,,0,200,448,8,5992,5794,25,-1,hiresnet50.a1_in1k,85.1053,,,0.9133,85.10528132550915,99.9833,,,0.0023,51.0468,4.2539,16.3943,24.8289,24.8289,
hgpn42,40,cub_pl,hiresnet50.a1_in1k,False,,,,adamw,0.05,5e-05,,0,200,448,8,5992,5794,50,-1,hiresnet50.a1_in1k,82.62,,,1.2312,82.61995167414567,100.0,,,0.0004,51.0282,4.2578,16.3944,24.8589,24.8589,
hgpn42,40,cub_pl,hiresnet50.a1_in1k,False,,,,adamw,0.05,5e-05,,0,200,448,8,5992,5794,70,-1,hiresnet50.a1_in1k,84.9845,,,0.9427,84.98446668967898,100.0,,,0.0001,53.0549,4.2598,16.3944,24.883,24.883,
hgpn42,40,cub_pl,hiresnet50.a1_in1k,False,,,,adamw,0.05,0.0001,,0,200,448,8,5992,5794,25,-1,hiresnet50.a1_in1k,85.4159,,,0.9907,85.41594753192959,100.0,,,0.001,50.6932,4.2578,16.3943,24.8289,24.8289,
hgpn42,40,cub_pl,hiresnet50.a1_in1k,False,,,,adamw,0.05,0.0001,,0,200,448,8,5992,5794,50,-1,hiresnet50.a1_in1k,84.7601,,,1.0192,84.76009665170866,100.0,,,0.0001,50.9777,4.2578,16.3944,24.8589,24.8589,
hgpn42,40,cub_pl,hiresnet50.a1_in1k,False,,,,adamw,0.05,0.0001,,0,200,448,8,5992,5794,70,-1,hiresnet50.a1_in1k,84.6911,,,1.0359,84.69105971694857,100.0,,,0.0002,52.598,4.2598,16.3944,24.883,24.883,
hgpn42,40,cub_pl,hiresnet50.a1_in1k,False,,,,adamw,0.05,0.0005,,0,200,448,8,5992,5794,25,-1,hiresnet50.a1_in1k,80.756,,,1.857,80.75595443562305,100.0,,,0.0002,51.4874,4.2578,16.3943,24.8289,24.8289,
hgpn42,40,cub_pl,hiresnet50.a1_in1k,False,,,,adamw,0.05,0.0005,,0,200,448,8,5992,5794,50,-1,hiresnet50.a1_in1k,78.0463,,,6.2465,78.04625474628926,100.0,,,0.0,50.4514,4.2578,16.3944,24.8589,24.8589,
hgpn42,40,cub_pl,hiresnet50.a1_in1k,False,,,,adamw,0.05,0.0005,,0,200,448,8,5992,5794,70,-1,hiresnet50.a1_in1k,79.5305,,,14.566,79.53054884363134,99.9833,,,0.0003,52.201,4.2598,16.3944,24.883,24.883,
hgpn42,40,cub_pl,hiresnet50.a1_in1k,False,,,,adamw,0.05,0.001,,0,200,448,8,5992,5794,25,-1,hiresnet50.a1_in1k,79.8412,,,1.3714,79.84121505005177,100.0,,,0.0003,51.8596,4.2578,16.3943,24.8289,24.8289,
hgpn42,40,cub_pl,hiresnet50.a1_in1k,False,,,,adamw,0.05,0.001,,0,200,448,8,5992,5794,50,-1,hiresnet50.a1_in1k,79.1854,,,1.4111,79.18536416983086,99.9833,,,0.0004,50.3227,4.2578,16.3944,24.8589,24.8589,
hgpn42,40,cub_pl,hiresnet50.a1_in1k,False,,,,adamw,0.05,0.001,,0,200,448,8,5992,5794,70,-1,hiresnet50.a1_in1k,79.5823,,,1.3968,79.58232654470142,100.0,,,0.0002,52.7211,4.2598,16.3944,24.883,24.883,
hgpn42,40,cub_pl,hiresnet50.a1_in1k,False,,,,sgd,0.0,0.003,,0,200,448,8,5992,5794,25,-1,hiresnet50.a1_in1k,82.8788,,,0.7083,82.87884017949602,99.9666,,,0.0489,48.8515,4.2578,16.3943,24.8289,24.8289,
hgpn42,40,cub_pl,hiresnet50.a1_in1k,False,,,,sgd,0.0,0.003,,0,200,448,8,5992,5794,50,-1,hiresnet50.a1_in1k,82.2402,,,0.7371,82.24024853296514,100.0,,,0.0327,47.2879,4.2578,16.3944,24.8589,24.8589,
hgpn42,40,cub_pl,hiresnet50.a1_in1k,False,,,,sgd,0.0,0.003,,0,200,448,8,5992,5794,70,-1,hiresnet50.a1_in1k,82.5509,,,0.733,82.55091473938558,99.9833,,,0.0198,50.4641,4.2598,16.3944,24.883,24.883,
hgpn42,40,cub_pl,hiresnet50.a1_in1k,False,,,,sgd,0.0,0.01,,0,200,448,8,5992,5794,25,-1,hiresnet50.a1_in1k,84.1733,,,0.804,84.17328270624785,100.0,,,0.0062,48.6086,4.2578,16.3943,24.8289,24.8289,
hgpn42,40,cub_pl,hiresnet50.a1_in1k,False,,,,sgd,0.0,0.01,,0,200,448,8,5992,5794,50,-1,hiresnet50.a1_in1k,83.2585,,,0.8258,83.25854332067657,100.0,,,0.0036,47.2025,4.2578,16.3944,24.8589,24.8589,
hgpn42,40,cub_pl,hiresnet50.a1_in1k,False,,,,sgd,0.0,0.01,,0,200,448,8,5992,5794,70,-1,hiresnet50.a1_in1k,83.6728,,,0.8234,83.67276492923715,100.0,,,0.0026,50.4233,4.2598,16.3944,24.883,24.883,
hgpn42,40,cub_pl,hiresnet50.a1_in1k,False,,,,sgd,0.0,0.03,,0,200,448,8,5992,5794,25,-1,hiresnet50.a1_in1k,83.9834,,,0.9792,83.98343113565758,99.9833,,,0.0055,48.7414,4.2578,16.3943,24.8289,24.8289,
hgpn42,40,cub_pl,hiresnet50.a1_in1k,False,,,,sgd,0.0,0.03,,0,200,448,8,5992,5794,50,-1,hiresnet50.a1_in1k,83.8281,,,0.9865,83.82809803244736,100.0,,,0.0008,47.1272,4.2578,16.3944,24.8589,24.8589,
hgpn42,40,cub_pl,hiresnet50.a1_in1k,False,,,,sgd,0.0,0.03,,0,200,448,8,5992,5794,70,-1,hiresnet50.a1_in1k,83.7418,,,1.0151,83.74180186399724,100.0,,,0.0008,47.7559,4.2598,16.3944,24.883,24.883,
hgpn42,40,cub_pl,hiresnet50.a1_in1k,False,,,,sgd,0.0,0.1,,0,200,448,8,5992,5794,25,-1,hiresnet50.a1_in1k,82.2748,,,1.5353,82.27476700034518,100.0,,,0.0036,48.3816,4.2578,16.3943,24.8289,24.8289,
hgpn42,40,cub_pl,hiresnet50.a1_in1k,False,,,,sgd,0.0,0.1,,0,200,448,8,5992,5794,50,-1,hiresnet50.a1_in1k,82.1885,,,1.6294,82.18847083189506,100.0,,,0.0012,48.4858,4.2578,16.3944,24.8589,24.8589,
hgpn42,40,cub_pl,hiresnet50.a1_in1k,False,,,,sgd,0.0,0.1,,0,200,448,8,5992,5794,70,-1,hiresnet50.a1_in1k,82.7408,,,1.5413,82.74076630997584,99.9833,,,0.0011,49.6842,4.2598,16.3944,24.883,24.883,
fae-G493-ZB3-AAP1-000,40,cub_pl,hiresnet50.fb_ssl_yfcc100m_ft_in1k,False,,,,adamw,0.05,5e-06,,0,200,448,8,5992,5794,25,-1,hiresnet50.fb_ssl_yfcc100m_ft_in1k,82.2057,,,1.4264,82.20573006558509,99.7997,,,0.0146,108.3218,0.166,16.3943,24.8289,24.8289,
fae-G493-ZB3-AAP1-000,40,cub_pl,hiresnet50.fb_ssl_yfcc100m_ft_in1k,False,,,,adamw,0.05,5e-06,,0,200,448,8,5992,5794,50,-1,hiresnet50.fb_ssl_yfcc100m_ft_in1k,82.223,,,1.4992,82.22298929927511,99.8498,,,0.0095,108.5622,0.166,16.3944,24.8589,24.8589,
fae-G493-ZB3-AAP1-000,40,cub_pl,hiresnet50.fb_ssl_yfcc100m_ft_in1k,False,,,,adamw,0.05,5e-06,,0,200,448,8,5992,5794,70,-1,hiresnet50.fb_ssl_yfcc100m_ft_in1k,82.1194,,,1.5426,82.11943389713497,99.8498,,,0.0112,108.77,0.166,16.3944,24.883,24.883,
fae-G493-ZB3-AAP1-000,40,cub_pl,hiresnet50.fb_ssl_yfcc100m_ft_in1k,False,,,,adamw,0.05,1e-05,,0,200,448,8,5992,5794,25,-1,hiresnet50.fb_ssl_yfcc100m_ft_in1k,82.6372,,,1.4927,82.6372109078357,99.8999,,,0.0082,107.902,0.166,16.3943,24.8289,24.8289,
fae-G493-ZB3-AAP1-000,40,cub_pl,hiresnet50.fb_ssl_yfcc100m_ft_in1k,False,,,,adamw,0.05,1e-05,,0,200,448,8,5992,5794,50,-1,hiresnet50.fb_ssl_yfcc100m_ft_in1k,82.1712,,,1.5429,82.17121159820503,99.8498,,,0.0156,108.4115,0.166,16.3944,24.8589,24.8589,
fae-G493-ZB3-AAP1-000,40,cub_pl,hiresnet50.fb_ssl_yfcc100m_ft_in1k,False,,,,adamw,0.05,1e-05,,0,200,448,8,5992,5794,70,-1,hiresnet50.fb_ssl_yfcc100m_ft_in1k,82.3438,,,1.5323,82.34380393510529,99.9666,,,0.0038,110.9287,0.166,16.3944,24.883,24.883,
hgpn40,40,cub_pl,hiresnet50.fb_ssl_yfcc100m_ft_in1k,False,,,,adamw,0.05,1e-05,,0,200,448,8,5992,5794,25,-1,hiresnet50.fb_ssl_yfcc100m_ft_in1k,,,,,,,,,,,,,,,
fae-G493-ZB3-AAP1-000,40,cub_pl,hiresnet50.fb_ssl_yfcc100m_ft_in1k,False,,,,adamw,0.05,5e-05,,0,200,448,8,5992,5794,25,-1,hiresnet50.fb_ssl_yfcc100m_ft_in1k,83.9317,,,1.298,83.9316534345875,99.9833,,,0.0017,110.8848,0.166,16.3943,24.8289,24.8289,
fae-G493-ZB3-AAP1-000,40,cub_pl,hiresnet50.fb_ssl_yfcc100m_ft_in1k,False,,,,adamw,0.05,5e-05,,0,200,448,8,5992,5794,50,-1,hiresnet50.fb_ssl_yfcc100m_ft_in1k,83.2758,,,1.3288,83.27580255436659,100.0,,,0.0015,109.7519,0.166,16.3944,24.8589,24.8589,
fae-G493-ZB3-AAP1-000,40,cub_pl,hiresnet50.fb_ssl_yfcc100m_ft_in1k,False,,,,adamw,0.05,5e-05,,0,200,448,8,5992,5794,70,-1,hiresnet50.fb_ssl_yfcc100m_ft_in1k,83.6037,,,1.3392,83.60372799447704,99.9833,,,0.0006,109.4622,0.166,16.3944,24.883,24.883,
hgpn40,40,cub_pl,hiresnet50.fb_ssl_yfcc100m_ft_in1k,False,,,,adamw,0.05,5e-05,,0,200,448,8,5992,5794,25,-1,hiresnet50.fb_ssl_yfcc100m_ft_in1k,83.3794,,,1.3393,83.37935795650674,99.9833,,,0.0004,49.8013,4.2578,16.3943,24.8289,24.8289,
fae-G493-ZB3-AAP1-000,40,cub_pl,hiresnet50.fb_ssl_yfcc100m_ft_in1k,False,,,,adamw,0.05,0.0001,,0,200,448,8,5992,5794,50,-1,hiresnet50.fb_ssl_yfcc100m_ft_in1k,83.6555,,,1.1718,83.65550569554712,100.0,,,0.0001,108.5425,0.166,16.3944,24.8589,24.8589,
fae-G493-ZB3-AAP1-000,40,cub_pl,hiresnet50.fb_ssl_yfcc100m_ft_in1k,False,,,,adamw,0.05,0.0001,,0,200,448,8,5992,5794,70,-1,hiresnet50.fb_ssl_yfcc100m_ft_in1k,83.8799,,,1.16,83.87987573351744,100.0,,,0.0,109.4011,0.166,16.3944,24.883,24.883,
hgpn40,40,cub_pl,hiresnet50.fb_ssl_yfcc100m_ft_in1k,False,,,,adamw,0.05,0.0001,,0,200,448,8,5992,5794,25,-1,hiresnet50.fb_ssl_yfcc100m_ft_in1k,83.6382,,,1.1649,83.6382464618571,100.0,,,0.0001,49.5734,4.2578,16.3943,24.8289,24.8289,
fae-G493-ZB3-AAP1-000,40,cub_pl,hiresnet50.fb_ssl_yfcc100m_ft_in1k,False,,,,adamw,0.05,0.0005,,0,200,448,8,5992,5794,50,-1,hiresnet50.fb_ssl_yfcc100m_ft_in1k,80.1001,,,1.3397,80.10010355540214,100.0,,,0.0007,110.889,0.166,16.3944,24.8589,24.8589,
fae-G493-ZB3-AAP1-000,40,cub_pl,hiresnet50.fb_ssl_yfcc100m_ft_in1k,False,,,,adamw,0.05,0.0005,,0,200,448,8,5992,5794,70,-1,hiresnet50.fb_ssl_yfcc100m_ft_in1k,79.8412,,,1.3529,79.84121505005177,100.0,,,0.0002,105.4289,0.166,16.3944,24.883,24.883,
hgpn40,40,cub_pl,hiresnet50.fb_ssl_yfcc100m_ft_in1k,False,,,,adamw,0.05,0.0005,,0,200,448,8,5992,5794,25,-1,hiresnet50.fb_ssl_yfcc100m_ft_in1k,80.2382,,,1.3267,80.23817742492233,100.0,,,0.0003,49.7475,4.2578,16.3943,24.8289,24.8289,
fae-G493-ZB3-AAP1-000,40,cub_pl,hiresnet50.fb_ssl_yfcc100m_ft_in1k,False,,,,adamw,0.05,0.001,,0,200,448,8,5992,5794,50,-1,hiresnet50.fb_ssl_yfcc100m_ft_in1k,64.6358,,,2.192,64.63583016914049,100.0,,,0.0012,108.9825,0.166,16.3944,24.8589,24.8589,
fae-G493-ZB3-AAP1-000,40,cub_pl,hiresnet50.fb_ssl_yfcc100m_ft_in1k,False,,,,adamw,0.05,0.001,,0,200,448,8,5992,5794,70,-1,hiresnet50.fb_ssl_yfcc100m_ft_in1k,67.1557,,,2.0585,67.15567828788402,100.0,,,0.0009,110.7509,0.166,16.3944,24.883,24.883,
hgpn40,40,cub_pl,hiresnet50.fb_ssl_yfcc100m_ft_in1k,False,,,,adamw,0.05,0.001,,0,200,448,8,5992,5794,25,-1,hiresnet50.fb_ssl_yfcc100m_ft_in1k,70.8837,,,1.8092,70.88367276492924,100.0,,,0.0017,49.5048,4.2578,16.3943,24.8289,24.8289,
fae-G493-ZB3-AAP1-000,40,cub_pl,hiresnet50.fb_ssl_yfcc100m_ft_in1k,False,,,,sgd,0.0,0.003,,0,200,448,8,5992,5794,50,-1,hiresnet50.fb_ssl_yfcc100m_ft_in1k,84.7428,,,0.8526,84.74283741801864,100.0,,,0.0016,103.3003,0.166,16.3944,24.8589,24.8589,
fae-G493-ZB3-AAP1-000,40,cub_pl,hiresnet50.fb_ssl_yfcc100m_ft_in1k,False,,,,sgd,0.0,0.003,,0,200,448,8,5992,5794,70,-1,hiresnet50.fb_ssl_yfcc100m_ft_in1k,84.0179,,,0.9238,84.01794960303762,100.0,,,0.0008,103.0747,0.166,16.3944,24.883,24.883,
hgpn40,40,cub_pl,hiresnet50.fb_ssl_yfcc100m_ft_in1k,False,,,,sgd,0.0,0.003,,0,200,448,8,5992,5794,25,-1,hiresnet50.fb_ssl_yfcc100m_ft_in1k,84.9154,,,0.8801,84.91542975491888,100.0,,,0.0008,47.1553,4.2578,16.3943,24.8289,24.8289,
fae-G493-ZB3-AAP1-000,40,cub_pl,hiresnet50.fb_ssl_yfcc100m_ft_in1k,False,,,,sgd,0.0,0.01,,0,200,448,8,5992,5794,50,-1,hiresnet50.fb_ssl_yfcc100m_ft_in1k,85.6576,,,0.9067,85.65757680358992,100.0,,,0.0002,102.6532,0.166,16.3944,24.8589,24.8589,
fae-G493-ZB3-AAP1-000,40,cub_pl,hiresnet50.fb_ssl_yfcc100m_ft_in1k,False,,,,sgd,0.0,0.01,,0,200,448,8,5992,5794,70,-1,hiresnet50.fb_ssl_yfcc100m_ft_in1k,85.4505,,,0.934,85.45046599930963,100.0,,,0.0001,104.9929,0.166,16.3944,24.883,24.883,
hgpn40,40,cub_pl,hiresnet50.fb_ssl_yfcc100m_ft_in1k,False,,,,sgd,0.0,0.01,,0,200,448,8,5992,5794,25,-1,hiresnet50.fb_ssl_yfcc100m_ft_in1k,85.6403,,,0.8966,85.64031756989989,100.0,,,0.0001,47.4874,4.2578,16.3943,24.8289,24.8289,
fae-G493-ZB3-AAP1-000,40,cub_pl,hiresnet50.fb_ssl_yfcc100m_ft_in1k,False,,,,sgd,0.0,0.03,,0,200,448,8,5992,5794,50,-1,hiresnet50.fb_ssl_yfcc100m_ft_in1k,85.9165,,,0.8867,85.91646530894029,100.0,,,0.0009,101.7337,0.166,16.3944,24.8589,24.8589,
fae-G493-ZB3-AAP1-000,40,cub_pl,hiresnet50.fb_ssl_yfcc100m_ft_in1k,False,,,,sgd,0.0,0.03,,0,200,448,8,5992,5794,70,-1,hiresnet50.fb_ssl_yfcc100m_ft_in1k,85.951,,,0.8786,85.95098377632033,100.0,,,0.0,102.5585,0.166,16.3944,24.883,24.883,
hgpn40,40,cub_pl,hiresnet50.fb_ssl_yfcc100m_ft_in1k,False,,,,sgd,0.0,0.03,,0,200,448,8,5992,5794,25,-1,hiresnet50.fb_ssl_yfcc100m_ft_in1k,85.2434,,,0.9535,85.24335519502934,100.0,,,0.0001,47.3568,4.2578,16.3943,24.8289,24.8289,
fae-G493-ZB3-AAP1-000,40,cub_pl,hiresnet50.fb_ssl_yfcc100m_ft_in1k,False,,,,sgd,0.0,0.1,,0,200,448,8,5992,5794,50,-1,hiresnet50.fb_ssl_yfcc100m_ft_in1k,80.29,,,1.8056,80.2899551259924,99.9833,,,0.0014,101.7099,0.166,16.3944,24.8589,24.8589,
fae-G493-ZB3-AAP1-000,40,cub_pl,hiresnet50.fb_ssl_yfcc100m_ft_in1k,False,,,,sgd,0.0,0.1,,0,200,448,8,5992,5794,70,-1,hiresnet50.fb_ssl_yfcc100m_ft_in1k,79.7031,,,1.9022,79.70314118053159,100.0,,,0.0024,102.4863,0.166,16.3944,24.883,24.883,
hgpn40,40,cub_pl,hiresnet50.fb_ssl_yfcc100m_ft_in1k,False,,,,sgd,0.0,0.1,,0,200,448,8,5992,5794,25,-1,hiresnet50.fb_ssl_yfcc100m_ft_in1k,79.6859,,,1.8434,79.68588194684156,99.9833,,,0.0015,46.2293,4.2578,16.3943,24.8289,24.8289,
hgpn17,40,cub_pl,hiresnet50.fb_swsl_ig1b_ft_in1k,False,,,,adamw,0.05,5e-06,,0,200,448,8,5992,5794,25,-1,hiresnet50.fb_swsl_ig1b_ft_in1k,82.7235,,,1.5329,82.72350707628581,99.9166,,,0.0108,52.9415,4.2578,16.3943,24.8289,24.8289,
hgpn17,40,cub_pl,hiresnet50.fb_swsl_ig1b_ft_in1k,False,,,,adamw,0.05,5e-06,,0,200,448,8,5992,5794,50,-1,hiresnet50.fb_swsl_ig1b_ft_in1k,81.4636,,,1.6882,81.46358301691404,99.9166,,,0.0064,54.3149,4.2578,16.3944,24.8589,24.8589,
hgpn17,40,cub_pl,hiresnet50.fb_swsl_ig1b_ft_in1k,False,,,,adamw,0.05,5e-06,,0,200,448,8,5992,5794,70,-1,hiresnet50.fb_swsl_ig1b_ft_in1k,81.9986,,,1.5955,81.9986192613048,99.7497,,,0.0268,54.6898,4.2598,16.3944,24.883,24.883,
hgpn17,40,cub_pl,hiresnet50.fb_swsl_ig1b_ft_in1k,False,,,,adamw,0.05,1e-05,,0,200,448,8,5992,5794,25,-1,hiresnet50.fb_swsl_ig1b_ft_in1k,82.6545,,,1.4695,82.65447014152572,99.9166,,,0.0077,51.4701,4.2578,16.3943,24.8289,24.8289,
hgpn17,40,cub_pl,hiresnet50.fb_swsl_ig1b_ft_in1k,False,,,,adamw,0.05,1e-05,,0,200,448,8,5992,5794,50,-1,hiresnet50.fb_swsl_ig1b_ft_in1k,82.1194,,,1.6231,82.11943389713497,99.8999,,,0.0063,54.0407,4.2578,16.3944,24.8589,24.8589,
hgpn17,40,cub_pl,hiresnet50.fb_swsl_ig1b_ft_in1k,False,,,,adamw,0.05,1e-05,,0,200,448,8,5992,5794,70,-1,hiresnet50.fb_swsl_ig1b_ft_in1k,81.8605,,,1.6291,81.8605453917846,99.8665,,,0.0186,55.6634,4.2598,16.3944,24.883,24.883,
hgpn17,40,cub_pl,hiresnet50.fb_swsl_ig1b_ft_in1k,False,,,,adamw,0.05,5e-05,,0,200,448,8,5992,5794,25,-1,hiresnet50.fb_swsl_ig1b_ft_in1k,84.087,,,1.2598,84.08698653779773,100.0,,,0.0001,52.0924,4.2578,16.3943,24.8289,24.8289,
hgpn17,40,cub_pl,hiresnet50.fb_swsl_ig1b_ft_in1k,False,,,,adamw,0.05,5e-05,,0,200,448,8,5992,5794,50,-1,hiresnet50.fb_swsl_ig1b_ft_in1k,83.6382,,,1.3652,83.6382464618571,100.0,,,0.0004,55.8558,4.2578,16.3944,24.8589,24.8589,
hgpn17,40,cub_pl,hiresnet50.fb_swsl_ig1b_ft_in1k,False,,,,adamw,0.05,5e-05,,0,200,448,8,5992,5794,70,-1,hiresnet50.fb_swsl_ig1b_ft_in1k,82.8961,,,1.3955,82.89609941318605,99.9833,,,0.0008,54.9607,4.2598,16.3944,24.883,24.883,
hgpn17,40,cub_pl,hiresnet50.fb_swsl_ig1b_ft_in1k,False,,,,adamw,0.05,0.0001,,0,200,448,8,5992,5794,25,-1,hiresnet50.fb_swsl_ig1b_ft_in1k,83.9317,,,1.1437,83.9316534345875,99.9833,,,0.0006,53.6275,4.2578,16.3943,24.8289,24.8289,
hgpn17,40,cub_pl,hiresnet50.fb_swsl_ig1b_ft_in1k,False,,,,adamw,0.05,0.0001,,0,200,448,8,5992,5794,50,-1,hiresnet50.fb_swsl_ig1b_ft_in1k,83.1377,,,1.1444,83.1377286848464,100.0,,,0.0002,54.8753,4.2578,16.3944,24.8589,24.8589,
hgpn17,40,cub_pl,hiresnet50.fb_swsl_ig1b_ft_in1k,False,,,,adamw,0.05,0.0001,,0,200,448,8,5992,5794,70,-1,hiresnet50.fb_swsl_ig1b_ft_in1k,83.2931,,,1.2409,83.2930617880566,100.0,,,0.0001,54.2387,4.2598,16.3944,24.883,24.883,
hgpn17,40,cub_pl,hiresnet50.fb_swsl_ig1b_ft_in1k,False,,,,adamw,0.05,0.0005,,0,200,448,8,5992,5794,25,-1,hiresnet50.fb_swsl_ig1b_ft_in1k,,,,,,,,,,,,,,,
hgpn17,40,cub_pl,hiresnet50.fb_swsl_ig1b_ft_in1k,False,,,,adamw,0.05,0.0005,,0,200,448,8,5992,5794,50,-1,hiresnet50.fb_swsl_ig1b_ft_in1k,78.961,,,1.395,78.96099413186055,100.0,,,0.0009,54.7001,4.2578,16.3944,24.8589,24.8589,
hgpn17,40,cub_pl,hiresnet50.fb_swsl_ig1b_ft_in1k,False,,,,adamw,0.05,0.0005,,0,200,448,8,5992,5794,70,-1,hiresnet50.fb_swsl_ig1b_ft_in1k,78.7884,,,1.4168,78.78840179496031,100.0,,,0.0001,54.6359,4.2598,16.3944,24.883,24.883,
hgpn17,40,cub_pl,hiresnet50.fb_swsl_ig1b_ft_in1k,False,,,,adamw,0.05,0.001,,0,200,448,8,5992,5794,25,-1,hiresnet50.fb_swsl_ig1b_ft_in1k,65.8095,,,2.1772,65.80945806006213,100.0,,,0.0012,52.0763,4.2578,16.3943,24.8289,24.8289,
hgpn17,40,cub_pl,hiresnet50.fb_swsl_ig1b_ft_in1k,False,,,,adamw,0.05,0.001,,0,200,448,8,5992,5794,50,-1,hiresnet50.fb_swsl_ig1b_ft_in1k,69.0887,,,1.9526,69.08871246116672,100.0,,,0.0005,55.4426,4.2578,16.3944,24.8589,24.8589,
hgpn17,40,cub_pl,hiresnet50.fb_swsl_ig1b_ft_in1k,False,,,,adamw,0.05,0.001,,0,200,448,8,5992,5794,70,-1,hiresnet50.fb_swsl_ig1b_ft_in1k,63.8074,,,2.3209,63.80738695201933,100.0,,,0.0008,55.6527,4.2598,16.3944,24.883,24.883,
hgpn17,40,cub_pl,hiresnet50.fb_swsl_ig1b_ft_in1k,False,,,,sgd,0.0,0.003,,0,200,448,8,5992,5794,25,-1,hiresnet50.fb_swsl_ig1b_ft_in1k,85.0362,,,0.862,85.03624439074905,100.0,,,0.0009,50.7492,4.2578,16.3943,24.8289,24.8289,
hgpn17,40,cub_pl,hiresnet50.fb_swsl_ig1b_ft_in1k,False,,,,sgd,0.0,0.003,,0,200,448,8,5992,5794,50,-1,hiresnet50.fb_swsl_ig1b_ft_in1k,84.553,,,0.9473,84.55298584742837,100.0,,,0.0007,53.2277,4.2578,16.3944,24.8589,24.8589,
hgpn17,40,cub_pl,hiresnet50.fb_swsl_ig1b_ft_in1k,False,,,,sgd,0.0,0.003,,0,200,448,8,5992,5794,70,-1,hiresnet50.fb_swsl_ig1b_ft_in1k,84.0352,,,0.9496,84.03520883672765,100.0,,,0.0008,51.8127,4.2598,16.3944,24.883,24.883,
hgpn17,40,cub_pl,hiresnet50.fb_swsl_ig1b_ft_in1k,False,,,,sgd,0.0,0.01,,0,200,448,8,5992,5794,25,-1,hiresnet50.fb_swsl_ig1b_ft_in1k,85.3814,,,0.9292,85.38142906454954,100.0,,,0.0001,51.4013,4.2578,16.3943,24.8289,24.8289,
hgpn17,40,cub_pl,hiresnet50.fb_swsl_ig1b_ft_in1k,False,,,,sgd,0.0,0.01,,0,200,448,8,5992,5794,50,-1,hiresnet50.fb_swsl_ig1b_ft_in1k,85.3642,,,0.9588,85.36416983085951,100.0,,,0.0001,52.0111,4.2578,16.3944,24.8589,24.8589,
hgpn17,40,cub_pl,hiresnet50.fb_swsl_ig1b_ft_in1k,False,,,,sgd,0.0,0.01,,0,200,448,8,5992,5794,70,-1,hiresnet50.fb_swsl_ig1b_ft_in1k,85.1571,,,0.9463,85.15705902657922,100.0,,,0.0001,51.08,4.2598,16.3944,24.883,24.883,
hgpn17,40,cub_pl,hiresnet50.fb_swsl_ig1b_ft_in1k,False,,,,sgd,0.0,0.03,,0,200,448,8,5992,5794,25,-1,hiresnet50.fb_swsl_ig1b_ft_in1k,85.4505,,,0.9237,85.45046599930963,100.0,,,0.0,49.771,4.2578,16.3943,24.8289,24.8289,
hgpn17,40,cub_pl,hiresnet50.fb_swsl_ig1b_ft_in1k,False,,,,sgd,0.0,0.03,,0,200,448,8,5992,5794,50,-1,hiresnet50.fb_swsl_ig1b_ft_in1k,85.5195,,,0.9155,85.51950293406972,100.0,,,0.0,50.4433,4.2578,16.3944,24.8589,24.8589,
hgpn17,40,cub_pl,hiresnet50.fb_swsl_ig1b_ft_in1k,False,,,,sgd,0.0,0.03,,0,200,448,8,5992,5794,70,-1,hiresnet50.fb_swsl_ig1b_ft_in1k,85.6748,,,0.9279,85.67483603727995,100.0,,,0.0,52.2532,4.2598,16.3944,24.883,24.883,
hgpn17,40,cub_pl,hiresnet50.fb_swsl_ig1b_ft_in1k,False,,,,sgd,0.0,0.1,,0,200,448,8,5992,5794,25,-1,hiresnet50.fb_swsl_ig1b_ft_in1k,78.3397,,,1.9539,78.33966171901967,99.9833,,,0.003,49.2367,4.2578,16.3943,24.8289,24.8289,
hgpn17,40,cub_pl,hiresnet50.fb_swsl_ig1b_ft_in1k,False,,,,sgd,0.0,0.1,,0,200,448,8,5992,5794,50,-1,hiresnet50.fb_swsl_ig1b_ft_in1k,78.1153,,,2.0471,78.11529168104936,100.0,,,0.001,50.7121,4.2578,16.3944,24.8589,24.8589,
hgpn17,40,cub_pl,hiresnet50.fb_swsl_ig1b_ft_in1k,False,,,,sgd,0.0,0.1,,0,200,448,8,5992,5794,70,-1,hiresnet50.fb_swsl_ig1b_ft_in1k,77.8046,,,2.0107,77.80462547462892,99.9833,,,0.0018,52.5627,4.2598,16.3944,24.883,24.883,
hgpn02,40,cub_pl,hiresnet50.gluon_in1k,False,,,,adamw,0.05,5e-06,,0,200,448,8,5992,5794,25,-1,hiresnet50.gluon_in1k,81.3773,,,1.5786,81.37728684846392,99.8498,,,0.0131,51.3294,4.2578,16.3943,24.8289,24.8289,
hgpn02,40,cub_pl,hiresnet50.gluon_in1k,False,,,,adamw,0.05,5e-06,,0,200,448,8,5992,5794,50,-1,hiresnet50.gluon_in1k,79.9103,,,1.7176,79.91025198481188,99.8999,,,0.0106,51.9041,4.2578,16.3944,24.8589,24.8589,
hgpn02,40,cub_pl,hiresnet50.gluon_in1k,False,,,,adamw,0.05,5e-06,,0,200,448,8,5992,5794,70,-1,hiresnet50.gluon_in1k,81.8951,,,1.567,81.89506385916465,99.9499,,,0.0043,52.4752,4.2598,16.3944,24.883,24.883,
hgpn02,40,cub_pl,hiresnet50.gluon_in1k,False,,,,adamw,0.05,1e-05,,0,200,448,8,5992,5794,25,-1,hiresnet50.gluon_in1k,81.3773,,,1.6048,81.37728684846392,99.9499,,,0.0109,51.5062,4.2578,16.3943,24.8289,24.8289,
hgpn02,40,cub_pl,hiresnet50.gluon_in1k,False,,,,adamw,0.05,1e-05,,0,200,448,8,5992,5794,50,-1,hiresnet50.gluon_in1k,81.5671,,,1.6287,81.56713841905419,99.8832,,,0.0119,51.8626,4.2578,16.3944,24.8589,24.8589,
hgpn02,40,cub_pl,hiresnet50.gluon_in1k,False,,,,adamw,0.05,1e-05,,0,200,448,8,5992,5794,70,-1,hiresnet50.gluon_in1k,81.1529,,,1.6829,81.15291681049361,99.8999,,,0.0081,52.0614,4.2598,16.3944,24.883,24.883,
hgpn02,40,cub_pl,hiresnet50.gluon_in1k,False,,,,adamw,0.05,5e-05,,0,200,448,8,5992,5794,25,-1,hiresnet50.gluon_in1k,81.9296,,,1.5809,81.9295823265447,99.9666,,,0.0055,50.9371,4.2578,16.3943,24.8289,24.8289,
hgpn02,40,cub_pl,hiresnet50.gluon_in1k,False,,,,adamw,0.05,5e-05,,0,200,448,8,5992,5794,50,-1,hiresnet50.gluon_in1k,82.1712,,,1.508,82.17121159820503,100.0,,,0.0012,52.1745,4.2578,16.3944,24.8589,24.8589,
hgpn02,40,cub_pl,hiresnet50.gluon_in1k,False,,,,adamw,0.05,5e-05,,0,200,448,8,5992,5794,70,-1,hiresnet50.gluon_in1k,82.0331,,,1.5713,82.03313772868485,99.9666,,,0.0038,52.3167,4.2598,16.3944,24.883,24.883,
hgpn02,40,cub_pl,hiresnet50.gluon_in1k,False,,,,adamw,0.05,0.0001,,0,200,448,8,5992,5794,25,-1,hiresnet50.gluon_in1k,82.9134,,,1.3452,82.91335864687608,100.0,,,0.0007,50.9033,4.2578,16.3943,24.8289,24.8289,
hgpn02,40,cub_pl,hiresnet50.gluon_in1k,False,,,,adamw,0.05,0.0001,,0,200,448,8,5992,5794,50,-1,hiresnet50.gluon_in1k,82.62,,,1.3836,82.61995167414567,100.0,,,0.0002,51.868,4.2578,16.3944,24.8589,24.8589,
hgpn02,40,cub_pl,hiresnet50.gluon_in1k,False,,,,adamw,0.05,0.0001,,0,200,448,8,5992,5794,70,-1,hiresnet50.gluon_in1k,83.5347,,,1.2956,83.53469105971695,100.0,,,0.0,52.3419,4.2598,16.3944,24.883,24.883,
hgpn02,40,cub_pl,hiresnet50.gluon_in1k,False,,,,adamw,0.05,0.0005,,0,200,448,8,5992,5794,25,-1,hiresnet50.gluon_in1k,81.0494,,,1.3098,81.04936140835346,100.0,,,0.0004,50.2914,4.2578,16.3943,24.8289,24.8289,
hgpn02,40,cub_pl,hiresnet50.gluon_in1k,False,,,,adamw,0.05,0.0005,,0,200,448,8,5992,5794,50,-1,hiresnet50.gluon_in1k,80.756,,,1.2952,80.75595443562305,100.0,,,0.0003,51.935,4.2578,16.3944,24.8589,24.8589,
hgpn02,40,cub_pl,hiresnet50.gluon_in1k,False,,,,adamw,0.05,0.0005,,0,200,448,8,5992,5794,70,-1,hiresnet50.gluon_in1k,80.6524,,,1.2958,80.65239903348291,100.0,,,0.0001,52.2821,4.2598,16.3944,24.883,24.883,
hgpn02,40,cub_pl,hiresnet50.gluon_in1k,False,,,,adamw,0.05,0.001,,0,200,448,8,5992,5794,25,-1,hiresnet50.gluon_in1k,71.7121,,,1.7593,71.71211598205039,100.0,,,0.0014,50.253,4.2578,16.3943,24.8289,24.8289,
hgpn02,40,cub_pl,hiresnet50.gluon_in1k,False,,,,adamw,0.05,0.001,,0,200,448,8,5992,5794,50,-1,hiresnet50.gluon_in1k,68.2948,,,2.0422,68.29478771142561,100.0,,,0.0011,51.5626,4.2578,16.3944,24.8589,24.8589,
hgpn02,40,cub_pl,hiresnet50.gluon_in1k,False,,,,adamw,0.05,0.001,,0,200,448,8,5992,5794,70,-1,hiresnet50.gluon_in1k,70.9009,,,1.8144,70.90093199861926,99.9833,,,0.0022,52.0346,4.2598,16.3944,24.883,24.883,
hgpn02,40,cub_pl,hiresnet50.gluon_in1k,False,,,,sgd,0.0,0.003,,0,200,448,8,5992,5794,25,-1,hiresnet50.gluon_in1k,83.2931,,,0.9684,83.2930617880566,100.0,,,0.0015,47.877,4.2578,16.3943,24.8289,24.8289,
hgpn02,40,cub_pl,hiresnet50.gluon_in1k,False,,,,sgd,0.0,0.003,,0,200,448,8,5992,5794,50,-1,hiresnet50.gluon_in1k,83.7763,,,0.9718,83.77632033137729,100.0,,,0.0015,49.0063,4.2578,16.3944,24.8589,24.8589,
hgpn02,40,cub_pl,hiresnet50.gluon_in1k,False,,,,sgd,0.0,0.003,,0,200,448,8,5992,5794,70,-1,hiresnet50.gluon_in1k,83.4657,,,1.0025,83.46565412495686,100.0,,,0.0011,49.7832,4.2598,16.3944,24.883,24.883,
hgpn02,40,cub_pl,hiresnet50.gluon_in1k,False,,,,sgd,0.0,0.01,,0,200,448,8,5992,5794,25,-1,hiresnet50.gluon_in1k,84.6738,,,0.9669,84.67380048325855,100.0,,,0.0005,47.7355,4.2578,16.3943,24.8289,24.8289,
hgpn02,40,cub_pl,hiresnet50.gluon_in1k,False,,,,sgd,0.0,0.01,,0,200,448,8,5992,5794,50,-1,hiresnet50.gluon_in1k,84.1388,,,1.0135,84.1387642388678,100.0,,,0.0001,48.973,4.2578,16.3944,24.8589,24.8589,
hgpn02,40,cub_pl,hiresnet50.gluon_in1k,False,,,,sgd,0.0,0.01,,0,200,448,8,5992,5794,70,-1,hiresnet50.gluon_in1k,84.3977,,,1.0384,84.39765274421816,100.0,,,0.0001,50.1317,4.2598,16.3944,24.883,24.883,
hgpn02,40,cub_pl,hiresnet50.gluon_in1k,False,,,,sgd,0.0,0.03,,0,200,448,8,5992,5794,25,-1,hiresnet50.gluon_in1k,85.088,,,0.9585,85.08802209181913,100.0,,,0.0001,48.027,4.2578,16.3943,24.8289,24.8289,
hgpn02,40,cub_pl,hiresnet50.gluon_in1k,False,,,,sgd,0.0,0.03,,0,200,448,8,5992,5794,50,-1,hiresnet50.gluon_in1k,85.5368,,,0.9438,85.53676216775975,100.0,,,0.0001,49.5921,4.2578,16.3944,24.8589,24.8589,
hgpn02,40,cub_pl,hiresnet50.gluon_in1k,False,,,,sgd,0.0,0.03,,0,200,448,8,5992,5794,70,-1,hiresnet50.gluon_in1k,85.3469,,,0.9492,85.34691059716948,100.0,,,0.0,49.9376,4.2598,16.3944,24.883,24.883,
hgpn02,40,cub_pl,hiresnet50.gluon_in1k,False,,,,sgd,0.0,0.1,,0,200,448,8,5992,5794,25,-1,hiresnet50.gluon_in1k,81.6707,,,1.687,81.67069382119433,100.0,,,0.0014,47.5053,4.2578,16.3943,24.8289,24.8289,
hgpn02,40,cub_pl,hiresnet50.gluon_in1k,False,,,,sgd,0.0,0.1,,0,200,448,8,5992,5794,50,-1,hiresnet50.gluon_in1k,81.3945,,,1.7047,81.39454608215395,100.0,,,0.0003,48.9463,4.2578,16.3944,24.8589,24.8589,
hgpn02,40,cub_pl,hiresnet50.gluon_in1k,False,,,,sgd,0.0,0.1,,0,200,448,8,5992,5794,70,-1,hiresnet50.gluon_in1k,81.222,,,1.7147,81.22195374525371,100.0,,,0.0002,50.3091,4.2598,16.3944,24.883,24.883,
hgpn05,40,cub_pl,hiresnet50.in1k_mocov3,False,,,,adamw,0.05,0.0001,,0,200,448,8,5992,5794,25,-1,hiresnet50.in1k_mocov3,,,,,,,,,,,,,,,
hgpn05,40,cub_pl,hiresnet50.in1k_mocov3,False,,,,adamw,0.05,0.0005,,0,200,448,8,5992,5794,25,-1,hiresnet50.in1k_mocov3,81.5671,,,1.2572,81.56713841905419,100.0,,,0.0005,53.7301,4.2578,16.3943,24.8289,24.8289,
hgpn05,40,cub_pl,hiresnet50.in1k_mocov3,False,,,,adamw,0.05,0.001,,0,200,448,8,5992,5794,25,-1,hiresnet50.in1k_mocov3,79.5133,,,1.359,79.51328960994132,100.0,,,0.0003,53.3322,4.2578,16.3943,24.8289,24.8289,
hgpn05,40,cub_pl,hiresnet50.in1k_mocov3,False,,,,sgd,0.0,0.003,,0,200,448,8,5992,5794,25,-1,hiresnet50.in1k_mocov3,84.6565,,,0.6487,84.65654124956852,100.0,,,0.0055,50.7188,4.2578,16.3943,24.8289,24.8289,
hgpn05,40,cub_pl,hiresnet50.in1k_mocov3,False,,,,sgd,0.0,0.01,,0,200,448,8,5992,5794,25,-1,hiresnet50.in1k_mocov3,85.0535,,,0.6946,85.05350362443907,99.9833,,,0.0014,50.585,4.2578,16.3943,24.8289,24.8289,
hgpn05,40,cub_pl,hiresnet50.in1k_mocov3,False,,,,sgd,0.0,0.03,,0,200,448,8,5992,5794,25,-1,hiresnet50.in1k_mocov3,85.2951,,,0.7829,85.29513289609942,100.0,,,0.0004,51.2554,4.2578,16.3943,24.8289,24.8289,
hgpn05,40,cub_pl,hiresnet50.in1k_mocov3,False,,,,sgd,0.0,0.1,,0,200,448,8,5992,5794,25,-1,hiresnet50.in1k_mocov3,82.9479,,,1.4953,82.94787711425613,100.0,,,0.0004,51.2664,4.2578,16.3943,24.8289,24.8289,
vsplab,40,cub_pl,hiresnet50.in1k_spark,False,,,,adamw,0.05,5e-06,,0,200,448,8,5992,5794,25,-1,hiresnet50.in1k_spark,73.3517,,,2.0578,73.35174318260269,99.783,,,0.0182,371.6968,8.6172,16.3943,24.8289,24.8289,
vsplab,40,cub_pl,hiresnet50.in1k_spark,False,,,,adamw,0.05,5e-06,,0,200,448,8,5992,5794,50,-1,hiresnet50.in1k_spark,73.9903,,,1.932,73.99033482913359,99.7163,,,0.0239,372.9958,8.6172,16.3944,24.8589,24.8589,
vsplab,40,cub_pl,hiresnet50.in1k_spark,False,,,,adamw,0.05,5e-06,,0,200,448,8,5992,5794,70,-1,hiresnet50.in1k_spark,73.9386,,,1.9923,73.93855712806351,99.5828,,,0.0256,371.5866,8.6172,16.3944,24.883,24.883,
vsplab,40,cub_pl,hiresnet50.in1k_spark,False,,,,adamw,0.05,1e-05,,0,200,448,8,5992,5794,25,-1,hiresnet50.in1k_spark,76.1132,,,1.8763,76.11322057300656,99.7163,,,0.0222,368.2398,8.6172,16.3943,24.8289,24.8289,
vsplab,40,cub_pl,hiresnet50.in1k_spark,False,,,,adamw,0.05,1e-05,,0,200,448,8,5992,5794,50,-1,hiresnet50.in1k_spark,75.1985,,,1.9528,75.19848118743528,99.8832,,,0.0121,370.2689,8.6172,16.3944,24.8589,24.8589,
vsplab,40,cub_pl,hiresnet50.in1k_spark,False,,,,adamw,0.05,1e-05,,0,200,448,8,5992,5794,70,-1,hiresnet50.in1k_spark,75.1294,,,1.942,75.12944425267519,99.7997,,,0.0243,372.1143,8.6172,16.3944,24.883,24.883,
vsplab,40,cub_pl,hiresnet50.in1k_spark,False,,,,adamw,0.05,5e-05,,0,200,448,8,5992,5794,25,-1,hiresnet50.in1k_spark,78.0463,,,1.5631,78.04625474628926,100.0,,,0.0016,374.0304,8.6172,16.3943,24.8289,24.8289,
vsplab,40,cub_pl,hiresnet50.in1k_spark,False,,,,adamw,0.05,5e-05,,0,200,448,8,5992,5794,50,-1,hiresnet50.in1k_spark,77.6148,,,1.5596,77.61477390403866,99.9833,,,0.0008,375.052,8.6172,16.3944,24.8589,24.8589,
vsplab,40,cub_pl,hiresnet50.in1k_spark,False,,,,adamw,0.05,5e-05,,0,200,448,8,5992,5794,70,-1,hiresnet50.in1k_spark,77.9427,,,1.5108,77.94269934414912,100.0,,,0.0004,367.2507,8.6172,16.3944,24.883,24.883,
vsplab,40,cub_pl,hiresnet50.in1k_spark,False,,,,adamw,0.05,0.0001,,0,200,448,8,5992,5794,25,-1,hiresnet50.in1k_spark,76.2168,,,1.5012,76.2167759751467,100.0,,,0.0004,367.7954,8.6172,16.3943,24.8289,24.8289,
vsplab,40,cub_pl,hiresnet50.in1k_spark,False,,,,adamw,0.05,0.0001,,0,200,448,8,5992,5794,50,-1,hiresnet50.in1k_spark,76.3203,,,1.5341,76.32033137728685,99.9833,,,0.0007,366.4079,8.6172,16.3944,24.8589,24.8589,
vsplab,40,cub_pl,hiresnet50.in1k_spark,False,,,,adamw,0.05,0.0001,,0,200,448,8,5992,5794,70,-1,hiresnet50.in1k_spark,76.0442,,,1.5507,76.04418363824647,100.0,,,0.0001,367.386,8.6172,16.3944,24.883,24.883,
vsplab,40,cub_pl,hiresnet50.in1k_spark,False,,,,adamw,0.05,0.0005,,0,200,448,8,5992,5794,25,-1,hiresnet50.in1k_spark,64.8257,,,2.2982,64.82568173973075,100.0,,,0.0011,370.1884,8.6172,16.3943,24.8289,24.8289,
vsplab,40,cub_pl,hiresnet50.in1k_spark,False,,,,adamw,0.05,0.0005,,0,200,448,8,5992,5794,50,-1,hiresnet50.in1k_spark,60.5281,,,2.5568,60.52813255091474,100.0,,,0.0015,370.6799,8.6172,16.3944,24.8589,24.8589,
vsplab,40,cub_pl,hiresnet50.in1k_spark,False,,,,adamw,0.05,0.0005,,0,200,448,8,5992,5794,70,-1,hiresnet50.in1k_spark,64.6186,,,2.2411,64.61857093545046,100.0,,,0.001,368.6993,8.6172,16.3944,24.883,24.883,
vsplab,40,cub_pl,hiresnet50.in1k_spark,False,,,,adamw,0.05,0.001,,0,200,448,8,5992,5794,25,-1,hiresnet50.in1k_spark,65.2399,,,2.2833,65.23990334829134,99.9833,,,0.0023,368.7518,8.6172,16.3943,24.8289,24.8289,
vsplab,40,cub_pl,hiresnet50.in1k_spark,False,,,,adamw,0.05,0.001,,0,200,448,8,5992,5794,50,-1,hiresnet50.in1k_spark,65.1363,,,2.2156,65.13634794615119,99.9833,,,0.0011,375.8989,8.6172,16.3944,24.8589,24.8589,
vsplab,40,cub_pl,hiresnet50.in1k_spark,False,,,,adamw,0.05,0.001,,0,200,448,8,5992,5794,70,-1,hiresnet50.in1k_spark,64.912,,,2.2519,64.91197790818087,100.0,,,0.0006,367.3142,8.6172,16.3944,24.883,24.883,
vsplab,40,cub_pl,hiresnet50.in1k_spark,False,,,,sgd,0.0,0.003,,0,200,448,8,5992,5794,25,-1,hiresnet50.in1k_spark,74.9396,,,1.1959,74.93959268208492,100.0,,,0.0033,371.7513,8.6172,16.3943,24.8289,24.8289,
vsplab,40,cub_pl,hiresnet50.in1k_spark,False,,,,sgd,0.0,0.003,,0,200,448,8,5992,5794,50,-1,hiresnet50.in1k_spark,75.1467,,,1.1955,75.14670348636521,100.0,,,0.0034,374.6173,8.6172,16.3944,24.8589,24.8589,
vsplab,40,cub_pl,hiresnet50.in1k_spark,False,,,,sgd,0.0,0.003,,0,200,448,8,5992,5794,70,-1,hiresnet50.in1k_spark,75.7508,,,1.2025,75.75077666551606,100.0,,,0.0032,372.0108,8.6172,16.3944,24.883,24.883,
vsplab,40,cub_pl,hiresnet50.in1k_spark,False,,,,sgd,0.0,0.01,,0,200,448,8,5992,5794,25,-1,hiresnet50.in1k_spark,78.5986,,,1.1006,78.59855022437004,100.0,,,0.0002,370.8046,8.6172,16.3943,24.8289,24.8289,
vsplab,40,cub_pl,hiresnet50.in1k_spark,False,,,,sgd,0.0,0.01,,0,200,448,8,5992,5794,50,-1,hiresnet50.in1k_spark,76.6483,,,1.2052,76.64825681739731,100.0,,,0.0002,372.7638,8.6172,16.3944,24.8589,24.8589,
vsplab,40,cub_pl,hiresnet50.in1k_spark,False,,,,sgd,0.0,0.01,,0,200,448,8,5992,5794,70,-1,hiresnet50.in1k_spark,78.1843,,,1.1359,78.18432861580946,100.0,,,0.0002,372.017,8.6172,16.3944,24.883,24.883,
vsplab,40,cub_pl,hiresnet50.in1k_spark,False,,,,sgd,0.0,0.03,,0,200,448,8,5992,5794,25,-1,hiresnet50.in1k_spark,71.9537,,,1.7597,71.95374525371074,100.0,,,0.0004,372.6683,8.6172,16.3943,24.8289,24.8289,
vsplab,40,cub_pl,hiresnet50.in1k_spark,False,,,,sgd,0.0,0.03,,0,200,448,8,5992,5794,50,-1,hiresnet50.in1k_spark,70.4867,,,1.8247,70.48671039005868,100.0,,,0.0011,369.2883,8.6172,16.3944,24.8589,24.8589,
vsplab,40,cub_pl,hiresnet50.in1k_spark,False,,,,sgd,0.0,0.03,,0,200,448,8,5992,5794,70,-1,hiresnet50.in1k_spark,71.7639,,,1.7649,71.76389368312047,99.9833,,,0.0008,369.8248,8.6172,16.3944,24.883,24.883,
vsplab,40,cub_pl,hiresnet50.in1k_spark,False,,,,sgd,0.0,0.1,,0,200,448,8,5992,5794,25,-1,hiresnet50.in1k_spark,60.0104,,,3.6395,60.010355540214015,99.9332,,,0.0187,368.5355,8.6172,16.3943,24.8289,24.8289,
vsplab,40,cub_pl,hiresnet50.in1k_spark,False,,,,sgd,0.0,0.1,,0,200,448,8,5992,5794,50,-1,hiresnet50.in1k_spark,59.3027,,,3.8115,59.302726958923024,99.9166,,,0.0089,370.8941,8.6172,16.3944,24.8589,24.8589,
vsplab,40,cub_pl,hiresnet50.in1k_spark,False,,,,sgd,0.0,0.1,,0,200,448,8,5992,5794,70,-1,hiresnet50.in1k_spark,58.6469,,,3.9824,58.64687607870211,99.9499,,,0.0069,368.1306,8.6172,16.3944,24.883,24.883,
vsplab,40,cub_pl,hiresnet50.in1k_supcon,False,,,,adamw,0.05,5e-06,,0,200,448,8,5992,5794,25,-1,hiresnet50.in1k_supcon,82.9134,,,1.302,82.91335864687608,99.9499,,,0.008,366.5671,8.6172,16.3943,24.8289,24.8289,
vsplab,40,cub_pl,hiresnet50.in1k_supcon,False,,,,adamw,0.05,5e-06,,0,200,448,8,5992,5794,50,-1,hiresnet50.in1k_supcon,81.7397,,,1.3776,81.73973075595444,100.0,,,0.001,370.161,8.6172,16.3944,24.8589,24.8589,
vsplab,40,cub_pl,hiresnet50.in1k_supcon,False,,,,adamw,0.05,5e-06,,0,200,448,8,5992,5794,70,-1,hiresnet50.in1k_supcon,82.8098,,,1.3846,82.80980324473593,99.9166,,,0.0101,372.1696,8.6172,16.3944,24.883,24.883,
vsplab,40,cub_pl,hiresnet50.in1k_supcon,False,,,,adamw,0.05,1e-05,,0,200,448,8,5992,5794,25,-1,hiresnet50.in1k_supcon,82.7062,,,1.3544,82.70624784259579,99.8665,,,0.0114,372.5729,8.6172,16.3943,24.8289,24.8289,
vsplab,40,cub_pl,hiresnet50.in1k_supcon,False,,,,adamw,0.05,1e-05,,0,200,448,8,5992,5794,50,-1,hiresnet50.in1k_supcon,82.62,,,1.4062,82.61995167414567,99.9499,,,0.0023,370.6404,8.6172,16.3944,24.8589,24.8589,
vsplab,40,cub_pl,hiresnet50.in1k_supcon,False,,,,adamw,0.05,1e-05,,0,200,448,8,5992,5794,70,-1,hiresnet50.in1k_supcon,82.4128,,,1.4444,82.41284086986538,99.8999,,,0.0093,373.6154,8.6172,16.3944,24.883,24.883,
vsplab,40,cub_pl,hiresnet50.in1k_supcon,False,,,,adamw,0.05,5e-05,,0,200,448,8,5992,5794,25,-1,hiresnet50.in1k_supcon,82.6545,,,1.429,82.65447014152572,100.0,,,0.0003,371.9791,8.6172,16.3943,24.8289,24.8289,
vsplab,40,cub_pl,hiresnet50.in1k_supcon,False,,,,adamw,0.05,5e-05,,0,200,448,8,5992,5794,50,-1,hiresnet50.in1k_supcon,83.2931,,,1.3249,83.2930617880566,99.9833,,,0.0009,367.5561,8.6172,16.3944,24.8589,24.8589,
vsplab,40,cub_pl,hiresnet50.in1k_supcon,False,,,,adamw,0.05,5e-05,,0,200,448,8,5992,5794,70,-1,hiresnet50.in1k_supcon,82.6372,,,1.4348,82.6372109078357,100.0,,,0.0001,369.0436,8.6172,16.3944,24.883,24.883,
vsplab,40,cub_pl,hiresnet50.in1k_supcon,False,,,,adamw,0.05,0.0001,,0,200,448,8,5992,5794,25,-1,hiresnet50.in1k_supcon,83.155,,,1.2696,83.15498791853642,100.0,,,0.0001,369.6874,8.6172,16.3943,24.8289,24.8289,
vsplab,40,cub_pl,hiresnet50.in1k_supcon,False,,,,adamw,0.05,0.0001,,0,200,448,8,5992,5794,50,-1,hiresnet50.in1k_supcon,82.9997,,,1.2696,82.9996548153262,100.0,,,0.0001,366.8014,8.6172,16.3944,24.8589,24.8589,
vsplab,40,cub_pl,hiresnet50.in1k_supcon,False,,,,adamw,0.05,0.0001,,0,200,448,8,5992,5794,70,-1,hiresnet50.in1k_supcon,82.9479,,,1.2912,82.94787711425613,99.9833,,,0.0008,368.2181,8.6172,16.3944,24.883,24.883,
vsplab,40,cub_pl,hiresnet50.in1k_supcon,False,,,,adamw,0.05,0.0005,,0,200,448,8,5992,5794,25,-1,hiresnet50.in1k_supcon,78.8229,,,1.3846,78.82292026234035,100.0,,,0.0013,370.9312,8.6172,16.3943,24.8289,24.8289,
vsplab,40,cub_pl,hiresnet50.in1k_supcon,False,,,,adamw,0.05,0.0005,,0,200,448,8,5992,5794,50,-1,hiresnet50.in1k_supcon,78.3914,,,1.4402,78.39143942008975,100.0,,,0.0002,368.7152,8.6172,16.3944,24.8589,24.8589,
vsplab,40,cub_pl,hiresnet50.in1k_supcon,False,,,,adamw,0.05,0.0005,,0,200,448,8,5992,5794,70,-1,hiresnet50.in1k_supcon,77.7528,,,1.4919,77.75284777355886,100.0,,,0.0003,371.5896,8.6172,16.3944,24.883,24.883,
vsplab,40,cub_pl,hiresnet50.in1k_supcon,False,,,,adamw,0.05,0.001,,0,200,448,8,5992,5794,25,-1,hiresnet50.in1k_supcon,69.6755,,,1.9966,69.67552640662754,99.9833,,,0.0038,370.8598,8.6172,16.3943,24.8289,24.8289,
vsplab,40,cub_pl,hiresnet50.in1k_supcon,False,,,,adamw,0.05,0.001,,0,200,448,8,5992,5794,50,-1,hiresnet50.in1k_supcon,66.914,,,2.0768,66.91404901622369,99.9833,,,0.0024,368.2241,8.6172,16.3944,24.8589,24.8589,
vsplab,40,cub_pl,hiresnet50.in1k_supcon,False,,,,adamw,0.05,0.001,,0,200,448,8,5992,5794,70,-1,hiresnet50.in1k_supcon,68.4674,,,2.0266,68.46738004832585,100.0,,,0.0008,367.3291,8.6172,16.3944,24.883,24.883,
vsplab,40,cub_pl,hiresnet50.in1k_supcon,False,,,,sgd,0.0,0.003,,0,200,448,8,5992,5794,25,-1,hiresnet50.in1k_supcon,85.5022,,,0.7715,85.50224370037971,100.0,,,0.0009,369.4759,8.6172,16.3943,24.8289,24.8289,
vsplab,40,cub_pl,hiresnet50.in1k_supcon,False,,,,sgd,0.0,0.003,,0,200,448,8,5992,5794,50,-1,hiresnet50.in1k_supcon,85.3297,,,0.791,85.32965136347946,100.0,,,0.0008,370.2195,8.6172,16.3944,24.8589,24.8589,
vsplab,40,cub_pl,hiresnet50.in1k_supcon,False,,,,sgd,0.0,0.003,,0,200,448,8,5992,5794,70,-1,hiresnet50.in1k_supcon,84.622,,,0.81,84.62202278218847,100.0,,,0.0009,369.0634,8.6172,16.3944,24.883,24.883,
vsplab,40,cub_pl,hiresnet50.in1k_supcon,False,,,,sgd,0.0,0.01,,0,200,448,8,5992,5794,25,-1,hiresnet50.in1k_supcon,85.5195,,,0.8593,85.51950293406972,100.0,,,0.0001,369.9513,8.6172,16.3943,24.8289,24.8289,
vsplab,40,cub_pl,hiresnet50.in1k_supcon,False,,,,sgd,0.0,0.01,,0,200,448,8,5992,5794,50,-1,hiresnet50.in1k_supcon,85.554,,,0.8601,85.55402140144977,100.0,,,0.0001,370.4307,8.6172,16.3944,24.8589,24.8589,
vsplab,40,cub_pl,hiresnet50.in1k_supcon,False,,,,sgd,0.0,0.01,,0,200,448,8,5992,5794,70,-1,hiresnet50.in1k_supcon,85.5368,,,0.8751,85.53676216775975,100.0,,,0.0002,367.5003,8.6172,16.3944,24.883,24.883,
vsplab,40,cub_pl,hiresnet50.in1k_supcon,False,,,,sgd,0.0,0.03,,0,200,448,8,5992,5794,25,-1,hiresnet50.in1k_supcon,84.6738,,,0.9679,84.67380048325855,100.0,,,0.0001,372.0562,8.6172,16.3943,24.8289,24.8289,
vsplab,40,cub_pl,hiresnet50.in1k_supcon,False,,,,sgd,0.0,0.03,,0,200,448,8,5992,5794,50,-1,hiresnet50.in1k_supcon,85.019,,,0.9554,85.01898515705902,100.0,,,0.0002,369.1585,8.6172,16.3944,24.8589,24.8589,
vsplab,40,cub_pl,hiresnet50.in1k_supcon,False,,,,sgd,0.0,0.03,,0,200,448,8,5992,5794,70,-1,hiresnet50.in1k_supcon,85.3297,,,0.93,85.32965136347946,100.0,,,0.0,367.6333,8.6172,16.3944,24.883,24.883,
vsplab,40,cub_pl,hiresnet50.in1k_supcon,False,,,,sgd,0.0,0.1,,0,200,448,8,5992,5794,25,-1,hiresnet50.in1k_supcon,78.3397,,,1.8362,78.33966171901967,99.9833,,,0.0029,370.9112,8.6172,16.3943,24.8289,24.8289,
vsplab,40,cub_pl,hiresnet50.in1k_supcon,False,,,,sgd,0.0,0.1,,0,200,448,8,5992,5794,50,-1,hiresnet50.in1k_supcon,78.2706,,,1.9268,78.27062478425958,99.9666,,,0.0018,370.7754,8.6172,16.3944,24.8589,24.8589,
vsplab,40,cub_pl,hiresnet50.in1k_supcon,False,,,,sgd,0.0,0.1,,0,200,448,8,5992,5794,70,-1,hiresnet50.in1k_supcon,78.7884,,,1.8997,78.78840179496031,99.9833,,,0.0014,367.5521,8.6172,16.3944,24.883,24.883,
vsplab,40,cub_pl,hiresnet50.in1k_swav,False,,,,adamw,0.05,5e-06,,0,200,448,8,5992,5794,25,-1,hiresnet50.in1k_swav,84.8637,,,0.7396,84.86365205384881,100.0,,,0.0018,371.1414,8.6172,16.3943,24.8289,24.8289,
vsplab,40,cub_pl,hiresnet50.in1k_swav,False,,,,adamw,0.05,1e-05,,0,200,448,8,5992,5794,25,-1,hiresnet50.in1k_swav,85.0362,,,0.7857,85.03624439074905,100.0,,,0.0009,368.2042,8.6172,16.3943,24.8289,24.8289,
vsplab,40,cub_pl,hiresnet50.in1k_swav,False,,,,adamw,0.05,5e-05,,0,200,448,8,5992,5794,25,-1,hiresnet50.in1k_swav,86.2271,,,0.8655,86.22713151536072,99.9833,,,0.0007,373.5776,8.6172,16.3943,24.8289,24.8289,
vsplab,40,cub_pl,hiresnet50.in1k_swav,False,,,,adamw,0.05,0.0001,,0,200,448,8,5992,5794,25,-1,hiresnet50.in1k_swav,84.7946,,,0.9635,84.79461511908872,100.0,,,0.0004,373.0621,8.6172,16.3943,24.8289,24.8289,
vsplab,40,cub_pl,hiresnet50.in1k_swav,False,,,,adamw,0.05,0.0005,,0,200,448,8,5992,5794,25,-1,hiresnet50.in1k_swav,83.0169,,,1.1348,83.01691404901622,100.0,,,0.0004,373.0772,8.6172,16.3943,24.8289,24.8289,
vsplab,40,cub_pl,hiresnet50.in1k_swav,False,,,,adamw,0.05,0.001,,0,200,448,8,5992,5794,25,-1,hiresnet50.in1k_swav,81.0321,,,1.3099,81.03210217466345,100.0,,,0.0009,374.5042,8.6172,16.3943,24.8289,24.8289,
vsplab,40,cub_pl,hiresnet50.in1k_swav,False,,,,sgd,0.0,0.003,,0,200,448,8,5992,5794,25,-1,hiresnet50.in1k_swav,85.0017,,,0.6266,85.00172592336901,100.0,,,0.0086,372.6977,8.6172,16.3943,24.8289,24.8289,
vsplab,40,cub_pl,hiresnet50.in1k_swav,False,,,,sgd,0.0,0.01,,0,200,448,8,5992,5794,25,-1,hiresnet50.in1k_swav,85.6231,,,0.6831,85.62305833620987,100.0,,,0.0009,372.2884,8.6172,16.3943,24.8289,24.8289,
vsplab,40,cub_pl,hiresnet50.in1k_swav,False,,,,sgd,0.0,0.03,,0,200,448,8,5992,5794,25,-1,hiresnet50.in1k_swav,86.02,,,0.7776,86.02002071108043,100.0,,,0.0002,372.894,8.6172,16.3943,24.8289,24.8289,
vsplab,40,cub_pl,hiresnet50.in1k_swav,False,,,,sgd,0.0,0.1,,0,200,448,8,5992,5794,25,-1,hiresnet50.in1k_swav,84.1905,,,1.35,84.19054193993787,100.0,,,0.0001,373.6628,8.6172,16.3943,24.8289,24.8289,
hgpn05,40,cub_pl,hiresnet50.in21k_miil,False,,,,adamw,0.05,5e-06,,0,200,448,8,5992,5794,25,-1,hiresnet50.in21k_miil,86.9002,,,0.7995,86.90024162927166,99.9833,,,0.004,51.3537,4.2578,16.3943,24.8289,24.8289,
hgpn05,40,cub_pl,hiresnet50.in21k_miil,False,,,,adamw,0.05,5e-06,,0,200,448,8,5992,5794,50,-1,hiresnet50.in21k_miil,87.349,,,0.8257,87.34898170521228,99.9833,,,0.0013,53.1865,4.2578,16.3944,24.8589,24.8589,
hgpn05,40,cub_pl,hiresnet50.in21k_miil,False,,,,adamw,0.05,1e-05,,0,200,448,8,5992,5794,25,-1,hiresnet50.in21k_miil,87.2109,,,0.8719,87.2109078356921,99.9833,,,0.0021,51.5725,4.2578,16.3943,24.8289,24.8289,
hgpn05,40,cub_pl,hiresnet50.in21k_miil,False,,,,adamw,0.05,1e-05,,0,200,448,8,5992,5794,50,-1,hiresnet50.in21k_miil,86.952,,,0.8739,86.95201933034173,99.9833,,,0.0007,53.7467,4.2578,16.3944,24.8589,24.8589,
hgpn05,40,cub_pl,hiresnet50.in21k_miil,False,,,,adamw,0.05,5e-05,,0,200,448,8,5992,5794,25,-1,hiresnet50.in21k_miil,86.8657,,,1.041,86.86572316189161,100.0,,,0.0008,51.6688,4.2578,16.3943,24.8289,24.8289,
hgpn05,40,cub_pl,hiresnet50.in21k_miil,False,,,,adamw,0.05,5e-05,,0,200,448,8,5992,5794,50,-1,hiresnet50.in21k_miil,87.4698,,,1.0147,87.46979634104245,100.0,,,0.0006,53.4398,4.2578,16.3944,24.8589,24.8589,
hgpn05,40,cub_pl,hiresnet50.in21k_miil,False,,,,adamw,0.05,0.0001,,0,200,448,8,5992,5794,25,-1,hiresnet50.in21k_miil,86.1063,,,1.1534,86.10631687953055,100.0,,,0.0003,51.0923,4.2578,16.3943,24.8289,24.8289,
hgpn05,40,cub_pl,hiresnet50.in21k_miil,False,,,,adamw,0.05,0.0001,,0,200,448,8,5992,5794,50,-1,hiresnet50.in21k_miil,86.6241,,,1.0622,86.62409389023128,100.0,,,0.0002,53.0325,4.2578,16.3944,24.8589,24.8589,
hgpn05,40,cub_pl,hiresnet50.in21k_miil,False,,,,adamw,0.05,0.0005,,0,200,448,8,5992,5794,25,-1,hiresnet50.in21k_miil,82.9479,,,1.2588,82.94787711425613,99.9833,,,0.0005,51.4909,4.2578,16.3943,24.8289,24.8289,
hgpn05,40,cub_pl,hiresnet50.in21k_miil,False,,,,adamw,0.05,0.0005,,0,200,448,8,5992,5794,50,-1,hiresnet50.in21k_miil,82.4646,,,1.24,82.46461857093546,100.0,,,0.0004,51.0139,4.2578,16.3944,24.8589,24.8589,
hgpn05,40,cub_pl,hiresnet50.in21k_miil,False,,,,adamw,0.05,0.001,,0,200,448,8,5992,5794,25,-1,hiresnet50.in21k_miil,80.8768,,,1.3358,80.87676907145323,100.0,,,0.0006,51.7096,4.2578,16.3943,24.8289,24.8289,
hgpn05,40,cub_pl,hiresnet50.in21k_miil,False,,,,adamw,0.05,0.001,,0,200,448,8,5992,5794,50,-1,hiresnet50.in21k_miil,80.894,,,1.3038,80.89402830514325,100.0,,,0.0006,51.3627,4.2578,16.3944,24.8589,24.8589,
hgpn05,40,cub_pl,hiresnet50.in21k_miil,False,,,,sgd,0.0,0.003,,0,200,448,8,5992,5794,25,-1,hiresnet50.in21k_miil,88.3155,,,0.5662,88.31549879185364,99.9833,,,0.0096,48.5793,4.2578,16.3943,24.8289,24.8289,
hgpn05,40,cub_pl,hiresnet50.in21k_miil,False,,,,sgd,0.0,0.003,,0,200,448,8,5992,5794,50,-1,hiresnet50.in21k_miil,88.5744,,,0.569,88.574387297204,99.9499,,,0.0072,48.5716,4.2578,16.3944,24.8589,24.8589,
hgpn05,40,cub_pl,hiresnet50.in21k_miil,False,,,,sgd,0.0,0.01,,0,200,448,8,5992,5794,25,-1,hiresnet50.in21k_miil,88.6434,,,0.6849,88.6434242319641,100.0,,,0.0019,48.4781,4.2578,16.3943,24.8289,24.8289,
hgpn05,40,cub_pl,hiresnet50.in21k_miil,False,,,,sgd,0.0,0.01,,0,200,448,8,5992,5794,50,-1,hiresnet50.in21k_miil,88.7642,,,0.6609,88.76423886779428,99.9833,,,0.001,48.8084,4.2578,16.3944,24.8589,24.8589,
hgpn05,40,cub_pl,hiresnet50.in21k_miil,False,,,,sgd,0.0,0.03,,0,200,448,8,5992,5794,25,-1,hiresnet50.in21k_miil,88.0566,,,0.8089,88.05661028650329,100.0,,,0.0005,48.9831,4.2578,16.3943,24.8289,24.8289,
hgpn05,40,cub_pl,hiresnet50.in21k_miil,False,,,,sgd,0.0,0.03,,0,200,448,8,5992,5794,50,-1,hiresnet50.in21k_miil,88.281,,,0.8031,88.28098032447359,99.9833,,,0.0013,48.9472,4.2578,16.3944,24.8589,24.8589,
camel.ee.nctu.edu.tw,40,cub_pl,hiresnet50.in21k_miil,False,,,,sgd,0.0,0.1,,0,200,448,8,5992,5794,70,-1,hiresnet50.in21k_miil,,,,,,,,,,,,,,,
hgpn05,40,cub_pl,hiresnet50.in21k_miil,False,,,,sgd,0.0,0.1,,0,200,448,8,5992,5794,25,-1,hiresnet50.in21k_miil,85.1225,,,1.3673,85.12254055919917,99.9666,,,0.0045,48.9958,4.2578,16.3943,24.8289,24.8289,
hgpn05,40,cub_pl,hiresnet50.in21k_miil,False,,,,sgd,0.0,0.1,,0,200,448,8,5992,5794,50,-1,hiresnet50.in21k_miil,85.2606,,,1.3327,85.26061442871936,100.0,,,0.0015,49.1613,4.2578,16.3944,24.8589,24.8589,
vsplab,40,cub_pl,hiresnet50.tv2_in1k,False,,,,adamw,0.05,5e-06,,0,200,448,8,5992,5794,25,-1,hiresnet50.tv2_in1k,83.3966,,,1.2371,83.39661719019675,99.9499,,,0.0049,374.8663,8.6172,16.3943,24.8289,24.8289,
vsplab,40,cub_pl,hiresnet50.tv2_in1k,False,,,,adamw,0.05,5e-06,,0,200,448,8,5992,5794,50,-1,hiresnet50.tv2_in1k,83.3103,,,1.2815,83.31032102174663,99.8999,,,0.0095,374.8362,8.6172,16.3944,24.8589,24.8589,
vsplab,40,cub_pl,hiresnet50.tv2_in1k,False,,,,adamw,0.05,5e-06,,0,200,448,8,5992,5794,70,-1,hiresnet50.tv2_in1k,82.9824,,,1.2858,82.98239558163617,99.9666,,,0.0023,374.6807,8.6172,16.3944,24.883,24.883,
vsplab,40,cub_pl,hiresnet50.tv2_in1k,False,,,,adamw,0.05,1e-05,,0,200,448,8,5992,5794,25,-1,hiresnet50.tv2_in1k,83.1032,,,1.342,83.10321021746634,99.9666,,,0.0021,375.0729,8.6172,16.3943,24.8289,24.8289,
vsplab,40,cub_pl,hiresnet50.tv2_in1k,False,,,,adamw,0.05,1e-05,,0,200,448,8,5992,5794,50,-1,hiresnet50.tv2_in1k,83.3448,,,1.339,83.34483948912668,99.9332,,,0.0027,378.1996,8.6172,16.3944,24.8589,24.8589,
vsplab,40,cub_pl,hiresnet50.tv2_in1k,False,,,,adamw,0.05,1e-05,,0,200,448,8,5992,5794,70,-1,hiresnet50.tv2_in1k,83.1032,,,1.3249,83.10321021746634,99.9332,,,0.0036,374.9844,8.6172,16.3944,24.883,24.883,
vsplab,40,cub_pl,hiresnet50.tv2_in1k,False,,,,adamw,0.05,5e-05,,0,200,448,8,5992,5794,25,-1,hiresnet50.tv2_in1k,83.9662,,,1.3933,83.96617190196756,100.0,,,0.0001,372.7772,8.6172,16.3943,24.8289,24.8289,
vsplab,40,cub_pl,hiresnet50.tv2_in1k,False,,,,adamw,0.05,5e-05,,0,200,448,8,5992,5794,50,-1,hiresnet50.tv2_in1k,83.8626,,,1.3605,83.86261649982741,99.9666,,,0.0009,373.1447,8.6172,16.3944,24.8589,24.8589,
vsplab,40,cub_pl,hiresnet50.tv2_in1k,False,,,,adamw,0.05,5e-05,,0,200,448,8,5992,5794,70,-1,hiresnet50.tv2_in1k,84.3977,,,1.3221,84.39765274421816,100.0,,,0.0,372.7687,8.6172,16.3944,24.883,24.883,
vsplab,40,cub_pl,hiresnet50.tv2_in1k,False,,,,adamw,0.05,0.0001,,0,200,448,8,5992,5794,25,-1,hiresnet50.tv2_in1k,84.1042,,,1.3299,84.10424577148774,100.0,,,0.0005,371.8708,8.6172,16.3943,24.8289,24.8289,
vsplab,40,cub_pl,hiresnet50.tv2_in1k,False,,,,adamw,0.05,0.0001,,0,200,448,8,5992,5794,50,-1,hiresnet50.tv2_in1k,83.7245,,,1.2155,83.72454263030721,99.9833,,,0.0009,373.595,8.6172,16.3944,24.8589,24.8589,
vsplab,40,cub_pl,hiresnet50.tv2_in1k,False,,,,adamw,0.05,0.0001,,0,200,448,8,5992,5794,70,-1,hiresnet50.tv2_in1k,84.4322,,,1.2553,84.4321712115982,100.0,,,0.0,374.1075,8.6172,16.3944,24.883,24.883,
vsplab,40,cub_pl,hiresnet50.tv2_in1k,False,,,,adamw,0.05,0.0005,,0,200,448,8,5992,5794,25,-1,hiresnet50.tv2_in1k,82.3093,,,1.2869,82.30928546772523,100.0,,,0.0005,371.9231,8.6172,16.3943,24.8289,24.8289,
vsplab,40,cub_pl,hiresnet50.tv2_in1k,False,,,,adamw,0.05,0.0005,,0,200,448,8,5992,5794,50,-1,hiresnet50.tv2_in1k,81.5844,,,1.2925,81.58439765274422,100.0,,,0.0001,375.6969,8.6172,16.3944,24.8589,24.8589,
vsplab,40,cub_pl,hiresnet50.tv2_in1k,False,,,,adamw,0.05,0.0005,,0,200,448,8,5992,5794,70,-1,hiresnet50.tv2_in1k,81.757,,,1.2636,81.75698998964447,100.0,,,0.0001,376.1794,8.6172,16.3944,24.883,24.883,
vsplab,40,cub_pl,hiresnet50.tv2_in1k,False,,,,adamw,0.05,0.001,,0,200,448,8,5992,5794,25,-1,hiresnet50.tv2_in1k,79.3925,,,1.4059,79.39247497411115,100.0,,,0.0007,372.5721,8.6172,16.3943,24.8289,24.8289,
vsplab,40,cub_pl,hiresnet50.tv2_in1k,False,,,,adamw,0.05,0.001,,0,200,448,8,5992,5794,50,-1,hiresnet50.tv2_in1k,79.7377,,,1.339,79.73765964791163,100.0,,,0.0003,372.8832,8.6172,16.3944,24.8589,24.8589,
vsplab,40,cub_pl,hiresnet50.tv2_in1k,False,,,,adamw,0.05,0.001,,0,200,448,8,5992,5794,70,-1,hiresnet50.tv2_in1k,79.3062,,,1.356,79.30617880566103,100.0,,,0.0004,372.7523,8.6172,16.3944,24.883,24.883,
vsplab,40,cub_pl,hiresnet50.tv2_in1k,False,,,,sgd,0.0,0.003,,0,200,448,8,5992,5794,25,-1,hiresnet50.tv2_in1k,84.9327,,,0.8133,84.9326889886089,99.9499,,,0.0043,372.5427,8.6172,16.3943,24.8289,24.8289,
vsplab,40,cub_pl,hiresnet50.tv2_in1k,False,,,,sgd,0.0,0.003,,0,200,448,8,5992,5794,50,-1,hiresnet50.tv2_in1k,85.0708,,,0.8052,85.0707628581291,99.9833,,,0.0027,373.4601,8.6172,16.3944,24.8589,24.8589,
vsplab,40,cub_pl,hiresnet50.tv2_in1k,False,,,,sgd,0.0,0.003,,0,200,448,8,5992,5794,70,-1,hiresnet50.tv2_in1k,85.1398,,,0.7895,85.13979979288919,100.0,,,0.0024,375.4389,8.6172,16.3944,24.883,24.883,
vsplab,40,cub_pl,hiresnet50.tv2_in1k,False,,,,sgd,0.0,0.01,,0,200,448,8,5992,5794,25,-1,hiresnet50.tv2_in1k,85.7784,,,0.837,85.77839143942009,100.0,,,0.0004,374.5054,8.6172,16.3943,24.8289,24.8289,
vsplab,40,cub_pl,hiresnet50.tv2_in1k,False,,,,sgd,0.0,0.01,,0,200,448,8,5992,5794,50,-1,hiresnet50.tv2_in1k,86.5551,,,0.7925,86.55505695547117,99.9833,,,0.0005,373.529,8.6172,16.3944,24.8589,24.8589,
vsplab,40,cub_pl,hiresnet50.tv2_in1k,False,,,,sgd,0.0,0.01,,0,200,448,8,5992,5794,70,-1,hiresnet50.tv2_in1k,86.4342,,,0.8037,86.434242319641,100.0,,,0.0002,375.2345,8.6172,16.3944,24.883,24.883,
vsplab,40,cub_pl,hiresnet50.tv2_in1k,False,,,,sgd,0.0,0.03,,0,200,448,8,5992,5794,25,-1,hiresnet50.tv2_in1k,86.3652,,,0.8753,86.36520538488091,99.9833,,,0.0003,373.5664,8.6172,16.3943,24.8289,24.8289,
vsplab,40,cub_pl,hiresnet50.tv2_in1k,False,,,,sgd,0.0,0.03,,0,200,448,8,5992,5794,50,-1,hiresnet50.tv2_in1k,86.8657,,,0.8115,86.86572316189161,100.0,,,0.0001,372.9829,8.6172,16.3944,24.8589,24.8589,
vsplab,40,cub_pl,hiresnet50.tv2_in1k,False,,,,sgd,0.0,0.03,,0,200,448,8,5992,5794,70,-1,hiresnet50.tv2_in1k,86.7794,,,0.7956,86.77942699344149,100.0,,,0.0001,373.9548,8.6172,16.3944,24.883,24.883,
vsplab,40,cub_pl,hiresnet50.tv2_in1k,False,,,,sgd,0.0,0.1,,0,200,448,8,5992,5794,25,-1,hiresnet50.tv2_in1k,82.5854,,,1.5626,82.58543320676561,100.0,,,0.0003,373.6122,8.6172,16.3943,24.8289,24.8289,
vsplab,40,cub_pl,hiresnet50.tv2_in1k,False,,,,sgd,0.0,0.1,,0,200,448,8,5992,5794,50,-1,hiresnet50.tv2_in1k,83.086,,,1.5583,83.08595098377631,99.9833,,,0.0006,374.0726,8.6172,16.3944,24.8589,24.8589,
vsplab,40,cub_pl,hiresnet50.tv2_in1k,False,,,,sgd,0.0,0.1,,0,200,448,8,5992,5794,70,-1,hiresnet50.tv2_in1k,83.3103,,,1.4409,83.31032102174663,99.9666,,,0.004,374.3011,8.6172,16.3944,24.883,24.883,
vsplab,40,cub_pl,hiresnet50.tv_in1k,False,,,,adamw,0.05,5e-06,,0,200,448,8,5992,5794,25,-1,hiresnet50.tv_in1k,83.3448,,,1.1233,83.34483948912668,99.8999,,,0.0049,372.6736,8.6172,16.3943,24.8289,24.8289,
vsplab,40,cub_pl,hiresnet50.tv_in1k,False,,,,adamw,0.05,5e-06,,0,200,448,8,5992,5794,50,-1,hiresnet50.tv_in1k,82.8098,,,1.1222,82.80980324473593,99.8665,,,0.005,376.0851,8.6172,16.3944,24.8589,24.8589,
vsplab,40,cub_pl,hiresnet50.tv_in1k,False,,,,adamw,0.05,5e-06,,0,200,448,8,5992,5794,70,-1,hiresnet50.tv_in1k,83.3621,,,1.1889,83.36209872281671,99.9166,,,0.0044,370.5337,8.6172,16.3944,24.883,24.883,
vsplab,40,cub_pl,hiresnet50.tv_in1k,False,,,,adamw,0.05,1e-05,,0,200,448,8,5992,5794,25,-1,hiresnet50.tv_in1k,83.2068,,,1.2042,83.20676561960649,99.9833,,,0.0023,369.1427,8.6172,16.3943,24.8289,24.8289,
vsplab,40,cub_pl,hiresnet50.tv_in1k,False,,,,adamw,0.05,1e-05,,0,200,448,8,5992,5794,50,-1,hiresnet50.tv_in1k,83.5174,,,1.143,83.51743182602692,99.9833,,,0.0015,375.1491,8.6172,16.3944,24.8589,24.8589,
vsplab,40,cub_pl,hiresnet50.tv_in1k,False,,,,adamw,0.05,1e-05,,0,200,448,8,5992,5794,70,-1,hiresnet50.tv_in1k,83.2413,,,1.209,83.24128408698654,99.9499,,,0.0024,373.5277,8.6172,16.3944,24.883,24.883,
vsplab,40,cub_pl,hiresnet50.tv_in1k,False,,,,adamw,0.05,5e-05,,0,200,448,8,5992,5794,25,-1,hiresnet50.tv_in1k,82.7753,,,1.3638,82.77528477735588,99.9833,,,0.0009,373.9433,8.6172,16.3943,24.8289,24.8289,
vsplab,40,cub_pl,hiresnet50.tv_in1k,False,,,,adamw,0.05,5e-05,,0,200,448,8,5992,5794,50,-1,hiresnet50.tv_in1k,83.224,,,1.3341,83.22402485329651,99.9666,,,0.0032,375.4137,8.6172,16.3944,24.8589,24.8589,
vsplab,40,cub_pl,hiresnet50.tv_in1k,False,,,,adamw,0.05,5e-05,,0,200,448,8,5992,5794,70,-1,hiresnet50.tv_in1k,83.2931,,,1.282,83.2930617880566,99.9666,,,0.0021,373.2531,8.6172,16.3944,24.883,24.883,
vsplab,40,cub_pl,hiresnet50.tv_in1k,False,,,,adamw,0.05,0.0001,,0,200,448,8,5992,5794,25,-1,hiresnet50.tv_in1k,83.3621,,,1.2841,83.36209872281671,100.0,,,0.0001,373.427,8.6172,16.3943,24.8289,24.8289,
vsplab,40,cub_pl,hiresnet50.tv_in1k,False,,,,adamw,0.05,0.0001,,0,200,448,8,5992,5794,50,-1,hiresnet50.tv_in1k,83.3276,,,1.2864,83.32758025543666,100.0,,,0.0001,375.4616,8.6172,16.3944,24.8589,24.8589,
vsplab,40,cub_pl,hiresnet50.tv_in1k,False,,,,adamw,0.05,0.0001,,0,200,448,8,5992,5794,70,-1,hiresnet50.tv_in1k,83.5002,,,1.2964,83.5001725923369,99.9833,,,0.0011,376.3478,8.6172,16.3944,24.883,24.883,
vsplab,40,cub_pl,hiresnet50.tv_in1k,False,,,,adamw,0.05,0.0005,,0,200,448,8,5992,5794,25,-1,hiresnet50.tv_in1k,79.1681,,,1.3636,79.16810493614084,100.0,,,0.0003,371.9925,8.6172,16.3943,24.8289,24.8289,
vsplab,40,cub_pl,hiresnet50.tv_in1k,False,,,,adamw,0.05,0.0005,,0,200,448,8,5992,5794,50,-1,hiresnet50.tv_in1k,80.3245,,,1.3565,80.32447359337246,100.0,,,0.0002,372.6517,8.6172,16.3944,24.8589,24.8589,
vsplab,40,cub_pl,hiresnet50.tv_in1k,False,,,,adamw,0.05,0.0005,,0,200,448,8,5992,5794,70,-1,hiresnet50.tv_in1k,80.6179,,,1.2948,80.61788056610287,99.9833,,,0.0008,376.8215,8.6172,16.3944,24.883,24.883,
vsplab,40,cub_pl,hiresnet50.tv_in1k,False,,,,adamw,0.05,0.001,,0,200,448,8,5992,5794,25,-1,hiresnet50.tv_in1k,75.5954,,,1.5269,75.59544356230583,100.0,,,0.0007,370.624,8.6172,16.3943,24.8289,24.8289,
vsplab,40,cub_pl,hiresnet50.tv_in1k,False,,,,adamw,0.05,0.001,,0,200,448,8,5992,5794,50,-1,hiresnet50.tv_in1k,74.5599,,,1.592,74.55988954090438,100.0,,,0.0009,375.8196,8.6172,16.3944,24.8589,24.8589,
vsplab,40,cub_pl,hiresnet50.tv_in1k,False,,,,adamw,0.05,0.001,,0,200,448,8,5992,5794,70,-1,hiresnet50.tv_in1k,73.369,,,1.6655,73.36900241629272,100.0,,,0.0006,376.3799,8.6172,16.3944,24.883,24.883,
vsplab,40,cub_pl,hiresnet50.tv_in1k,False,,,,sgd,0.0,0.003,,0,200,448,8,5992,5794,25,-1,hiresnet50.tv_in1k,85.2779,,,0.7313,85.27787366240939,100.0,,,0.0011,372.901,8.6172,16.3943,24.8289,24.8289,
vsplab,40,cub_pl,hiresnet50.tv_in1k,False,,,,sgd,0.0,0.003,,0,200,448,8,5992,5794,50,-1,hiresnet50.tv_in1k,85.5885,,,0.7235,85.58853986882983,100.0,,,0.0009,374.6724,8.6172,16.3944,24.8589,24.8589,
vsplab,40,cub_pl,hiresnet50.tv_in1k,False,,,,sgd,0.0,0.003,,0,200,448,8,5992,5794,70,-1,hiresnet50.tv_in1k,85.0362,,,0.7419,85.03624439074905,100.0,,,0.001,373.6585,8.6172,16.3944,24.883,24.883,
vsplab,40,cub_pl,hiresnet50.tv_in1k,False,,,,sgd,0.0,0.01,,0,200,448,8,5992,5794,25,-1,hiresnet50.tv_in1k,86.3652,,,0.7704,86.36520538488091,100.0,,,0.0002,371.4692,8.6172,16.3943,24.8289,24.8289,
vsplab,40,cub_pl,hiresnet50.tv_in1k,False,,,,sgd,0.0,0.01,,0,200,448,8,5992,5794,50,-1,hiresnet50.tv_in1k,86.5205,,,0.7641,86.52053848809113,100.0,,,0.0003,374.018,8.6172,16.3944,24.8589,24.8589,
vsplab,40,cub_pl,hiresnet50.tv_in1k,False,,,,sgd,0.0,0.01,,0,200,448,8,5992,5794,70,-1,hiresnet50.tv_in1k,86.3997,,,0.7674,86.39972385226096,100.0,,,0.0002,374.2283,8.6172,16.3944,24.883,24.883,
vsplab,40,cub_pl,hiresnet50.tv_in1k,False,,,,sgd,0.0,0.03,,0,200,448,8,5992,5794,25,-1,hiresnet50.tv_in1k,85.6748,,,0.961,85.67483603727995,100.0,,,0.0001,372.8699,8.6172,16.3943,24.8289,24.8289,
vsplab,40,cub_pl,hiresnet50.tv_in1k,False,,,,sgd,0.0,0.03,,0,200,448,8,5992,5794,50,-1,hiresnet50.tv_in1k,86.0028,,,0.904,86.00276147739041,100.0,,,0.0,376.3464,8.6172,16.3944,24.8589,24.8589,
vsplab,40,cub_pl,hiresnet50.tv_in1k,False,,,,sgd,0.0,0.03,,0,200,448,8,5992,5794,70,-1,hiresnet50.tv_in1k,85.6748,,,0.9363,85.67483603727995,100.0,,,0.0001,372.9237,8.6172,16.3944,24.883,24.883,
vsplab,40,cub_pl,hiresnet50.tv_in1k,False,,,,sgd,0.0,0.1,,0,200,448,8,5992,5794,25,-1,hiresnet50.tv_in1k,81.1529,,,1.7346,81.15291681049361,99.9666,,,0.0021,370.3488,8.6172,16.3943,24.8289,24.8289,
vsplab,40,cub_pl,hiresnet50.tv_in1k,False,,,,sgd,0.0,0.1,,0,200,448,8,5992,5794,50,-1,hiresnet50.tv_in1k,80.8768,,,1.7513,80.87676907145323,99.9666,,,0.0017,373.7233,8.6172,16.3944,24.8589,24.8589,
vsplab,40,cub_pl,hiresnet50.tv_in1k,False,,,,sgd,0.0,0.1,,0,200,448,8,5992,5794,70,-1,hiresnet50.tv_in1k,81.2565,,,1.7893,81.25647221263375,100.0,,,0.0001,373.7149,8.6172,16.3944,24.883,24.883,
hgpn04,40,cub_pl,hivit_base_patch16_224.dino,False,,,,adamw,0.05,5e-06,,0,200,448,8,5992,5794,25,-1,hivit_base_patch16_224.dino,80.0483,,,1.7921,80.04832585433206,99.516,,,0.0482,67.089,0.4238,67.1518,86.8031,86.8031,
hgpn04,40,cub_pl,hivit_base_patch16_224.dino,False,,,,adamw,0.05,5e-06,,0,200,448,8,5992,5794,50,-1,hivit_base_patch16_224.dino,80.9458,,,1.9073,80.94580600621332,99.8164,,,0.014,69.0295,0.4238,67.1518,86.8331,86.8331,
hgpn04,40,cub_pl,hivit_base_patch16_224.dino,False,,,,adamw,0.05,5e-06,,0,200,448,8,5992,5794,70,-1,hivit_base_patch16_224.dino,81.9641,,,1.6951,81.96410079392474,99.8665,,,0.0166,68.3333,0.4258,67.1518,86.8572,86.8572,
hgpn04,40,cub_pl,hivit_base_patch16_224.dino,False,,,,adamw,0.05,1e-05,,0,200,448,8,5992,5794,25,-1,hivit_base_patch16_224.dino,80.5834,,,1.8281,80.58336209872282,99.8665,,,0.012,67.4061,0.4238,67.1518,86.8031,86.8031,
hgpn04,40,cub_pl,hivit_base_patch16_224.dino,False,,,,adamw,0.05,1e-05,,0,200,448,8,5992,5794,50,-1,hivit_base_patch16_224.dino,81.1184,,,1.9069,81.11839834311357,99.6996,,,0.0419,69.1164,0.4238,67.1518,86.8331,86.8331,
hgpn04,40,cub_pl,hivit_base_patch16_224.dino,False,,,,adamw,0.05,1e-05,,0,200,448,8,5992,5794,70,-1,hivit_base_patch16_224.dino,82.1712,,,1.8058,82.17121159820503,99.9332,,,0.012,70.0,0.4258,67.1518,86.8572,86.8572,
hgpn04,40,cub_pl,hivit_base_patch16_224.dino,False,,,,adamw,0.05,5e-05,,0,200,448,8,5992,5794,25,-1,hivit_base_patch16_224.dino,74.9051,,,2.5946,74.90507421470487,99.9833,,,0.0006,67.471,0.4238,67.1518,86.8031,86.8031,
hgpn04,40,cub_pl,hivit_base_patch16_224.dino,False,,,,adamw,0.05,5e-05,,0,200,448,8,5992,5794,50,-1,hivit_base_patch16_224.dino,73.3863,,,2.7277,73.38626164998274,99.9499,,,0.0106,68.0272,0.4238,67.1518,86.8331,86.8331,
hgpn04,40,cub_pl,hivit_base_patch16_224.dino,False,,,,adamw,0.05,5e-05,,0,200,448,8,5992,5794,70,-1,hivit_base_patch16_224.dino,75.5091,,,2.4471,75.50914739385571,99.9332,,,0.0056,69.863,0.4258,67.1518,86.8572,86.8572,
hgpn04,40,cub_pl,hivit_base_patch16_224.dino,False,,,,adamw,0.05,0.0001,,0,200,448,8,5992,5794,25,-1,hivit_base_patch16_224.dino,69.0024,,,3.0746,69.0024162927166,100.0,,,0.0,67.2307,0.4238,67.1518,86.8031,86.8031,
hgpn04,40,cub_pl,hivit_base_patch16_224.dino,False,,,,adamw,0.05,0.0001,,0,200,448,8,5992,5794,50,-1,hivit_base_patch16_224.dino,68.2258,,,2.9793,68.22575077666552,99.9833,,,0.0018,67.0783,0.4238,67.1518,86.8331,86.8331,
hgpn04,40,cub_pl,hivit_base_patch16_224.dino,False,,,,adamw,0.05,0.0001,,0,200,448,8,5992,5794,70,-1,hivit_base_patch16_224.dino,70.4695,,,2.8017,70.46945115636866,100.0,,,0.0,69.6414,0.4258,67.1518,86.8572,86.8572,
hgpn04,40,cub_pl,hivit_base_patch16_224.dino,False,,,,adamw,0.05,0.0005,,0,200,448,8,5992,5794,25,-1,hivit_base_patch16_224.dino,20.3141,,,3.6643,20.31411805315844,47.5801,,,3.8438,68.7326,0.4238,67.1518,86.8031,86.8031,
hgpn04,40,cub_pl,hivit_base_patch16_224.dino,False,,,,adamw,0.05,0.0005,,0,200,448,8,5992,5794,50,-1,hivit_base_patch16_224.dino,17.5009,,,4.064,17.5008629616845,47.2463,,,3.9527,67.5405,0.4238,67.1518,86.8331,86.8331,
hgpn04,40,cub_pl,hivit_base_patch16_224.dino,False,,,,adamw,0.05,0.0005,,0,200,448,8,5992,5794,70,-1,hivit_base_patch16_224.dino,17.8633,,,3.8979,17.86330686917501,46.1282,,,4.1767,69.8828,0.4258,67.1518,86.8572,86.8572,
hgpn04,40,cub_pl,hivit_base_patch16_224.dino,False,,,,adamw,0.05,0.001,,0,200,448,8,5992,5794,25,-1,hivit_base_patch16_224.dino,12.0124,,,4.0269,12.012426648256817,15.8044,,,6.3094,69.7881,0.4238,67.1518,86.8031,86.8031,
hgpn04,40,cub_pl,hivit_base_patch16_224.dino,False,,,,adamw,0.05,0.001,,0,200,448,8,5992,5794,50,-1,hivit_base_patch16_224.dino,11.0459,,,4.1406,11.045909561615463,13.4846,,,6.9854,67.5743,0.4238,67.1518,86.8331,86.8331,
hgpn04,40,cub_pl,hivit_base_patch16_224.dino,False,,,,adamw,0.05,0.001,,0,200,448,8,5992,5794,70,-1,hivit_base_patch16_224.dino,13.7384,,,3.8961,13.738350017259236,17.49,,,6.8477,70.0059,0.4258,67.1518,86.8572,86.8572,
hgpn04,40,cub_pl,hivit_base_patch16_224.dino,False,,,,sgd,0.0,0.003,,0,200,448,8,5992,5794,25,-1,hivit_base_patch16_224.dino,85.1398,,,0.8231,85.13979979288919,100.0,,,0.0006,63.1349,0.4238,67.1518,86.8031,86.8031,
hgpn04,40,cub_pl,hivit_base_patch16_224.dino,False,,,,sgd,0.0,0.003,,0,200,448,8,5992,5794,50,-1,hivit_base_patch16_224.dino,85.0362,,,0.8297,85.03624439074905,100.0,,,0.0006,61.9441,0.4238,67.1518,86.8331,86.8331,
hgpn04,40,cub_pl,hivit_base_patch16_224.dino,False,,,,sgd,0.0,0.003,,0,200,448,8,5992,5794,70,-1,hivit_base_patch16_224.dino,84.8637,,,0.878,84.86365205384881,100.0,,,0.0006,62.0248,0.4258,67.1518,86.8572,86.8572,
hgpn04,40,cub_pl,hivit_base_patch16_224.dino,False,,,,sgd,0.0,0.01,,0,200,448,8,5992,5794,25,-1,hivit_base_patch16_224.dino,84.6393,,,0.9546,84.63928201587849,100.0,,,0.0001,62.5146,0.4238,67.1518,86.8031,86.8031,
hgpn04,40,cub_pl,hivit_base_patch16_224.dino,False,,,,sgd,0.0,0.01,,0,200,448,8,5992,5794,50,-1,hivit_base_patch16_224.dino,84.7601,,,0.9723,84.76009665170866,100.0,,,0.0001,61.9093,0.4238,67.1518,86.8331,86.8331,
hgpn04,40,cub_pl,hivit_base_patch16_224.dino,False,,,,sgd,0.0,0.01,,0,200,448,8,5992,5794,70,-1,hivit_base_patch16_224.dino,85.0017,,,0.9727,85.00172592336901,100.0,,,0.0002,63.1881,0.4258,67.1518,86.8572,86.8572,
hgpn04,40,cub_pl,hivit_base_patch16_224.dino,False,,,,sgd,0.0,0.03,,0,200,448,8,5992,5794,25,-1,hivit_base_patch16_224.dino,75.3711,,,1.6048,75.37107352433551,100.0,,,0.0,62.6449,0.4238,67.1518,86.8031,86.8031,
hgpn04,40,cub_pl,hivit_base_patch16_224.dino,False,,,,sgd,0.0,0.03,,0,200,448,8,5992,5794,50,-1,hivit_base_patch16_224.dino,76.1995,,,1.516,76.19951674145668,100.0,,,0.0,61.8191,0.4238,67.1518,86.8331,86.8331,
hgpn04,40,cub_pl,hivit_base_patch16_224.dino,False,,,,sgd,0.0,0.03,,0,200,448,8,5992,5794,70,-1,hivit_base_patch16_224.dino,76.5965,,,1.4966,76.59647911632723,100.0,,,0.0,62.178,0.4258,67.1518,86.8572,86.8572,
hgpn04,40,cub_pl,hivit_base_patch16_224.dino,False,,,,sgd,0.0,0.1,,0,200,448,8,5992,5794,25,-1,hivit_base_patch16_224.dino,10.4764,,,4.1068,10.476354849844666,14.2356,,,6.4543,61.8612,0.4238,67.1518,86.8031,86.8031,
hgpn04,40,cub_pl,hivit_base_patch16_224.dino,False,,,,sgd,0.0,0.1,,0,200,448,8,5992,5794,50,-1,hivit_base_patch16_224.dino,16.5861,,,3.8355,16.58612357611322,25.7677,,,5.664,61.73,0.4238,67.1518,86.8331,86.8331,
hgpn04,40,cub_pl,hivit_base_patch16_224.dino,False,,,,sgd,0.0,0.1,,0,200,448,8,5992,5794,70,-1,hivit_base_patch16_224.dino,17.2765,,,3.7957,17.276492923714187,29.4893,,,5.6351,62.3096,0.4258,67.1518,86.8572,86.8572,
hgpn39,40,cub_pl,hivit_base_patch16_224.in1k_mocov3,False,,,,adamw,0.05,5e-06,,0,200,448,8,5992,5794,25,-1,hivit_base_patch16_224.in1k_mocov3,83.9834,,,1.1259,83.98343113565758,99.9332,,,0.0044,64.1811,0.4238,67.1518,86.8031,86.8031,
hgpn39,40,cub_pl,hivit_base_patch16_224.in1k_mocov3,False,,,,adamw,0.05,5e-06,,0,200,448,8,5992,5794,50,-1,hivit_base_patch16_224.in1k_mocov3,83.5692,,,1.2108,83.569209527097,99.9166,,,0.013,64.367,0.4238,67.1518,86.8331,86.8331,
hgpn39,40,cub_pl,hivit_base_patch16_224.in1k_mocov3,False,,,,adamw,0.05,5e-06,,0,200,448,8,5992,5794,70,-1,hivit_base_patch16_224.in1k_mocov3,82.8616,,,1.2078,82.86158094580601,99.8832,,,0.0121,64.7457,0.4258,67.1518,86.8572,86.8572,
hgpn39,40,cub_pl,hivit_base_patch16_224.in1k_mocov3,False,,,,adamw,0.05,1e-05,,0,200,448,8,5992,5794,25,-1,hivit_base_patch16_224.in1k_mocov3,84.5357,,,1.1461,84.53572661373835,99.9833,,,0.0043,64.2729,0.4238,67.1518,86.8031,86.8031,
hgpn39,40,cub_pl,hivit_base_patch16_224.in1k_mocov3,False,,,,adamw,0.05,1e-05,,0,200,448,8,5992,5794,50,-1,hivit_base_patch16_224.in1k_mocov3,83.5865,,,1.1919,83.58646876078703,99.8999,,,0.0064,64.2573,0.4238,67.1518,86.8331,86.8331,
hgpn39,40,cub_pl,hivit_base_patch16_224.in1k_mocov3,False,,,,adamw,0.05,1e-05,,0,200,448,8,5992,5794,70,-1,hivit_base_patch16_224.in1k_mocov3,84.3804,,,1.1352,84.38039351052814,99.9833,,,0.0022,64.0993,0.4258,67.1518,86.8572,86.8572,
hgpn39,40,cub_pl,hivit_base_patch16_224.in1k_mocov3,False,,,,adamw,0.05,5e-05,,0,200,448,8,5992,5794,25,-1,hivit_base_patch16_224.in1k_mocov3,82.9479,,,1.452,82.94787711425613,99.9833,,,0.0037,63.8468,0.4238,67.1518,86.8031,86.8031,
hgpn39,40,cub_pl,hivit_base_patch16_224.in1k_mocov3,False,,,,adamw,0.05,5e-05,,0,200,448,8,5992,5794,50,-1,hivit_base_patch16_224.in1k_mocov3,83.7245,,,1.4475,83.72454263030721,100.0,,,0.0,64.1216,0.4238,67.1518,86.8331,86.8331,
hgpn39,40,cub_pl,hivit_base_patch16_224.in1k_mocov3,False,,,,adamw,0.05,5e-05,,0,200,448,8,5992,5794,70,-1,hivit_base_patch16_224.in1k_mocov3,83.7073,,,1.3963,83.70728339661719,100.0,,,0.0,64.745,0.4258,67.1518,86.8572,86.8572,
hgpn39,40,cub_pl,hivit_base_patch16_224.in1k_mocov3,False,,,,adamw,0.05,0.0001,,0,200,448,8,5992,5794,25,-1,hivit_base_patch16_224.in1k_mocov3,80.825,,,1.6693,80.82499137038316,100.0,,,0.0001,64.1587,0.4238,67.1518,86.8031,86.8031,
hgpn39,40,cub_pl,hivit_base_patch16_224.in1k_mocov3,False,,,,adamw,0.05,0.0001,,0,200,448,8,5992,5794,50,-1,hivit_base_patch16_224.in1k_mocov3,81.3255,,,1.6272,81.32550914739386,100.0,,,0.0,64.3132,0.4238,67.1518,86.8331,86.8331,
hgpn39,40,cub_pl,hivit_base_patch16_224.in1k_mocov3,False,,,,adamw,0.05,0.0001,,0,200,448,8,5992,5794,70,-1,hivit_base_patch16_224.in1k_mocov3,81.291,,,1.6774,81.2909906800138,100.0,,,0.0,64.3496,0.4258,67.1518,86.8572,86.8572,
hgpn39,40,cub_pl,hivit_base_patch16_224.in1k_mocov3,False,,,,adamw,0.05,0.0005,,0,200,448,8,5992,5794,25,-1,hivit_base_patch16_224.in1k_mocov3,66.1201,,,2.8906,66.12012426648256,100.0,,,0.0,64.1118,0.4238,67.1518,86.8031,86.8031,
hgpn39,40,cub_pl,hivit_base_patch16_224.in1k_mocov3,False,,,,adamw,0.05,0.0005,,0,200,448,8,5992,5794,50,-1,hivit_base_patch16_224.in1k_mocov3,67.0003,,,2.766,67.0003451846738,100.0,,,0.0,64.2658,0.4238,67.1518,86.8331,86.8331,
hgpn39,40,cub_pl,hivit_base_patch16_224.in1k_mocov3,False,,,,adamw,0.05,0.0005,,0,200,448,8,5992,5794,70,-1,hivit_base_patch16_224.in1k_mocov3,66.5516,,,2.719,66.55160510873317,100.0,,,0.0,64.3823,0.4258,67.1518,86.8572,86.8572,
hgpn39,40,cub_pl,hivit_base_patch16_224.in1k_mocov3,False,,,,adamw,0.05,0.001,,0,200,448,8,5992,5794,25,-1,hivit_base_patch16_224.in1k_mocov3,41.2323,,,4.1038,41.23230928546773,99.9833,,,0.0072,63.6104,0.4238,67.1518,86.8031,86.8031,
hgpn39,40,cub_pl,hivit_base_patch16_224.in1k_mocov3,False,,,,adamw,0.05,0.001,,0,200,448,8,5992,5794,50,-1,hivit_base_patch16_224.in1k_mocov3,37.1074,,,4.1376,37.10735243355195,99.4493,,,0.14,63.8437,0.4238,67.1518,86.8331,86.8331,
hgpn39,40,cub_pl,hivit_base_patch16_224.in1k_mocov3,False,,,,adamw,0.05,0.001,,0,200,448,8,5992,5794,70,-1,hivit_base_patch16_224.in1k_mocov3,42.3542,,,4.1882,42.35415947531929,99.9666,,,0.0045,64.4202,0.4258,67.1518,86.8572,86.8572,
hgpn39,40,cub_pl,hivit_base_patch16_224.in1k_mocov3,False,,,,sgd,0.0,0.003,,0,200,448,8,5992,5794,25,-1,hivit_base_patch16_224.in1k_mocov3,87.0556,,,0.6134,87.05557473248187,100.0,,,0.0022,55.9161,0.4238,67.1518,86.8031,86.8031,
hgpn39,40,cub_pl,hivit_base_patch16_224.in1k_mocov3,False,,,,sgd,0.0,0.003,,0,200,448,8,5992,5794,50,-1,hivit_base_patch16_224.in1k_mocov3,86.9002,,,0.6103,86.90024162927166,100.0,,,0.0015,55.8949,0.4238,67.1518,86.8331,86.8331,
hgpn39,40,cub_pl,hivit_base_patch16_224.in1k_mocov3,False,,,,sgd,0.0,0.003,,0,200,448,8,5992,5794,70,-1,hivit_base_patch16_224.in1k_mocov3,87.1246,,,0.6122,87.12461166724198,100.0,,,0.0015,55.8284,0.4258,67.1518,86.8572,86.8572,
hgpn39,40,cub_pl,hivit_base_patch16_224.in1k_mocov3,False,,,,sgd,0.0,0.01,,0,200,448,8,5992,5794,25,-1,hivit_base_patch16_224.in1k_mocov3,87.7287,,,0.6464,87.72868484639282,100.0,,,0.0006,55.8105,0.4238,67.1518,86.8031,86.8031,
hgpn39,40,cub_pl,hivit_base_patch16_224.in1k_mocov3,False,,,,sgd,0.0,0.01,,0,200,448,8,5992,5794,50,-1,hivit_base_patch16_224.in1k_mocov3,87.7287,,,0.6384,87.72868484639282,100.0,,,0.0003,55.5673,0.4238,67.1518,86.8331,86.8331,
hgpn39,40,cub_pl,hivit_base_patch16_224.in1k_mocov3,False,,,,sgd,0.0,0.01,,0,200,448,8,5992,5794,70,-1,hivit_base_patch16_224.in1k_mocov3,87.8322,,,0.6468,87.83224024853297,100.0,,,0.0003,55.7787,0.4258,67.1518,86.8572,86.8572,
hgpn39,40,cub_pl,hivit_base_patch16_224.in1k_mocov3,False,,,,sgd,0.0,0.03,,0,200,448,8,5992,5794,25,-1,hivit_base_patch16_224.in1k_mocov3,86.9002,,,0.7803,86.90024162927166,100.0,,,0.0001,55.8571,0.4238,67.1518,86.8031,86.8031,
hgpn39,40,cub_pl,hivit_base_patch16_224.in1k_mocov3,False,,,,sgd,0.0,0.03,,0,200,448,8,5992,5794,50,-1,hivit_base_patch16_224.in1k_mocov3,87.4525,,,0.753,87.45253710735243,100.0,,,0.0001,55.6949,0.4238,67.1518,86.8331,86.8331,
hgpn39,40,cub_pl,hivit_base_patch16_224.in1k_mocov3,False,,,,sgd,0.0,0.03,,0,200,448,8,5992,5794,70,-1,hivit_base_patch16_224.in1k_mocov3,87.5216,,,0.7376,87.52157404211253,100.0,,,0.0001,55.537,0.4258,67.1518,86.8572,86.8572,
hgpn39,40,cub_pl,hivit_base_patch16_224.in1k_mocov3,False,,,,sgd,0.0,0.1,,0,200,448,8,5992,5794,25,-1,hivit_base_patch16_224.in1k_mocov3,79.4443,,,1.8107,79.44425267518122,100.0,,,0.0001,56.1081,0.4238,67.1518,86.8031,86.8031,
hgpn39,40,cub_pl,hivit_base_patch16_224.in1k_mocov3,False,,,,sgd,0.0,0.1,,0,200,448,8,5992,5794,50,-1,hivit_base_patch16_224.in1k_mocov3,79.1508,,,1.8716,79.15084570245081,100.0,,,0.0001,55.6472,0.4238,67.1518,86.8331,86.8331,
hgpn39,40,cub_pl,hivit_base_patch16_224.in1k_mocov3,False,,,,sgd,0.0,0.1,,0,200,448,8,5992,5794,70,-1,hivit_base_patch16_224.in1k_mocov3,79.8412,,,1.8009,79.84121505005177,100.0,,,0.0003,55.6865,0.4258,67.1518,86.8572,86.8572,
hgpn19,40,cub_pl,hivit_base_patch16_224.mae,False,,,,adamw,0.05,5e-06,,0,200,448,8,5992,5794,25,-1,hivit_base_patch16_224.mae,79.1681,,,1.802,79.16810493614084,99.7497,,,0.0218,71.8776,0.4238,67.1518,86.8031,86.8031,
hgpn19,40,cub_pl,hivit_base_patch16_224.mae,False,,,,adamw,0.05,5e-06,,0,200,448,8,5992,5794,50,-1,hivit_base_patch16_224.mae,78.098,,,1.7932,78.09803244735934,99.7997,,,0.0287,68.4987,0.4238,67.1518,86.8331,86.8331,
hgpn19,40,cub_pl,hivit_base_patch16_224.mae,False,,,,adamw,0.05,5e-06,,0,200,448,8,5992,5794,70,-1,hivit_base_patch16_224.mae,79.4615,,,1.7549,79.46151190887124,99.6829,,,0.0289,68.46,0.4258,67.1518,86.8572,86.8572,
hgpn19,40,cub_pl,hivit_base_patch16_224.mae,False,,,,adamw,0.05,1e-05,,0,200,448,8,5992,5794,25,-1,hivit_base_patch16_224.mae,78.2706,,,1.8495,78.27062478425958,99.8665,,,0.0113,71.5746,0.4238,67.1518,86.8031,86.8031,
hgpn19,40,cub_pl,hivit_base_patch16_224.mae,False,,,,adamw,0.05,1e-05,,0,200,448,8,5992,5794,50,-1,hivit_base_patch16_224.mae,80.2554,,,1.7525,80.25543665861235,99.7497,,,0.0183,68.5186,0.4238,67.1518,86.8331,86.8331,
hgpn19,40,cub_pl,hivit_base_patch16_224.mae,False,,,,adamw,0.05,1e-05,,0,200,448,8,5992,5794,70,-1,hivit_base_patch16_224.mae,80.2727,,,1.7058,80.27269589230238,99.783,,,0.0258,68.4947,0.4258,67.1518,86.8572,86.8572,
hgpn19,40,cub_pl,hivit_base_patch16_224.mae,False,,,,adamw,0.05,5e-05,,0,200,448,8,5992,5794,25,-1,hivit_base_patch16_224.mae,80.2209,,,1.8519,80.22091819123231,100.0,,,0.0001,71.0862,0.4238,67.1518,86.8031,86.8031,
hgpn19,40,cub_pl,hivit_base_patch16_224.mae,False,,,,adamw,0.05,5e-05,,0,200,448,8,5992,5794,50,-1,hivit_base_patch16_224.mae,79.2889,,,1.9045,79.28891957197101,99.9666,,,0.0082,68.0927,0.4238,67.1518,86.8331,86.8331,
hgpn19,40,cub_pl,hivit_base_patch16_224.mae,False,,,,adamw,0.05,5e-05,,0,200,448,8,5992,5794,70,-1,hivit_base_patch16_224.mae,80.5143,,,1.8148,80.51432516396272,100.0,,,0.0,68.3723,0.4258,67.1518,86.8572,86.8572,
hgpn19,40,cub_pl,hivit_base_patch16_224.mae,False,,,,adamw,0.05,0.0001,,0,200,448,8,5992,5794,25,-1,hivit_base_patch16_224.mae,78.0635,,,1.9636,78.06351397997929,100.0,,,0.0,71.8735,0.4238,67.1518,86.8031,86.8031,
hgpn19,40,cub_pl,hivit_base_patch16_224.mae,False,,,,adamw,0.05,0.0001,,0,200,448,8,5992,5794,50,-1,hivit_base_patch16_224.mae,78.6158,,,1.9174,78.61580945806006,100.0,,,0.0,68.3363,0.4238,67.1518,86.8331,86.8331,
hgpn19,40,cub_pl,hivit_base_patch16_224.mae,False,,,,adamw,0.05,0.0001,,0,200,448,8,5992,5794,70,-1,hivit_base_patch16_224.mae,77.96,,,1.9322,77.95995857783915,100.0,,,0.0,68.4434,0.4258,67.1518,86.8572,86.8572,
hgpn19,40,cub_pl,hivit_base_patch16_224.mae,False,,,,adamw,0.05,0.0005,,0,200,448,8,5992,5794,25,-1,hivit_base_patch16_224.mae,36.5205,,,4.8779,36.52053848809113,100.0,,,0.0021,72.2388,0.4238,67.1518,86.8031,86.8031,
hgpn19,40,cub_pl,hivit_base_patch16_224.mae,False,,,,adamw,0.05,0.0005,,0,200,448,8,5992,5794,50,-1,hivit_base_patch16_224.mae,37.7287,,,5.2379,37.72868484639282,100.0,,,0.0001,68.2861,0.4238,67.1518,86.8331,86.8331,
hgpn19,40,cub_pl,hivit_base_patch16_224.mae,False,,,,adamw,0.05,0.0005,,0,200,448,8,5992,5794,70,-1,hivit_base_patch16_224.mae,40.3693,,,3.9646,40.36934760096652,99.8331,,,0.0188,68.4449,0.4258,67.1518,86.8572,86.8572,
hgpn19,40,cub_pl,hivit_base_patch16_224.mae,False,,,,adamw,0.05,0.001,,0,200,448,8,5992,5794,25,-1,hivit_base_patch16_224.mae,,,,,,,,,,,,,,,
hgpn19,40,cub_pl,hivit_base_patch16_224.mae,False,,,,adamw,0.05,0.001,,0,200,448,8,5992,5794,50,-1,hivit_base_patch16_224.mae,,,,,,,,,,,,,,,
hgpn19,40,cub_pl,hivit_base_patch16_224.mae,False,,,,adamw,0.05,0.001,,0,200,448,8,5992,5794,70,-1,hivit_base_patch16_224.mae,,,,,,,,,,,,,,,
hgpn19,40,cub_pl,hivit_base_patch16_224.mae,False,,,,sgd,0.0,0.003,,0,200,448,8,5992,5794,25,-1,hivit_base_patch16_224.mae,80.8423,,,0.9074,80.84225060407319,100.0,,,0.0009,61.4719,0.4238,67.1518,86.8031,86.8031,
hgpn19,40,cub_pl,hivit_base_patch16_224.mae,False,,,,sgd,0.0,0.003,,0,200,448,8,5992,5794,50,-1,hivit_base_patch16_224.mae,80.9113,,,0.9273,80.91128753883328,100.0,,,0.001,61.0972,0.4238,67.1518,86.8331,86.8331,
hgpn19,40,cub_pl,hivit_base_patch16_224.mae,False,,,,sgd,0.0,0.003,,0,200,448,8,5992,5794,70,-1,hivit_base_patch16_224.mae,80.2209,,,0.9213,80.22091819123231,100.0,,,0.001,59.1785,0.4258,67.1518,86.8572,86.8572,
hgpn19,40,cub_pl,hivit_base_patch16_224.mae,False,,,,sgd,0.0,0.01,,0,200,448,8,5992,5794,25,-1,hivit_base_patch16_224.mae,84.3459,,,0.8412,84.34587504314808,100.0,,,0.0001,61.4417,0.4238,67.1518,86.8031,86.8031,
hgpn19,40,cub_pl,hivit_base_patch16_224.mae,False,,,,sgd,0.0,0.01,,0,200,448,8,5992,5794,50,-1,hivit_base_patch16_224.mae,84.6565,,,0.838,84.65654124956852,100.0,,,0.0002,60.9086,0.4238,67.1518,86.8331,86.8331,
hgpn19,40,cub_pl,hivit_base_patch16_224.mae,False,,,,sgd,0.0,0.01,,0,200,448,8,5992,5794,70,-1,hivit_base_patch16_224.mae,84.622,,,0.8654,84.62202278218847,100.0,,,0.0002,60.0552,0.4258,67.1518,86.8572,86.8572,
hgpn19,40,cub_pl,hivit_base_patch16_224.mae,False,,,,sgd,0.0,0.03,,0,200,448,8,5992,5794,25,-1,hivit_base_patch16_224.mae,85.1398,,,0.9958,85.13979979288919,100.0,,,0.0,61.1549,0.4238,67.1518,86.8031,86.8031,
hgpn19,40,cub_pl,hivit_base_patch16_224.mae,False,,,,sgd,0.0,0.03,,0,200,448,8,5992,5794,50,-1,hivit_base_patch16_224.mae,85.019,,,1.0002,85.01898515705902,100.0,,,0.0,60.808,0.4238,67.1518,86.8331,86.8331,
hgpn19,40,cub_pl,hivit_base_patch16_224.mae,False,,,,sgd,0.0,0.03,,0,200,448,8,5992,5794,70,-1,hivit_base_patch16_224.mae,85.7784,,,0.9359,85.77839143942009,100.0,,,0.0,59.1696,0.4258,67.1518,86.8572,86.8572,
hgpn19,40,cub_pl,hivit_base_patch16_224.mae,False,,,,sgd,0.0,0.1,,0,200,448,8,5992,5794,25,-1,hivit_base_patch16_224.mae,37.4871,,,7.2308,37.48705557473248,100.0,,,0.0012,60.9401,0.4238,67.1518,86.8031,86.8031,
hgpn19,40,cub_pl,hivit_base_patch16_224.mae,False,,,,sgd,0.0,0.1,,0,200,448,8,5992,5794,50,-1,hivit_base_patch16_224.mae,41.4394,,,6.9571,41.43942008974801,100.0,,,0.0006,61.1955,0.4238,67.1518,86.8331,86.8331,
hgpn19,40,cub_pl,hivit_base_patch16_224.mae,False,,,,sgd,0.0,0.1,,0,200,448,8,5992,5794,70,-1,hivit_base_patch16_224.mae,42.1643,,,6.6099,42.16430790472903,100.0,,,0.0006,59.0283,0.4258,67.1518,86.8572,86.8572,
hgpn39,40,cub_pl,hivit_base_patch16_224.orig_in21k,False,,,,adamw,0.05,5e-06,,0,200,448,8,5992,5794,25,-1,hivit_base_patch16_224.orig_in21k,88.35,,,1.074,88.3500172592337,99.9499,,,0.0049,64.1184,0.4238,67.1518,86.8031,86.8031,
hgpn39,40,cub_pl,hivit_base_patch16_224.orig_in21k,False,,,,adamw,0.05,5e-06,,0,200,448,8,5992,5794,50,-1,hivit_base_patch16_224.orig_in21k,87.7459,,,1.1569,87.74594408008285,99.9666,,,0.0037,64.8908,0.4238,67.1518,86.8331,86.8331,
hgpn39,40,cub_pl,hivit_base_patch16_224.orig_in21k,False,,,,adamw,0.05,5e-06,,0,200,448,8,5992,5794,70,-1,hivit_base_patch16_224.orig_in21k,87.5734,,,1.1668,87.5733517431826,99.9499,,,0.0088,64.4577,0.4258,67.1518,86.8572,86.8572,
hgpn39,40,cub_pl,hivit_base_patch16_224.orig_in21k,False,,,,adamw,0.05,1e-05,,0,200,448,8,5992,5794,25,-1,hivit_base_patch16_224.orig_in21k,88.9196,,,1.1548,88.91957197100449,100.0,,,0.0003,64.0734,0.4238,67.1518,86.8031,86.8031,
hgpn39,40,cub_pl,hivit_base_patch16_224.orig_in21k,False,,,,adamw,0.05,1e-05,,0,200,448,8,5992,5794,50,-1,hivit_base_patch16_224.orig_in21k,88.8851,,,1.0906,88.88505350362443,100.0,,,0.0,65.4094,0.4238,67.1518,86.8331,86.8331,
hgpn39,40,cub_pl,hivit_base_patch16_224.orig_in21k,False,,,,adamw,0.05,1e-05,,0,200,448,8,5992,5794,70,-1,hivit_base_patch16_224.orig_in21k,88.3673,,,1.1439,88.36727649292371,99.8832,,,0.0096,65.2363,0.4258,67.1518,86.8572,86.8572,
hgpn39,40,cub_pl,hivit_base_patch16_224.orig_in21k,False,,,,adamw,0.05,5e-05,,0,200,448,8,5992,5794,25,-1,hivit_base_patch16_224.orig_in21k,87.1936,,,1.4571,87.19364860200207,100.0,,,0.0,64.1963,0.4238,67.1518,86.8031,86.8031,
hgpn39,40,cub_pl,hivit_base_patch16_224.orig_in21k,False,,,,adamw,0.05,5e-05,,0,200,448,8,5992,5794,50,-1,hivit_base_patch16_224.orig_in21k,86.1926,,,1.5476,86.19261304798067,100.0,,,0.0006,64.971,0.4238,67.1518,86.8331,86.8331,
hgpn39,40,cub_pl,hivit_base_patch16_224.orig_in21k,False,,,,adamw,0.05,5e-05,,0,200,448,8,5992,5794,70,-1,hivit_base_patch16_224.orig_in21k,86.7104,,,1.4496,86.7103900586814,100.0,,,0.0,65.5845,0.4258,67.1518,86.8572,86.8572,
hgpn39,40,cub_pl,hivit_base_patch16_224.orig_in21k,False,,,,adamw,0.05,0.0001,,0,200,448,8,5992,5794,25,-1,hivit_base_patch16_224.orig_in21k,82.2748,,,1.9274,82.27476700034518,99.9833,,,0.0012,64.2548,0.4238,67.1518,86.8031,86.8031,
hgpn39,40,cub_pl,hivit_base_patch16_224.orig_in21k,False,,,,adamw,0.05,0.0001,,0,200,448,8,5992,5794,50,-1,hivit_base_patch16_224.orig_in21k,83.1377,,,1.8456,83.1377286848464,100.0,,,0.0,64.4609,0.4238,67.1518,86.8331,86.8331,
hgpn39,40,cub_pl,hivit_base_patch16_224.orig_in21k,False,,,,adamw,0.05,0.0001,,0,200,448,8,5992,5794,70,-1,hivit_base_patch16_224.orig_in21k,82.6372,,,1.869,82.6372109078357,100.0,,,0.0,64.1772,0.4258,67.1518,86.8572,86.8572,
hgpn39,40,cub_pl,hivit_base_patch16_224.orig_in21k,False,,,,adamw,0.05,0.0005,,0,200,448,8,5992,5794,25,-1,hivit_base_patch16_224.orig_in21k,62.7201,,,3.3745,62.72005522954781,100.0,,,0.0,64.4542,0.4238,67.1518,86.8031,86.8031,
hgpn39,40,cub_pl,hivit_base_patch16_224.orig_in21k,False,,,,adamw,0.05,0.0005,,0,200,448,8,5992,5794,50,-1,hivit_base_patch16_224.orig_in21k,62.4784,,,3.3025,62.47842595788747,100.0,,,0.0,65.2565,0.4238,67.1518,86.8331,86.8331,
hgpn39,40,cub_pl,hivit_base_patch16_224.orig_in21k,False,,,,adamw,0.05,0.0005,,0,200,448,8,5992,5794,70,-1,hivit_base_patch16_224.orig_in21k,61.6845,,,3.2578,61.68450120814636,100.0,,,0.0,65.0498,0.4258,67.1518,86.8572,86.8572,
hgpn39,40,cub_pl,hivit_base_patch16_224.orig_in21k,False,,,,adamw,0.05,0.001,,0,200,448,8,5992,5794,25,-1,hivit_base_patch16_224.orig_in21k,47.0659,,,3.6387,47.065930272695894,100.0,,,0.0033,65.1099,0.4238,67.1518,86.8031,86.8031,
hgpn39,40,cub_pl,hivit_base_patch16_224.orig_in21k,False,,,,adamw,0.05,0.001,,0,200,448,8,5992,5794,50,-1,hivit_base_patch16_224.orig_in21k,,,,,,,,,,,,,,,
hgpn39,40,cub_pl,hivit_base_patch16_224.orig_in21k,False,,,,adamw,0.05,0.001,,0,200,448,8,5992,5794,70,-1,hivit_base_patch16_224.orig_in21k,50.9665,,,3.3076,50.96651708664135,99.9833,,,0.0018,64.4105,0.4258,67.1518,86.8572,86.8572,
hgpn39,40,cub_pl,hivit_base_patch16_224.orig_in21k,False,,,,sgd,0.0,0.003,,0,200,448,8,5992,5794,25,-1,hivit_base_patch16_224.orig_in21k,89.4028,,,0.6444,89.40283051432516,100.0,,,0.0006,60.5748,0.4238,67.1518,86.8031,86.8031,
hgpn39,40,cub_pl,hivit_base_patch16_224.orig_in21k,False,,,,sgd,0.0,0.003,,0,200,448,8,5992,5794,50,-1,hivit_base_patch16_224.orig_in21k,89.3856,,,0.6447,89.38557128063513,100.0,,,0.0006,60.8628,0.4238,67.1518,86.8331,86.8331,
hgpn39,40,cub_pl,hivit_base_patch16_224.orig_in21k,False,,,,sgd,0.0,0.003,,0,200,448,8,5992,5794,70,-1,hivit_base_patch16_224.orig_in21k,89.3683,,,0.6613,89.36831204694512,100.0,,,0.0007,60.7406,0.4258,67.1518,86.8572,86.8572,
hgpn39,40,cub_pl,hivit_base_patch16_224.orig_in21k,False,,,,sgd,0.0,0.01,,0,200,448,8,5992,5794,25,-1,hivit_base_patch16_224.orig_in21k,90.5247,,,0.6735,90.52468070417672,100.0,,,0.0001,60.4906,0.4238,67.1518,86.8031,86.8031,
hgpn39,40,cub_pl,hivit_base_patch16_224.orig_in21k,False,,,,sgd,0.0,0.01,,0,200,448,8,5992,5794,50,-1,hivit_base_patch16_224.orig_in21k,90.7491,,,0.6557,90.74905074214703,100.0,,,0.0002,60.9157,0.4238,67.1518,86.8331,86.8331,
hgpn39,40,cub_pl,hivit_base_patch16_224.orig_in21k,False,,,,sgd,0.0,0.01,,0,200,448,8,5992,5794,70,-1,hivit_base_patch16_224.orig_in21k,90.5074,,,0.6788,90.5074214704867,100.0,,,0.0002,61.177,0.4258,67.1518,86.8572,86.8572,
hgpn39,40,cub_pl,hivit_base_patch16_224.orig_in21k,False,,,,sgd,0.0,0.03,,0,200,448,8,5992,5794,25,-1,hivit_base_patch16_224.orig_in21k,90.8353,,,0.7248,90.83534691059717,100.0,,,0.0,60.4978,0.4238,67.1518,86.8031,86.8031,
hgpn39,40,cub_pl,hivit_base_patch16_224.orig_in21k,False,,,,sgd,0.0,0.03,,0,200,448,8,5992,5794,50,-1,hivit_base_patch16_224.orig_in21k,90.8181,,,0.7017,90.81808767690714,100.0,,,0.0,60.8869,0.4238,67.1518,86.8331,86.8331,
hgpn39,40,cub_pl,hivit_base_patch16_224.orig_in21k,False,,,,sgd,0.0,0.03,,0,200,448,8,5992,5794,70,-1,hivit_base_patch16_224.orig_in21k,90.7318,,,0.7108,90.73179150845702,100.0,,,0.0,60.819,0.4258,67.1518,86.8572,86.8572,
hgpn39,40,cub_pl,hivit_base_patch16_224.orig_in21k,False,,,,sgd,0.0,0.1,,0,200,448,8,5992,5794,25,-1,hivit_base_patch16_224.orig_in21k,82.0677,,,1.8543,82.06765619606489,100.0,,,0.0,60.2885,0.4238,67.1518,86.8031,86.8031,
hgpn39,40,cub_pl,hivit_base_patch16_224.orig_in21k,False,,,,sgd,0.0,0.1,,0,200,448,8,5992,5794,50,-1,hivit_base_patch16_224.orig_in21k,81.2737,,,1.8447,81.27373144632378,100.0,,,0.0,60.7892,0.4238,67.1518,86.8331,86.8331,
hgpn39,40,cub_pl,hivit_base_patch16_224.orig_in21k,False,,,,sgd,0.0,0.1,,0,200,448,8,5992,5794,70,-1,hivit_base_patch16_224.orig_in21k,81.7915,,,1.7147,81.7915084570245,100.0,,,0.0,60.9261,0.4258,67.1518,86.8572,86.8572,
hgpn39,40,cub_pl,hivit_base_patch16_224_miil.in21k,False,,,,adamw,0.05,5e-06,,0,200,448,8,5992,5794,25,-1,hivit_base_patch16_224_miil.in21k,86.0373,,,1.2321,86.03727994477045,99.8832,,,0.0082,62.4595,0.4238,67.1518,86.7754,86.7754,
hgpn39,40,cub_pl,hivit_base_patch16_224_miil.in21k,False,,,,adamw,0.05,5e-06,,0,200,448,8,5992,5794,50,-1,hivit_base_patch16_224_miil.in21k,85.6231,,,1.2469,85.62305833620987,99.9332,,,0.0032,62.6752,0.4238,67.1518,86.8055,86.8055,
hgpn39,40,cub_pl,hivit_base_patch16_224_miil.in21k,False,,,,adamw,0.05,5e-06,,0,200,448,8,5992,5794,70,-1,hivit_base_patch16_224_miil.in21k,86.9175,,,1.135,86.91750086296169,99.9166,,,0.0085,62.9589,0.4238,67.1518,86.8295,86.8295,
hgpn39,40,cub_pl,hivit_base_patch16_224_miil.in21k,False,,,,adamw,0.05,1e-05,,0,200,448,8,5992,5794,25,-1,hivit_base_patch16_224_miil.in21k,86.486,,,1.2263,86.48602002071108,99.9666,,,0.0067,60.8578,0.4238,67.1518,86.7754,86.7754,
hgpn39,40,cub_pl,hivit_base_patch16_224_miil.in21k,False,,,,adamw,0.05,1e-05,,0,200,448,8,5992,5794,50,-1,hivit_base_patch16_224_miil.in21k,86.6759,,,1.2131,86.67587159130134,99.8665,,,0.008,63.0335,0.4238,67.1518,86.8055,86.8055,
hgpn39,40,cub_pl,hivit_base_patch16_224_miil.in21k,False,,,,adamw,0.05,1e-05,,0,200,448,8,5992,5794,70,-1,hivit_base_patch16_224_miil.in21k,86.9865,,,1.1783,86.98653779772178,99.9166,,,0.0081,61.9785,0.4238,67.1518,86.8295,86.8295,
hgpn39,40,cub_pl,hivit_base_patch16_224_miil.in21k,False,,,,adamw,0.05,5e-05,,0,200,448,8,5992,5794,25,-1,hivit_base_patch16_224_miil.in21k,85.6921,,,1.5752,85.69209527096997,100.0,,,0.0,61.5159,0.4238,67.1518,86.7754,86.7754,
hgpn39,40,cub_pl,hivit_base_patch16_224_miil.in21k,False,,,,adamw,0.05,5e-05,,0,200,448,8,5992,5794,50,-1,hivit_base_patch16_224_miil.in21k,84.8982,,,1.6752,84.89817052122886,99.9833,,,0.0067,61.8899,0.4238,67.1518,86.8055,86.8055,
hgpn39,40,cub_pl,hivit_base_patch16_224_miil.in21k,False,,,,adamw,0.05,5e-05,,0,200,448,8,5992,5794,70,-1,hivit_base_patch16_224_miil.in21k,85.2434,,,1.6365,85.24335519502934,100.0,,,0.0,62.664,0.4238,67.1518,86.8295,86.8295,
hgpn39,40,cub_pl,hivit_base_patch16_224_miil.in21k,False,,,,adamw,0.05,0.0001,,0,200,448,8,5992,5794,25,-1,hivit_base_patch16_224_miil.in21k,80.756,,,2.1363,80.75595443562305,100.0,,,0.0,62.3229,0.4238,67.1518,86.7754,86.7754,
hgpn39,40,cub_pl,hivit_base_patch16_224_miil.in21k,False,,,,adamw,0.05,0.0001,,0,200,448,8,5992,5794,50,-1,hivit_base_patch16_224_miil.in21k,82.2402,,,1.9131,82.24024853296514,100.0,,,0.0,62.2385,0.4238,67.1518,86.8055,86.8055,
hgpn39,40,cub_pl,hivit_base_patch16_224_miil.in21k,False,,,,adamw,0.05,0.0001,,0,200,448,8,5992,5794,70,-1,hivit_base_patch16_224_miil.in21k,82.8616,,,1.9411,82.86158094580601,100.0,,,0.0,62.7205,0.4238,67.1518,86.8295,86.8295,
hgpn39,40,cub_pl,hivit_base_patch16_224_miil.in21k,False,,,,adamw,0.05,0.0005,,0,200,448,8,5992,5794,25,-1,hivit_base_patch16_224_miil.in21k,61.6327,,,3.555,61.632723507076285,100.0,,,0.0,62.5344,0.4238,67.1518,86.7754,86.7754,
hgpn39,40,cub_pl,hivit_base_patch16_224_miil.in21k,False,,,,adamw,0.05,0.0005,,0,200,448,8,5992,5794,50,-1,hivit_base_patch16_224_miil.in21k,61.2185,,,3.3251,61.218501898515704,100.0,,,0.0,62.4857,0.4238,67.1518,86.8055,86.8055,
hgpn39,40,cub_pl,hivit_base_patch16_224_miil.in21k,False,,,,adamw,0.05,0.0005,,0,200,448,8,5992,5794,70,-1,hivit_base_patch16_224_miil.in21k,62.116,,,3.3303,62.115982050396966,100.0,,,0.0,61.6535,0.4238,67.1518,86.8295,86.8295,
hgpn39,40,cub_pl,hivit_base_patch16_224_miil.in21k,False,,,,adamw,0.05,0.001,,0,200,448,8,5992,5794,25,-1,hivit_base_patch16_224_miil.in21k,40.8353,,,4.0831,40.83534691059717,99.9666,,,0.0098,62.9358,0.4238,67.1518,86.7754,86.7754,
hgpn39,40,cub_pl,hivit_base_patch16_224_miil.in21k,False,,,,adamw,0.05,0.001,,0,200,448,8,5992,5794,50,-1,hivit_base_patch16_224_miil.in21k,,,,,,,,,,,,,,,
hgpn39,40,cub_pl,hivit_base_patch16_224_miil.in21k,False,,,,adamw,0.05,0.001,,0,200,448,8,5992,5794,70,-1,hivit_base_patch16_224_miil.in21k,46.4101,,,3.5974,46.41007939247498,99.9833,,,0.0034,62.0361,0.4238,67.1518,86.8295,86.8295,
hgpn39,40,cub_pl,hivit_base_patch16_224_miil.in21k,False,,,,sgd,0.0,0.003,,0,200,448,8,5992,5794,25,-1,hivit_base_patch16_224_miil.in21k,88.5054,,,0.6799,88.5053503624439,100.0,,,0.0006,54.9137,0.4238,67.1518,86.7754,86.7754,
hgpn39,40,cub_pl,hivit_base_patch16_224_miil.in21k,False,,,,sgd,0.0,0.003,,0,200,448,8,5992,5794,50,-1,hivit_base_patch16_224_miil.in21k,88.7815,,,0.6521,88.78149810148429,100.0,,,0.0007,54.6902,0.4238,67.1518,86.8055,86.8055,
hgpn39,40,cub_pl,hivit_base_patch16_224_miil.in21k,False,,,,sgd,0.0,0.003,,0,200,448,8,5992,5794,70,-1,hivit_base_patch16_224_miil.in21k,88.747,,,0.653,88.74697963410425,100.0,,,0.0007,55.1444,0.4238,67.1518,86.8295,86.8295,
hgpn39,40,cub_pl,hivit_base_patch16_224_miil.in21k,False,,,,sgd,0.0,0.01,,0,200,448,8,5992,5794,25,-1,hivit_base_patch16_224_miil.in21k,89.9551,,,0.6711,89.95512599240594,100.0,,,0.0001,54.7933,0.4238,67.1518,86.7754,86.7754,
hgpn39,40,cub_pl,hivit_base_patch16_224_miil.in21k,False,,,,sgd,0.0,0.01,,0,200,448,8,5992,5794,50,-1,hivit_base_patch16_224_miil.in21k,89.9551,,,0.648,89.95512599240594,100.0,,,0.0001,54.6898,0.4238,67.1518,86.8055,86.8055,
hgpn39,40,cub_pl,hivit_base_patch16_224_miil.in21k,False,,,,sgd,0.0,0.01,,0,200,448,8,5992,5794,70,-1,hivit_base_patch16_224_miil.in21k,90.0587,,,0.656,90.05868139454608,100.0,,,0.0002,55.3243,0.4238,67.1518,86.8295,86.8295,
hgpn39,40,cub_pl,hivit_base_patch16_224_miil.in21k,False,,,,sgd,0.0,0.03,,0,200,448,8,5992,5794,25,-1,hivit_base_patch16_224_miil.in21k,90.145,,,0.7717,90.1449775629962,100.0,,,0.0,55.0366,0.4238,67.1518,86.7754,86.7754,
hgpn39,40,cub_pl,hivit_base_patch16_224_miil.in21k,False,,,,sgd,0.0,0.03,,0,200,448,8,5992,5794,50,-1,hivit_base_patch16_224_miil.in21k,89.8343,,,0.7487,89.83431135657577,100.0,,,0.0,54.7836,0.4238,67.1518,86.8055,86.8055,
hgpn39,40,cub_pl,hivit_base_patch16_224_miil.in21k,False,,,,sgd,0.0,0.03,,0,200,448,8,5992,5794,70,-1,hivit_base_patch16_224_miil.in21k,90.1277,,,0.7507,90.12771832930618,100.0,,,0.0,55.0331,0.4238,67.1518,86.8295,86.8295,
hgpn39,40,cub_pl,hivit_base_patch16_224_miil.in21k,False,,,,sgd,0.0,0.1,,0,200,448,8,5992,5794,25,-1,hivit_base_patch16_224_miil.in21k,80.7732,,,1.914,80.77321366931308,100.0,,,0.0,54.9276,0.4238,67.1518,86.7754,86.7754,
hgpn39,40,cub_pl,hivit_base_patch16_224_miil.in21k,False,,,,sgd,0.0,0.1,,0,200,448,8,5992,5794,50,-1,hivit_base_patch16_224_miil.in21k,80.6524,,,1.8463,80.65239903348291,100.0,,,0.0,54.4488,0.4238,67.1518,86.8055,86.8055,
hgpn39,40,cub_pl,hivit_base_patch16_224_miil.in21k,False,,,,sgd,0.0,0.1,,0,200,448,8,5992,5794,70,-1,hivit_base_patch16_224_miil.in21k,81.1529,,,1.8136,81.15291681049361,100.0,,,0.0,54.9344,0.4238,67.1518,86.8295,86.8295,
hgpn39,40,cub_pl,hivit_base_patch16_clip_224.laion2b,False,,,,adamw,0.05,5e-06,,0,200,448,8,5992,5794,25,-1,hivit_base_patch16_clip_224.laion2b,79.6341,,,2.0454,79.63410424577148,99.3825,,,0.0731,63.4978,0.4238,67.1524,86.8039,86.8039,
hgpn39,40,cub_pl,hivit_base_patch16_clip_224.laion2b,False,,,,adamw,0.05,5e-06,,0,200,448,8,5992,5794,50,-1,hivit_base_patch16_clip_224.laion2b,79.7031,,,2.0864,79.70314118053159,99.5494,,,0.0633,63.8356,0.4238,67.1524,86.8339,86.8339,
hgpn39,40,cub_pl,hivit_base_patch16_clip_224.laion2b,False,,,,adamw,0.05,5e-06,,0,200,448,8,5992,5794,70,-1,hivit_base_patch16_clip_224.laion2b,78.426,,,2.1918,78.42595788746979,99.2323,,,0.1133,63.9779,0.4258,67.1524,86.8579,86.8579,
hgpn39,40,cub_pl,hivit_base_patch16_clip_224.laion2b,False,,,,adamw,0.05,1e-05,,0,200,448,8,5992,5794,25,-1,hivit_base_patch16_clip_224.laion2b,81.1874,,,2.0775,81.18743527787366,99.6328,,,0.0442,63.5522,0.4238,67.1524,86.8039,86.8039,
hgpn39,40,cub_pl,hivit_base_patch16_clip_224.laion2b,False,,,,adamw,0.05,1e-05,,0,200,448,8,5992,5794,50,-1,hivit_base_patch16_clip_224.laion2b,78.7539,,,2.2143,78.75388332758025,99.4493,,,0.0643,63.6352,0.4238,67.1524,86.8339,86.8339,
hgpn39,40,cub_pl,hivit_base_patch16_clip_224.laion2b,False,,,,adamw,0.05,1e-05,,0,200,448,8,5992,5794,70,-1,hivit_base_patch16_clip_224.laion2b,79.1508,,,2.1598,79.15084570245081,99.4993,,,0.0636,63.9374,0.4258,67.1524,86.8579,86.8579,
hgpn39,40,cub_pl,hivit_base_patch16_clip_224.laion2b,False,,,,adamw,0.05,5e-05,,0,200,448,8,5992,5794,25,-1,hivit_base_patch16_clip_224.laion2b,74.2147,,,2.6261,74.2147048671039,99.9499,,,0.0068,63.4801,0.4238,67.1524,86.8039,86.8039,
hgpn39,40,cub_pl,hivit_base_patch16_clip_224.laion2b,False,,,,adamw,0.05,5e-05,,0,200,448,8,5992,5794,50,-1,hivit_base_patch16_clip_224.laion2b,73.3172,,,2.7335,73.31722471522265,99.9166,,,0.0051,63.6963,0.4238,67.1524,86.8339,86.8339,
hgpn39,40,cub_pl,hivit_base_patch16_clip_224.laion2b,False,,,,adamw,0.05,5e-05,,0,200,448,8,5992,5794,70,-1,hivit_base_patch16_clip_224.laion2b,72.8685,,,2.6497,72.86848463928202,99.9666,,,0.002,63.4076,0.4258,67.1524,86.8579,86.8579,
hgpn39,40,cub_pl,hivit_base_patch16_clip_224.laion2b,False,,,,adamw,0.05,0.0001,,0,200,448,8,5992,5794,25,-1,hivit_base_patch16_clip_224.laion2b,63.4449,,,3.1005,63.44494304452882,100.0,,,0.0,64.2745,0.4238,67.1524,86.8039,86.8039,
hgpn39,40,cub_pl,hivit_base_patch16_clip_224.laion2b,False,,,,adamw,0.05,0.0001,,0,200,448,8,5992,5794,50,-1,hivit_base_patch16_clip_224.laion2b,45.1502,,,4.0153,45.15015533310321,100.0,,,0.0001,63.7489,0.4238,67.1524,86.8339,86.8339,
hgpn39,40,cub_pl,hivit_base_patch16_clip_224.laion2b,False,,,,adamw,0.05,0.0001,,0,200,448,8,5992,5794,70,-1,hivit_base_patch16_clip_224.laion2b,63.3586,,,3.1381,63.3586468760787,100.0,,,0.0,64.1528,0.4258,67.1524,86.8579,86.8579,
hgpn39,40,cub_pl,hivit_base_patch16_clip_224.laion2b,False,,,,adamw,0.05,0.0005,,0,200,448,8,5992,5794,25,-1,hivit_base_patch16_clip_224.laion2b,10.8043,,,4.2057,10.804280289955123,17.0728,,,6.3057,63.8371,0.4238,67.1524,86.8039,86.8039,
hgpn39,40,cub_pl,hivit_base_patch16_clip_224.laion2b,False,,,,adamw,0.05,0.0005,,0,200,448,8,5992,5794,50,-1,hivit_base_patch16_clip_224.laion2b,10.2692,,,4.2174,10.269244045564378,17.6903,,,6.5025,63.8056,0.4238,67.1524,86.8339,86.8339,
hgpn39,40,cub_pl,hivit_base_patch16_clip_224.laion2b,False,,,,adamw,0.05,0.0005,,0,200,448,8,5992,5794,70,-1,hivit_base_patch16_clip_224.laion2b,14.9292,,,4.1698,14.9292371418709,42.757,,,4.4232,64.4074,0.4258,67.1524,86.8579,86.8579,
hgpn39,40,cub_pl,hivit_base_patch16_clip_224.laion2b,False,,,,adamw,0.05,0.001,,0,200,448,8,5992,5794,25,-1,hivit_base_patch16_clip_224.laion2b,,,,,,,,,,,,,,,
hgpn39,40,cub_pl,hivit_base_patch16_clip_224.laion2b,False,,,,adamw,0.05,0.001,,0,200,448,8,5992,5794,50,-1,hivit_base_patch16_clip_224.laion2b,,,,,,,,,,,,,,,
hgpn39,40,cub_pl,hivit_base_patch16_clip_224.laion2b,False,,,,adamw,0.05,0.001,,0,200,448,8,5992,5794,70,-1,hivit_base_patch16_clip_224.laion2b,,,,,,,,,,,,,,,
hgpn39,40,cub_pl,hivit_base_patch16_clip_224.laion2b,False,,,,sgd,0.0,0.003,,0,200,448,8,5992,5794,25,-1,hivit_base_patch16_clip_224.laion2b,78.3914,,,1.2448,78.39143942008975,100.0,,,0.0006,56.304,0.4238,67.1524,86.8039,86.8039,
hgpn39,40,cub_pl,hivit_base_patch16_clip_224.laion2b,False,,,,sgd,0.0,0.003,,0,200,448,8,5992,5794,50,-1,hivit_base_patch16_clip_224.laion2b,75.3883,,,1.3904,75.38833275802554,100.0,,,0.0007,55.6481,0.4238,67.1524,86.8339,86.8339,
hgpn39,40,cub_pl,hivit_base_patch16_clip_224.laion2b,False,,,,sgd,0.0,0.003,,0,200,448,8,5992,5794,70,-1,hivit_base_patch16_clip_224.laion2b,76.7518,,,1.3559,76.75181221953746,100.0,,,0.0007,55.8463,0.4258,67.1524,86.8579,86.8579,
hgpn39,40,cub_pl,hivit_base_patch16_clip_224.laion2b,False,,,,sgd,0.0,0.01,,0,200,448,8,5992,5794,25,-1,hivit_base_patch16_clip_224.laion2b,74.2147,,,1.5604,74.2147048671039,100.0,,,0.0002,55.8622,0.4238,67.1524,86.8039,86.8039,
hgpn39,40,cub_pl,hivit_base_patch16_clip_224.laion2b,False,,,,sgd,0.0,0.01,,0,200,448,8,5992,5794,50,-1,hivit_base_patch16_clip_224.laion2b,73.2137,,,1.5971,73.2136693130825,100.0,,,0.0002,55.556,0.4238,67.1524,86.8339,86.8339,
hgpn39,40,cub_pl,hivit_base_patch16_clip_224.laion2b,False,,,,sgd,0.0,0.01,,0,200,448,8,5992,5794,70,-1,hivit_base_patch16_clip_224.laion2b,73.7314,,,1.5203,73.73144632378322,100.0,,,0.0002,55.6961,0.4258,67.1524,86.8579,86.8579,
hgpn39,40,cub_pl,hivit_base_patch16_clip_224.laion2b,False,,,,sgd,0.0,0.03,,0,200,448,8,5992,5794,25,-1,hivit_base_patch16_clip_224.laion2b,32.6372,,,5.4104,32.637210907835694,100.0,,,0.0006,55.1771,0.4238,67.1524,86.8039,86.8039,
hgpn39,40,cub_pl,hivit_base_patch16_clip_224.laion2b,False,,,,sgd,0.0,0.03,,0,200,448,8,5992,5794,50,-1,hivit_base_patch16_clip_224.laion2b,31.4808,,,5.6702,31.480842250604073,100.0,,,0.0001,55.6746,0.4238,67.1524,86.8339,86.8339,
hgpn39,40,cub_pl,hivit_base_patch16_clip_224.laion2b,False,,,,sgd,0.0,0.03,,0,200,448,8,5992,5794,70,-1,hivit_base_patch16_clip_224.laion2b,30.3763,,,5.5059,30.376251294442525,100.0,,,0.0006,55.5932,0.4258,67.1524,86.8579,86.8579,
hgpn39,40,cub_pl,hivit_base_patch16_clip_224.laion2b,False,,,,sgd,0.0,0.1,,0,200,448,8,5992,5794,25,-1,hivit_base_patch16_clip_224.laion2b,23.4726,,,6.4281,23.47255781843286,94.5427,,,0.8852,55.5927,0.4238,67.1524,86.8039,86.8039,
hgpn39,40,cub_pl,hivit_base_patch16_clip_224.laion2b,False,,,,sgd,0.0,0.1,,0,200,448,8,5992,5794,50,-1,hivit_base_patch16_clip_224.laion2b,,,,,,,,,,,,,,,
hgpn39,40,cub_pl,hivit_base_patch16_clip_224.laion2b,False,,,,sgd,0.0,0.1,,0,200,448,8,5992,5794,70,-1,hivit_base_patch16_clip_224.laion2b,5.2295,,,4.6699,5.229547808077322,7.4766,,,8.376,55.5091,0.4258,67.1524,86.8579,86.8579,
hgpn39,40,cub_pl,hivit_base_patch16_siglip_224.v2_webli,False,,,,adamw,0.05,5e-06,,0,200,448,8,5992,5794,25,-1,hivit_base_patch16_siglip_224.v2_webli,81.0666,,,1.878,81.06662064204349,99.6162,,,0.0565,70.6517,0.4629,67.9975,93.8887,93.8887,
hgpn39,40,cub_pl,hivit_base_patch16_siglip_224.v2_webli,False,,,,adamw,0.05,5e-06,,0,200,448,8,5992,5794,50,-1,hivit_base_patch16_siglip_224.v2_webli,80.5143,,,1.9456,80.51432516396272,99.4493,,,0.0831,70.9469,0.4648,67.9976,93.9187,93.9187,
hgpn39,40,cub_pl,hivit_base_patch16_siglip_224.v2_webli,False,,,,adamw,0.05,5e-06,,0,200,448,8,5992,5794,70,-1,hivit_base_patch16_siglip_224.v2_webli,81.8605,,,1.8538,81.8605453917846,99.3324,,,0.0909,70.9639,0.4648,67.9976,93.9427,93.9427,
hgpn39,40,cub_pl,hivit_base_patch16_siglip_224.v2_webli,False,,,,adamw,0.05,1e-05,,0,200,448,8,5992,5794,25,-1,hivit_base_patch16_siglip_224.v2_webli,81.0321,,,1.8229,81.03210217466345,99.6328,,,0.0419,70.7353,0.4629,67.9975,93.8887,93.8887,
hgpn39,40,cub_pl,hivit_base_patch16_siglip_224.v2_webli,False,,,,adamw,0.05,1e-05,,0,200,448,8,5992,5794,50,-1,hivit_base_patch16_siglip_224.v2_webli,80.1519,,,2.0084,80.15188125647221,99.5327,,,0.0641,70.6801,0.4648,67.9976,93.9187,93.9187,
hgpn39,40,cub_pl,hivit_base_patch16_siglip_224.v2_webli,False,,,,adamw,0.05,1e-05,,0,200,448,8,5992,5794,70,-1,hivit_base_patch16_siglip_224.v2_webli,80.7732,,,1.9484,80.77321366931308,99.466,,,0.0667,70.8727,0.4648,67.9976,93.9427,93.9427,
hgpn39,40,cub_pl,hivit_base_patch16_siglip_224.v2_webli,False,,,,adamw,0.05,5e-05,,0,200,448,8,5992,5794,25,-1,hivit_base_patch16_siglip_224.v2_webli,75.5954,,,2.6107,75.59544356230583,99.8999,,,0.0137,70.4767,0.4629,67.9975,93.8887,93.8887,
hgpn39,40,cub_pl,hivit_base_patch16_siglip_224.v2_webli,False,,,,adamw,0.05,5e-05,,0,200,448,8,5992,5794,50,-1,hivit_base_patch16_siglip_224.v2_webli,75.4401,,,2.7385,75.44011045909562,99.9332,,,0.0079,70.5011,0.4648,67.9976,93.9187,93.9187,
hgpn39,40,cub_pl,hivit_base_patch16_siglip_224.v2_webli,False,,,,adamw,0.05,5e-05,,0,200,448,8,5992,5794,70,-1,hivit_base_patch16_siglip_224.v2_webli,76.3031,,,2.7889,76.30307214359682,99.9166,,,0.0154,70.5126,0.4648,67.9976,93.9427,93.9427,
hgpn39,40,cub_pl,hivit_base_patch16_siglip_224.v2_webli,False,,,,adamw,0.05,0.0001,,0,200,448,8,5992,5794,25,-1,hivit_base_patch16_siglip_224.v2_webli,60.8043,,,2.9008,60.80428028995512,100.0,,,0.0008,71.8798,0.4629,67.9975,93.8887,93.8887,
hgpn39,40,cub_pl,hivit_base_patch16_siglip_224.v2_webli,False,,,,adamw,0.05,0.0001,,0,200,448,8,5992,5794,50,-1,hivit_base_patch16_siglip_224.v2_webli,72.8857,,,2.4378,72.88574387297204,100.0,,,0.0001,71.1008,0.4648,67.9976,93.9187,93.9187,
hgpn39,40,cub_pl,hivit_base_patch16_siglip_224.v2_webli,False,,,,adamw,0.05,0.0001,,0,200,448,8,5992,5794,70,-1,hivit_base_patch16_siglip_224.v2_webli,66.8795,,,2.5524,66.87953054884363,99.9833,,,0.0012,71.2646,0.4648,67.9976,93.9427,93.9427,
hgpn39,40,cub_pl,hivit_base_patch16_siglip_224.v2_webli,False,,,,adamw,0.05,0.0005,,0,200,448,8,5992,5794,25,-1,hivit_base_patch16_siglip_224.v2_webli,,,,,,,,,,,,,,,
hgpn39,40,cub_pl,hivit_base_patch16_siglip_224.v2_webli,False,,,,adamw,0.05,0.0005,,0,200,448,8,5992,5794,50,-1,hivit_base_patch16_siglip_224.v2_webli,,,,,,,,,,,,,,,
hgpn39,40,cub_pl,hivit_base_patch16_siglip_224.v2_webli,False,,,,adamw,0.05,0.0005,,0,200,448,8,5992,5794,70,-1,hivit_base_patch16_siglip_224.v2_webli,22.1091,,,3.6083,22.109078356920953,50.1836,,,3.9722,71.305,0.4648,67.9976,93.9427,93.9427,
hgpn39,40,cub_pl,hivit_base_patch16_siglip_224.v2_webli,False,,,,adamw,0.05,0.001,,0,200,448,8,5992,5794,25,-1,hivit_base_patch16_siglip_224.v2_webli,,,,,,,,,,,,,,,
hgpn39,40,cub_pl,hivit_base_patch16_siglip_224.v2_webli,False,,,,adamw,0.05,0.001,,0,200,448,8,5992,5794,50,-1,hivit_base_patch16_siglip_224.v2_webli,,,,,,,,,,,,,,,
hgpn39,40,cub_pl,hivit_base_patch16_siglip_224.v2_webli,False,,,,adamw,0.05,0.001,,0,200,448,8,5992,5794,70,-1,hivit_base_patch16_siglip_224.v2_webli,,,,,,,,,,,,,,,
hgpn39,40,cub_pl,hivit_base_patch16_siglip_224.v2_webli,False,,,,sgd,0.0,0.003,,0,200,448,8,5992,5794,25,-1,hivit_base_patch16_siglip_224.v2_webli,86.7967,,,0.781,86.79668622713152,100.0,,,0.0006,66.6166,0.4629,67.9975,93.8887,93.8887,
hgpn39,40,cub_pl,hivit_base_patch16_siglip_224.v2_webli,False,,,,sgd,0.0,0.003,,0,200,448,8,5992,5794,50,-1,hivit_base_patch16_siglip_224.v2_webli,86.5551,,,0.7918,86.55505695547117,100.0,,,0.0006,66.0134,0.4648,67.9976,93.9187,93.9187,
hgpn39,40,cub_pl,hivit_base_patch16_siglip_224.v2_webli,False,,,,sgd,0.0,0.003,,0,200,448,8,5992,5794,70,-1,hivit_base_patch16_siglip_224.v2_webli,86.7622,,,0.7786,86.76216775975146,100.0,,,0.0006,66.5684,0.4648,67.9976,93.9427,93.9427,
hgpn39,40,cub_pl,hivit_base_patch16_siglip_224.v2_webli,False,,,,sgd,0.0,0.01,,0,200,448,8,5992,5794,25,-1,hivit_base_patch16_siglip_224.v2_webli,87.1246,,,0.9826,87.12461166724198,100.0,,,0.0001,66.6386,0.4629,67.9975,93.8887,93.8887,
hgpn39,40,cub_pl,hivit_base_patch16_siglip_224.v2_webli,False,,,,sgd,0.0,0.01,,0,200,448,8,5992,5794,50,-1,hivit_base_patch16_siglip_224.v2_webli,87.3317,,,0.9712,87.33172247152227,100.0,,,0.0001,66.0724,0.4648,67.9976,93.9187,93.9187,
hgpn39,40,cub_pl,hivit_base_patch16_siglip_224.v2_webli,False,,,,sgd,0.0,0.01,,0,200,448,8,5992,5794,70,-1,hivit_base_patch16_siglip_224.v2_webli,87.4353,,,0.982,87.43527787366241,100.0,,,0.0002,66.0756,0.4648,67.9976,93.9427,93.9427,
hgpn39,40,cub_pl,hivit_base_patch16_siglip_224.v2_webli,False,,,,sgd,0.0,0.03,,0,200,448,8,5992,5794,25,-1,hivit_base_patch16_siglip_224.v2_webli,81.9296,,,1.4315,81.9295823265447,100.0,,,0.0001,66.7191,0.4629,67.9975,93.8887,93.8887,
hgpn39,40,cub_pl,hivit_base_patch16_siglip_224.v2_webli,False,,,,sgd,0.0,0.03,,0,200,448,8,5992,5794,50,-1,hivit_base_patch16_siglip_224.v2_webli,82.0159,,,1.3486,82.01587849499482,100.0,,,0.0,66.2419,0.4648,67.9976,93.9187,93.9187,
hgpn39,40,cub_pl,hivit_base_patch16_siglip_224.v2_webli,False,,,,sgd,0.0,0.03,,0,200,448,8,5992,5794,70,-1,hivit_base_patch16_siglip_224.v2_webli,78.9265,,,1.5406,78.92647566448049,100.0,,,0.0,66.0759,0.4648,67.9976,93.9427,93.9427,
hgpn39,40,cub_pl,hivit_base_patch16_siglip_224.v2_webli,False,,,,sgd,0.0,0.1,,0,200,448,8,5992,5794,25,-1,hivit_base_patch16_siglip_224.v2_webli,23.7314,,,3.5211,23.731446323783224,44.9266,,,4.2907,67.6852,0.4629,67.9975,93.8887,93.8887,
hgpn39,40,cub_pl,hivit_base_patch16_siglip_224.v2_webli,False,,,,sgd,0.0,0.1,,0,200,448,8,5992,5794,50,-1,hivit_base_patch16_siglip_224.v2_webli,21.0735,,,6.2112,21.073524335519505,93.9586,,,0.6632,66.2864,0.4648,67.9976,93.9187,93.9187,
hgpn39,40,cub_pl,hivit_base_patch16_siglip_224.v2_webli,False,,,,sgd,0.0,0.1,,0,200,448,8,5992,5794,70,-1,hivit_base_patch16_siglip_224.v2_webli,23.4898,,,3.5065,23.489817052122884,41.8391,,,4.5353,66.1855,0.4648,67.9976,93.9427,93.9427,
gn1201.twcc.ai,51,aircraft_pl,hideit3_base_patch16_224.fb_in1k,False,,,,adamw,0.05,5e-06,,0,200,448,8,6664,3333,50,-1,hiresnet50.in1k_swav,,,,,,,,,,,,,,,
gn1202.twcc.ai,51,aircraft_pl,hideit3_base_patch16_224.fb_in1k,False,,,,adamw,0.05,5e-06,,0,200,448,8,6664,3333,50,-1,hiresnet50.a1_in1k,,,,,,,,,,,,,,,
gn1202.twcc.ai,51,aircraft_pl,hideit3_base_patch16_224.fb_in1k,False,,,,adamw,0.05,5e-06,,0,200,448,8,6664,3333,50,-1,hiresnet50.in1k_spark,,,,,,,,,,,,,,,
gn1215.twcc.ai,51,aircraft_pl,hideit3_base_patch16_224.fb_in1k,False,,,,adamw,0.05,5e-06,,0,200,448,8,6664,3333,50,-1,hiresnet50.tv2_in1k,,,,,,,,,,,,,,,
gn1220.twcc.ai,51,aircraft_pl,hideit3_base_patch16_224.fb_in1k,False,,,,adamw,0.05,5e-06,,0,200,448,8,6664,3333,50,-1,hideit3_base_patch16_224.fb_in22k_ft_in1k,,,,,,,,,,,,,,,
gn1222.twcc.ai,51,aircraft_pl,hideit3_base_patch16_224.fb_in1k,False,,,,adamw,0.05,5e-06,,0,200,448,8,6664,3333,50,-1,hiresnet50.fb_ssl_yfcc100m_ft_in1k,,,,,,,,,,,,,,,
gn1222.twcc.ai,51,aircraft_pl,hideit3_base_patch16_224.fb_in1k,False,,,,adamw,0.05,5e-06,,0,200,448,8,6664,3333,50,-1,hiresnet50.in1k_mocov3,,,,,,,,,,,,,,,
gn1222.twcc.ai,51,aircraft_pl,hideit3_base_patch16_224.fb_in1k,False,,,,adamw,0.05,5e-06,,0,200,448,8,6664,3333,50,-1,hiresnet50.in1k_supcon,,,,,,,,,,,,,,,
gn1224.twcc.ai,51,aircraft_pl,hideit3_base_patch16_224.fb_in1k,False,,,,adamw,0.05,5e-06,,0,200,448,8,6664,3333,50,-1,hivit_base_patch16_224.orig_in21k,,,,,,,,,,,,,,,
gn1224.twcc.ai,51,aircraft_pl,hideit3_base_patch16_224.fb_in1k,False,,,,adamw,0.05,5e-06,,0,200,448,8,6664,3333,50,-1,hivit_base_patch16_224_miil.in21k,,,,,,,,,,,,,,,
gn1224.twcc.ai,51,aircraft_pl,hideit3_base_patch16_224.fb_in1k,False,,,,adamw,0.05,5e-06,,0,200,448,8,6664,3333,50,-1,hivit_base_patch16_siglip_224.v2_webli,,,,,,,,,,,,,,,
gn1230.twcc.ai,51,aircraft_pl,hideit3_base_patch16_224.fb_in1k,False,,,,adamw,0.05,5e-06,,0,200,448,8,6664,3333,50,-1,hideit_base_patch16_224.fb_in1k,,,,,,,,,,,,,,,
gn1201.twcc.ai,51,aircraft_pl,hideit3_base_patch16_224.fb_in1k,False,,,,adamw,0.05,1e-05,,0,200,448,8,6664,3333,50,-1,hiresnet50.in1k_swav,88.5689,,,1.0889,88.56885688568858,99.8499,,,0.0261,355.4921,0.4121,67.1662,86.7907,86.7907,
gn1202.twcc.ai,51,aircraft_pl,hideit3_base_patch16_224.fb_in1k,False,,,,adamw,0.05,1e-05,,0,200,448,8,6664,3333,50,-1,hiresnet50.a1_in1k,88.4788,,,1.0699,88.47884788478848,99.7599,,,0.0266,354.6311,0.4121,67.1662,86.7907,86.7907,
gn1202.twcc.ai,51,aircraft_pl,hideit3_base_patch16_224.fb_in1k,False,,,,adamw,0.05,1e-05,,0,200,448,8,6664,3333,50,-1,hiresnet50.in1k_spark,89.1389,,,1.0469,89.13891389138914,99.7899,,,0.0192,360.5436,0.4121,67.1662,86.7907,86.7907,
gn1204.twcc.ai,51,aircraft_pl,hideit3_base_patch16_224.fb_in1k,False,,,,adamw,0.05,1e-05,,0,200,448,8,6664,3333,50,-1,hiresnet50.tv_in1k,,,,,,,,,,,,,,,
gn1215.twcc.ai,51,aircraft_pl,hideit3_base_patch16_224.fb_in1k,False,,,,adamw,0.05,1e-05,,0,200,448,8,6664,3333,50,-1,hiresnet50.tv2_in1k,89.559,,,0.9701,89.55895589558956,99.7299,,,0.0302,354.6812,0.4121,67.1662,86.7907,86.7907,
gn1218.twcc.ai,51,aircraft_pl,hideit3_base_patch16_224.fb_in1k,False,,,,adamw,0.05,1e-05,,0,200,448,8,6664,3333,50,-1,hiresnet50.fb_swsl_ig1b_ft_in1k,,,,,,,,,,,,,,,
gn1218.twcc.ai,51,aircraft_pl,hideit3_base_patch16_224.fb_in1k,False,,,,adamw,0.05,1e-05,,0,200,448,8,6664,3333,50,-1,hiresnet50.gluon_in1k,,,,,,,,,,,,,,,
gn1218.twcc.ai,51,aircraft_pl,hideit3_base_patch16_224.fb_in1k,False,,,,adamw,0.05,1e-05,,0,200,448,8,6664,3333,50,-1,hiresnet50.in21k_miil,,,,,,,,,,,,,,,
gn1220.twcc.ai,51,aircraft_pl,hideit3_base_patch16_224.fb_in1k,False,,,,adamw,0.05,1e-05,,0,200,448,8,6664,3333,50,-1,hideit3_base_patch16_224.fb_in22k_ft_in1k,89.3789,,,1.0105,89.37893789378938,99.7749,,,0.0242,352.8572,0.4121,67.1662,86.7907,86.7907,
gn1220.twcc.ai,51,aircraft_pl,hideit3_base_patch16_224.fb_in1k,False,,,,adamw,0.05,1e-05,,0,200,448,8,6664,3333,50,-1,hivit_base_patch16_224.in1k_mocov3,,,,,,,,,,,,,,,
gn1222.twcc.ai,51,aircraft_pl,hideit3_base_patch16_224.fb_in1k,False,,,,adamw,0.05,1e-05,,0,200,448,8,6664,3333,50,-1,hiresnet50.fb_ssl_yfcc100m_ft_in1k,88.5089,,,1.1342,88.5088508850885,99.91,,,0.012,358.2598,0.4121,67.1662,86.7907,86.7907,
gn1222.twcc.ai,51,aircraft_pl,hideit3_base_patch16_224.fb_in1k,False,,,,adamw,0.05,1e-05,,0,200,448,8,6664,3333,50,-1,hiresnet50.in1k_mocov3,88.7489,,,1.0885,88.74887488748875,99.8499,,,0.0211,356.8442,0.4121,67.1662,86.7907,86.7907,
gn1222.twcc.ai,51,aircraft_pl,hideit3_base_patch16_224.fb_in1k,False,,,,adamw,0.05,1e-05,,0,200,448,8,6664,3333,50,-1,hiresnet50.in1k_supcon,88.7489,,,1.0967,88.74887488748875,99.91,,,0.013,357.1884,0.4121,67.1662,86.7907,86.7907,
gn1224.twcc.ai,51,aircraft_pl,hideit3_base_patch16_224.fb_in1k,False,,,,adamw,0.05,1e-05,,0,200,448,8,6664,3333,50,-1,hivit_base_patch16_224.orig_in21k,88.8689,,,1.1087,88.86888688868886,99.8349,,,0.0179,351.6047,0.4121,67.1662,86.7907,86.7907,
gn1224.twcc.ai,51,aircraft_pl,hideit3_base_patch16_224.fb_in1k,False,,,,adamw,0.05,1e-05,,0,200,448,8,6664,3333,50,-1,hivit_base_patch16_224_miil.in21k,88.1788,,,1.0712,88.17881788178818,99.8049,,,0.0299,352.676,0.4121,67.1662,86.7907,86.7907,
gn1224.twcc.ai,51,aircraft_pl,hideit3_base_patch16_224.fb_in1k,False,,,,adamw,0.05,1e-05,,0,200,448,8,6664,3333,50,-1,hivit_base_patch16_siglip_224.v2_webli,89.0489,,,1.0496,89.04890489048906,99.7599,,,0.0275,353.2509,0.4121,67.1662,86.7907,86.7907,
gn1230.twcc.ai,51,aircraft_pl,hideit3_base_patch16_224.fb_in1k,False,,,,adamw,0.05,1e-05,,0,200,448,8,6664,3333,50,-1,hideit_base_patch16_224.fb_in1k,89.0789,,,1.046,89.07890789078908,99.7299,,,0.0355,352.2934,0.4121,67.1662,86.7907,86.7907,
gn1230.twcc.ai,51,aircraft_pl,hideit3_base_patch16_224.fb_in1k,False,,,,adamw,0.05,1e-05,,0,200,448,8,6664,3333,50,-1,hivit_base_patch16_224.dino,,,,,,,,,,,,,,,
gn1230.twcc.ai,51,aircraft_pl,hideit3_base_patch16_224.fb_in1k,False,,,,adamw,0.05,1e-05,,0,200,448,8,6664,3333,50,-1,hivit_base_patch16_224.mae,,,,,,,,,,,,,,,
gn1230.twcc.ai,51,aircraft_pl,hideit3_base_patch16_224.fb_in1k,False,,,,adamw,0.05,1e-05,,0,200,448,8,6664,3333,50,-1,hivit_base_patch16_clip_224.laion2b,,,,,,,,,,,,,,,
gn1201.twcc.ai,51,aircraft_pl,hideit3_base_patch16_224.fb_in1k,False,,,,adamw,0.05,5e-05,,0,200,448,8,6664,3333,50,-1,hiresnet50.in1k_swav,86.9487,,,1.4584,86.94869486948694,99.94,,,0.0086,354.9429,0.4121,67.1662,86.7907,86.7907,
gn1202.twcc.ai,51,aircraft_pl,hideit3_base_patch16_224.fb_in1k,False,,,,adamw,0.05,5e-05,,0,200,448,8,6664,3333,50,-1,hiresnet50.a1_in1k,86.4986,,,1.5654,86.4986498649865,99.925,,,0.0123,354.5247,0.4121,67.1662,86.7907,86.7907,
gn1202.twcc.ai,51,aircraft_pl,hideit3_base_patch16_224.fb_in1k,False,,,,adamw,0.05,5e-05,,0,200,448,8,6664,3333,50,-1,hiresnet50.in1k_spark,,,,,,,,,,,,,,,
gn1204.twcc.ai,51,aircraft_pl,hideit3_base_patch16_224.fb_in1k,False,,,,adamw,0.05,5e-05,,0,200,448,8,6664,3333,50,-1,hiresnet50.tv_in1k,87.6088,,,1.3166,87.60876087608762,99.955,,,0.0062,362.1097,0.4121,67.1662,86.7907,86.7907,
gn1215.twcc.ai,51,aircraft_pl,hideit3_base_patch16_224.fb_in1k,False,,,,adamw,0.05,5e-05,,0,200,448,8,6664,3333,50,-1,hiresnet50.tv2_in1k,87.6088,,,1.4329,87.60876087608762,100.0,,,0.0,354.7436,0.4121,67.1662,86.7907,86.7907,
gn1218.twcc.ai,51,aircraft_pl,hideit3_base_patch16_224.fb_in1k,False,,,,adamw,0.05,5e-05,,0,200,448,8,6664,3333,50,-1,hiresnet50.fb_swsl_ig1b_ft_in1k,86.9787,,,1.4744,86.97869786978698,99.895,,,0.0138,389.3039,0.4121,67.1662,86.7907,86.7907,
gn1218.twcc.ai,51,aircraft_pl,hideit3_base_patch16_224.fb_in1k,False,,,,adamw,0.05,5e-05,,0,200,448,8,6664,3333,50,-1,hiresnet50.gluon_in1k,87.8188,,,1.3538,87.81878187818782,100.0,,,0.0001,389.9278,0.4121,67.1662,86.7907,86.7907,
gn1218.twcc.ai,51,aircraft_pl,hideit3_base_patch16_224.fb_in1k,False,,,,adamw,0.05,5e-05,,0,200,448,8,6664,3333,50,-1,hiresnet50.in21k_miil,87.0687,,,1.5219,87.06870687068707,99.955,,,0.0051,387.1262,0.4121,67.1662,86.7907,86.7907,
gn1220.twcc.ai,51,aircraft_pl,hideit3_base_patch16_224.fb_in1k,False,,,,adamw,0.05,5e-05,,0,200,448,8,6664,3333,50,-1,hideit3_base_patch16_224.fb_in22k_ft_in1k,88.2988,,,1.3836,88.2988298829883,99.985,,,0.0045,352.977,0.4121,67.1662,86.7907,86.7907,
gn1220.twcc.ai,51,aircraft_pl,hideit3_base_patch16_224.fb_in1k,False,,,,adamw,0.05,5e-05,,0,200,448,8,6664,3333,50,-1,hivit_base_patch16_224.in1k_mocov3,87.4887,,,1.4205,87.48874887488749,99.97,,,0.0049,380.2188,0.4121,67.1662,86.7907,86.7907,
gn1222.twcc.ai,51,aircraft_pl,hideit3_base_patch16_224.fb_in1k,False,,,,adamw,0.05,5e-05,,0,200,448,8,6664,3333,50,-1,hiresnet50.fb_ssl_yfcc100m_ft_in1k,87.3687,,,1.4085,87.36873687368737,99.97,,,0.0031,357.97,0.4121,67.1662,86.7907,86.7907,
gn1222.twcc.ai,51,aircraft_pl,hideit3_base_patch16_224.fb_in1k,False,,,,adamw,0.05,5e-05,,0,200,448,8,6664,3333,50,-1,hiresnet50.in1k_mocov3,87.2787,,,1.3733,87.27872787278727,99.94,,,0.0066,356.3922,0.4121,67.1662,86.7907,86.7907,
gn1222.twcc.ai,51,aircraft_pl,hideit3_base_patch16_224.fb_in1k,False,,,,adamw,0.05,5e-05,,0,200,448,8,6664,3333,50,-1,hiresnet50.in1k_supcon,87.9688,,,1.3682,87.96879687968797,99.955,,,0.0037,356.9819,0.4121,67.1662,86.7907,86.7907,
gn1224.twcc.ai,51,aircraft_pl,hideit3_base_patch16_224.fb_in1k,False,,,,adamw,0.05,5e-05,,0,200,448,8,6664,3333,50,-1,hivit_base_patch16_224.orig_in21k,86.7987,,,1.4741,86.79867986798679,99.955,,,0.003,351.1694,0.4121,67.1662,86.7907,86.7907,
gn1224.twcc.ai,51,aircraft_pl,hideit3_base_patch16_224.fb_in1k,False,,,,adamw,0.05,5e-05,,0,200,448,8,6664,3333,50,-1,hivit_base_patch16_224_miil.in21k,86.4986,,,1.4425,86.4986498649865,99.955,,,0.0074,352.2859,0.4121,67.1662,86.7907,86.7907,
gn1224.twcc.ai,51,aircraft_pl,hideit3_base_patch16_224.fb_in1k,False,,,,adamw,0.05,5e-05,,0,200,448,8,6664,3333,50,-1,hivit_base_patch16_siglip_224.v2_webli,86.9787,,,1.4391,86.97869786978698,100.0,,,0.0,351.9258,0.4121,67.1662,86.7907,86.7907,
gn1230.twcc.ai,51,aircraft_pl,hideit3_base_patch16_224.fb_in1k,False,,,,adamw,0.05,5e-05,,0,200,448,8,6664,3333,50,-1,hideit_base_patch16_224.fb_in1k,87.3087,,,1.3654,87.30873087308731,99.985,,,0.0022,352.0914,0.4121,67.1662,86.7907,86.7907,
gn1230.twcc.ai,51,aircraft_pl,hideit3_base_patch16_224.fb_in1k,False,,,,adamw,0.05,5e-05,,0,200,448,8,6664,3333,50,-1,hivit_base_patch16_224.dino,87.1287,,,1.4853,87.12871287128714,99.895,,,0.019,352.8574,0.4121,67.1662,86.7907,86.7907,
gn1230.twcc.ai,51,aircraft_pl,hideit3_base_patch16_224.fb_in1k,False,,,,adamw,0.05,5e-05,,0,200,448,8,6664,3333,50,-1,hivit_base_patch16_224.mae,87.6988,,,1.3855,87.6987698769877,99.97,,,0.0063,352.6585,0.4121,67.1662,86.7907,86.7907,
gn1230.twcc.ai,51,aircraft_pl,hideit3_base_patch16_224.fb_in1k,False,,,,adamw,0.05,5e-05,,0,200,448,8,6664,3333,50,-1,hivit_base_patch16_clip_224.laion2b,87.1287,,,1.3331,87.12871287128714,99.985,,,0.0061,352.8643,0.4121,67.1662,86.7907,86.7907,
gn1201.twcc.ai,51,aircraft_pl,hideit3_base_patch16_224.fb_in1k,False,,,,adamw,0.05,0.0001,,0,200,448,8,6664,3333,50,-1,hiresnet50.in1k_swav,84.0384,,,1.9726,84.03840384038403,99.97,,,0.0029,355.2496,0.4121,67.1662,86.7907,86.7907,
gn1202.twcc.ai,51,aircraft_pl,hideit3_base_patch16_224.fb_in1k,False,,,,adamw,0.05,0.0001,,0,200,448,8,6664,3333,50,-1,hiresnet50.a1_in1k,84.0984,,,1.785,84.0984098409841,99.97,,,0.0047,354.4986,0.4121,67.1662,86.7907,86.7907,
gn1202.twcc.ai,51,aircraft_pl,hideit3_base_patch16_224.fb_in1k,False,,,,adamw,0.05,0.0001,,0,200,448,8,6664,3333,50,-1,hiresnet50.in1k_spark,84.7585,,,1.7813,84.75847584758476,99.955,,,0.0029,360.3315,0.4121,67.1662,86.7907,86.7907,
gn1204.twcc.ai,51,aircraft_pl,hideit3_base_patch16_224.fb_in1k,False,,,,adamw,0.05,0.0001,,0,200,448,8,6664,3333,50,-1,hiresnet50.tv_in1k,84.2184,,,1.7449,84.21842184218421,99.97,,,0.0057,360.8417,0.4121,67.1662,86.7907,86.7907,
gn1215.twcc.ai,51,aircraft_pl,hideit3_base_patch16_224.fb_in1k,False,,,,adamw,0.05,0.0001,,0,200,448,8,6664,3333,50,-1,hiresnet50.tv2_in1k,85.2385,,,1.8275,85.23852385238524,99.985,,,0.0037,355.6459,0.4121,67.1662,86.7907,86.7907,
gn1218.twcc.ai,51,aircraft_pl,hideit3_base_patch16_224.fb_in1k,False,,,,adamw,0.05,0.0001,,0,200,448,8,6664,3333,50,-1,hiresnet50.fb_swsl_ig1b_ft_in1k,85.1485,,,1.7833,85.14851485148515,100.0,,,0.0,389.6197,0.4121,67.1662,86.7907,86.7907,
gn1218.twcc.ai,51,aircraft_pl,hideit3_base_patch16_224.fb_in1k,False,,,,adamw,0.05,0.0001,,0,200,448,8,6664,3333,50,-1,hiresnet50.gluon_in1k,85.3585,,,1.8751,85.35853585358535,100.0,,,0.0,390.1915,0.4121,67.1662,86.7907,86.7907,
gn1218.twcc.ai,51,aircraft_pl,hideit3_base_patch16_224.fb_in1k,False,,,,adamw,0.05,0.0001,,0,200,448,8,6664,3333,50,-1,hiresnet50.in21k_miil,84.4584,,,1.8606,84.45844584458446,99.97,,,0.0044,387.4212,0.4121,67.1662,86.7907,86.7907,
gn1220.twcc.ai,51,aircraft_pl,hideit3_base_patch16_224.fb_in1k,False,,,,adamw,0.05,0.0001,,0,200,448,8,6664,3333,50,-1,hideit3_base_patch16_224.fb_in22k_ft_in1k,85.5386,,,1.7899,85.53855385538554,99.97,,,0.0081,353.5403,0.4121,67.1662,86.7907,86.7907,
gn1220.twcc.ai,51,aircraft_pl,hideit3_base_patch16_224.fb_in1k,False,,,,adamw,0.05,0.0001,,0,200,448,8,6664,3333,50,-1,hivit_base_patch16_224.in1k_mocov3,84.3984,,,1.8577,84.39843984398439,100.0,,,0.0003,381.0944,0.4121,67.1662,86.7907,86.7907,
gn1222.twcc.ai,51,aircraft_pl,hideit3_base_patch16_224.fb_in1k,False,,,,adamw,0.05,0.0001,,0,200,448,8,6664,3333,50,-1,hiresnet50.fb_ssl_yfcc100m_ft_in1k,84.4584,,,1.7996,84.45844584458446,99.985,,,0.0034,358.7716,0.4121,67.1662,86.7907,86.7907,
gn1222.twcc.ai,51,aircraft_pl,hideit3_base_patch16_224.fb_in1k,False,,,,adamw,0.05,0.0001,,0,200,448,8,6664,3333,50,-1,hiresnet50.in1k_mocov3,85.2085,,,1.6565,85.20852085208521,99.985,,,0.0005,356.2384,0.4121,67.1662,86.7907,86.7907,
gn1222.twcc.ai,51,aircraft_pl,hideit3_base_patch16_224.fb_in1k,False,,,,adamw,0.05,0.0001,,0,200,448,8,6664,3333,50,-1,hiresnet50.in1k_supcon,85.5086,,,1.7973,85.5085508550855,99.985,,,0.0005,354.8363,0.4121,67.1662,86.7907,86.7907,
gn1224.twcc.ai,51,aircraft_pl,hideit3_base_patch16_224.fb_in1k,False,,,,adamw,0.05,0.0001,,0,200,448,8,6664,3333,50,-1,hivit_base_patch16_224.orig_in21k,84.8785,,,1.7239,84.87848784878487,99.985,,,0.0003,351.2898,0.4121,67.1662,86.7907,86.7907,
gn1224.twcc.ai,51,aircraft_pl,hideit3_base_patch16_224.fb_in1k,False,,,,adamw,0.05,0.0001,,0,200,448,8,6664,3333,50,-1,hivit_base_patch16_224_miil.in21k,84.8785,,,1.8047,84.87848784878487,100.0,,,0.0,352.22,0.4121,67.1662,86.7907,86.7907,
gn1224.twcc.ai,51,aircraft_pl,hideit3_base_patch16_224.fb_in1k,False,,,,adamw,0.05,0.0001,,0,200,448,8,6664,3333,50,-1,hivit_base_patch16_siglip_224.v2_webli,84.3384,,,1.8972,84.33843384338434,100.0,,,0.0001,352.0203,0.4121,67.1662,86.7907,86.7907,
gn1230.twcc.ai,51,aircraft_pl,hideit3_base_patch16_224.fb_in1k,False,,,,adamw,0.05,0.0001,,0,200,448,8,6664,3333,50,-1,hideit_base_patch16_224.fb_in1k,85.2385,,,1.783,85.23852385238524,99.985,,,0.0021,352.3064,0.4121,67.1662,86.7907,86.7907,
gn1230.twcc.ai,51,aircraft_pl,hideit3_base_patch16_224.fb_in1k,False,,,,adamw,0.05,0.0001,,0,200,448,8,6664,3333,50,-1,hivit_base_patch16_224.dino,84.4284,,,1.7574,84.42844284428443,99.985,,,0.0026,353.0468,0.4121,67.1662,86.7907,86.7907,
gn1230.twcc.ai,51,aircraft_pl,hideit3_base_patch16_224.fb_in1k,False,,,,adamw,0.05,0.0001,,0,200,448,8,6664,3333,50,-1,hivit_base_patch16_224.mae,84.6085,,,1.7135,84.60846084608461,99.97,,,0.0053,352.634,0.4121,67.1662,86.7907,86.7907,
gn1230.twcc.ai,51,aircraft_pl,hideit3_base_patch16_224.fb_in1k,False,,,,adamw,0.05,0.0001,,0,200,448,8,6664,3333,50,-1,hivit_base_patch16_clip_224.laion2b,84.6085,,,1.7275,84.60846084608461,99.955,,,0.0051,353.4944,0.4121,67.1662,86.7907,86.7907,
gn1201.twcc.ai,51,aircraft_pl,hideit3_base_patch16_224.fb_in1k,False,,,,adamw,0.05,0.0005,,0,200,448,8,6664,3333,50,-1,hiresnet50.in1k_swav,55.0555,,,3.7645,55.055505550555054,100.0,,,0.0004,356.1956,0.4121,67.1662,86.7907,86.7907,
gn1202.twcc.ai,51,aircraft_pl,hideit3_base_patch16_224.fb_in1k,False,,,,adamw,0.05,0.0005,,0,200,448,8,6664,3333,50,-1,hiresnet50.a1_in1k,62.6163,,,2.8617,62.61626162616262,100.0,,,0.0011,354.9901,0.4121,67.1662,86.7907,86.7907,
gn1202.twcc.ai,51,aircraft_pl,hideit3_base_patch16_224.fb_in1k,False,,,,adamw,0.05,0.0005,,0,200,448,8,6664,3333,50,-1,hiresnet50.in1k_spark,68.9169,,,2.1187,68.91689168916892,100.0,,,0.0006,361.1022,0.4121,67.1662,86.7907,86.7907,
gn1204.twcc.ai,51,aircraft_pl,hideit3_base_patch16_224.fb_in1k,False,,,,adamw,0.05,0.0005,,0,200,448,8,6664,3333,50,-1,hiresnet50.tv_in1k,71.8872,,,1.929,71.88718871887188,99.985,,,0.0006,360.2077,0.4121,67.1662,86.7907,86.7907,
gn1215.twcc.ai,51,aircraft_pl,hideit3_base_patch16_224.fb_in1k,False,,,,adamw,0.05,0.0005,,0,200,448,8,6664,3333,50,-1,hiresnet50.tv2_in1k,8.7309,,,5.744,8.730873087308732,41.2815,,,4.2413,356.6536,0.4121,67.1662,86.7907,86.7907,
gn1218.twcc.ai,51,aircraft_pl,hideit3_base_patch16_224.fb_in1k,False,,,,adamw,0.05,0.0005,,0,200,448,8,6664,3333,50,-1,hiresnet50.fb_swsl_ig1b_ft_in1k,64.4764,,,2.6826,64.47644764476448,100.0,,,0.0007,389.601,0.4121,67.1662,86.7907,86.7907,
gn1218.twcc.ai,51,aircraft_pl,hideit3_base_patch16_224.fb_in1k,False,,,,adamw,0.05,0.0005,,0,200,448,8,6664,3333,50,-1,hiresnet50.gluon_in1k,59.3759,,,3.4238,59.375937593759375,100.0,,,0.0002,390.3998,0.4121,67.1662,86.7907,86.7907,
gn1218.twcc.ai,51,aircraft_pl,hideit3_base_patch16_224.fb_in1k,False,,,,adamw,0.05,0.0005,,0,200,448,8,6664,3333,50,-1,hiresnet50.in21k_miil,59.4059,,,3.4041,59.40594059405941,100.0,,,0.0006,387.0877,0.4121,67.1662,86.7907,86.7907,
gn1220.twcc.ai,51,aircraft_pl,hideit3_base_patch16_224.fb_in1k,False,,,,adamw,0.05,0.0005,,0,200,448,8,6664,3333,50,-1,hideit3_base_patch16_224.fb_in22k_ft_in1k,,,,,,,,,,,,,,,
gn1220.twcc.ai,51,aircraft_pl,hideit3_base_patch16_224.fb_in1k,False,,,,adamw,0.05,0.0005,,0,200,448,8,6664,3333,50,-1,hivit_base_patch16_224.in1k_mocov3,50.225,,,4.1916,50.225022502250226,100.0,,,0.0004,381.7389,0.4121,67.1662,86.7907,86.7907,
gn1222.twcc.ai,51,aircraft_pl,hideit3_base_patch16_224.fb_in1k,False,,,,adamw,0.05,0.0005,,0,200,448,8,6664,3333,50,-1,hiresnet50.fb_ssl_yfcc100m_ft_in1k,75.6376,,,1.6811,75.63756375637564,100.0,,,0.0003,358.9691,0.4121,67.1662,86.7907,86.7907,
gn1222.twcc.ai,51,aircraft_pl,hideit3_base_patch16_224.fb_in1k,False,,,,adamw,0.05,0.0005,,0,200,448,8,6664,3333,50,-1,hiresnet50.in1k_mocov3,70.9271,,,2.0146,70.92709270927092,100.0,,,0.0004,357.2224,0.4121,67.1662,86.7907,86.7907,
gn1222.twcc.ai,51,aircraft_pl,hideit3_base_patch16_224.fb_in1k,False,,,,adamw,0.05,0.0005,,0,200,448,8,6664,3333,50,-1,hiresnet50.in1k_supcon,15.7816,,,4.2046,15.78157815781578,41.3115,,,4.2742,355.3719,0.4121,67.1662,86.7907,86.7907,
gn1224.twcc.ai,51,aircraft_pl,hideit3_base_patch16_224.fb_in1k,False,,,,adamw,0.05,0.0005,,0,200,448,8,6664,3333,50,-1,hivit_base_patch16_224.orig_in21k,50.495,,,4.3186,50.495049504950494,100.0,,,0.0013,352.0471,0.4121,67.1662,86.7907,86.7907,
gn1224.twcc.ai,51,aircraft_pl,hideit3_base_patch16_224.fb_in1k,False,,,,adamw,0.05,0.0005,,0,200,448,8,6664,3333,50,-1,hivit_base_patch16_224_miil.in21k,52.1752,,,3.9897,52.175217521752174,99.985,,,0.0004,352.8153,0.4121,67.1662,86.7907,86.7907,
gn1224.twcc.ai,51,aircraft_pl,hideit3_base_patch16_224.fb_in1k,False,,,,adamw,0.05,0.0005,,0,200,448,8,6664,3333,50,-1,hivit_base_patch16_siglip_224.v2_webli,17.4617,,,3.6665,17.461746174617463,34.7389,,,4.9819,352.2067,0.4121,67.1662,86.7907,86.7907,
gn1230.twcc.ai,51,aircraft_pl,hideit3_base_patch16_224.fb_in1k,False,,,,adamw,0.05,0.0005,,0,200,448,8,6664,3333,50,-1,hideit_base_patch16_224.fb_in1k,60.456,,,3.0949,60.45604560456046,99.985,,,0.0007,352.5773,0.4121,67.1662,86.7907,86.7907,
gn1230.twcc.ai,51,aircraft_pl,hideit3_base_patch16_224.fb_in1k,False,,,,adamw,0.05,0.0005,,0,200,448,8,6664,3333,50,-1,hivit_base_patch16_224.dino,62.7063,,,3.034,62.70627062706271,99.955,,,0.0026,353.2674,0.4121,67.1662,86.7907,86.7907,
gn1230.twcc.ai,51,aircraft_pl,hideit3_base_patch16_224.fb_in1k,False,,,,adamw,0.05,0.0005,,0,200,448,8,6664,3333,50,-1,hivit_base_patch16_224.mae,71.3771,,,1.8932,71.37713771377138,100.0,,,0.0003,353.8001,0.4121,67.1662,86.7907,86.7907,
gn1230.twcc.ai,51,aircraft_pl,hideit3_base_patch16_224.fb_in1k,False,,,,adamw,0.05,0.0005,,0,200,448,8,6664,3333,50,-1,hivit_base_patch16_clip_224.laion2b,70.7771,,,2.0309,70.77707770777077,100.0,,,0.0002,354.443,0.4121,67.1662,86.7907,86.7907,
gn1201.twcc.ai,51,aircraft_pl,hideit3_base_patch16_224.fb_in1k,False,,,,adamw,0.05,0.001,,0,200,448,8,6664,3333,50,-1,hiresnet50.in1k_swav,,,,,,,,,,,,,,,
gn1202.twcc.ai,51,aircraft_pl,hideit3_base_patch16_224.fb_in1k,False,,,,adamw,0.05,0.001,,0,200,448,8,6664,3333,50,-1,hiresnet50.a1_in1k,,,,,,,,,,,,,,,
gn1202.twcc.ai,51,aircraft_pl,hideit3_base_patch16_224.fb_in1k,False,,,,adamw,0.05,0.001,,0,200,448,8,6664,3333,50,-1,hiresnet50.in1k_spark,,,,,,,,,,,,,,,
gn1204.twcc.ai,51,aircraft_pl,hideit3_base_patch16_224.fb_in1k,False,,,,adamw,0.05,0.001,,0,200,448,8,6664,3333,50,-1,hiresnet50.tv_in1k,7.3207,,,4.3482,7.320732073207321,13.3854,,,6.7002,358.7945,0.4121,67.1662,86.7907,86.7907,
gn1215.twcc.ai,51,aircraft_pl,hideit3_base_patch16_224.fb_in1k,False,,,,adamw,0.05,0.001,,0,200,448,8,6664,3333,50,-1,hiresnet50.tv2_in1k,,,,,,,,,,,,,,,
gn1218.twcc.ai,51,aircraft_pl,hideit3_base_patch16_224.fb_in1k,False,,,,adamw,0.05,0.001,,0,200,448,8,6664,3333,50,-1,hiresnet50.fb_swsl_ig1b_ft_in1k,,,,,,,,,,,,,,,
gn1218.twcc.ai,51,aircraft_pl,hideit3_base_patch16_224.fb_in1k,False,,,,adamw,0.05,0.001,,0,200,448,8,6664,3333,50,-1,hiresnet50.gluon_in1k,,,,,,,,,,,,,,,
gn1218.twcc.ai,51,aircraft_pl,hideit3_base_patch16_224.fb_in1k,False,,,,adamw,0.05,0.001,,0,200,448,8,6664,3333,50,-1,hiresnet50.in21k_miil,,,,,,,,,,,,,,,
gn1220.twcc.ai,51,aircraft_pl,hideit3_base_patch16_224.fb_in1k,False,,,,adamw,0.05,0.001,,0,200,448,8,6664,3333,50,-1,hideit3_base_patch16_224.fb_in22k_ft_in1k,6.5407,,,4.2683,6.540654065406541,12.0348,,,6.792,354.0638,0.4121,67.1662,86.7907,86.7907,
gn1220.twcc.ai,51,aircraft_pl,hideit3_base_patch16_224.fb_in1k,False,,,,adamw,0.05,0.001,,0,200,448,8,6664,3333,50,-1,hivit_base_patch16_224.in1k_mocov3,,,,,,,,,,,,,,,
gn1222.twcc.ai,51,aircraft_pl,hideit3_base_patch16_224.fb_in1k,False,,,,adamw,0.05,0.001,,0,200,448,8,6664,3333,50,-1,hiresnet50.fb_ssl_yfcc100m_ft_in1k,,,,,,,,,,,,,,,
gn1222.twcc.ai,51,aircraft_pl,hideit3_base_patch16_224.fb_in1k,False,,,,adamw,0.05,0.001,,0,200,448,8,6664,3333,50,-1,hiresnet50.in1k_mocov3,,,,,,,,,,,,,,,
gn1222.twcc.ai,51,aircraft_pl,hideit3_base_patch16_224.fb_in1k,False,,,,adamw,0.05,0.001,,0,200,448,8,6664,3333,50,-1,hiresnet50.in1k_supcon,,,,,,,,,,,,,,,
gn1224.twcc.ai,51,aircraft_pl,hideit3_base_patch16_224.fb_in1k,False,,,,adamw,0.05,0.001,,0,200,448,8,6664,3333,50,-1,hivit_base_patch16_224.orig_in21k,,,,,,,,,,,,,,,
gn1224.twcc.ai,51,aircraft_pl,hideit3_base_patch16_224.fb_in1k,False,,,,adamw,0.05,0.001,,0,200,448,8,6664,3333,50,-1,hivit_base_patch16_224_miil.in21k,,,,,,,,,,,,,,,
gn1224.twcc.ai,51,aircraft_pl,hideit3_base_patch16_224.fb_in1k,False,,,,adamw,0.05,0.001,,0,200,448,8,6664,3333,50,-1,hivit_base_patch16_siglip_224.v2_webli,,,,,,,,,,,,,,,
gn1230.twcc.ai,51,aircraft_pl,hideit3_base_patch16_224.fb_in1k,False,,,,adamw,0.05,0.001,,0,200,448,8,6664,3333,50,-1,hideit_base_patch16_224.fb_in1k,,,,,,,,,,,,,,,
gn1230.twcc.ai,51,aircraft_pl,hideit3_base_patch16_224.fb_in1k,False,,,,adamw,0.05,0.001,,0,200,448,8,6664,3333,50,-1,hivit_base_patch16_224.dino,2.7003,,,4.4955,2.7002700270027,2.536,,,8.1131,329.1958,0.4121,67.1662,86.7907,86.7907,
gn1230.twcc.ai,51,aircraft_pl,hideit3_base_patch16_224.fb_in1k,False,,,,adamw,0.05,0.001,,0,200,448,8,6664,3333,50,-1,hivit_base_patch16_224.mae,8.2508,,,4.0559,8.250825082508252,13.4004,,,6.804,352.1155,0.4121,67.1662,86.7907,86.7907,
gn1230.twcc.ai,51,aircraft_pl,hideit3_base_patch16_224.fb_in1k,False,,,,adamw,0.05,0.001,,0,200,448,8,6664,3333,50,-1,hivit_base_patch16_clip_224.laion2b,6.6307,,,4.3822,6.630663066306631,15.6813,,,6.4852,352.7244,0.4121,67.1662,86.7907,86.7907,
gn1201.twcc.ai,51,aircraft_pl,hideit3_base_patch16_224.fb_in1k,False,,,,sgd,0.0,0.003,,0,200,448,8,6664,3333,50,-1,hiresnet50.in1k_swav,91.2391,,,0.5765,91.23912391239124,100.0,,,0.0004,341.6156,0.4121,67.1662,86.7907,86.7907,
gn1202.twcc.ai,51,aircraft_pl,hideit3_base_patch16_224.fb_in1k,False,,,,sgd,0.0,0.003,,0,200,448,8,6664,3333,50,-1,hiresnet50.a1_in1k,90.8791,,,0.5397,90.87908790879088,100.0,,,0.0003,339.6066,0.4121,67.1662,86.7907,86.7907,
gn1202.twcc.ai,51,aircraft_pl,hideit3_base_patch16_224.fb_in1k,False,,,,sgd,0.0,0.003,,0,200,448,8,6664,3333,50,-1,hiresnet50.in1k_spark,91.4791,,,0.5338,91.47914791479148,100.0,,,0.0003,346.0559,0.4121,67.1662,86.7907,86.7907,
gn1204.twcc.ai,51,aircraft_pl,hideit3_base_patch16_224.fb_in1k,False,,,,sgd,0.0,0.003,,0,200,448,8,6664,3333,50,-1,hiresnet50.tv_in1k,91.4491,,,0.5113,91.44914491449146,100.0,,,0.0003,344.4615,0.4121,67.1662,86.7907,86.7907,
gn1215.twcc.ai,51,aircraft_pl,hideit3_base_patch16_224.fb_in1k,False,,,,sgd,0.0,0.003,,0,200,448,8,6664,3333,50,-1,hiresnet50.tv2_in1k,91.5992,,,0.5242,91.5991599159916,100.0,,,0.0003,341.1145,0.4121,67.1662,86.7907,86.7907,
gn1218.twcc.ai,51,aircraft_pl,hideit3_base_patch16_224.fb_in1k,False,,,,sgd,0.0,0.003,,0,200,448,8,6664,3333,50,-1,hiresnet50.fb_swsl_ig1b_ft_in1k,91.1191,,,0.5559,91.11911191119113,100.0,,,0.0003,371.1229,0.4121,67.1662,86.7907,86.7907,
gn1218.twcc.ai,51,aircraft_pl,hideit3_base_patch16_224.fb_in1k,False,,,,sgd,0.0,0.003,,0,200,448,8,6664,3333,50,-1,hiresnet50.gluon_in1k,91.1191,,,0.5356,91.11911191119113,100.0,,,0.0003,372.4585,0.4121,67.1662,86.7907,86.7907,
gn1218.twcc.ai,51,aircraft_pl,hideit3_base_patch16_224.fb_in1k,False,,,,sgd,0.0,0.003,,0,200,448,8,6664,3333,50,-1,hiresnet50.in21k_miil,90.9091,,,0.5798,90.9090909090909,100.0,,,0.0003,370.2229,0.4121,67.1662,86.7907,86.7907,
gn1220.twcc.ai,51,aircraft_pl,hideit3_base_patch16_224.fb_in1k,False,,,,sgd,0.0,0.003,,0,200,448,8,6664,3333,50,-1,hideit3_base_patch16_224.fb_in22k_ft_in1k,91.1791,,,0.5507,91.17911791179118,100.0,,,0.0003,339.558,0.4121,67.1662,86.7907,86.7907,
gn1220.twcc.ai,51,aircraft_pl,hideit3_base_patch16_224.fb_in1k,False,,,,sgd,0.0,0.003,,0,200,448,8,6664,3333,50,-1,hivit_base_patch16_224.in1k_mocov3,91.5992,,,0.5224,91.5991599159916,100.0,,,0.0004,366.5492,0.4121,67.1662,86.7907,86.7907,
gn1222.twcc.ai,51,aircraft_pl,hideit3_base_patch16_224.fb_in1k,False,,,,sgd,0.0,0.003,,0,200,448,8,6664,3333,50,-1,hiresnet50.fb_ssl_yfcc100m_ft_in1k,91.6292,,,0.5209,91.62916291629163,100.0,,,0.0003,343.2614,0.4121,67.1662,86.7907,86.7907,
gn1222.twcc.ai,51,aircraft_pl,hideit3_base_patch16_224.fb_in1k,False,,,,sgd,0.0,0.003,,0,200,448,8,6664,3333,50,-1,hiresnet50.in1k_mocov3,91.4491,,,0.5285,91.44914491449146,100.0,,,0.0003,341.1596,0.4121,67.1662,86.7907,86.7907,
gn1222.twcc.ai,51,aircraft_pl,hideit3_base_patch16_224.fb_in1k,False,,,,sgd,0.0,0.003,,0,200,448,8,6664,3333,50,-1,hiresnet50.in1k_supcon,90.8791,,,0.5509,90.87908790879088,100.0,,,0.0004,340.8872,0.4121,67.1662,86.7907,86.7907,
gn1224.twcc.ai,51,aircraft_pl,hideit3_base_patch16_224.fb_in1k,False,,,,sgd,0.0,0.003,,0,200,448,8,6664,3333,50,-1,hivit_base_patch16_224.orig_in21k,91.2691,,,0.5367,91.26912691269126,100.0,,,0.0003,336.7829,0.4121,67.1662,86.7907,86.7907,
gn1224.twcc.ai,51,aircraft_pl,hideit3_base_patch16_224.fb_in1k,False,,,,sgd,0.0,0.003,,0,200,448,8,6664,3333,50,-1,hivit_base_patch16_224_miil.in21k,91.3891,,,0.5366,91.3891389138914,100.0,,,0.0003,337.7391,0.4121,67.1662,86.7907,86.7907,
gn1224.twcc.ai,51,aircraft_pl,hideit3_base_patch16_224.fb_in1k,False,,,,sgd,0.0,0.003,,0,200,448,8,6664,3333,50,-1,hivit_base_patch16_siglip_224.v2_webli,91.0891,,,0.5388,91.08910891089108,100.0,,,0.0003,337.5627,0.4121,67.1662,86.7907,86.7907,
gn1230.twcc.ai,51,aircraft_pl,hideit3_base_patch16_224.fb_in1k,False,,,,sgd,0.0,0.003,,0,200,448,8,6664,3333,50,-1,hideit_base_patch16_224.fb_in1k,91.2391,,,0.5282,91.23912391239124,100.0,,,0.0003,336.7075,0.4121,67.1662,86.7907,86.7907,
gn1230.twcc.ai,51,aircraft_pl,hideit3_base_patch16_224.fb_in1k,False,,,,sgd,0.0,0.003,,0,200,448,8,6664,3333,50,-1,hivit_base_patch16_224.dino,91.5392,,,0.5195,91.53915391539154,100.0,,,0.0004,337.7797,0.4121,67.1662,86.7907,86.7907,
gn1230.twcc.ai,51,aircraft_pl,hideit3_base_patch16_224.fb_in1k,False,,,,sgd,0.0,0.003,,0,200,448,8,6664,3333,50,-1,hivit_base_patch16_224.mae,90.8791,,,0.5307,90.87908790879088,100.0,,,0.0003,337.3244,0.4121,67.1662,86.7907,86.7907,
gn1230.twcc.ai,51,aircraft_pl,hideit3_base_patch16_224.fb_in1k,False,,,,sgd,0.0,0.003,,0,200,448,8,6664,3333,50,-1,hivit_base_patch16_clip_224.laion2b,91.1491,,,0.5239,91.14911491149115,100.0,,,0.0003,336.8419,0.4121,67.1662,86.7907,86.7907,
gn1201.twcc.ai,51,aircraft_pl,hideit3_base_patch16_224.fb_in1k,False,,,,sgd,0.0,0.01,,0,200,448,8,6664,3333,50,-1,hiresnet50.in1k_swav,92.3192,,,0.5162,92.31923192319232,100.0,,,0.0001,343.0484,0.4121,67.1662,86.7907,86.7907,
gn1202.twcc.ai,51,aircraft_pl,hideit3_base_patch16_224.fb_in1k,False,,,,sgd,0.0,0.01,,0,200,448,8,6664,3333,50,-1,hiresnet50.a1_in1k,92.4392,,,0.5026,92.43924392439244,100.0,,,0.0001,339.4098,0.4121,67.1662,86.7907,86.7907,
gn1202.twcc.ai,51,aircraft_pl,hideit3_base_patch16_224.fb_in1k,False,,,,sgd,0.0,0.01,,0,200,448,8,6664,3333,50,-1,hiresnet50.in1k_spark,92.0792,,,0.5025,92.07920792079209,100.0,,,0.0001,345.5868,0.4121,67.1662,86.7907,86.7907,
gn1204.twcc.ai,51,aircraft_pl,hideit3_base_patch16_224.fb_in1k,False,,,,sgd,0.0,0.01,,0,200,448,8,6664,3333,50,-1,hiresnet50.tv_in1k,92.2292,,,0.5269,92.22922292229222,100.0,,,0.0001,343.2885,0.4121,67.1662,86.7907,86.7907,
gn1215.twcc.ai,51,aircraft_pl,hideit3_base_patch16_224.fb_in1k,False,,,,sgd,0.0,0.01,,0,200,448,8,6664,3333,50,-1,hiresnet50.tv2_in1k,92.1092,,,0.5228,92.10921092109211,100.0,,,0.0001,342.0894,0.4121,67.1662,86.7907,86.7907,
gn1218.twcc.ai,51,aircraft_pl,hideit3_base_patch16_224.fb_in1k,False,,,,sgd,0.0,0.01,,0,200,448,8,6664,3333,50,-1,hiresnet50.fb_swsl_ig1b_ft_in1k,91.9592,,,0.5376,91.95919591959196,100.0,,,0.0001,371.3898,0.4121,67.1662,86.7907,86.7907,
gn1218.twcc.ai,51,aircraft_pl,hideit3_base_patch16_224.fb_in1k,False,,,,sgd,0.0,0.01,,0,200,448,8,6664,3333,50,-1,hiresnet50.gluon_in1k,92.1692,,,0.5287,92.16921692169215,100.0,,,0.0001,372.2127,0.4121,67.1662,86.7907,86.7907,
gn1218.twcc.ai,51,aircraft_pl,hideit3_base_patch16_224.fb_in1k,False,,,,sgd,0.0,0.01,,0,200,448,8,6664,3333,50,-1,hiresnet50.in21k_miil,92.1692,,,0.5082,92.16921692169215,100.0,,,0.0001,370.2805,0.4121,67.1662,86.7907,86.7907,
gn1220.twcc.ai,51,aircraft_pl,hideit3_base_patch16_224.fb_in1k,False,,,,sgd,0.0,0.01,,0,200,448,8,6664,3333,50,-1,hideit3_base_patch16_224.fb_in22k_ft_in1k,92.2892,,,0.537,92.28922892289228,100.0,,,0.0001,339.4507,0.4121,67.1662,86.7907,86.7907,
gn1220.twcc.ai,51,aircraft_pl,hideit3_base_patch16_224.fb_in1k,False,,,,sgd,0.0,0.01,,0,200,448,8,6664,3333,50,-1,hivit_base_patch16_224.in1k_mocov3,92.5293,,,0.5065,92.52925292529252,100.0,,,0.0001,366.0454,0.4121,67.1662,86.7907,86.7907,
gn1222.twcc.ai,51,aircraft_pl,hideit3_base_patch16_224.fb_in1k,False,,,,sgd,0.0,0.01,,0,200,448,8,6664,3333,50,-1,hiresnet50.fb_ssl_yfcc100m_ft_in1k,91.7192,,,0.5444,91.71917191719172,100.0,,,0.0001,342.805,0.4121,67.1662,86.7907,86.7907,
gn1222.twcc.ai,51,aircraft_pl,hideit3_base_patch16_224.fb_in1k,False,,,,sgd,0.0,0.01,,0,200,448,8,6664,3333,50,-1,hiresnet50.in1k_mocov3,92.0792,,,0.5208,92.07920792079209,100.0,,,0.0001,341.0473,0.4121,67.1662,86.7907,86.7907,
gn1222.twcc.ai,51,aircraft_pl,hideit3_base_patch16_224.fb_in1k,False,,,,sgd,0.0,0.01,,0,200,448,8,6664,3333,50,-1,hiresnet50.in1k_supcon,92.0792,,,0.5273,92.07920792079209,100.0,,,0.0001,340.4282,0.4121,67.1662,86.7907,86.7907,
gn1224.twcc.ai,51,aircraft_pl,hideit3_base_patch16_224.fb_in1k,False,,,,sgd,0.0,0.01,,0,200,448,8,6664,3333,50,-1,hivit_base_patch16_224.orig_in21k,92.2292,,,0.524,92.22922292229222,100.0,,,0.0001,336.5673,0.4121,67.1662,86.7907,86.7907,
gn1224.twcc.ai,51,aircraft_pl,hideit3_base_patch16_224.fb_in1k,False,,,,sgd,0.0,0.01,,0,200,448,8,6664,3333,50,-1,hivit_base_patch16_224_miil.in21k,91.5692,,,0.5365,91.56915691569156,100.0,,,0.0001,337.6711,0.4121,67.1662,86.7907,86.7907,
gn1224.twcc.ai,51,aircraft_pl,hideit3_base_patch16_224.fb_in1k,False,,,,sgd,0.0,0.01,,0,200,448,8,6664,3333,50,-1,hivit_base_patch16_siglip_224.v2_webli,91.9592,,,0.5314,91.95919591959196,100.0,,,0.0001,337.5379,0.4121,67.1662,86.7907,86.7907,
gn1230.twcc.ai,51,aircraft_pl,hideit3_base_patch16_224.fb_in1k,False,,,,sgd,0.0,0.01,,0,200,448,8,6664,3333,50,-1,hideit_base_patch16_224.fb_in1k,91.7492,,,0.5329,91.74917491749174,100.0,,,0.0001,336.2221,0.4121,67.1662,86.7907,86.7907,
gn1230.twcc.ai,51,aircraft_pl,hideit3_base_patch16_224.fb_in1k,False,,,,sgd,0.0,0.01,,0,200,448,8,6664,3333,50,-1,hivit_base_patch16_224.dino,92.1692,,,0.5231,92.16921692169215,100.0,,,0.0001,337.3625,0.4121,67.1662,86.7907,86.7907,
gn1230.twcc.ai,51,aircraft_pl,hideit3_base_patch16_224.fb_in1k,False,,,,sgd,0.0,0.01,,0,200,448,8,6664,3333,50,-1,hivit_base_patch16_224.mae,91.9892,,,0.5574,91.989198919892,100.0,,,0.0001,337.4005,0.4121,67.1662,86.7907,86.7907,
gn1230.twcc.ai,51,aircraft_pl,hideit3_base_patch16_224.fb_in1k,False,,,,sgd,0.0,0.01,,0,200,448,8,6664,3333,50,-1,hivit_base_patch16_clip_224.laion2b,92.3492,,,0.5032,92.34923492349236,100.0,,,0.0001,336.5352,0.4121,67.1662,86.7907,86.7907,
gn1201.twcc.ai,51,aircraft_pl,hideit3_base_patch16_224.fb_in1k,False,,,,sgd,0.0,0.03,,0,200,448,8,6664,3333,50,-1,hiresnet50.in1k_swav,91.1791,,,0.6175,91.17911791179118,100.0,,,0.0,342.767,0.4121,67.1662,86.7907,86.7907,
gn1202.twcc.ai,51,aircraft_pl,hideit3_base_patch16_224.fb_in1k,False,,,,sgd,0.0,0.03,,0,200,448,8,6664,3333,50,-1,hiresnet50.a1_in1k,90.7591,,,0.6765,90.75907590759076,100.0,,,0.0,338.6249,0.4121,67.1662,86.7907,86.7907,
gn1202.twcc.ai,51,aircraft_pl,hideit3_base_patch16_224.fb_in1k,False,,,,sgd,0.0,0.03,,0,200,448,8,6664,3333,50,-1,hiresnet50.in1k_spark,90.8491,,,0.6721,90.84908490849084,100.0,,,0.0,345.6033,0.4121,67.1662,86.7907,86.7907,
gn1204.twcc.ai,51,aircraft_pl,hideit3_base_patch16_224.fb_in1k,False,,,,sgd,0.0,0.03,,0,200,448,8,6664,3333,50,-1,hiresnet50.tv_in1k,90.8791,,,0.6331,90.87908790879088,100.0,,,0.0,342.7404,0.4121,67.1662,86.7907,86.7907,
gn1215.twcc.ai,51,aircraft_pl,hideit3_base_patch16_224.fb_in1k,False,,,,sgd,0.0,0.03,,0,200,448,8,6664,3333,50,-1,hiresnet50.tv2_in1k,90.9391,,,0.6853,90.93909390939092,100.0,,,0.0,342.8495,0.4121,67.1662,86.7907,86.7907,
gn1218.twcc.ai,51,aircraft_pl,hideit3_base_patch16_224.fb_in1k,False,,,,sgd,0.0,0.03,,0,200,448,8,6664,3333,50,-1,hiresnet50.fb_swsl_ig1b_ft_in1k,91.2391,,,0.647,91.23912391239124,100.0,,,0.0,371.1806,0.4121,67.1662,86.7907,86.7907,
gn1218.twcc.ai,51,aircraft_pl,hideit3_base_patch16_224.fb_in1k,False,,,,sgd,0.0,0.03,,0,200,448,8,6664,3333,50,-1,hiresnet50.gluon_in1k,90.6991,,,0.6612,90.6990699069907,100.0,,,0.0,371.9544,0.4121,67.1662,86.7907,86.7907,
gn1218.twcc.ai,51,aircraft_pl,hideit3_base_patch16_224.fb_in1k,False,,,,sgd,0.0,0.03,,0,200,448,8,6664,3333,50,-1,hiresnet50.in21k_miil,91.1791,,,0.6714,91.17911791179118,100.0,,,0.0,370.1841,0.4121,67.1662,86.7907,86.7907,
gn1220.twcc.ai,51,aircraft_pl,hideit3_base_patch16_224.fb_in1k,False,,,,sgd,0.0,0.03,,0,200,448,8,6664,3333,50,-1,hideit3_base_patch16_224.fb_in22k_ft_in1k,91.1191,,,0.6287,91.11911191119113,100.0,,,0.0,338.3202,0.4121,67.1662,86.7907,86.7907,
gn1220.twcc.ai,51,aircraft_pl,hideit3_base_patch16_224.fb_in1k,False,,,,sgd,0.0,0.03,,0,200,448,8,6664,3333,50,-1,hivit_base_patch16_224.in1k_mocov3,91.2091,,,0.6366,91.2091209120912,100.0,,,0.0,366.5446,0.4121,67.1662,86.7907,86.7907,
gn1222.twcc.ai,51,aircraft_pl,hideit3_base_patch16_224.fb_in1k,False,,,,sgd,0.0,0.03,,0,200,448,8,6664,3333,50,-1,hiresnet50.fb_ssl_yfcc100m_ft_in1k,91.3591,,,0.65,91.35913591359136,100.0,,,0.0,342.6201,0.4121,67.1662,86.7907,86.7907,
gn1222.twcc.ai,51,aircraft_pl,hideit3_base_patch16_224.fb_in1k,False,,,,sgd,0.0,0.03,,0,200,448,8,6664,3333,50,-1,hiresnet50.in1k_mocov3,90.7291,,,0.6794,90.72907290729071,100.0,,,0.0,340.7014,0.4121,67.1662,86.7907,86.7907,
gn1222.twcc.ai,51,aircraft_pl,hideit3_base_patch16_224.fb_in1k,False,,,,sgd,0.0,0.03,,0,200,448,8,6664,3333,50,-1,hiresnet50.in1k_supcon,91.1491,,,0.6575,91.14911491149115,100.0,,,0.0,340.3616,0.4121,67.1662,86.7907,86.7907,
gn1224.twcc.ai,51,aircraft_pl,hideit3_base_patch16_224.fb_in1k,False,,,,sgd,0.0,0.03,,0,200,448,8,6664,3333,50,-1,hivit_base_patch16_224.orig_in21k,91.1791,,,0.6491,91.17911791179118,100.0,,,0.0,336.3455,0.4121,67.1662,86.7907,86.7907,
gn1224.twcc.ai,51,aircraft_pl,hideit3_base_patch16_224.fb_in1k,False,,,,sgd,0.0,0.03,,0,200,448,8,6664,3333,50,-1,hivit_base_patch16_224_miil.in21k,90.9991,,,0.6359,90.999099909991,100.0,,,0.0,337.115,0.4121,67.1662,86.7907,86.7907,
gn1224.twcc.ai,51,aircraft_pl,hideit3_base_patch16_224.fb_in1k,False,,,,sgd,0.0,0.03,,0,200,448,8,6664,3333,50,-1,hivit_base_patch16_siglip_224.v2_webli,91.2091,,,0.6681,91.2091209120912,100.0,,,0.0,336.6748,0.4121,67.1662,86.7907,86.7907,
gn1230.twcc.ai,51,aircraft_pl,hideit3_base_patch16_224.fb_in1k,False,,,,sgd,0.0,0.03,,0,200,448,8,6664,3333,50,-1,hideit_base_patch16_224.fb_in1k,91.2691,,,0.6201,91.26912691269126,100.0,,,0.0,335.7974,0.4121,67.1662,86.7907,86.7907,
gn1230.twcc.ai,51,aircraft_pl,hideit3_base_patch16_224.fb_in1k,False,,,,sgd,0.0,0.03,,0,200,448,8,6664,3333,50,-1,hivit_base_patch16_224.dino,91.2691,,,0.6427,91.26912691269126,100.0,,,0.0,337.2582,0.4121,67.1662,86.7907,86.7907,
gn1230.twcc.ai,51,aircraft_pl,hideit3_base_patch16_224.fb_in1k,False,,,,sgd,0.0,0.03,,0,200,448,8,6664,3333,50,-1,hivit_base_patch16_224.mae,91.0591,,,0.6174,91.05910591059106,100.0,,,0.0,336.9231,0.4121,67.1662,86.7907,86.7907,
gn1230.twcc.ai,51,aircraft_pl,hideit3_base_patch16_224.fb_in1k,False,,,,sgd,0.0,0.03,,0,200,448,8,6664,3333,50,-1,hivit_base_patch16_clip_224.laion2b,91.0591,,,0.649,91.05910591059106,100.0,,,0.0,336.3115,0.4121,67.1662,86.7907,86.7907,
gn1201.twcc.ai,51,aircraft_pl,hideit3_base_patch16_224.fb_in1k,False,,,,sgd,0.0,0.1,,0,200,448,8,6664,3333,50,-1,hiresnet50.in1k_swav,84.4584,,,1.6969,84.45844584458446,100.0,,,0.0,342.1611,0.4121,67.1662,86.7907,86.7907,
gn1202.twcc.ai,51,aircraft_pl,hideit3_base_patch16_224.fb_in1k,False,,,,sgd,0.0,0.1,,0,200,448,8,6664,3333,50,-1,hiresnet50.a1_in1k,84.7585,,,1.6553,84.75847584758476,100.0,,,0.0,338.0535,0.4121,67.1662,86.7907,86.7907,
gn1202.twcc.ai,51,aircraft_pl,hideit3_base_patch16_224.fb_in1k,False,,,,sgd,0.0,0.1,,0,200,448,8,6664,3333,50,-1,hiresnet50.in1k_spark,84.4884,,,1.6124,84.48844884488449,99.985,,,0.0002,343.1311,0.4121,67.1662,86.7907,86.7907,
gn1204.twcc.ai,51,aircraft_pl,hideit3_base_patch16_224.fb_in1k,False,,,,sgd,0.0,0.1,,0,200,448,8,6664,3333,50,-1,hiresnet50.tv_in1k,84.6085,,,1.7359,84.60846084608461,100.0,,,0.0,342.4362,0.4121,67.1662,86.7907,86.7907,
gn1215.twcc.ai,51,aircraft_pl,hideit3_base_patch16_224.fb_in1k,False,,,,sgd,0.0,0.1,,0,200,448,8,6664,3333,50,-1,hiresnet50.tv2_in1k,84.2484,,,1.796,84.24842484248425,100.0,,,0.0001,342.4271,0.4121,67.1662,86.7907,86.7907,
gn1218.twcc.ai,51,aircraft_pl,hideit3_base_patch16_224.fb_in1k,False,,,,sgd,0.0,0.1,,0,200,448,8,6664,3333,50,-1,hiresnet50.fb_swsl_ig1b_ft_in1k,84.3984,,,1.5474,84.39843984398439,100.0,,,0.0,370.8672,0.4121,67.1662,86.7907,86.7907,
gn1218.twcc.ai,51,aircraft_pl,hideit3_base_patch16_224.fb_in1k,False,,,,sgd,0.0,0.1,,0,200,448,8,6664,3333,50,-1,hiresnet50.gluon_in1k,83.9184,,,1.7694,83.91839183918391,100.0,,,0.0001,372.2511,0.4121,67.1662,86.7907,86.7907,
gn1218.twcc.ai,51,aircraft_pl,hideit3_base_patch16_224.fb_in1k,False,,,,sgd,0.0,0.1,,0,200,448,8,6664,3333,50,-1,hiresnet50.in21k_miil,84.3984,,,1.7057,84.39843984398439,100.0,,,0.0001,370.1098,0.4121,67.1662,86.7907,86.7907,
gn1220.twcc.ai,51,aircraft_pl,hideit3_base_patch16_224.fb_in1k,False,,,,sgd,0.0,0.1,,0,200,448,8,6664,3333,50,-1,hideit3_base_patch16_224.fb_in22k_ft_in1k,84.3384,,,1.7434,84.33843384338434,100.0,,,0.0,337.6275,0.4121,67.1662,86.7907,86.7907,
gn1220.twcc.ai,51,aircraft_pl,hideit3_base_patch16_224.fb_in1k,False,,,,sgd,0.0,0.1,,0,200,448,8,6664,3333,50,-1,hivit_base_patch16_224.in1k_mocov3,84.3684,,,1.7139,84.36843684368436,100.0,,,0.0,366.7792,0.4121,67.1662,86.7907,86.7907,
gn1222.twcc.ai,51,aircraft_pl,hideit3_base_patch16_224.fb_in1k,False,,,,sgd,0.0,0.1,,0,200,448,8,6664,3333,50,-1,hiresnet50.fb_ssl_yfcc100m_ft_in1k,84.6985,,,1.6997,84.6984698469847,100.0,,,0.0,341.6426,0.4121,67.1662,86.7907,86.7907,
gn1222.twcc.ai,51,aircraft_pl,hideit3_base_patch16_224.fb_in1k,False,,,,sgd,0.0,0.1,,0,200,448,8,6664,3333,50,-1,hiresnet50.in1k_mocov3,84.4884,,,1.6229,84.48844884488449,100.0,,,0.0001,340.1461,0.4121,67.1662,86.7907,86.7907,
gn1222.twcc.ai,51,aircraft_pl,hideit3_base_patch16_224.fb_in1k,False,,,,sgd,0.0,0.1,,0,200,448,8,6664,3333,50,-1,hiresnet50.in1k_supcon,84.2184,,,1.7133,84.21842184218421,99.985,,,0.0004,339.8177,0.4121,67.1662,86.7907,86.7907,
gn1224.twcc.ai,51,aircraft_pl,hideit3_base_patch16_224.fb_in1k,False,,,,sgd,0.0,0.1,,0,200,448,8,6664,3333,50,-1,hivit_base_patch16_224.orig_in21k,84.7585,,,1.5704,84.75847584758476,100.0,,,0.0001,335.7808,0.4121,67.1662,86.7907,86.7907,
gn1224.twcc.ai,51,aircraft_pl,hideit3_base_patch16_224.fb_in1k,False,,,,sgd,0.0,0.1,,0,200,448,8,6664,3333,50,-1,hivit_base_patch16_224_miil.in21k,84.6085,,,1.7342,84.60846084608461,100.0,,,0.0,337.0258,0.4121,67.1662,86.7907,86.7907,
gn1224.twcc.ai,51,aircraft_pl,hideit3_base_patch16_224.fb_in1k,False,,,,sgd,0.0,0.1,,0,200,448,8,6664,3333,50,-1,hivit_base_patch16_siglip_224.v2_webli,84.0684,,,1.7537,84.06840684068406,99.985,,,0.0002,336.6844,0.4121,67.1662,86.7907,86.7907,
gn1230.twcc.ai,51,aircraft_pl,hideit3_base_patch16_224.fb_in1k,False,,,,sgd,0.0,0.1,,0,200,448,8,6664,3333,50,-1,hideit_base_patch16_224.fb_in1k,84.0384,,,1.764,84.03840384038403,99.985,,,0.0007,335.755,0.4121,67.1662,86.7907,86.7907,
gn1230.twcc.ai,51,aircraft_pl,hideit3_base_patch16_224.fb_in1k,False,,,,sgd,0.0,0.1,,0,200,448,8,6664,3333,50,-1,hivit_base_patch16_224.dino,85.3885,,,1.6294,85.3885388538854,100.0,,,0.0,336.2932,0.4121,67.1662,86.7907,86.7907,
gn1230.twcc.ai,51,aircraft_pl,hideit3_base_patch16_224.fb_in1k,False,,,,sgd,0.0,0.1,,0,200,448,8,6664,3333,50,-1,hivit_base_patch16_224.mae,83.9184,,,1.6643,83.91839183918391,100.0,,,0.0,336.3102,0.4121,67.1662,86.7907,86.7907,
gn1230.twcc.ai,51,aircraft_pl,hideit3_base_patch16_224.fb_in1k,False,,,,sgd,0.0,0.1,,0,200,448,8,6664,3333,50,-1,hivit_base_patch16_clip_224.laion2b,85.7486,,,1.5914,85.74857485748575,100.0,,,0.0,336.6676,0.4121,67.1662,86.7907,86.7907,
