host,serial,dataset_name,model_name,freeze_backbone,classifier,adapter,prompt,opt,weight_decay,lr,base_lr,seed,epochs,image_size,batch_size,num_images_train,num_images_val,n_cluster_ratio,extractor_layer,model_name_extractor,val_acc_level1,val_acc_level2,val_acc_level3,val_loss,ap_w,train_acc_level1,train_acc_level2,train_acc_level3,train_loss,time_total,max_memory,flops,no_params,no_params_trainable,throughput
camel.ee.nctu.edu.tw,54,soylocal,hideit3_base_patch16_224.fb_in1k,False,,,,adamw,0.05,5e-06,,0,200,448,8,600,600,10.0,,,58.8333,,,2.5189,58.833333333333336,100.0,,,0.0648,39.9451,0.4121,78.5245,86.8027,86.8027,
camel.ee.nctu.edu.tw,54,soylocal,hideit3_base_patch16_224.fb_in1k,False,,,,adamw,0.05,5e-06,,0,200,448,8,600,600,20.0,,,58.3333,,,2.4591,58.333333333333336,100.0,,,0.0593,39.6648,0.4121,78.5245,86.8147,86.8147,
camel.ee.nctu.edu.tw,54,soylocal,hideit3_base_patch16_224.fb_in1k,False,,,,adamw,0.05,5e-06,,0,200,448,8,600,600,30.0,,,57.0,,,2.5083,57.0,100.0,,,0.0626,39.6711,0.4121,78.5245,86.8268,86.8268,
camel.ee.nctu.edu.tw,54,soylocal,hideit3_base_patch16_224.fb_in1k,False,,,,adamw,0.05,5e-06,,0,200,448,8,600,600,40.0,,,57.1667,,,2.4612,57.166666666666664,100.0,,,0.0636,39.8875,0.4121,78.5245,86.8388,86.8388,
camel.ee.nctu.edu.tw,54,soylocal,hideit3_base_patch16_224.fb_in1k,False,,,,adamw,0.05,5e-06,,0,200,448,8,600,600,50.0,,,58.6667,,,2.473,58.666666666666664,100.0,,,0.0591,39.9894,0.4141,78.5245,86.8508,86.8508,
camel.ee.nctu.edu.tw,54,soylocal,hideit3_base_patch16_224.fb_in1k,False,,,,adamw,0.05,5e-06,,0,200,448,8,600,600,70.0,,,59.8333,,,2.4254,59.833333333333336,100.0,,,0.0629,40.8254,0.4141,78.5245,86.8748,86.8748,
camel.ee.nctu.edu.tw,54,soylocal,hideit3_base_patch16_224.fb_in1k,False,,,,adamw,0.05,5e-06,,0,200,448,8,600,600,90.0,,,61.8333,,,2.4193,61.833333333333336,100.0,,,0.0645,39.0787,0.4141,78.5246,86.8989,86.8989,
camel.ee.nctu.edu.tw,54,soylocal,hideit3_base_patch16_224.fb_in1k,False,,,,adamw,0.05,1e-05,,0,200,448,8,600,600,10.0,,,56.3333,,,2.3187,56.333333333333336,100.0,,,0.0184,40.2014,0.4121,78.5245,86.8027,86.8027,
camel.ee.nctu.edu.tw,54,soylocal,hideit3_base_patch16_224.fb_in1k,False,,,,adamw,0.05,1e-05,,0,200,448,8,600,600,20.0,,,56.3333,,,2.2742,56.333333333333336,100.0,,,0.0175,39.2012,0.4121,78.5245,86.8147,86.8147,
camel.ee.nctu.edu.tw,54,soylocal,hideit3_base_patch16_224.fb_in1k,False,,,,adamw,0.05,1e-05,,0,200,448,8,600,600,30.0,,,55.1667,,,2.3571,55.166666666666664,100.0,,,0.0178,39.9128,0.4121,78.5245,86.8268,86.8268,
camel.ee.nctu.edu.tw,54,soylocal,hideit3_base_patch16_224.fb_in1k,False,,,,adamw,0.05,1e-05,,0,200,448,8,600,600,40.0,,,55.5,,,2.3003,55.5,100.0,,,0.0177,39.4822,0.4121,78.5245,86.8388,86.8388,
camel.ee.nctu.edu.tw,54,soylocal,hideit3_base_patch16_224.fb_in1k,False,,,,adamw,0.05,1e-05,,0,200,448,8,600,600,50.0,,,58.5,,,2.2963,58.5,100.0,,,0.0169,39.5753,0.4141,78.5245,86.8508,86.8508,
camel.ee.nctu.edu.tw,54,soylocal,hideit3_base_patch16_224.fb_in1k,False,,,,adamw,0.05,1e-05,,0,200,448,8,600,600,70.0,,,56.1667,,,2.2452,56.166666666666664,100.0,,,0.0178,39.6149,0.4141,78.5245,86.8748,86.8748,
camel.ee.nctu.edu.tw,54,soylocal,hideit3_base_patch16_224.fb_in1k,False,,,,adamw,0.05,1e-05,,0,200,448,8,600,600,90.0,,,61.3333,,,2.2313,61.333333333333336,100.0,,,0.0179,39.5569,0.4141,78.5246,86.8989,86.8989,
camel.ee.nctu.edu.tw,54,soylocal,hideit3_base_patch16_224.fb_in1k,False,,,,adamw,0.05,5e-05,,0,200,448,8,600,600,10.0,,,42.5,,,2.862,42.5,100.0,,,0.0006,39.7027,0.4121,78.5245,86.8027,86.8027,
camel.ee.nctu.edu.tw,54,soylocal,hideit3_base_patch16_224.fb_in1k,False,,,,adamw,0.05,5e-05,,0,200,448,8,600,600,20.0,,,50.1667,,,2.4408,50.166666666666664,100.0,,,0.0003,39.2122,0.4121,78.5245,86.8147,86.8147,
camel.ee.nctu.edu.tw,54,soylocal,hideit3_base_patch16_224.fb_in1k,False,,,,adamw,0.05,5e-05,,0,200,448,8,600,600,30.0,,,46.8333,,,2.5448,46.833333333333336,100.0,,,0.0003,39.8218,0.4121,78.5245,86.8268,86.8268,
camel.ee.nctu.edu.tw,54,soylocal,hideit3_base_patch16_224.fb_in1k,False,,,,adamw,0.05,5e-05,,0,200,448,8,600,600,40.0,,,49.3333,,,2.5241,49.333333333333336,100.0,,,0.0003,39.5008,0.4121,78.5245,86.8388,86.8388,
camel.ee.nctu.edu.tw,54,soylocal,hideit3_base_patch16_224.fb_in1k,False,,,,adamw,0.05,5e-05,,0,200,448,8,600,600,50.0,,,50.1667,,,2.3767,50.166666666666664,100.0,,,0.0003,39.7855,0.4141,78.5245,86.8508,86.8508,
camel.ee.nctu.edu.tw,54,soylocal,hideit3_base_patch16_224.fb_in1k,False,,,,adamw,0.05,5e-05,,0,200,448,8,600,600,70.0,,,50.6667,,,2.3525,50.666666666666664,100.0,,,0.0003,38.632,0.4141,78.5245,86.8748,86.8748,
camel.ee.nctu.edu.tw,54,soylocal,hideit3_base_patch16_224.fb_in1k,False,,,,adamw,0.05,5e-05,,0,200,448,8,600,600,90.0,,,57.3333,,,2.0812,57.333333333333336,100.0,,,0.0003,40.0695,0.4141,78.5246,86.8989,86.8989,
camel.ee.nctu.edu.tw,54,soylocal,hideit3_base_patch16_224.fb_in1k,False,,,,adamw,0.05,0.0001,,0,200,448,8,600,600,10.0,,,36.3333,,,3.6665,36.333333333333336,100.0,,,0.0002,39.587,0.4121,78.5245,86.8027,86.8027,
camel.ee.nctu.edu.tw,54,soylocal,hideit3_base_patch16_224.fb_in1k,False,,,,adamw,0.05,0.0001,,0,200,448,8,600,600,20.0,,,43.0,,,3.6909,43.0,100.0,,,0.0001,39.4726,0.4121,78.5245,86.8147,86.8147,
camel.ee.nctu.edu.tw,54,soylocal,hideit3_base_patch16_224.fb_in1k,False,,,,adamw,0.05,0.0001,,0,200,448,8,600,600,30.0,,,39.0,,,4.0176,39.0,100.0,,,0.0001,39.4976,0.4121,78.5245,86.8268,86.8268,
camel.ee.nctu.edu.tw,54,soylocal,hideit3_base_patch16_224.fb_in1k,False,,,,adamw,0.05,0.0001,,0,200,448,8,600,600,40.0,,,38.1667,,,3.9592,38.166666666666664,100.0,,,0.0001,39.2578,0.4121,78.5245,86.8388,86.8388,
camel.ee.nctu.edu.tw,54,soylocal,hideit3_base_patch16_224.fb_in1k,False,,,,adamw,0.05,0.0001,,0,200,448,8,600,600,50.0,,,37.6667,,,3.5218,37.666666666666664,99.8333,,,0.012,39.5044,0.4141,78.5245,86.8508,86.8508,
camel.ee.nctu.edu.tw,54,soylocal,hideit3_base_patch16_224.fb_in1k,False,,,,adamw,0.05,0.0001,,0,200,448,8,600,600,70.0,,,44.3333,,,3.3504,44.333333333333336,100.0,,,0.0001,38.8691,0.4141,78.5245,86.8748,86.8748,
camel.ee.nctu.edu.tw,54,soylocal,hideit3_base_patch16_224.fb_in1k,False,,,,adamw,0.05,0.0001,,0,200,448,8,600,600,90.0,,,49.3333,,,2.9853,49.333333333333336,100.0,,,0.0001,39.8862,0.4141,78.5246,86.8989,86.8989,
camel.ee.nctu.edu.tw,54,soylocal,hideit3_base_patch16_224.fb_in1k,False,,,,adamw,0.05,0.0005,,0,200,448,8,600,600,10.0,,,35.8333,,,2.648,35.833333333333336,92.0,,,1.238,39.6163,0.4121,78.5245,86.8027,86.8027,
camel.ee.nctu.edu.tw,54,soylocal,hideit3_base_patch16_224.fb_in1k,False,,,,adamw,0.05,0.0005,,0,200,448,8,600,600,20.0,,,42.8333,,,2.5849,42.833333333333336,99.8333,,,0.0941,39.3511,0.4121,78.5245,86.8147,86.8147,
camel.ee.nctu.edu.tw,54,soylocal,hideit3_base_patch16_224.fb_in1k,False,,,,adamw,0.05,0.0005,,0,200,448,8,600,600,30.0,,,41.5,,,2.5883,41.5,99.3333,,,0.3088,39.3258,0.4121,78.5245,86.8268,86.8268,
camel.ee.nctu.edu.tw,54,soylocal,hideit3_base_patch16_224.fb_in1k,False,,,,adamw,0.05,0.0005,,0,200,448,8,600,600,40.0,,,51.3333,,,2.3139,51.333333333333336,100.0,,,0.007,39.0815,0.4121,78.5245,86.8388,86.8388,
camel.ee.nctu.edu.tw,54,soylocal,hideit3_base_patch16_224.fb_in1k,False,,,,adamw,0.05,0.0005,,0,200,448,8,600,600,50.0,,,46.6667,,,2.5221,46.666666666666664,100.0,,,0.0161,39.7737,0.4141,78.5245,86.8508,86.8508,
camel.ee.nctu.edu.tw,54,soylocal,hideit3_base_patch16_224.fb_in1k,False,,,,adamw,0.05,0.0005,,0,200,448,8,600,600,70.0,,,46.5,,,2.4177,46.5,100.0,,,0.0041,39.4166,0.4141,78.5245,86.8748,86.8748,
camel.ee.nctu.edu.tw,54,soylocal,hideit3_base_patch16_224.fb_in1k,False,,,,adamw,0.05,0.0005,,0,200,448,8,600,600,90.0,,,34.0,,,2.8855,34.0,91.5,,,0.7496,40.1684,0.4141,78.5246,86.8989,86.8989,
camel.ee.nctu.edu.tw,54,soylocal,hideit3_base_patch16_224.fb_in1k,False,,,,adamw,0.05,0.001,,0,200,448,8,600,600,10.0,,,22.3333,,,3.1064,22.333333333333332,59.3333,,,2.9384,39.7798,0.4121,78.5245,86.8027,86.8027,
camel.ee.nctu.edu.tw,54,soylocal,hideit3_base_patch16_224.fb_in1k,False,,,,adamw,0.05,0.001,,0,200,448,8,600,600,20.0,,,32.0,,,2.7643,32.0,79.5,,,2.2191,39.0611,0.4121,78.5245,86.8147,86.8147,
camel.ee.nctu.edu.tw,54,soylocal,hideit3_base_patch16_224.fb_in1k,False,,,,adamw,0.05,0.001,,0,200,448,8,600,600,30.0,,,26.1667,,,3.0713,26.166666666666668,66.1667,,,2.7718,39.335,0.4121,78.5245,86.8268,86.8268,
camel.ee.nctu.edu.tw,54,soylocal,hideit3_base_patch16_224.fb_in1k,False,,,,adamw,0.05,0.001,,0,200,448,8,600,600,40.0,,,30.5,,,2.827,30.5,81.3333,,,1.9521,38.7928,0.4121,78.5245,86.8388,86.8388,
camel.ee.nctu.edu.tw,54,soylocal,hideit3_base_patch16_224.fb_in1k,False,,,,adamw,0.05,0.001,,0,200,448,8,600,600,50.0,,,22.8333,,,3.2679,22.833333333333332,55.8333,,,3.407,39.2248,0.4141,78.5245,86.8508,86.8508,
camel.ee.nctu.edu.tw,54,soylocal,hideit3_base_patch16_224.fb_in1k,False,,,,adamw,0.05,0.001,,0,200,448,8,600,600,70.0,,,25.6667,,,3.1255,25.666666666666668,69.3333,,,2.5103,39.4045,0.4141,78.5245,86.8748,86.8748,
camel.ee.nctu.edu.tw,54,soylocal,hideit3_base_patch16_224.fb_in1k,False,,,,adamw,0.05,0.001,,0,200,448,8,600,600,90.0,,,26.6667,,,3.0518,26.666666666666668,63.0,,,2.843,39.5895,0.4141,78.5246,86.8989,86.8989,
camel.ee.nctu.edu.tw,54,soylocal,hideit3_base_patch16_224.fb_in1k,False,,,,sgd,0.0,0.003,,0,200,448,8,600,600,10.0,,,54.5,,,2.5553,54.5,100.0,,,0.4293,38.0785,0.4121,78.5245,86.8027,86.8027,
camel.ee.nctu.edu.tw,54,soylocal,hideit3_base_patch16_224.fb_in1k,False,,,,sgd,0.0,0.003,,0,200,448,8,600,600,20.0,,,54.8333,,,2.5086,54.833333333333336,100.0,,,0.4395,38.0288,0.4121,78.5245,86.8147,86.8147,
camel.ee.nctu.edu.tw,54,soylocal,hideit3_base_patch16_224.fb_in1k,False,,,,sgd,0.0,0.003,,0,200,448,8,600,600,30.0,,,48.8333,,,2.6434,48.833333333333336,100.0,,,0.511,37.6937,0.4121,78.5245,86.8268,86.8268,
camel.ee.nctu.edu.tw,54,soylocal,hideit3_base_patch16_224.fb_in1k,False,,,,sgd,0.0,0.003,,0,200,448,8,600,600,40.0,,,52.5,,,2.5404,52.5,100.0,,,0.5308,37.2534,0.4121,78.5245,86.8388,86.8388,
camel.ee.nctu.edu.tw,54,soylocal,hideit3_base_patch16_224.fb_in1k,False,,,,sgd,0.0,0.003,,0,200,448,8,600,600,50.0,,,53.6667,,,2.5509,53.666666666666664,100.0,,,0.5296,37.9757,0.4141,78.5245,86.8508,86.8508,
camel.ee.nctu.edu.tw,54,soylocal,hideit3_base_patch16_224.fb_in1k,False,,,,sgd,0.0,0.003,,0,200,448,8,600,600,70.0,,,55.6667,,,2.5092,55.666666666666664,100.0,,,0.5694,37.6266,0.4141,78.5245,86.8748,86.8748,
camel.ee.nctu.edu.tw,54,soylocal,hideit3_base_patch16_224.fb_in1k,False,,,,sgd,0.0,0.003,,0,200,448,8,600,600,90.0,,,56.6667,,,2.528,56.666666666666664,100.0,,,0.6085,38.3507,0.4141,78.5246,86.8989,86.8989,
camel.ee.nctu.edu.tw,54,soylocal,hideit3_base_patch16_224.fb_in1k,False,,,,sgd,0.0,0.01,,0,200,448,8,600,600,10.0,,,52.1667,,,2.0167,52.166666666666664,100.0,,,0.0024,38.0736,0.4121,78.5245,86.8027,86.8027,
camel.ee.nctu.edu.tw,54,soylocal,hideit3_base_patch16_224.fb_in1k,False,,,,sgd,0.0,0.01,,0,200,448,8,600,600,20.0,,,55.1667,,,1.9293,55.166666666666664,100.0,,,0.0024,37.2456,0.4121,78.5245,86.8147,86.8147,
camel.ee.nctu.edu.tw,54,soylocal,hideit3_base_patch16_224.fb_in1k,False,,,,sgd,0.0,0.01,,0,200,448,8,600,600,30.0,,,53.6667,,,2.0507,53.666666666666664,100.0,,,0.0025,37.6154,0.4121,78.5245,86.8268,86.8268,
camel.ee.nctu.edu.tw,54,soylocal,hideit3_base_patch16_224.fb_in1k,False,,,,sgd,0.0,0.01,,0,200,448,8,600,600,40.0,,,54.5,,,1.8854,54.5,100.0,,,0.0025,37.5167,0.4121,78.5245,86.8388,86.8388,
camel.ee.nctu.edu.tw,54,soylocal,hideit3_base_patch16_224.fb_in1k,False,,,,sgd,0.0,0.01,,0,200,448,8,600,600,50.0,,,52.8333,,,1.9529,52.833333333333336,100.0,,,0.0026,37.7501,0.4141,78.5245,86.8508,86.8508,
camel.ee.nctu.edu.tw,54,soylocal,hideit3_base_patch16_224.fb_in1k,False,,,,sgd,0.0,0.01,,0,200,448,8,600,600,70.0,,,54.3333,,,1.8925,54.333333333333336,100.0,,,0.0029,37.8687,0.4141,78.5245,86.8748,86.8748,
camel.ee.nctu.edu.tw,54,soylocal,hideit3_base_patch16_224.fb_in1k,False,,,,sgd,0.0,0.01,,0,200,448,8,600,600,90.0,,,55.0,,,1.8377,55.0,100.0,,,0.003,38.8171,0.4141,78.5246,86.8989,86.8989,
camel.ee.nctu.edu.tw,54,soylocal,hideit3_base_patch16_224.fb_in1k,False,,,,sgd,0.0,0.03,,0,200,448,8,600,600,10.0,,,49.5,,,2.2529,49.5,100.0,,,0.0004,37.8625,0.4121,78.5245,86.8027,86.8027,
camel.ee.nctu.edu.tw,54,soylocal,hideit3_base_patch16_224.fb_in1k,False,,,,sgd,0.0,0.03,,0,200,448,8,600,600,20.0,,,53.8333,,,2.048,53.833333333333336,100.0,,,0.0005,37.4642,0.4121,78.5245,86.8147,86.8147,
camel.ee.nctu.edu.tw,54,soylocal,hideit3_base_patch16_224.fb_in1k,False,,,,sgd,0.0,0.03,,0,200,448,8,600,600,30.0,,,50.3333,,,2.2312,50.333333333333336,100.0,,,0.0005,37.789,0.4121,78.5245,86.8268,86.8268,
camel.ee.nctu.edu.tw,54,soylocal,hideit3_base_patch16_224.fb_in1k,False,,,,sgd,0.0,0.03,,0,200,448,8,600,600,40.0,,,51.8333,,,2.0725,51.833333333333336,100.0,,,0.0005,37.227,0.4121,78.5245,86.8388,86.8388,
camel.ee.nctu.edu.tw,54,soylocal,hideit3_base_patch16_224.fb_in1k,False,,,,sgd,0.0,0.03,,0,200,448,8,600,600,50.0,,,52.8333,,,2.0924,52.833333333333336,100.0,,,0.0006,37.7854,0.4141,78.5245,86.8508,86.8508,
camel.ee.nctu.edu.tw,54,soylocal,hideit3_base_patch16_224.fb_in1k,False,,,,sgd,0.0,0.03,,0,200,448,8,600,600,70.0,,,51.1667,,,2.1635,51.166666666666664,100.0,,,0.0006,37.2173,0.4141,78.5245,86.8748,86.8748,
camel.ee.nctu.edu.tw,54,soylocal,hideit3_base_patch16_224.fb_in1k,False,,,,sgd,0.0,0.03,,0,200,448,8,600,600,90.0,,,52.6667,,,2.0544,52.666666666666664,100.0,,,0.0007,38.0993,0.4141,78.5246,86.8989,86.8989,
camel.ee.nctu.edu.tw,54,soylocal,hideit3_base_patch16_224.fb_in1k,False,,,,sgd,0.0,0.1,,0,200,448,8,600,600,10.0,,,47.1667,,,3.0775,47.166666666666664,100.0,,,0.0005,36.6928,0.4121,78.5245,86.8027,86.8027,
camel.ee.nctu.edu.tw,54,soylocal,hideit3_base_patch16_224.fb_in1k,False,,,,sgd,0.0,0.1,,0,200,448,8,600,600,20.0,,,44.5,,,2.9992,44.5,100.0,,,0.0002,37.2205,0.4121,78.5245,86.8147,86.8147,
camel.ee.nctu.edu.tw,54,soylocal,hideit3_base_patch16_224.fb_in1k,False,,,,sgd,0.0,0.1,,0,200,448,8,600,600,30.0,,,43.8333,,,2.9238,43.833333333333336,100.0,,,0.0003,37.2694,0.4121,78.5245,86.8268,86.8268,
camel.ee.nctu.edu.tw,54,soylocal,hideit3_base_patch16_224.fb_in1k,False,,,,sgd,0.0,0.1,,0,200,448,8,600,600,40.0,,,45.1667,,,3.1321,45.166666666666664,100.0,,,0.0002,37.8493,0.4121,78.5245,86.8388,86.8388,
camel.ee.nctu.edu.tw,54,soylocal,hideit3_base_patch16_224.fb_in1k,False,,,,sgd,0.0,0.1,,0,200,448,8,600,600,50.0,,,43.5,,,3.0627,43.5,100.0,,,0.0001,38.1787,0.4141,78.5245,86.8508,86.8508,
camel.ee.nctu.edu.tw,54,soylocal,hideit3_base_patch16_224.fb_in1k,False,,,,sgd,0.0,0.1,,0,200,448,8,600,600,70.0,,,47.8333,,,2.9647,47.833333333333336,100.0,,,0.0001,36.9122,0.4141,78.5245,86.8748,86.8748,
camel.ee.nctu.edu.tw,54,soylocal,hideit3_base_patch16_224.fb_in1k,False,,,,sgd,0.0,0.1,,0,200,448,8,600,600,90.0,,,47.3333,,,2.9101,47.333333333333336,100.0,,,0.0003,38.6631,0.4141,78.5246,86.8989,86.8989,
camel.ee.nctu.edu.tw,54,soylocal,hideit3_base_patch16_224.fb_in22k_ft_in1k,False,,,,adamw,0.05,5e-06,,0,200,448,8,600,600,10.0,,,56.3333,,,2.4944,56.333333333333336,100.0,,,0.0571,40.0362,0.4121,78.5245,86.8027,86.8027,
camel.ee.nctu.edu.tw,54,soylocal,hideit3_base_patch16_224.fb_in22k_ft_in1k,False,,,,adamw,0.05,5e-06,,0,200,448,8,600,600,20.0,,,56.8333,,,2.5046,56.833333333333336,100.0,,,0.0566,40.2217,0.4121,78.5245,86.8147,86.8147,
camel.ee.nctu.edu.tw,54,soylocal,hideit3_base_patch16_224.fb_in22k_ft_in1k,False,,,,adamw,0.05,5e-06,,0,200,448,8,600,600,30.0,,,55.1667,,,2.5197,55.166666666666664,100.0,,,0.0543,40.3563,0.4121,78.5245,86.8268,86.8268,
camel.ee.nctu.edu.tw,54,soylocal,hideit3_base_patch16_224.fb_in22k_ft_in1k,False,,,,adamw,0.05,5e-06,,0,200,448,8,600,600,40.0,,,57.1667,,,2.4236,57.166666666666664,100.0,,,0.055,41.8145,0.4121,78.5245,86.8388,86.8388,
camel.ee.nctu.edu.tw,54,soylocal,hideit3_base_patch16_224.fb_in22k_ft_in1k,False,,,,adamw,0.05,5e-06,,0,200,448,8,600,600,50.0,,,57.6667,,,2.4402,57.666666666666664,100.0,,,0.0559,40.716,0.4141,78.5245,86.8508,86.8508,
camel.ee.nctu.edu.tw,54,soylocal,hideit3_base_patch16_224.fb_in22k_ft_in1k,False,,,,adamw,0.05,5e-06,,0,200,448,8,600,600,70.0,,,56.3333,,,2.4359,56.333333333333336,100.0,,,0.0561,40.5283,0.4141,78.5245,86.8748,86.8748,
camel.ee.nctu.edu.tw,54,soylocal,hideit3_base_patch16_224.fb_in22k_ft_in1k,False,,,,adamw,0.05,5e-06,,0,200,448,8,600,600,90.0,,,58.3333,,,2.4397,58.333333333333336,100.0,,,0.0583,40.5186,0.4141,78.5246,86.8989,86.8989,
camel.ee.nctu.edu.tw,54,soylocal,hideit3_base_patch16_224.fb_in22k_ft_in1k,False,,,,adamw,0.05,1e-05,,0,200,448,8,600,600,10.0,,,55.8333,,,2.3634,55.833333333333336,100.0,,,0.0173,40.2595,0.4121,78.5245,86.8027,86.8027,
camel.ee.nctu.edu.tw,54,soylocal,hideit3_base_patch16_224.fb_in22k_ft_in1k,False,,,,adamw,0.05,1e-05,,0,200,448,8,600,600,20.0,,,54.6667,,,2.3154,54.666666666666664,100.0,,,0.0167,40.2723,0.4121,78.5245,86.8147,86.8147,
camel.ee.nctu.edu.tw,54,soylocal,hideit3_base_patch16_224.fb_in22k_ft_in1k,False,,,,adamw,0.05,1e-05,,0,200,448,8,600,600,30.0,,,55.0,,,2.3327,55.0,100.0,,,0.0165,40.3339,0.4121,78.5245,86.8268,86.8268,
camel.ee.nctu.edu.tw,54,soylocal,hideit3_base_patch16_224.fb_in22k_ft_in1k,False,,,,adamw,0.05,1e-05,,0,200,448,8,600,600,40.0,,,57.1667,,,2.3372,57.166666666666664,100.0,,,0.0167,41.2233,0.4121,78.5245,86.8388,86.8388,
camel.ee.nctu.edu.tw,54,soylocal,hideit3_base_patch16_224.fb_in22k_ft_in1k,False,,,,adamw,0.05,1e-05,,0,200,448,8,600,600,50.0,,,57.3333,,,2.3027,57.333333333333336,100.0,,,0.0164,40.1364,0.4141,78.5245,86.8508,86.8508,
camel.ee.nctu.edu.tw,54,soylocal,hideit3_base_patch16_224.fb_in22k_ft_in1k,False,,,,adamw,0.05,1e-05,,0,200,448,8,600,600,70.0,,,57.0,,,2.2873,57.0,100.0,,,0.018,41.0146,0.4141,78.5245,86.8748,86.8748,
camel.ee.nctu.edu.tw,54,soylocal,hideit3_base_patch16_224.fb_in22k_ft_in1k,False,,,,adamw,0.05,1e-05,,0,200,448,8,600,600,90.0,,,57.8333,,,2.2443,57.833333333333336,100.0,,,0.0177,40.4146,0.4141,78.5246,86.8989,86.8989,
camel.ee.nctu.edu.tw,54,soylocal,hideit3_base_patch16_224.fb_in22k_ft_in1k,False,,,,adamw,0.05,5e-05,,0,200,448,8,600,600,10.0,,,39.6667,,,3.2066,39.666666666666664,100.0,,,0.0005,39.7747,0.4121,78.5245,86.8027,86.8027,
camel.ee.nctu.edu.tw,54,soylocal,hideit3_base_patch16_224.fb_in22k_ft_in1k,False,,,,adamw,0.05,5e-05,,0,200,448,8,600,600,20.0,,,46.6667,,,2.8319,46.666666666666664,100.0,,,0.0003,39.7796,0.4121,78.5245,86.8147,86.8147,
camel.ee.nctu.edu.tw,54,soylocal,hideit3_base_patch16_224.fb_in22k_ft_in1k,False,,,,adamw,0.05,5e-05,,0,200,448,8,600,600,30.0,,,45.8333,,,2.9681,45.833333333333336,100.0,,,0.0003,39.9354,0.4121,78.5245,86.8268,86.8268,
camel.ee.nctu.edu.tw,54,soylocal,hideit3_base_patch16_224.fb_in22k_ft_in1k,False,,,,adamw,0.05,5e-05,,0,200,448,8,600,600,40.0,,,48.5,,,2.8122,48.5,100.0,,,0.0003,40.1435,0.4121,78.5245,86.8388,86.8388,
camel.ee.nctu.edu.tw,54,soylocal,hideit3_base_patch16_224.fb_in22k_ft_in1k,False,,,,adamw,0.05,5e-05,,0,200,448,8,600,600,50.0,,,46.3333,,,3.0784,46.333333333333336,100.0,,,0.0006,39.9794,0.4141,78.5245,86.8508,86.8508,
camel.ee.nctu.edu.tw,54,soylocal,hideit3_base_patch16_224.fb_in22k_ft_in1k,False,,,,adamw,0.05,5e-05,,0,200,448,8,600,600,70.0,,,36.0,,,3.5659,36.0,99.0,,,0.0454,39.9095,0.4141,78.5245,86.8748,86.8748,
camel.ee.nctu.edu.tw,54,soylocal,hideit3_base_patch16_224.fb_in22k_ft_in1k,False,,,,adamw,0.05,5e-05,,0,200,448,8,600,600,90.0,,,50.1667,,,2.5345,50.166666666666664,100.0,,,0.0003,39.4846,0.4141,78.5246,86.8989,86.8989,
camel.ee.nctu.edu.tw,54,soylocal,hideit3_base_patch16_224.fb_in22k_ft_in1k,False,,,,adamw,0.05,0.0001,,0,200,448,8,600,600,10.0,,,32.0,,,4.7473,32.0,100.0,,,0.0002,39.6114,0.4121,78.5245,86.8027,86.8027,
camel.ee.nctu.edu.tw,54,soylocal,hideit3_base_patch16_224.fb_in22k_ft_in1k,False,,,,adamw,0.05,0.0001,,0,200,448,8,600,600,20.0,,,32.5,,,4.6423,32.5,100.0,,,0.0001,39.6709,0.4121,78.5245,86.8147,86.8147,
camel.ee.nctu.edu.tw,54,soylocal,hideit3_base_patch16_224.fb_in22k_ft_in1k,False,,,,adamw,0.05,0.0001,,0,200,448,8,600,600,30.0,,,33.6667,,,4.7237,33.666666666666664,100.0,,,0.0001,38.9238,0.4121,78.5245,86.8268,86.8268,
camel.ee.nctu.edu.tw,54,soylocal,hideit3_base_patch16_224.fb_in22k_ft_in1k,False,,,,adamw,0.05,0.0001,,0,200,448,8,600,600,40.0,,,39.1667,,,4.2944,39.166666666666664,100.0,,,0.0001,40.2731,0.4121,78.5245,86.8388,86.8388,
camel.ee.nctu.edu.tw,54,soylocal,hideit3_base_patch16_224.fb_in22k_ft_in1k,False,,,,adamw,0.05,0.0001,,0,200,448,8,600,600,50.0,,,39.5,,,4.4417,39.5,100.0,,,0.0001,39.7893,0.4141,78.5245,86.8508,86.8508,
camel.ee.nctu.edu.tw,54,soylocal,hideit3_base_patch16_224.fb_in22k_ft_in1k,False,,,,adamw,0.05,0.0001,,0,200,448,8,600,600,70.0,,,34.8333,,,4.8055,34.833333333333336,100.0,,,0.0001,39.6139,0.4141,78.5245,86.8748,86.8748,
camel.ee.nctu.edu.tw,54,soylocal,hideit3_base_patch16_224.fb_in22k_ft_in1k,False,,,,adamw,0.05,0.0001,,0,200,448,8,600,600,90.0,,,38.6667,,,4.5356,38.666666666666664,100.0,,,0.0001,39.4938,0.4141,78.5246,86.8989,86.8989,
camel.ee.nctu.edu.tw,54,soylocal,hideit3_base_patch16_224.fb_in22k_ft_in1k,False,,,,adamw,0.05,0.0005,,0,200,448,8,600,600,10.0,,,37.3333,,,2.4956,37.333333333333336,94.8333,,,0.8772,39.6152,0.4121,78.5245,86.8027,86.8027,
camel.ee.nctu.edu.tw,54,soylocal,hideit3_base_patch16_224.fb_in22k_ft_in1k,False,,,,adamw,0.05,0.0005,,0,200,448,8,600,600,20.0,,,40.5,,,2.5872,40.5,99.1667,,,0.511,39.6146,0.4121,78.5245,86.8147,86.8147,
camel.ee.nctu.edu.tw,54,soylocal,hideit3_base_patch16_224.fb_in22k_ft_in1k,False,,,,adamw,0.05,0.0005,,0,200,448,8,600,600,30.0,,,39.0,,,2.4773,39.0,94.8333,,,0.9695,40.293,0.4121,78.5245,86.8268,86.8268,
camel.ee.nctu.edu.tw,54,soylocal,hideit3_base_patch16_224.fb_in22k_ft_in1k,False,,,,adamw,0.05,0.0005,,0,200,448,8,600,600,40.0,,,31.0,,,3.0478,31.0,96.1667,,,0.693,39.244,0.4121,78.5245,86.8388,86.8388,
camel.ee.nctu.edu.tw,54,soylocal,hideit3_base_patch16_224.fb_in22k_ft_in1k,False,,,,adamw,0.05,0.0005,,0,200,448,8,600,600,50.0,,,38.5,,,2.701,38.5,98.6667,,,0.4846,40.6973,0.4141,78.5245,86.8508,86.8508,
camel.ee.nctu.edu.tw,54,soylocal,hideit3_base_patch16_224.fb_in22k_ft_in1k,False,,,,adamw,0.05,0.0005,,0,200,448,8,600,600,70.0,,,40.8333,,,2.653,40.833333333333336,98.1667,,,0.3164,40.357,0.4141,78.5245,86.8748,86.8748,
camel.ee.nctu.edu.tw,54,soylocal,hideit3_base_patch16_224.fb_in22k_ft_in1k,False,,,,adamw,0.05,0.0005,,0,200,448,8,600,600,90.0,,,34.5,,,2.9051,34.5,92.8333,,,0.5524,40.086,0.4141,78.5246,86.8989,86.8989,
camel.ee.nctu.edu.tw,54,soylocal,hideit3_base_patch16_224.fb_in22k_ft_in1k,False,,,,adamw,0.05,0.001,,0,200,448,8,600,600,10.0,,,15.1667,,,4.4593,15.166666666666666,71.0,,,2.1294,39.667,0.4121,78.5245,86.8027,86.8027,
camel.ee.nctu.edu.tw,54,soylocal,hideit3_base_patch16_224.fb_in22k_ft_in1k,False,,,,adamw,0.05,0.001,,0,200,448,8,600,600,20.0,,,13.1667,,,4.2726,13.166666666666666,55.0,,,3.2755,39.6365,0.4121,78.5245,86.8147,86.8147,
camel.ee.nctu.edu.tw,54,soylocal,hideit3_base_patch16_224.fb_in22k_ft_in1k,False,,,,adamw,0.05,0.001,,0,200,448,8,600,600,30.0,,,5.8333,,,6.5972,5.833333333333333,69.8333,,,2.5806,39.9362,0.4121,78.5245,86.8268,86.8268,
camel.ee.nctu.edu.tw,54,soylocal,hideit3_base_patch16_224.fb_in22k_ft_in1k,False,,,,adamw,0.05,0.001,,0,200,448,8,600,600,40.0,,,23.3333,,,3.1834,23.333333333333332,76.0,,,2.2962,39.5038,0.4121,78.5245,86.8388,86.8388,
camel.ee.nctu.edu.tw,54,soylocal,hideit3_base_patch16_224.fb_in22k_ft_in1k,False,,,,adamw,0.05,0.001,,0,200,448,8,600,600,50.0,,,18.1667,,,3.4505,18.166666666666668,51.1667,,,3.7685,39.837,0.4141,78.5245,86.8508,86.8508,
camel.ee.nctu.edu.tw,54,soylocal,hideit3_base_patch16_224.fb_in22k_ft_in1k,False,,,,adamw,0.05,0.001,,0,200,448,8,600,600,70.0,,,23.8333,,,3.3556,23.833333333333332,80.3333,,,1.7858,39.8489,0.4141,78.5245,86.8748,86.8748,
camel.ee.nctu.edu.tw,54,soylocal,hideit3_base_patch16_224.fb_in22k_ft_in1k,False,,,,adamw,0.05,0.001,,0,200,448,8,600,600,90.0,,,20.0,,,3.8298,20.0,71.8333,,,1.964,39.487,0.4141,78.5246,86.8989,86.8989,
camel.ee.nctu.edu.tw,54,soylocal,hideit3_base_patch16_224.fb_in22k_ft_in1k,False,,,,sgd,0.0,0.003,,0,200,448,8,600,600,10.0,,,50.0,,,2.6509,50.0,100.0,,,0.4005,38.6559,0.4121,78.5245,86.8027,86.8027,
camel.ee.nctu.edu.tw,54,soylocal,hideit3_base_patch16_224.fb_in22k_ft_in1k,False,,,,sgd,0.0,0.003,,0,200,448,8,600,600,20.0,,,51.8333,,,2.6023,51.833333333333336,100.0,,,0.51,37.6964,0.4121,78.5245,86.8147,86.8147,
camel.ee.nctu.edu.tw,54,soylocal,hideit3_base_patch16_224.fb_in22k_ft_in1k,False,,,,sgd,0.0,0.003,,0,200,448,8,600,600,30.0,,,48.8333,,,2.6492,48.833333333333336,100.0,,,0.5302,38.8064,0.4121,78.5245,86.8268,86.8268,
camel.ee.nctu.edu.tw,54,soylocal,hideit3_base_patch16_224.fb_in22k_ft_in1k,False,,,,sgd,0.0,0.003,,0,200,448,8,600,600,40.0,,,49.6667,,,2.6467,49.666666666666664,100.0,,,0.5174,37.6138,0.4121,78.5245,86.8388,86.8388,
camel.ee.nctu.edu.tw,54,soylocal,hideit3_base_patch16_224.fb_in22k_ft_in1k,False,,,,sgd,0.0,0.003,,0,200,448,8,600,600,50.0,,,51.8333,,,2.634,51.833333333333336,100.0,,,0.5923,38.5254,0.4141,78.5245,86.8508,86.8508,
camel.ee.nctu.edu.tw,54,soylocal,hideit3_base_patch16_224.fb_in22k_ft_in1k,False,,,,sgd,0.0,0.003,,0,200,448,8,600,600,70.0,,,49.6667,,,2.6265,49.666666666666664,100.0,,,0.6375,38.4078,0.4141,78.5245,86.8748,86.8748,
camel.ee.nctu.edu.tw,54,soylocal,hideit3_base_patch16_224.fb_in22k_ft_in1k,False,,,,sgd,0.0,0.003,,0,200,448,8,600,600,90.0,,,53.8333,,,2.5937,53.833333333333336,100.0,,,0.7263,38.0918,0.4141,78.5246,86.8989,86.8989,
camel.ee.nctu.edu.tw,54,soylocal,hideit3_base_patch16_224.fb_in22k_ft_in1k,False,,,,sgd,0.0,0.01,,0,200,448,8,600,600,10.0,,,51.3333,,,2.1024,51.333333333333336,100.0,,,0.0023,37.8349,0.4121,78.5245,86.8027,86.8027,
camel.ee.nctu.edu.tw,54,soylocal,hideit3_base_patch16_224.fb_in22k_ft_in1k,False,,,,sgd,0.0,0.01,,0,200,448,8,600,600,20.0,,,53.8333,,,2.044,53.833333333333336,100.0,,,0.0023,38.2004,0.4121,78.5245,86.8147,86.8147,
camel.ee.nctu.edu.tw,54,soylocal,hideit3_base_patch16_224.fb_in22k_ft_in1k,False,,,,sgd,0.0,0.01,,0,200,448,8,600,600,30.0,,,49.1667,,,2.1599,49.166666666666664,100.0,,,0.0023,38.7891,0.4121,78.5245,86.8268,86.8268,
camel.ee.nctu.edu.tw,54,soylocal,hideit3_base_patch16_224.fb_in22k_ft_in1k,False,,,,sgd,0.0,0.01,,0,200,448,8,600,600,40.0,,,52.6667,,,2.0314,52.666666666666664,100.0,,,0.0026,38.1301,0.4121,78.5245,86.8388,86.8388,
camel.ee.nctu.edu.tw,54,soylocal,hideit3_base_patch16_224.fb_in22k_ft_in1k,False,,,,sgd,0.0,0.01,,0,200,448,8,600,600,50.0,,,52.6667,,,2.0407,52.666666666666664,100.0,,,0.0027,39.3435,0.4141,78.5245,86.8508,86.8508,
camel.ee.nctu.edu.tw,54,soylocal,hideit3_base_patch16_224.fb_in22k_ft_in1k,False,,,,sgd,0.0,0.01,,0,200,448,8,600,600,70.0,,,52.6667,,,2.0192,52.666666666666664,100.0,,,0.0029,37.6102,0.4141,78.5245,86.8748,86.8748,
camel.ee.nctu.edu.tw,54,soylocal,hideit3_base_patch16_224.fb_in22k_ft_in1k,False,,,,sgd,0.0,0.01,,0,200,448,8,600,600,90.0,,,53.5,,,2.0322,53.5,100.0,,,0.0032,38.4405,0.4141,78.5246,86.8989,86.8989,
camel.ee.nctu.edu.tw,54,soylocal,hideit3_base_patch16_224.fb_in22k_ft_in1k,False,,,,sgd,0.0,0.03,,0,200,448,8,600,600,10.0,,,48.0,,,2.389,48.0,100.0,,,0.0004,37.8045,0.4121,78.5245,86.8027,86.8027,
camel.ee.nctu.edu.tw,54,soylocal,hideit3_base_patch16_224.fb_in22k_ft_in1k,False,,,,sgd,0.0,0.03,,0,200,448,8,600,600,20.0,,,47.3333,,,2.4585,47.333333333333336,100.0,,,0.0004,37.933,0.4121,78.5245,86.8147,86.8147,
camel.ee.nctu.edu.tw,54,soylocal,hideit3_base_patch16_224.fb_in22k_ft_in1k,False,,,,sgd,0.0,0.03,,0,200,448,8,600,600,30.0,,,43.6667,,,2.497,43.666666666666664,100.0,,,0.0005,38.1258,0.4121,78.5245,86.8268,86.8268,
camel.ee.nctu.edu.tw,54,soylocal,hideit3_base_patch16_224.fb_in22k_ft_in1k,False,,,,sgd,0.0,0.03,,0,200,448,8,600,600,40.0,,,50.6667,,,2.308,50.666666666666664,100.0,,,0.0005,37.5134,0.4121,78.5245,86.8388,86.8388,
camel.ee.nctu.edu.tw,54,soylocal,hideit3_base_patch16_224.fb_in22k_ft_in1k,False,,,,sgd,0.0,0.03,,0,200,448,8,600,600,50.0,,,50.3333,,,2.3293,50.333333333333336,100.0,,,0.0006,38.7185,0.4141,78.5245,86.8508,86.8508,
camel.ee.nctu.edu.tw,54,soylocal,hideit3_base_patch16_224.fb_in22k_ft_in1k,False,,,,sgd,0.0,0.03,,0,200,448,8,600,600,70.0,,,50.5,,,2.2501,50.5,100.0,,,0.0006,38.9127,0.4141,78.5245,86.8748,86.8748,
camel.ee.nctu.edu.tw,54,soylocal,hideit3_base_patch16_224.fb_in22k_ft_in1k,False,,,,sgd,0.0,0.03,,0,200,448,8,600,600,90.0,,,49.1667,,,2.4011,49.166666666666664,100.0,,,0.0007,38.646,0.4141,78.5246,86.8989,86.8989,
camel.ee.nctu.edu.tw,54,soylocal,hideit3_base_patch16_224.fb_in22k_ft_in1k,False,,,,sgd,0.0,0.1,,0,200,448,8,600,600,10.0,,,45.3333,,,2.8935,45.333333333333336,100.0,,,0.0035,37.0637,0.4121,78.5245,86.8027,86.8027,
camel.ee.nctu.edu.tw,54,soylocal,hideit3_base_patch16_224.fb_in22k_ft_in1k,False,,,,sgd,0.0,0.1,,0,200,448,8,600,600,20.0,,,44.0,,,3.0183,44.0,100.0,,,0.0002,38.2878,0.4121,78.5245,86.8147,86.8147,
camel.ee.nctu.edu.tw,54,soylocal,hideit3_base_patch16_224.fb_in22k_ft_in1k,False,,,,sgd,0.0,0.1,,0,200,448,8,600,600,30.0,,,43.8333,,,3.0446,43.833333333333336,100.0,,,0.0002,38.3605,0.4121,78.5245,86.8268,86.8268,
camel.ee.nctu.edu.tw,54,soylocal,hideit3_base_patch16_224.fb_in22k_ft_in1k,False,,,,sgd,0.0,0.1,,0,200,448,8,600,600,40.0,,,44.3333,,,3.0145,44.333333333333336,100.0,,,0.0006,38.0345,0.4121,78.5245,86.8388,86.8388,
camel.ee.nctu.edu.tw,54,soylocal,hideit3_base_patch16_224.fb_in22k_ft_in1k,False,,,,sgd,0.0,0.1,,0,200,448,8,600,600,50.0,,,42.8333,,,3.1518,42.833333333333336,100.0,,,0.0001,38.9711,0.4141,78.5245,86.8508,86.8508,
camel.ee.nctu.edu.tw,54,soylocal,hideit3_base_patch16_224.fb_in22k_ft_in1k,False,,,,sgd,0.0,0.1,,0,200,448,8,600,600,70.0,,,42.3333,,,3.1796,42.333333333333336,100.0,,,0.0001,38.247,0.4141,78.5245,86.8748,86.8748,
camel.ee.nctu.edu.tw,54,soylocal,hideit3_base_patch16_224.fb_in22k_ft_in1k,False,,,,sgd,0.0,0.1,,0,200,448,8,600,600,90.0,,,46.3333,,,3.0039,46.333333333333336,100.0,,,0.0002,36.6218,0.4141,78.5246,86.8989,86.8989,
camel.ee.nctu.edu.tw,54,soylocal,hideit_base_patch16_224.fb_in1k,False,,,,adamw,0.05,5e-06,,0,200,448,8,600,600,10.0,,,61.8333,,,2.3948,61.833333333333336,100.0,,,0.1052,38.6596,0.4121,78.51,86.7851,86.7851,
camel.ee.nctu.edu.tw,54,soylocal,hideit_base_patch16_224.fb_in1k,False,,,,adamw,0.05,5e-06,,0,200,448,8,600,600,20.0,,,62.3333,,,2.2969,62.333333333333336,100.0,,,0.0966,38.8207,0.4121,78.51,86.7971,86.7971,
camel.ee.nctu.edu.tw,54,soylocal,hideit_base_patch16_224.fb_in1k,False,,,,adamw,0.05,5e-06,,0,200,448,8,600,600,30.0,,,62.8333,,,2.3158,62.833333333333336,100.0,,,0.0939,39.0436,0.4121,78.51,86.8091,86.8091,
camel.ee.nctu.edu.tw,54,soylocal,hideit_base_patch16_224.fb_in1k,False,,,,adamw,0.05,5e-06,,0,200,448,8,600,600,40.0,,,61.8333,,,2.2985,61.833333333333336,100.0,,,0.0937,39.3029,0.4121,78.51,86.8211,86.8211,
camel.ee.nctu.edu.tw,54,soylocal,hideit_base_patch16_224.fb_in1k,False,,,,adamw,0.05,5e-06,,0,200,448,8,600,600,50.0,,,61.8333,,,2.3619,61.833333333333336,100.0,,,0.094,38.3612,0.4121,78.51,86.8331,86.8331,
camel.ee.nctu.edu.tw,54,soylocal,hideit_base_patch16_224.fb_in1k,False,,,,adamw,0.05,5e-06,,0,200,448,8,600,600,70.0,,,62.6667,,,2.3009,62.666666666666664,100.0,,,0.0935,38.8315,0.4141,78.5101,86.8572,86.8572,
camel.ee.nctu.edu.tw,54,soylocal,hideit_base_patch16_224.fb_in1k,False,,,,adamw,0.05,5e-06,,0,200,448,8,600,600,90.0,,,64.3333,,,2.2592,64.33333333333333,100.0,,,0.0973,38.3256,0.4141,78.5101,86.8812,86.8812,
camel.ee.nctu.edu.tw,54,soylocal,hideit_base_patch16_224.fb_in1k,False,,,,adamw,0.05,1e-05,,0,200,448,8,600,600,10.0,,,59.5,,,2.1142,59.5,100.0,,,0.0247,39.4505,0.4121,78.51,86.7851,86.7851,
camel.ee.nctu.edu.tw,54,soylocal,hideit_base_patch16_224.fb_in1k,False,,,,adamw,0.05,1e-05,,0,200,448,8,600,600,20.0,,,62.8333,,,2.0048,62.833333333333336,100.0,,,0.0229,38.6427,0.4121,78.51,86.7971,86.7971,
camel.ee.nctu.edu.tw,54,soylocal,hideit_base_patch16_224.fb_in1k,False,,,,adamw,0.05,1e-05,,0,200,448,8,600,600,30.0,,,58.8333,,,2.0872,58.833333333333336,100.0,,,0.0224,38.877,0.4121,78.51,86.8091,86.8091,
camel.ee.nctu.edu.tw,54,soylocal,hideit_base_patch16_224.fb_in1k,False,,,,adamw,0.05,1e-05,,0,200,448,8,600,600,40.0,,,63.1667,,,2.0108,63.166666666666664,100.0,,,0.0228,39.851,0.4121,78.51,86.8211,86.8211,
camel.ee.nctu.edu.tw,54,soylocal,hideit_base_patch16_224.fb_in1k,False,,,,adamw,0.05,1e-05,,0,200,448,8,600,600,50.0,,,61.1667,,,2.059,61.166666666666664,100.0,,,0.0223,37.8879,0.4121,78.51,86.8331,86.8331,
camel.ee.nctu.edu.tw,54,soylocal,hideit_base_patch16_224.fb_in1k,False,,,,adamw,0.05,1e-05,,0,200,448,8,600,600,70.0,,,62.5,,,2.0273,62.5,100.0,,,0.0221,37.6905,0.4141,78.5101,86.8572,86.8572,
camel.ee.nctu.edu.tw,54,soylocal,hideit_base_patch16_224.fb_in1k,False,,,,adamw,0.05,1e-05,,0,200,448,8,600,600,90.0,,,63.6667,,,2.0088,63.666666666666664,100.0,,,0.023,37.5845,0.4141,78.5101,86.8812,86.8812,
camel.ee.nctu.edu.tw,54,soylocal,hideit_base_patch16_224.fb_in1k,False,,,,adamw,0.05,5e-05,,0,200,448,8,600,600,10.0,,,55.3333,,,2.0267,55.333333333333336,100.0,,,0.0005,38.8766,0.4121,78.51,86.7851,86.7851,
camel.ee.nctu.edu.tw,54,soylocal,hideit_base_patch16_224.fb_in1k,False,,,,adamw,0.05,5e-05,,0,200,448,8,600,600,20.0,,,56.0,,,1.97,56.0,100.0,,,0.0003,37.4693,0.4121,78.51,86.7971,86.7971,
camel.ee.nctu.edu.tw,54,soylocal,hideit_base_patch16_224.fb_in1k,False,,,,adamw,0.05,5e-05,,0,200,448,8,600,600,30.0,,,55.5,,,2.0156,55.5,100.0,,,0.0003,38.1291,0.4121,78.51,86.8091,86.8091,
camel.ee.nctu.edu.tw,54,soylocal,hideit_base_patch16_224.fb_in1k,False,,,,adamw,0.05,5e-05,,0,200,448,8,600,600,40.0,,,57.5,,,1.8645,57.5,100.0,,,0.0003,39.0653,0.4121,78.51,86.8211,86.8211,
camel.ee.nctu.edu.tw,54,soylocal,hideit_base_patch16_224.fb_in1k,False,,,,adamw,0.05,5e-05,,0,200,448,8,600,600,50.0,,,54.6667,,,2.0695,54.666666666666664,100.0,,,0.0004,38.0318,0.4121,78.51,86.8331,86.8331,
camel.ee.nctu.edu.tw,54,soylocal,hideit_base_patch16_224.fb_in1k,False,,,,adamw,0.05,5e-05,,0,200,448,8,600,600,70.0,,,57.3333,,,2.003,57.333333333333336,100.0,,,0.0003,37.9255,0.4141,78.5101,86.8572,86.8572,
camel.ee.nctu.edu.tw,54,soylocal,hideit_base_patch16_224.fb_in1k,False,,,,adamw,0.05,5e-05,,0,200,448,8,600,600,90.0,,,59.5,,,1.8497,59.5,100.0,,,0.0003,38.1269,0.4141,78.5101,86.8812,86.8812,
camel.ee.nctu.edu.tw,54,soylocal,hideit_base_patch16_224.fb_in1k,False,,,,adamw,0.05,0.0001,,0,200,448,8,600,600,10.0,,,48.3333,,,2.6225,48.333333333333336,100.0,,,0.0002,37.5951,0.4121,78.51,86.7851,86.7851,
camel.ee.nctu.edu.tw,54,soylocal,hideit_base_patch16_224.fb_in1k,False,,,,adamw,0.05,0.0001,,0,200,448,8,600,600,20.0,,,52.0,,,2.6619,52.0,100.0,,,0.0001,37.7286,0.4121,78.51,86.7971,86.7971,
camel.ee.nctu.edu.tw,54,soylocal,hideit_base_patch16_224.fb_in1k,False,,,,adamw,0.05,0.0001,,0,200,448,8,600,600,30.0,,,49.8333,,,2.7039,49.833333333333336,100.0,,,0.0001,37.6913,0.4121,78.51,86.8091,86.8091,
camel.ee.nctu.edu.tw,54,soylocal,hideit_base_patch16_224.fb_in1k,False,,,,adamw,0.05,0.0001,,0,200,448,8,600,600,40.0,,,52.3333,,,2.5551,52.333333333333336,100.0,,,0.0001,39.0507,0.4121,78.51,86.8211,86.8211,
camel.ee.nctu.edu.tw,54,soylocal,hideit_base_patch16_224.fb_in1k,False,,,,adamw,0.05,0.0001,,0,200,448,8,600,600,50.0,,,51.1667,,,2.4947,51.166666666666664,100.0,,,0.0001,37.8752,0.4121,78.51,86.8331,86.8331,
camel.ee.nctu.edu.tw,54,soylocal,hideit_base_patch16_224.fb_in1k,False,,,,adamw,0.05,0.0001,,0,200,448,8,600,600,70.0,,,50.8333,,,2.5383,50.833333333333336,100.0,,,0.0001,38.1096,0.4141,78.5101,86.8572,86.8572,
camel.ee.nctu.edu.tw,54,soylocal,hideit_base_patch16_224.fb_in1k,False,,,,adamw,0.05,0.0001,,0,200,448,8,600,600,90.0,,,54.3333,,,2.4163,54.333333333333336,100.0,,,0.0001,38.3804,0.4141,78.5101,86.8812,86.8812,
camel.ee.nctu.edu.tw,54,soylocal,hideit_base_patch16_224.fb_in1k,False,,,,adamw,0.05,0.0005,,0,200,448,8,600,600,10.0,,,50.1667,,,2.3767,50.166666666666664,100.0,,,0.0078,37.9282,0.4121,78.51,86.7851,86.7851,
camel.ee.nctu.edu.tw,54,soylocal,hideit_base_patch16_224.fb_in1k,False,,,,adamw,0.05,0.0005,,0,200,448,8,600,600,20.0,,,34.0,,,2.9919,34.0,95.8333,,,0.8031,37.4182,0.4121,78.51,86.7971,86.7971,
camel.ee.nctu.edu.tw,54,soylocal,hideit_base_patch16_224.fb_in1k,False,,,,adamw,0.05,0.0005,,0,200,448,8,600,600,30.0,,,52.0,,,2.2709,52.0,100.0,,,0.0015,38.4321,0.4121,78.51,86.8091,86.8091,
camel.ee.nctu.edu.tw,54,soylocal,hideit_base_patch16_224.fb_in1k,False,,,,adamw,0.05,0.0005,,0,200,448,8,600,600,40.0,,,50.8333,,,2.3319,50.833333333333336,100.0,,,0.0013,39.3847,0.4121,78.51,86.8211,86.8211,
camel.ee.nctu.edu.tw,54,soylocal,hideit_base_patch16_224.fb_in1k,False,,,,adamw,0.05,0.0005,,0,200,448,8,600,600,50.0,,,50.5,,,2.2781,50.5,100.0,,,0.0011,38.5331,0.4121,78.51,86.8331,86.8331,
camel.ee.nctu.edu.tw,54,soylocal,hideit_base_patch16_224.fb_in1k,False,,,,adamw,0.05,0.0005,,0,200,448,8,600,600,70.0,,,51.3333,,,2.2825,51.333333333333336,100.0,,,0.0014,37.7542,0.4141,78.5101,86.8572,86.8572,
camel.ee.nctu.edu.tw,54,soylocal,hideit_base_patch16_224.fb_in1k,False,,,,adamw,0.05,0.0005,,0,200,448,8,600,600,90.0,,,53.3333,,,2.2294,53.333333333333336,100.0,,,0.0009,38.4626,0.4141,78.5101,86.8812,86.8812,
camel.ee.nctu.edu.tw,54,soylocal,hideit_base_patch16_224.fb_in1k,False,,,,adamw,0.05,0.001,,0,200,448,8,600,600,10.0,,,28.1667,,,3.3313,28.166666666666668,83.3333,,,1.528,36.9692,0.4121,78.51,86.7851,86.7851,
camel.ee.nctu.edu.tw,54,soylocal,hideit_base_patch16_224.fb_in1k,False,,,,adamw,0.05,0.001,,0,200,448,8,600,600,20.0,,,37.8333,,,2.8743,37.833333333333336,95.0,,,0.9436,38.438,0.4121,78.51,86.7971,86.7971,
camel.ee.nctu.edu.tw,54,soylocal,hideit_base_patch16_224.fb_in1k,False,,,,adamw,0.05,0.001,,0,200,448,8,600,600,30.0,,,31.8333,,,3.3509,31.833333333333332,97.1667,,,0.5663,38.5547,0.4121,78.51,86.8091,86.8091,
camel.ee.nctu.edu.tw,54,soylocal,hideit_base_patch16_224.fb_in1k,False,,,,adamw,0.05,0.001,,0,200,448,8,600,600,40.0,,,29.6667,,,3.3609,29.666666666666668,91.6667,,,1.0282,38.755,0.4121,78.51,86.8211,86.8211,
camel.ee.nctu.edu.tw,54,soylocal,hideit_base_patch16_224.fb_in1k,False,,,,adamw,0.05,0.001,,0,200,448,8,600,600,50.0,,,35.3333,,,2.9888,35.333333333333336,94.3333,,,0.6829,38.2619,0.4121,78.51,86.8331,86.8331,
camel.ee.nctu.edu.tw,54,soylocal,hideit_base_patch16_224.fb_in1k,False,,,,adamw,0.05,0.001,,0,200,448,8,600,600,70.0,,,34.0,,,3.126,34.0,88.3333,,,0.9006,37.1772,0.4141,78.5101,86.8572,86.8572,
camel.ee.nctu.edu.tw,54,soylocal,hideit_base_patch16_224.fb_in1k,False,,,,adamw,0.05,0.001,,0,200,448,8,600,600,90.0,,,19.8333,,,4.3424,19.833333333333332,83.1667,,,1.1493,37.8912,0.4141,78.5101,86.8812,86.8812,
camel.ee.nctu.edu.tw,54,soylocal,hideit_base_patch16_224.fb_in1k,False,,,,sgd,0.0,0.003,,0,200,448,8,600,600,10.0,,,55.1667,,,2.4785,55.166666666666664,100.0,,,0.7827,36.9838,0.4121,78.51,86.7851,86.7851,
camel.ee.nctu.edu.tw,54,soylocal,hideit_base_patch16_224.fb_in1k,False,,,,sgd,0.0,0.003,,0,200,448,8,600,600,20.0,,,54.1667,,,2.4486,54.166666666666664,100.0,,,0.7302,36.4647,0.4121,78.51,86.7971,86.7971,
camel.ee.nctu.edu.tw,54,soylocal,hideit_base_patch16_224.fb_in1k,False,,,,sgd,0.0,0.003,,0,200,448,8,600,600,30.0,,,55.0,,,2.458,55.0,100.0,,,0.8278,36.9271,0.4121,78.51,86.8091,86.8091,
camel.ee.nctu.edu.tw,54,soylocal,hideit_base_patch16_224.fb_in1k,False,,,,sgd,0.0,0.003,,0,200,448,8,600,600,40.0,,,58.8333,,,2.3665,58.833333333333336,100.0,,,0.7882,37.7095,0.4121,78.51,86.8211,86.8211,
camel.ee.nctu.edu.tw,54,soylocal,hideit_base_patch16_224.fb_in1k,False,,,,sgd,0.0,0.003,,0,200,448,8,600,600,50.0,,,57.1667,,,2.4354,57.166666666666664,100.0,,,0.8117,36.5574,0.4121,78.51,86.8331,86.8331,
camel.ee.nctu.edu.tw,54,soylocal,hideit_base_patch16_224.fb_in1k,False,,,,sgd,0.0,0.003,,0,200,448,8,600,600,70.0,,,55.8333,,,2.4429,55.833333333333336,100.0,,,0.8692,36.3124,0.4141,78.5101,86.8572,86.8572,
camel.ee.nctu.edu.tw,54,soylocal,hideit_base_patch16_224.fb_in1k,False,,,,sgd,0.0,0.003,,0,200,448,8,600,600,90.0,,,57.1667,,,2.4168,57.166666666666664,99.8333,,,0.9603,35.9294,0.4141,78.5101,86.8812,86.8812,
camel.ee.nctu.edu.tw,54,soylocal,hideit_base_patch16_224.fb_in1k,False,,,,sgd,0.0,0.01,,0,200,448,8,600,600,10.0,,,59.1667,,,1.6951,59.166666666666664,100.0,,,0.0031,37.2083,0.4121,78.51,86.7851,86.7851,
camel.ee.nctu.edu.tw,54,soylocal,hideit_base_patch16_224.fb_in1k,False,,,,sgd,0.0,0.01,,0,200,448,8,600,600,20.0,,,58.1667,,,1.6931,58.166666666666664,100.0,,,0.0028,35.4454,0.4121,78.51,86.7971,86.7971,
camel.ee.nctu.edu.tw,54,soylocal,hideit_base_patch16_224.fb_in1k,False,,,,sgd,0.0,0.01,,0,200,448,8,600,600,30.0,,,58.0,,,1.6895,58.0,100.0,,,0.0029,36.4856,0.4121,78.51,86.8091,86.8091,
camel.ee.nctu.edu.tw,54,soylocal,hideit_base_patch16_224.fb_in1k,False,,,,sgd,0.0,0.01,,0,200,448,8,600,600,40.0,,,59.5,,,1.6362,59.5,100.0,,,0.0032,36.3712,0.4121,78.51,86.8211,86.8211,
camel.ee.nctu.edu.tw,54,soylocal,hideit_base_patch16_224.fb_in1k,False,,,,sgd,0.0,0.01,,0,200,448,8,600,600,50.0,,,61.1667,,,1.6549,61.166666666666664,100.0,,,0.003,37.0417,0.4121,78.51,86.8331,86.8331,
camel.ee.nctu.edu.tw,54,soylocal,hideit_base_patch16_224.fb_in1k,False,,,,sgd,0.0,0.01,,0,200,448,8,600,600,70.0,,,59.5,,,1.6916,59.5,100.0,,,0.0032,35.8427,0.4141,78.5101,86.8572,86.8572,
camel.ee.nctu.edu.tw,54,soylocal,hideit_base_patch16_224.fb_in1k,False,,,,sgd,0.0,0.01,,0,200,448,8,600,600,90.0,,,58.6667,,,1.6232,58.666666666666664,100.0,,,0.0032,37.1026,0.4141,78.5101,86.8812,86.8812,
camel.ee.nctu.edu.tw,54,soylocal,hideit_base_patch16_224.fb_in1k,False,,,,sgd,0.0,0.03,,0,200,448,8,600,600,10.0,,,56.1667,,,1.7843,56.166666666666664,100.0,,,0.0005,36.4782,0.4121,78.51,86.7851,86.7851,
camel.ee.nctu.edu.tw,54,soylocal,hideit_base_patch16_224.fb_in1k,False,,,,sgd,0.0,0.03,,0,200,448,8,600,600,20.0,,,55.0,,,1.853,55.0,100.0,,,0.0005,35.5413,0.4121,78.51,86.7971,86.7971,
camel.ee.nctu.edu.tw,54,soylocal,hideit_base_patch16_224.fb_in1k,False,,,,sgd,0.0,0.03,,0,200,448,8,600,600,30.0,,,54.5,,,1.863,54.5,100.0,,,0.0006,36.5652,0.4121,78.51,86.8091,86.8091,
camel.ee.nctu.edu.tw,54,soylocal,hideit_base_patch16_224.fb_in1k,False,,,,sgd,0.0,0.03,,0,200,448,8,600,600,40.0,,,58.5,,,1.7611,58.5,100.0,,,0.0006,36.7958,0.4121,78.51,86.8211,86.8211,
camel.ee.nctu.edu.tw,54,soylocal,hideit_base_patch16_224.fb_in1k,False,,,,sgd,0.0,0.03,,0,200,448,8,600,600,50.0,,,60.1667,,,1.7508,60.166666666666664,100.0,,,0.0006,36.1785,0.4121,78.51,86.8331,86.8331,
camel.ee.nctu.edu.tw,54,soylocal,hideit_base_patch16_224.fb_in1k,False,,,,sgd,0.0,0.03,,0,200,448,8,600,600,70.0,,,57.0,,,1.8383,57.0,100.0,,,0.0007,34.8874,0.4141,78.5101,86.8572,86.8572,
camel.ee.nctu.edu.tw,54,soylocal,hideit_base_patch16_224.fb_in1k,False,,,,sgd,0.0,0.03,,0,200,448,8,600,600,90.0,,,56.3333,,,1.8427,56.333333333333336,100.0,,,0.0007,34.8052,0.4141,78.5101,86.8812,86.8812,
camel.ee.nctu.edu.tw,54,soylocal,hideit_base_patch16_224.fb_in1k,False,,,,sgd,0.0,0.1,,0,200,448,8,600,600,10.0,,,49.6667,,,2.5348,49.666666666666664,100.0,,,0.0077,34.9235,0.4121,78.51,86.7851,86.7851,
camel.ee.nctu.edu.tw,54,soylocal,hideit_base_patch16_224.fb_in1k,False,,,,sgd,0.0,0.1,,0,200,448,8,600,600,20.0,,,49.1667,,,2.6321,49.166666666666664,100.0,,,0.0017,36.8376,0.4121,78.51,86.7971,86.7971,
camel.ee.nctu.edu.tw,54,soylocal,hideit_base_patch16_224.fb_in1k,False,,,,sgd,0.0,0.1,,0,200,448,8,600,600,30.0,,,50.0,,,2.4595,50.0,100.0,,,0.0003,37.0303,0.4121,78.51,86.8091,86.8091,
camel.ee.nctu.edu.tw,54,soylocal,hideit_base_patch16_224.fb_in1k,False,,,,sgd,0.0,0.1,,0,200,448,8,600,600,40.0,,,54.6667,,,2.2497,54.666666666666664,100.0,,,0.0003,35.8336,0.4121,78.51,86.8211,86.8211,
camel.ee.nctu.edu.tw,54,soylocal,hideit_base_patch16_224.fb_in1k,False,,,,sgd,0.0,0.1,,0,200,448,8,600,600,50.0,,,48.8333,,,2.4776,48.833333333333336,100.0,,,0.0003,36.109,0.4121,78.51,86.8331,86.8331,
camel.ee.nctu.edu.tw,54,soylocal,hideit_base_patch16_224.fb_in1k,False,,,,sgd,0.0,0.1,,0,200,448,8,600,600,70.0,,,47.8333,,,2.5438,47.833333333333336,100.0,,,0.0073,36.0371,0.4141,78.5101,86.8572,86.8572,
camel.ee.nctu.edu.tw,54,soylocal,hideit_base_patch16_224.fb_in1k,False,,,,sgd,0.0,0.1,,0,200,448,8,600,600,90.0,,,52.1667,,,2.6414,52.166666666666664,100.0,,,0.0001,35.0176,0.4141,78.5101,86.8812,86.8812,
fae-G493-ZB3-AAP1-000,54,soylocal,hiresnet50.a1_in1k,False,,,,adamw,0.05,5e-06,,0,200,448,8,600,600,10.0,,,45.3333,,,3.0558,45.333333333333336,93.6667,,,2.2497,31.505,0.166,16.3943,24.8109,24.8109,
fae-G493-ZB3-AAP1-000,54,soylocal,hiresnet50.a1_in1k,False,,,,adamw,0.05,5e-06,,0,200,448,8,600,600,20.0,,,43.5,,,3.0169,43.5,97.3333,,,2.3622,30.5509,0.166,16.3943,24.8229,24.8229,
fae-G493-ZB3-AAP1-000,54,soylocal,hiresnet50.a1_in1k,False,,,,adamw,0.05,5e-06,,0,200,448,8,600,600,30.0,,,45.6667,,,3.0169,45.666666666666664,97.6667,,,2.4038,31.7683,0.166,16.3943,24.8349,24.8349,
fae-G493-ZB3-AAP1-000,54,soylocal,hiresnet50.a1_in1k,False,,,,adamw,0.05,5e-06,,0,200,448,8,600,600,40.0,,,46.5,,,3.0487,46.5,97.0,,,2.5466,30.0436,0.166,16.3943,24.8469,24.8469,
fae-G493-ZB3-AAP1-000,54,soylocal,hiresnet50.a1_in1k,False,,,,adamw,0.05,5e-06,,0,200,448,8,600,600,50.0,,,48.1667,,,2.9929,48.166666666666664,98.3333,,,2.5484,31.9057,0.166,16.3944,24.8589,24.8589,
fae-G493-ZB3-AAP1-000,54,soylocal,hiresnet50.a1_in1k,False,,,,adamw,0.05,5e-06,,0,200,448,8,600,600,70.0,,,46.5,,,2.9905,46.5,96.5,,,2.8689,30.5502,0.166,16.3944,24.883,24.883,
fae-G493-ZB3-AAP1-000,54,soylocal,hiresnet50.a1_in1k,False,,,,adamw,0.05,5e-06,,0,200,448,8,600,600,90.0,,,44.8333,,,3.0667,44.833333333333336,97.0,,,3.2464,30.1596,0.166,16.3944,24.907,24.907,
fae-G493-ZB3-AAP1-000,54,soylocal,hiresnet50.a1_in1k,False,,,,adamw,0.05,1e-05,,0,200,448,8,600,600,10.0,,,49.8333,,,2.7828,49.833333333333336,99.0,,,1.23,31.328,0.166,16.3943,24.8109,24.8109,
fae-G493-ZB3-AAP1-000,54,soylocal,hiresnet50.a1_in1k,False,,,,adamw,0.05,1e-05,,0,200,448,8,600,600,20.0,,,50.1667,,,2.7404,50.166666666666664,99.5,,,1.2433,30.667,0.166,16.3943,24.8229,24.8229,
fae-G493-ZB3-AAP1-000,54,soylocal,hiresnet50.a1_in1k,False,,,,adamw,0.05,1e-05,,0,200,448,8,600,600,30.0,,,51.0,,,2.684,51.0,99.6667,,,1.1553,31.1426,0.166,16.3943,24.8349,24.8349,
fae-G493-ZB3-AAP1-000,54,soylocal,hiresnet50.a1_in1k,False,,,,adamw,0.05,1e-05,,0,200,448,8,600,600,40.0,,,48.5,,,2.7332,48.5,100.0,,,1.2268,29.1774,0.166,16.3943,24.8469,24.8469,
fae-G493-ZB3-AAP1-000,54,soylocal,hiresnet50.a1_in1k,False,,,,adamw,0.05,1e-05,,0,200,448,8,600,600,50.0,,,51.6667,,,2.6481,51.666666666666664,99.8333,,,1.2133,48.3334,0.166,16.3944,24.8589,24.8589,
fae-G493-ZB3-AAP1-000,54,soylocal,hiresnet50.a1_in1k,False,,,,adamw,0.05,1e-05,,0,200,448,8,600,600,70.0,,,52.5,,,2.7032,52.5,99.8333,,,1.5313,29.6207,0.166,16.3944,24.883,24.883,
fae-G493-ZB3-AAP1-000,54,soylocal,hiresnet50.a1_in1k,False,,,,adamw,0.05,1e-05,,0,200,448,8,600,600,90.0,,,48.8333,,,2.6803,48.833333333333336,99.8333,,,1.4581,31.1429,0.166,16.3944,24.907,24.907,
fae-G493-ZB3-AAP1-000,54,soylocal,hiresnet50.a1_in1k,False,,,,adamw,0.05,5e-05,,0,200,448,8,600,600,10.0,,,57.6667,,,1.8936,57.666666666666664,100.0,,,0.0035,32.344,0.166,16.3943,24.8109,24.8109,
fae-G493-ZB3-AAP1-000,54,soylocal,hiresnet50.a1_in1k,False,,,,adamw,0.05,5e-05,,0,200,448,8,600,600,20.0,,,56.3333,,,1.8854,56.333333333333336,100.0,,,0.0032,30.7705,0.166,16.3943,24.8229,24.8229,
fae-G493-ZB3-AAP1-000,54,soylocal,hiresnet50.a1_in1k,False,,,,adamw,0.05,5e-05,,0,200,448,8,600,600,30.0,,,58.3333,,,1.8785,58.333333333333336,100.0,,,0.0021,31.9988,0.166,16.3943,24.8349,24.8349,
fae-G493-ZB3-AAP1-000,54,soylocal,hiresnet50.a1_in1k,False,,,,adamw,0.05,5e-05,,0,200,448,8,600,600,40.0,,,56.6667,,,1.8829,56.666666666666664,100.0,,,0.0024,28.3203,0.166,16.3943,24.8469,24.8469,
fae-G493-ZB3-AAP1-000,54,soylocal,hiresnet50.a1_in1k,False,,,,adamw,0.05,5e-05,,0,200,448,8,600,600,50.0,,,55.1667,,,1.9454,55.166666666666664,100.0,,,0.0019,56.9037,0.166,16.3944,24.8589,24.8589,
fae-G493-ZB3-AAP1-000,54,soylocal,hiresnet50.a1_in1k,False,,,,adamw,0.05,5e-05,,0,200,448,8,600,600,70.0,,,58.3333,,,1.9278,58.333333333333336,100.0,,,0.0014,30.3111,0.166,16.3944,24.883,24.883,
fae-G493-ZB3-AAP1-000,54,soylocal,hiresnet50.a1_in1k,False,,,,adamw,0.05,5e-05,,0,200,448,8,600,600,90.0,,,57.8333,,,1.8699,57.833333333333336,100.0,,,0.0013,29.8684,0.166,16.3944,24.907,24.907,
fae-G493-ZB3-AAP1-000,54,soylocal,hiresnet50.a1_in1k,False,,,,adamw,0.05,0.0001,,0,200,448,8,600,600,10.0,,,55.5,,,1.8784,55.5,100.0,,,0.0009,31.1839,0.166,16.3943,24.8109,24.8109,
fae-G493-ZB3-AAP1-000,54,soylocal,hiresnet50.a1_in1k,False,,,,adamw,0.05,0.0001,,0,200,448,8,600,600,20.0,,,56.8333,,,1.8023,56.833333333333336,100.0,,,0.0003,30.5358,0.166,16.3943,24.8229,24.8229,
fae-G493-ZB3-AAP1-000,54,soylocal,hiresnet50.a1_in1k,False,,,,adamw,0.05,0.0001,,0,200,448,8,600,600,30.0,,,56.8333,,,1.835,56.833333333333336,100.0,,,0.0003,31.4688,0.166,16.3943,24.8349,24.8349,
fae-G493-ZB3-AAP1-000,54,soylocal,hiresnet50.a1_in1k,False,,,,adamw,0.05,0.0001,,0,200,448,8,600,600,40.0,,,58.5,,,1.8085,58.5,100.0,,,0.0002,25.8714,0.166,16.3943,24.8469,24.8469,
fae-G493-ZB3-AAP1-000,54,soylocal,hiresnet50.a1_in1k,False,,,,adamw,0.05,0.0001,,0,200,448,8,600,600,50.0,,,55.8333,,,1.8393,55.833333333333336,100.0,,,0.0002,37.4587,0.166,16.3944,24.8589,24.8589,
fae-G493-ZB3-AAP1-000,54,soylocal,hiresnet50.a1_in1k,False,,,,adamw,0.05,0.0001,,0,200,448,8,600,600,70.0,,,56.6667,,,1.8923,56.666666666666664,100.0,,,0.0002,30.7389,0.166,16.3944,24.883,24.883,
fae-G493-ZB3-AAP1-000,54,soylocal,hiresnet50.a1_in1k,False,,,,adamw,0.05,0.0001,,0,200,448,8,600,600,90.0,,,57.8333,,,1.795,57.833333333333336,100.0,,,0.0002,31.0661,0.166,16.3944,24.907,24.907,
fae-G493-ZB3-AAP1-000,54,soylocal,hiresnet50.a1_in1k,False,,,,adamw,0.05,0.0005,,0,200,448,8,600,600,10.0,,,50.5,,,2.1552,50.5,100.0,,,0.0001,30.9066,0.166,16.3943,24.8109,24.8109,
fae-G493-ZB3-AAP1-000,54,soylocal,hiresnet50.a1_in1k,False,,,,adamw,0.05,0.0005,,0,200,448,8,600,600,20.0,,,48.6667,,,2.3121,48.666666666666664,100.0,,,0.0001,30.689,0.166,16.3943,24.8229,24.8229,
fae-G493-ZB3-AAP1-000,54,soylocal,hiresnet50.a1_in1k,False,,,,adamw,0.05,0.0005,,0,200,448,8,600,600,30.0,,,50.8333,,,2.1437,50.833333333333336,100.0,,,0.0001,31.3822,0.166,16.3943,24.8349,24.8349,
fae-G493-ZB3-AAP1-000,54,soylocal,hiresnet50.a1_in1k,False,,,,adamw,0.05,0.0005,,0,200,448,8,600,600,40.0,,,51.8333,,,2.2017,51.833333333333336,100.0,,,0.0002,28.0898,0.166,16.3943,24.8469,24.8469,
fae-G493-ZB3-AAP1-000,54,soylocal,hiresnet50.a1_in1k,False,,,,adamw,0.05,0.0005,,0,200,448,8,600,600,50.0,,,50.1667,,,2.2092,50.166666666666664,100.0,,,0.0001,32.5113,0.166,16.3944,24.8589,24.8589,
fae-G493-ZB3-AAP1-000,54,soylocal,hiresnet50.a1_in1k,False,,,,adamw,0.05,0.0005,,0,200,448,8,600,600,70.0,,,49.8333,,,2.1963,49.833333333333336,100.0,,,0.0001,29.8007,0.166,16.3944,24.883,24.883,
fae-G493-ZB3-AAP1-000,54,soylocal,hiresnet50.a1_in1k,False,,,,adamw,0.05,0.0005,,0,200,448,8,600,600,90.0,,,52.5,,,2.0926,52.5,100.0,,,0.0,30.1108,0.166,16.3944,24.907,24.907,
fae-G493-ZB3-AAP1-000,54,soylocal,hiresnet50.a1_in1k,False,,,,adamw,0.05,0.001,,0,200,448,8,600,600,10.0,,,45.5,,,2.5005,45.5,100.0,,,0.0006,33.2728,0.166,16.3943,24.8109,24.8109,
fae-G493-ZB3-AAP1-000,54,soylocal,hiresnet50.a1_in1k,False,,,,adamw,0.05,0.001,,0,200,448,8,600,600,20.0,,,48.3333,,,2.5714,48.333333333333336,100.0,,,0.0001,47.9478,0.166,16.3943,24.8229,24.8229,
fae-G493-ZB3-AAP1-000,54,soylocal,hiresnet50.a1_in1k,False,,,,adamw,0.05,0.001,,0,200,448,8,600,600,30.0,,,48.5,,,2.4653,48.5,100.0,,,0.0007,31.7037,0.166,16.3943,24.8349,24.8349,
fae-G493-ZB3-AAP1-000,54,soylocal,hiresnet50.a1_in1k,False,,,,adamw,0.05,0.001,,0,200,448,8,600,600,40.0,,,,,,,,,,,,,,,,,
fae-G493-ZB3-AAP1-000,54,soylocal,hiresnet50.a1_in1k,False,,,,adamw,0.05,0.001,,0,200,448,8,600,600,50.0,,,48.1667,,,2.6574,48.166666666666664,100.0,,,0.0001,30.2049,0.166,16.3944,24.8589,24.8589,
fae-G493-ZB3-AAP1-000,54,soylocal,hiresnet50.a1_in1k,False,,,,adamw,0.05,0.001,,0,200,448,8,600,600,70.0,,,50.5,,,2.438,50.5,100.0,,,0.0001,29.4987,0.166,16.3944,24.883,24.883,
fae-G493-ZB3-AAP1-000,54,soylocal,hiresnet50.a1_in1k,False,,,,adamw,0.05,0.001,,0,200,448,8,600,600,90.0,,,50.0,,,2.513,50.0,100.0,,,0.0001,30.6234,0.166,16.3944,24.907,24.907,
fae-G493-ZB3-AAP1-000,54,soylocal,hiresnet50.a1_in1k,False,,,,sgd,0.0,0.003,,0,200,448,8,600,600,10.0,,,35.3333,,,3.2165,35.333333333333336,73.3333,,,3.2215,32.3034,0.166,16.3943,24.8109,24.8109,
fae-G493-ZB3-AAP1-000,54,soylocal,hiresnet50.a1_in1k,False,,,,sgd,0.0,0.003,,0,200,448,8,600,600,20.0,,,36.3333,,,3.1677,36.333333333333336,82.3333,,,3.2858,173.385,0.166,16.3943,24.8229,24.8229,
fae-G493-ZB3-AAP1-000,54,soylocal,hiresnet50.a1_in1k,False,,,,sgd,0.0,0.003,,0,200,448,8,600,600,30.0,,,33.8333,,,3.2914,33.833333333333336,77.5,,,3.6783,31.0953,0.166,16.3943,24.8349,24.8349,
fae-G493-ZB3-AAP1-000,54,soylocal,hiresnet50.a1_in1k,False,,,,sgd,0.0,0.003,,0,200,448,8,600,600,40.0,,,37.6667,,,3.218,37.666666666666664,79.6667,,,3.7317,31.5272,0.166,16.3943,24.8469,24.8469,
fae-G493-ZB3-AAP1-000,54,soylocal,hiresnet50.a1_in1k,False,,,,sgd,0.0,0.003,,0,200,448,8,600,600,50.0,,,36.1667,,,3.151,36.166666666666664,81.3333,,,3.811,27.0927,0.166,16.3944,24.8589,24.8589,
fae-G493-ZB3-AAP1-000,54,soylocal,hiresnet50.a1_in1k,False,,,,sgd,0.0,0.003,,0,200,448,8,600,600,70.0,,,36.3333,,,3.1827,36.333333333333336,83.3333,,,3.9093,29.5699,0.166,16.3944,24.883,24.883,
fae-G493-ZB3-AAP1-000,54,soylocal,hiresnet50.a1_in1k,False,,,,sgd,0.0,0.003,,0,200,448,8,600,600,90.0,,,31.1667,,,4.2169,31.166666666666668,78.1667,,,4.4774,30.7641,0.166,16.3944,24.907,24.907,
fae-G493-ZB3-AAP1-000,54,soylocal,hiresnet50.a1_in1k,False,,,,sgd,0.0,0.01,,0,200,448,8,600,600,10.0,,,46.3333,,,2.1705,46.333333333333336,100.0,,,0.1068,29.7194,0.166,16.3943,24.8109,24.8109,
fae-G493-ZB3-AAP1-000,54,soylocal,hiresnet50.a1_in1k,False,,,,sgd,0.0,0.01,,0,200,448,8,600,600,20.0,,,50.0,,,2.0876,50.0,100.0,,,0.0746,69.0659,0.166,16.3943,24.8229,24.8229,
fae-G493-ZB3-AAP1-000,54,soylocal,hiresnet50.a1_in1k,False,,,,sgd,0.0,0.01,,0,200,448,8,600,600,30.0,,,50.6667,,,2.0576,50.666666666666664,100.0,,,0.0867,30.5226,0.166,16.3943,24.8349,24.8349,
fae-G493-ZB3-AAP1-000,54,soylocal,hiresnet50.a1_in1k,False,,,,sgd,0.0,0.01,,0,200,448,8,600,600,40.0,,,51.8333,,,2.0146,51.833333333333336,100.0,,,0.0466,31.2107,0.166,16.3943,24.8469,24.8469,
fae-G493-ZB3-AAP1-000,54,soylocal,hiresnet50.a1_in1k,False,,,,sgd,0.0,0.01,,0,200,448,8,600,600,50.0,,,53.5,,,1.9621,53.5,100.0,,,0.0232,31.1226,0.166,16.3944,24.8589,24.8589,
fae-G493-ZB3-AAP1-000,54,soylocal,hiresnet50.a1_in1k,False,,,,sgd,0.0,0.01,,0,200,448,8,600,600,70.0,,,55.0,,,1.9491,55.0,100.0,,,0.0598,29.6379,0.166,16.3944,24.883,24.883,
fae-G493-ZB3-AAP1-000,54,soylocal,hiresnet50.a1_in1k,False,,,,sgd,0.0,0.01,,0,200,448,8,600,600,90.0,,,52.8333,,,1.9033,52.833333333333336,100.0,,,0.0244,30.3142,0.166,16.3944,24.907,24.907,
fae-G493-ZB3-AAP1-000,54,soylocal,hiresnet50.a1_in1k,False,,,,sgd,0.0,0.03,,0,200,448,8,600,600,10.0,,,50.1667,,,2.1825,50.166666666666664,100.0,,,0.0111,31.077,0.166,16.3943,24.8109,24.8109,
fae-G493-ZB3-AAP1-000,54,soylocal,hiresnet50.a1_in1k,False,,,,sgd,0.0,0.03,,0,200,448,8,600,600,20.0,,,,,,,,,,,,,,,,,
fae-G493-ZB3-AAP1-000,54,soylocal,hiresnet50.a1_in1k,False,,,,sgd,0.0,0.03,,0,200,448,8,600,600,30.0,,,52.5,,,2.053,52.5,100.0,,,0.0016,30.9249,0.166,16.3943,24.8349,24.8349,
fae-G493-ZB3-AAP1-000,54,soylocal,hiresnet50.a1_in1k,False,,,,sgd,0.0,0.03,,0,200,448,8,600,600,40.0,,,48.8333,,,2.1868,48.833333333333336,100.0,,,0.0031,31.4287,0.166,16.3943,24.8469,24.8469,
fae-G493-ZB3-AAP1-000,54,soylocal,hiresnet50.a1_in1k,False,,,,sgd,0.0,0.03,,0,200,448,8,600,600,50.0,,,49.1667,,,2.1082,49.166666666666664,100.0,,,0.0019,31.3522,0.166,16.3944,24.8589,24.8589,
fae-G493-ZB3-AAP1-000,54,soylocal,hiresnet50.a1_in1k,False,,,,sgd,0.0,0.03,,0,200,448,8,600,600,70.0,,,55.5,,,1.9789,55.5,100.0,,,0.002,30.768,0.166,16.3944,24.883,24.883,
fae-G493-ZB3-AAP1-000,54,soylocal,hiresnet50.a1_in1k,False,,,,sgd,0.0,0.03,,0,200,448,8,600,600,90.0,,,52.3333,,,2.1089,52.333333333333336,100.0,,,0.0024,30.4857,0.166,16.3944,24.907,24.907,
fae-G493-ZB3-AAP1-000,54,soylocal,hiresnet50.a1_in1k,False,,,,sgd,0.0,0.1,,0,200,448,8,600,600,10.0,,,44.1667,,,3.4073,44.166666666666664,100.0,,,0.0122,31.4512,0.166,16.3943,24.8109,24.8109,
fae-G493-ZB3-AAP1-000,54,soylocal,hiresnet50.a1_in1k,False,,,,sgd,0.0,0.1,,0,200,448,8,600,600,20.0,,,35.8333,,,3.8544,35.833333333333336,100.0,,,0.002,43.0471,0.166,16.3943,24.8229,24.8229,
fae-G493-ZB3-AAP1-000,54,soylocal,hiresnet50.a1_in1k,False,,,,sgd,0.0,0.1,,0,200,448,8,600,600,30.0,,,37.0,,,3.8525,37.0,100.0,,,0.0087,30.6001,0.166,16.3943,24.8349,24.8349,
fae-G493-ZB3-AAP1-000,54,soylocal,hiresnet50.a1_in1k,False,,,,sgd,0.0,0.1,,0,200,448,8,600,600,40.0,,,38.5,,,3.8259,38.5,100.0,,,0.0005,31.8952,0.166,16.3943,24.8469,24.8469,
fae-G493-ZB3-AAP1-000,54,soylocal,hiresnet50.a1_in1k,False,,,,sgd,0.0,0.1,,0,200,448,8,600,600,50.0,,,34.1667,,,3.8677,34.166666666666664,100.0,,,0.0004,31.2565,0.166,16.3944,24.8589,24.8589,
fae-G493-ZB3-AAP1-000,54,soylocal,hiresnet50.a1_in1k,False,,,,sgd,0.0,0.1,,0,200,448,8,600,600,70.0,,,47.1667,,,3.0233,47.166666666666664,100.0,,,0.0005,30.4221,0.166,16.3944,24.883,24.883,
fae-G493-ZB3-AAP1-000,54,soylocal,hiresnet50.a1_in1k,False,,,,sgd,0.0,0.1,,0,200,448,8,600,600,90.0,,,41.5,,,3.4524,41.5,100.0,,,0.0003,30.6667,0.166,16.3944,24.907,24.907,
fae-G493-ZB3-AAP1-000,54,soylocal,hiresnet50.fb_ssl_yfcc100m_ft_in1k,False,,,,adamw,0.05,5e-06,,0,200,448,8,600,600,10.0,,,49.3333,,,2.9146,49.333333333333336,100.0,,,0.0113,29.4241,0.166,16.3943,24.8109,24.8109,
fae-G493-ZB3-AAP1-000,54,soylocal,hiresnet50.fb_ssl_yfcc100m_ft_in1k,False,,,,adamw,0.05,5e-06,,0,200,448,8,600,600,20.0,,,51.6667,,,2.8662,51.666666666666664,100.0,,,0.0114,28.243,0.166,16.3943,24.8229,24.8229,
fae-G493-ZB3-AAP1-000,54,soylocal,hiresnet50.fb_ssl_yfcc100m_ft_in1k,False,,,,adamw,0.05,5e-06,,0,200,448,8,600,600,30.0,,,47.1667,,,2.9752,47.166666666666664,100.0,,,0.0115,30.6123,0.166,16.3943,24.8349,24.8349,
fae-G493-ZB3-AAP1-000,54,soylocal,hiresnet50.fb_ssl_yfcc100m_ft_in1k,False,,,,adamw,0.05,5e-06,,0,200,448,8,600,600,40.0,,,52.6667,,,2.8301,52.666666666666664,100.0,,,0.0119,32.2668,0.166,16.3943,24.8469,24.8469,
fae-G493-ZB3-AAP1-000,54,soylocal,hiresnet50.fb_ssl_yfcc100m_ft_in1k,False,,,,adamw,0.05,5e-06,,0,200,448,8,600,600,50.0,,,50.8333,,,2.7979,50.833333333333336,100.0,,,0.0121,32.1939,0.166,16.3944,24.8589,24.8589,
fae-G493-ZB3-AAP1-000,54,soylocal,hiresnet50.fb_ssl_yfcc100m_ft_in1k,False,,,,adamw,0.05,5e-06,,0,200,448,8,600,600,70.0,,,51.1667,,,2.8377,51.166666666666664,100.0,,,0.0127,29.631,0.166,16.3944,24.883,24.883,
fae-G493-ZB3-AAP1-000,54,soylocal,hiresnet50.fb_ssl_yfcc100m_ft_in1k,False,,,,adamw,0.05,5e-06,,0,200,448,8,600,600,90.0,,,51.1667,,,2.8101,51.166666666666664,100.0,,,0.0118,30.5727,0.166,16.3944,24.907,24.907,
fae-G493-ZB3-AAP1-000,54,soylocal,hiresnet50.fb_ssl_yfcc100m_ft_in1k,False,,,,adamw,0.05,1e-05,,0,200,448,8,600,600,10.0,,,48.6667,,,2.7732,48.666666666666664,100.0,,,0.0058,28.0966,0.166,16.3943,24.8109,24.8109,
fae-G493-ZB3-AAP1-000,54,soylocal,hiresnet50.fb_ssl_yfcc100m_ft_in1k,False,,,,adamw,0.05,1e-05,,0,200,448,8,600,600,20.0,,,48.8333,,,2.785,48.833333333333336,100.0,,,0.0038,29.6049,0.166,16.3943,24.8229,24.8229,
fae-G493-ZB3-AAP1-000,54,soylocal,hiresnet50.fb_ssl_yfcc100m_ft_in1k,False,,,,adamw,0.05,1e-05,,0,200,448,8,600,600,30.0,,,48.5,,,2.772,48.5,100.0,,,0.004,30.0024,0.166,16.3943,24.8349,24.8349,
fae-G493-ZB3-AAP1-000,54,soylocal,hiresnet50.fb_ssl_yfcc100m_ft_in1k,False,,,,adamw,0.05,1e-05,,0,200,448,8,600,600,40.0,,,51.6667,,,2.7408,51.666666666666664,100.0,,,0.0042,30.719,0.166,16.3943,24.8469,24.8469,
fae-G493-ZB3-AAP1-000,54,soylocal,hiresnet50.fb_ssl_yfcc100m_ft_in1k,False,,,,adamw,0.05,1e-05,,0,200,448,8,600,600,50.0,,,50.6667,,,2.6952,50.666666666666664,100.0,,,0.0048,33.031,0.166,16.3944,24.8589,24.8589,
fae-G493-ZB3-AAP1-000,54,soylocal,hiresnet50.fb_ssl_yfcc100m_ft_in1k,False,,,,adamw,0.05,1e-05,,0,200,448,8,600,600,70.0,,,52.1667,,,2.6937,52.166666666666664,100.0,,,0.0046,31.5723,0.166,16.3944,24.883,24.883,
fae-G493-ZB3-AAP1-000,54,soylocal,hiresnet50.fb_ssl_yfcc100m_ft_in1k,False,,,,adamw,0.05,1e-05,,0,200,448,8,600,600,90.0,,,,,,,,,,,,,,,,,
fae-G493-ZB3-AAP1-000,54,soylocal,hiresnet50.fb_ssl_yfcc100m_ft_in1k,False,,,,adamw,0.05,5e-05,,0,200,448,8,600,600,10.0,,,49.8333,,,2.2519,49.833333333333336,100.0,,,0.0031,28.2413,0.166,16.3943,24.8109,24.8109,
fae-G493-ZB3-AAP1-000,54,soylocal,hiresnet50.fb_ssl_yfcc100m_ft_in1k,False,,,,adamw,0.05,5e-05,,0,200,448,8,600,600,20.0,,,52.6667,,,2.235,52.666666666666664,100.0,,,0.0003,28.0605,0.166,16.3943,24.8229,24.8229,
fae-G493-ZB3-AAP1-000,54,soylocal,hiresnet50.fb_ssl_yfcc100m_ft_in1k,False,,,,adamw,0.05,5e-05,,0,200,448,8,600,600,30.0,,,52.8333,,,2.2358,52.833333333333336,100.0,,,0.0003,30.0613,0.166,16.3943,24.8349,24.8349,
fae-G493-ZB3-AAP1-000,54,soylocal,hiresnet50.fb_ssl_yfcc100m_ft_in1k,False,,,,adamw,0.05,5e-05,,0,200,448,8,600,600,40.0,,,54.8333,,,2.186,54.833333333333336,100.0,,,0.0002,31.3715,0.166,16.3943,24.8469,24.8469,
fae-G493-ZB3-AAP1-000,54,soylocal,hiresnet50.fb_ssl_yfcc100m_ft_in1k,False,,,,adamw,0.05,5e-05,,0,200,448,8,600,600,50.0,,,53.1667,,,2.0924,53.166666666666664,100.0,,,0.0002,32.3518,0.166,16.3944,24.8589,24.8589,
fae-G493-ZB3-AAP1-000,54,soylocal,hiresnet50.fb_ssl_yfcc100m_ft_in1k,False,,,,adamw,0.05,5e-05,,0,200,448,8,600,600,70.0,,,54.8333,,,2.0802,54.833333333333336,100.0,,,0.0002,31.4505,0.166,16.3944,24.883,24.883,
fae-G493-ZB3-AAP1-000,54,soylocal,hiresnet50.fb_ssl_yfcc100m_ft_in1k,False,,,,adamw,0.05,5e-05,,0,200,448,8,600,600,90.0,,,52.6667,,,2.1419,52.666666666666664,100.0,,,0.0002,32.1616,0.166,16.3944,24.907,24.907,
fae-G493-ZB3-AAP1-000,54,soylocal,hiresnet50.fb_ssl_yfcc100m_ft_in1k,False,,,,adamw,0.05,0.0001,,0,200,448,8,600,600,10.0,,,53.6667,,,1.9905,53.666666666666664,100.0,,,0.0001,28.175,0.166,16.3943,24.8109,24.8109,
fae-G493-ZB3-AAP1-000,54,soylocal,hiresnet50.fb_ssl_yfcc100m_ft_in1k,False,,,,adamw,0.05,0.0001,,0,200,448,8,600,600,20.0,,,55.1667,,,1.9096,55.166666666666664,100.0,,,0.0001,27.8713,0.166,16.3943,24.8229,24.8229,
fae-G493-ZB3-AAP1-000,54,soylocal,hiresnet50.fb_ssl_yfcc100m_ft_in1k,False,,,,adamw,0.05,0.0001,,0,200,448,8,600,600,30.0,,,53.5,,,1.9619,53.5,100.0,,,0.0001,30.9428,0.166,16.3943,24.8349,24.8349,
fae-G493-ZB3-AAP1-000,54,soylocal,hiresnet50.fb_ssl_yfcc100m_ft_in1k,False,,,,adamw,0.05,0.0001,,0,200,448,8,600,600,40.0,,,57.8333,,,1.8721,57.833333333333336,100.0,,,0.0001,32.1854,0.166,16.3943,24.8469,24.8469,
fae-G493-ZB3-AAP1-000,54,soylocal,hiresnet50.fb_ssl_yfcc100m_ft_in1k,False,,,,adamw,0.05,0.0001,,0,200,448,8,600,600,50.0,,,56.6667,,,1.8243,56.666666666666664,100.0,,,0.0001,29.8416,0.166,16.3944,24.8589,24.8589,
fae-G493-ZB3-AAP1-000,54,soylocal,hiresnet50.fb_ssl_yfcc100m_ft_in1k,False,,,,adamw,0.05,0.0001,,0,200,448,8,600,600,70.0,,,54.1667,,,1.8927,54.166666666666664,100.0,,,0.0001,31.091,0.166,16.3944,24.883,24.883,
fae-G493-ZB3-AAP1-000,54,soylocal,hiresnet50.fb_ssl_yfcc100m_ft_in1k,False,,,,adamw,0.05,0.0001,,0,200,448,8,600,600,90.0,,,57.3333,,,1.8384,57.333333333333336,100.0,,,0.0,31.7652,0.166,16.3944,24.907,24.907,
fae-G493-ZB3-AAP1-000,54,soylocal,hiresnet50.fb_ssl_yfcc100m_ft_in1k,False,,,,adamw,0.05,0.0005,,0,200,448,8,600,600,10.0,,,29.0,,,5.3396,29.0,100.0,,,0.0012,28.3529,0.166,16.3943,24.8109,24.8109,
fae-G493-ZB3-AAP1-000,54,soylocal,hiresnet50.fb_ssl_yfcc100m_ft_in1k,False,,,,adamw,0.05,0.0005,,0,200,448,8,600,600,20.0,,,47.6667,,,2.6395,47.666666666666664,100.0,,,0.0003,27.8526,0.166,16.3943,24.8229,24.8229,
fae-G493-ZB3-AAP1-000,54,soylocal,hiresnet50.fb_ssl_yfcc100m_ft_in1k,False,,,,adamw,0.05,0.0005,,0,200,448,8,600,600,30.0,,,48.3333,,,2.7057,48.333333333333336,100.0,,,0.0007,28.2223,0.166,16.3943,24.8349,24.8349,
fae-G493-ZB3-AAP1-000,54,soylocal,hiresnet50.fb_ssl_yfcc100m_ft_in1k,False,,,,adamw,0.05,0.0005,,0,200,448,8,600,600,40.0,,,50.1667,,,2.4916,50.166666666666664,100.0,,,0.0004,31.1398,0.166,16.3943,24.8469,24.8469,
fae-G493-ZB3-AAP1-000,54,soylocal,hiresnet50.fb_ssl_yfcc100m_ft_in1k,False,,,,adamw,0.05,0.0005,,0,200,448,8,600,600,50.0,,,51.6667,,,2.4566,51.666666666666664,100.0,,,0.0002,31.1232,0.166,16.3944,24.8589,24.8589,
fae-G493-ZB3-AAP1-000,54,soylocal,hiresnet50.fb_ssl_yfcc100m_ft_in1k,False,,,,adamw,0.05,0.0005,,0,200,448,8,600,600,70.0,,,49.6667,,,2.5974,49.666666666666664,100.0,,,0.0005,29.6707,0.166,16.3944,24.883,24.883,
fae-G493-ZB3-AAP1-000,54,soylocal,hiresnet50.fb_ssl_yfcc100m_ft_in1k,False,,,,adamw,0.05,0.0005,,0,200,448,8,600,600,90.0,,,50.8333,,,2.6681,50.833333333333336,100.0,,,0.0002,30.9705,0.166,16.3944,24.907,24.907,
fae-G493-ZB3-AAP1-000,54,soylocal,hiresnet50.fb_ssl_yfcc100m_ft_in1k,False,,,,adamw,0.05,0.001,,0,200,448,8,600,600,10.0,,,29.1667,,,4.8609,29.166666666666668,100.0,,,0.006,28.8126,0.166,16.3943,24.8109,24.8109,
fae-G493-ZB3-AAP1-000,54,soylocal,hiresnet50.fb_ssl_yfcc100m_ft_in1k,False,,,,adamw,0.05,0.001,,0,200,448,8,600,600,20.0,,,12.3333,,,14.9672,12.333333333333334,100.0,,,0.0089,28.4383,0.166,16.3943,24.8229,24.8229,
fae-G493-ZB3-AAP1-000,54,soylocal,hiresnet50.fb_ssl_yfcc100m_ft_in1k,False,,,,adamw,0.05,0.001,,0,200,448,8,600,600,30.0,,,9.1667,,,16.7061,9.166666666666666,100.0,,,0.004,28.054,0.166,16.3943,24.8349,24.8349,
fae-G493-ZB3-AAP1-000,54,soylocal,hiresnet50.fb_ssl_yfcc100m_ft_in1k,False,,,,adamw,0.05,0.001,,0,200,448,8,600,600,40.0,,,36.6667,,,3.8959,36.666666666666664,100.0,,,0.0035,31.6629,0.166,16.3943,24.8469,24.8469,
fae-G493-ZB3-AAP1-000,54,soylocal,hiresnet50.fb_ssl_yfcc100m_ft_in1k,False,,,,adamw,0.05,0.001,,0,200,448,8,600,600,50.0,,,14.5,,,10.0468,14.5,100.0,,,0.0025,29.4504,0.166,16.3944,24.8589,24.8589,
fae-G493-ZB3-AAP1-000,54,soylocal,hiresnet50.fb_ssl_yfcc100m_ft_in1k,False,,,,adamw,0.05,0.001,,0,200,448,8,600,600,70.0,,,36.8333,,,3.9662,36.833333333333336,100.0,,,0.0023,31.2331,0.166,16.3944,24.883,24.883,
fae-G493-ZB3-AAP1-000,54,soylocal,hiresnet50.fb_ssl_yfcc100m_ft_in1k,False,,,,adamw,0.05,0.001,,0,200,448,8,600,600,90.0,,,30.8333,,,4.6311,30.833333333333332,100.0,,,0.0046,30.8822,0.166,16.3944,24.907,24.907,
fae-G493-ZB3-AAP1-000,54,soylocal,hiresnet50.fb_ssl_yfcc100m_ft_in1k,False,,,,sgd,0.0,0.003,,0,200,448,8,600,600,10.0,,,47.0,,,3.1209,47.0,100.0,,,0.1193,28.0188,0.166,16.3943,24.8109,24.8109,
fae-G493-ZB3-AAP1-000,54,soylocal,hiresnet50.fb_ssl_yfcc100m_ft_in1k,False,,,,sgd,0.0,0.003,,0,200,448,8,600,600,20.0,,,52.5,,,3.0518,52.5,100.0,,,0.1511,28.6092,0.166,16.3943,24.8229,24.8229,
fae-G493-ZB3-AAP1-000,54,soylocal,hiresnet50.fb_ssl_yfcc100m_ft_in1k,False,,,,sgd,0.0,0.003,,0,200,448,8,600,600,30.0,,,49.1667,,,3.1343,49.166666666666664,100.0,,,0.1814,27.7741,0.166,16.3943,24.8349,24.8349,
fae-G493-ZB3-AAP1-000,54,soylocal,hiresnet50.fb_ssl_yfcc100m_ft_in1k,False,,,,sgd,0.0,0.003,,0,200,448,8,600,600,40.0,,,48.1667,,,3.0934,48.166666666666664,100.0,,,0.2019,31.5756,0.166,16.3943,24.8469,24.8469,
fae-G493-ZB3-AAP1-000,54,soylocal,hiresnet50.fb_ssl_yfcc100m_ft_in1k,False,,,,sgd,0.0,0.003,,0,200,448,8,600,600,50.0,,,52.0,,,3.0435,52.0,100.0,,,0.2194,29.1064,0.166,16.3944,24.8589,24.8589,
fae-G493-ZB3-AAP1-000,54,soylocal,hiresnet50.fb_ssl_yfcc100m_ft_in1k,False,,,,sgd,0.0,0.003,,0,200,448,8,600,600,70.0,,,46.0,,,3.1592,46.0,100.0,,,0.2736,30.3903,0.166,16.3944,24.883,24.883,
fae-G493-ZB3-AAP1-000,54,soylocal,hiresnet50.fb_ssl_yfcc100m_ft_in1k,False,,,,sgd,0.0,0.003,,0,200,448,8,600,600,90.0,,,46.3333,,,3.1635,46.333333333333336,100.0,,,0.3077,30.1258,0.166,16.3944,24.907,24.907,
fae-G493-ZB3-AAP1-000,54,soylocal,hiresnet50.fb_ssl_yfcc100m_ft_in1k,False,,,,sgd,0.0,0.01,,0,200,448,8,600,600,10.0,,,51.0,,,2.416,51.0,100.0,,,0.002,28.0653,0.166,16.3943,24.8109,24.8109,
fae-G493-ZB3-AAP1-000,54,soylocal,hiresnet50.fb_ssl_yfcc100m_ft_in1k,False,,,,sgd,0.0,0.01,,0,200,448,8,600,600,20.0,,,53.5,,,2.3821,53.5,100.0,,,0.0022,27.6881,0.166,16.3943,24.8229,24.8229,
fae-G493-ZB3-AAP1-000,54,soylocal,hiresnet50.fb_ssl_yfcc100m_ft_in1k,False,,,,sgd,0.0,0.01,,0,200,448,8,600,600,30.0,,,48.3333,,,2.5277,48.333333333333336,100.0,,,0.0021,29.0199,0.166,16.3943,24.8349,24.8349,
fae-G493-ZB3-AAP1-000,54,soylocal,hiresnet50.fb_ssl_yfcc100m_ft_in1k,False,,,,sgd,0.0,0.01,,0,200,448,8,600,600,40.0,,,54.1667,,,2.3851,54.166666666666664,100.0,,,0.0024,29.6901,0.166,16.3943,24.8469,24.8469,
fae-G493-ZB3-AAP1-000,54,soylocal,hiresnet50.fb_ssl_yfcc100m_ft_in1k,False,,,,sgd,0.0,0.01,,0,200,448,8,600,600,50.0,,,53.6667,,,2.405,53.666666666666664,100.0,,,0.0025,31.1072,0.166,16.3944,24.8589,24.8589,
fae-G493-ZB3-AAP1-000,54,soylocal,hiresnet50.fb_ssl_yfcc100m_ft_in1k,False,,,,sgd,0.0,0.01,,0,200,448,8,600,600,70.0,,,49.8333,,,2.4695,49.833333333333336,100.0,,,0.003,30.0067,0.166,16.3944,24.883,24.883,
fae-G493-ZB3-AAP1-000,54,soylocal,hiresnet50.fb_ssl_yfcc100m_ft_in1k,False,,,,sgd,0.0,0.01,,0,200,448,8,600,600,90.0,,,54.5,,,2.3197,54.5,100.0,,,0.0026,30.1746,0.166,16.3944,24.907,24.907,
fae-G493-ZB3-AAP1-000,54,soylocal,hiresnet50.fb_ssl_yfcc100m_ft_in1k,False,,,,sgd,0.0,0.03,,0,200,448,8,600,600,10.0,,,54.3333,,,2.0652,54.333333333333336,100.0,,,0.0003,27.7182,0.166,16.3943,24.8109,24.8109,
fae-G493-ZB3-AAP1-000,54,soylocal,hiresnet50.fb_ssl_yfcc100m_ft_in1k,False,,,,sgd,0.0,0.03,,0,200,448,8,600,600,20.0,,,51.1667,,,1.9995,51.166666666666664,100.0,,,0.0003,28.0026,0.166,16.3943,24.8229,24.8229,
fae-G493-ZB3-AAP1-000,54,soylocal,hiresnet50.fb_ssl_yfcc100m_ft_in1k,False,,,,sgd,0.0,0.03,,0,200,448,8,600,600,30.0,,,52.0,,,2.0039,52.0,100.0,,,0.0003,27.7066,0.166,16.3943,24.8349,24.8349,
fae-G493-ZB3-AAP1-000,54,soylocal,hiresnet50.fb_ssl_yfcc100m_ft_in1k,False,,,,sgd,0.0,0.03,,0,200,448,8,600,600,40.0,,,52.1667,,,1.9484,52.166666666666664,100.0,,,0.0003,29.7685,0.166,16.3943,24.8469,24.8469,
fae-G493-ZB3-AAP1-000,54,soylocal,hiresnet50.fb_ssl_yfcc100m_ft_in1k,False,,,,sgd,0.0,0.03,,0,200,448,8,600,600,50.0,,,52.6667,,,1.9735,52.666666666666664,100.0,,,0.0004,31.2215,0.166,16.3944,24.8589,24.8589,
fae-G493-ZB3-AAP1-000,54,soylocal,hiresnet50.fb_ssl_yfcc100m_ft_in1k,False,,,,sgd,0.0,0.03,,0,200,448,8,600,600,70.0,,,53.6667,,,2.0116,53.666666666666664,100.0,,,0.0005,31.4741,0.166,16.3944,24.883,24.883,
fae-G493-ZB3-AAP1-000,54,soylocal,hiresnet50.fb_ssl_yfcc100m_ft_in1k,False,,,,sgd,0.0,0.03,,0,200,448,8,600,600,90.0,,,54.1667,,,1.9189,54.166666666666664,100.0,,,0.0004,30.6117,0.166,16.3944,24.907,24.907,
fae-G493-ZB3-AAP1-000,54,soylocal,hiresnet50.fb_ssl_yfcc100m_ft_in1k,False,,,,sgd,0.0,0.1,,0,200,448,8,600,600,10.0,,,29.6667,,,5.0838,29.666666666666668,100.0,,,0.0062,29.3334,0.166,16.3943,24.8109,24.8109,
fae-G493-ZB3-AAP1-000,54,soylocal,hiresnet50.fb_ssl_yfcc100m_ft_in1k,False,,,,sgd,0.0,0.1,,0,200,448,8,600,600,20.0,,,37.6667,,,4.1369,37.666666666666664,100.0,,,0.001,27.6524,0.166,16.3943,24.8229,24.8229,
fae-G493-ZB3-AAP1-000,54,soylocal,hiresnet50.fb_ssl_yfcc100m_ft_in1k,False,,,,sgd,0.0,0.1,,0,200,448,8,600,600,30.0,,,36.3333,,,4.162,36.333333333333336,100.0,,,0.0016,27.7349,0.166,16.3943,24.8349,24.8349,
fae-G493-ZB3-AAP1-000,54,soylocal,hiresnet50.fb_ssl_yfcc100m_ft_in1k,False,,,,sgd,0.0,0.1,,0,200,448,8,600,600,40.0,,,34.8333,,,4.5911,34.833333333333336,100.0,,,0.0041,30.1594,0.166,16.3943,24.8469,24.8469,
fae-G493-ZB3-AAP1-000,54,soylocal,hiresnet50.fb_ssl_yfcc100m_ft_in1k,False,,,,sgd,0.0,0.1,,0,200,448,8,600,600,50.0,,,13.0,,,15.5441,13.0,100.0,,,0.0006,30.7095,0.166,16.3944,24.8589,24.8589,
fae-G493-ZB3-AAP1-000,54,soylocal,hiresnet50.fb_ssl_yfcc100m_ft_in1k,False,,,,sgd,0.0,0.1,,0,200,448,8,600,600,70.0,,,39.6667,,,3.9733,39.666666666666664,100.0,,,0.001,32.1856,0.166,16.3944,24.883,24.883,
fae-G493-ZB3-AAP1-000,54,soylocal,hiresnet50.fb_ssl_yfcc100m_ft_in1k,False,,,,sgd,0.0,0.1,,0,200,448,8,600,600,90.0,,,20.8333,,,8.6973,20.833333333333332,100.0,,,0.0046,31.1731,0.166,16.3944,24.907,24.907,
camel.ee.nctu.edu.tw,54,soylocal,hiresnet50.fb_swsl_ig1b_ft_in1k,False,,,,adamw,0.05,5e-06,,0,200,448,8,600,600,10.0,,,45.3333,,,2.96,45.333333333333336,100.0,,,0.0169,16.7591,4.3984,16.3943,24.8109,24.8109,
camel.ee.nctu.edu.tw,54,soylocal,hiresnet50.fb_swsl_ig1b_ft_in1k,False,,,,adamw,0.05,5e-06,,0,200,448,8,600,600,20.0,,,46.5,,,2.9726,46.5,100.0,,,0.0109,16.7989,4.3984,16.3943,24.8229,24.8229,
camel.ee.nctu.edu.tw,54,soylocal,hiresnet50.fb_swsl_ig1b_ft_in1k,False,,,,adamw,0.05,5e-06,,0,200,448,8,600,600,30.0,,,48.0,,,2.9663,48.0,100.0,,,0.0114,16.6686,4.3984,16.3943,24.8349,24.8349,
camel.ee.nctu.edu.tw,54,soylocal,hiresnet50.fb_swsl_ig1b_ft_in1k,False,,,,adamw,0.05,5e-06,,0,200,448,8,600,600,40.0,,,50.3333,,,2.9508,50.333333333333336,100.0,,,0.0126,16.8954,4.3984,16.3943,24.8469,24.8469,
camel.ee.nctu.edu.tw,54,soylocal,hiresnet50.fb_swsl_ig1b_ft_in1k,False,,,,adamw,0.05,5e-06,,0,200,448,8,600,600,50.0,,,46.8333,,,3.0121,46.833333333333336,100.0,,,0.012,16.5949,4.3984,16.3944,24.8589,24.8589,
camel.ee.nctu.edu.tw,54,soylocal,hiresnet50.fb_swsl_ig1b_ft_in1k,False,,,,adamw,0.05,5e-06,,0,200,448,8,600,600,70.0,,,50.6667,,,2.9143,50.666666666666664,100.0,,,0.0112,16.5717,4.3984,16.3944,24.883,24.883,
camel.ee.nctu.edu.tw,54,soylocal,hiresnet50.fb_swsl_ig1b_ft_in1k,False,,,,adamw,0.05,5e-06,,0,200,448,8,600,600,90.0,,,45.8333,,,3.0504,45.833333333333336,100.0,,,0.0127,16.8367,4.3984,16.3944,24.907,24.907,
camel.ee.nctu.edu.tw,54,soylocal,hiresnet50.fb_swsl_ig1b_ft_in1k,False,,,,adamw,0.05,1e-05,,0,200,448,8,600,600,10.0,,,46.3333,,,2.9084,46.333333333333336,100.0,,,0.0126,16.7203,4.3984,16.3943,24.8109,24.8109,
camel.ee.nctu.edu.tw,54,soylocal,hiresnet50.fb_swsl_ig1b_ft_in1k,False,,,,adamw,0.05,1e-05,,0,200,448,8,600,600,20.0,,,48.5,,,2.8091,48.5,100.0,,,0.0039,16.8516,4.3984,16.3943,24.8229,24.8229,
camel.ee.nctu.edu.tw,54,soylocal,hiresnet50.fb_swsl_ig1b_ft_in1k,False,,,,adamw,0.05,1e-05,,0,200,448,8,600,600,30.0,,,51.6667,,,2.7319,51.666666666666664,100.0,,,0.004,16.6391,4.3984,16.3943,24.8349,24.8349,
camel.ee.nctu.edu.tw,54,soylocal,hiresnet50.fb_swsl_ig1b_ft_in1k,False,,,,adamw,0.05,1e-05,,0,200,448,8,600,600,40.0,,,48.5,,,2.8672,48.5,100.0,,,0.0046,16.8639,4.3984,16.3943,24.8469,24.8469,
camel.ee.nctu.edu.tw,54,soylocal,hiresnet50.fb_swsl_ig1b_ft_in1k,False,,,,adamw,0.05,1e-05,,0,200,448,8,600,600,50.0,,,50.0,,,2.8199,50.0,100.0,,,0.0038,16.8623,4.3984,16.3944,24.8589,24.8589,
camel.ee.nctu.edu.tw,54,soylocal,hiresnet50.fb_swsl_ig1b_ft_in1k,False,,,,adamw,0.05,1e-05,,0,200,448,8,600,600,70.0,,,48.8333,,,2.7661,48.833333333333336,100.0,,,0.0038,16.842,4.3984,16.3944,24.883,24.883,
camel.ee.nctu.edu.tw,54,soylocal,hiresnet50.fb_swsl_ig1b_ft_in1k,False,,,,adamw,0.05,1e-05,,0,200,448,8,600,600,90.0,,,46.5,,,2.8452,46.5,100.0,,,0.0041,16.7053,4.3984,16.3944,24.907,24.907,
camel.ee.nctu.edu.tw,54,soylocal,hiresnet50.fb_swsl_ig1b_ft_in1k,False,,,,adamw,0.05,5e-05,,0,200,448,8,600,600,10.0,,,50.1667,,,2.3803,50.166666666666664,100.0,,,0.0018,16.6489,4.3984,16.3943,24.8109,24.8109,
camel.ee.nctu.edu.tw,54,soylocal,hiresnet50.fb_swsl_ig1b_ft_in1k,False,,,,adamw,0.05,5e-05,,0,200,448,8,600,600,20.0,,,50.1667,,,2.3008,50.166666666666664,100.0,,,0.0003,16.8723,4.3984,16.3943,24.8229,24.8229,
camel.ee.nctu.edu.tw,54,soylocal,hiresnet50.fb_swsl_ig1b_ft_in1k,False,,,,adamw,0.05,5e-05,,0,200,448,8,600,600,30.0,,,50.0,,,2.319,50.0,100.0,,,0.0002,16.6985,4.3984,16.3943,24.8349,24.8349,
camel.ee.nctu.edu.tw,54,soylocal,hiresnet50.fb_swsl_ig1b_ft_in1k,False,,,,adamw,0.05,5e-05,,0,200,448,8,600,600,40.0,,,46.3333,,,2.3571,46.333333333333336,100.0,,,0.0003,16.7639,4.3984,16.3943,24.8469,24.8469,
camel.ee.nctu.edu.tw,54,soylocal,hiresnet50.fb_swsl_ig1b_ft_in1k,False,,,,adamw,0.05,5e-05,,0,200,448,8,600,600,50.0,,,51.0,,,2.2206,51.0,100.0,,,0.0001,16.8119,4.3984,16.3944,24.8589,24.8589,
camel.ee.nctu.edu.tw,54,soylocal,hiresnet50.fb_swsl_ig1b_ft_in1k,False,,,,adamw,0.05,5e-05,,0,200,448,8,600,600,70.0,,,50.6667,,,2.2912,50.666666666666664,100.0,,,0.0003,16.6212,4.3984,16.3944,24.883,24.883,
camel.ee.nctu.edu.tw,54,soylocal,hiresnet50.fb_swsl_ig1b_ft_in1k,False,,,,adamw,0.05,5e-05,,0,200,448,8,600,600,90.0,,,53.0,,,2.1889,53.0,100.0,,,0.0001,16.8998,4.3984,16.3944,24.907,24.907,
camel.ee.nctu.edu.tw,54,soylocal,hiresnet50.fb_swsl_ig1b_ft_in1k,False,,,,adamw,0.05,0.0001,,0,200,448,8,600,600,10.0,,,53.0,,,2.0263,53.0,100.0,,,0.0023,16.6253,4.3984,16.3943,24.8109,24.8109,
camel.ee.nctu.edu.tw,54,soylocal,hiresnet50.fb_swsl_ig1b_ft_in1k,False,,,,adamw,0.05,0.0001,,0,200,448,8,600,600,20.0,,,52.1667,,,2.0085,52.166666666666664,100.0,,,0.0001,16.509,4.3984,16.3943,24.8229,24.8229,
camel.ee.nctu.edu.tw,54,soylocal,hiresnet50.fb_swsl_ig1b_ft_in1k,False,,,,adamw,0.05,0.0001,,0,200,448,8,600,600,30.0,,,53.0,,,1.9145,53.0,100.0,,,0.0002,16.7155,4.3984,16.3943,24.8349,24.8349,
camel.ee.nctu.edu.tw,54,soylocal,hiresnet50.fb_swsl_ig1b_ft_in1k,False,,,,adamw,0.05,0.0001,,0,200,448,8,600,600,40.0,,,53.8333,,,2.0295,53.833333333333336,100.0,,,0.0001,16.7609,4.3984,16.3943,24.8469,24.8469,
camel.ee.nctu.edu.tw,54,soylocal,hiresnet50.fb_swsl_ig1b_ft_in1k,False,,,,adamw,0.05,0.0001,,0,200,448,8,600,600,50.0,,,53.6667,,,2.0208,53.666666666666664,100.0,,,0.0001,16.8759,4.3984,16.3944,24.8589,24.8589,
camel.ee.nctu.edu.tw,54,soylocal,hiresnet50.fb_swsl_ig1b_ft_in1k,False,,,,adamw,0.05,0.0001,,0,200,448,8,600,600,70.0,,,56.5,,,1.9442,56.5,100.0,,,0.0001,16.7248,4.3984,16.3944,24.883,24.883,
camel.ee.nctu.edu.tw,54,soylocal,hiresnet50.fb_swsl_ig1b_ft_in1k,False,,,,adamw,0.05,0.0001,,0,200,448,8,600,600,90.0,,,56.1667,,,1.898,56.166666666666664,100.0,,,0.0,16.8211,4.3984,16.3944,24.907,24.907,
camel.ee.nctu.edu.tw,54,soylocal,hiresnet50.fb_swsl_ig1b_ft_in1k,False,,,,adamw,0.05,0.0005,,0,200,448,8,600,600,10.0,,,40.3333,,,3.2557,40.333333333333336,100.0,,,0.0163,16.6724,4.3984,16.3943,24.8109,24.8109,
camel.ee.nctu.edu.tw,54,soylocal,hiresnet50.fb_swsl_ig1b_ft_in1k,False,,,,adamw,0.05,0.0005,,0,200,448,8,600,600,20.0,,,41.0,,,3.0566,41.0,100.0,,,0.0012,16.6464,4.3984,16.3943,24.8229,24.8229,
camel.ee.nctu.edu.tw,54,soylocal,hiresnet50.fb_swsl_ig1b_ft_in1k,False,,,,adamw,0.05,0.0005,,0,200,448,8,600,600,30.0,,,36.0,,,3.6539,36.0,100.0,,,0.0005,16.5217,4.3984,16.3943,24.8349,24.8349,
camel.ee.nctu.edu.tw,54,soylocal,hiresnet50.fb_swsl_ig1b_ft_in1k,False,,,,adamw,0.05,0.0005,,0,200,448,8,600,600,40.0,,,42.8333,,,3.0492,42.833333333333336,100.0,,,0.0007,16.6359,4.3984,16.3943,24.8469,24.8469,
camel.ee.nctu.edu.tw,54,soylocal,hiresnet50.fb_swsl_ig1b_ft_in1k,False,,,,adamw,0.05,0.0005,,0,200,448,8,600,600,50.0,,,46.5,,,2.8252,46.5,100.0,,,0.0003,16.7393,4.3984,16.3944,24.8589,24.8589,
camel.ee.nctu.edu.tw,54,soylocal,hiresnet50.fb_swsl_ig1b_ft_in1k,False,,,,adamw,0.05,0.0005,,0,200,448,8,600,600,70.0,,,42.5,,,3.0621,42.5,100.0,,,0.0006,16.6099,4.3984,16.3944,24.883,24.883,
camel.ee.nctu.edu.tw,54,soylocal,hiresnet50.fb_swsl_ig1b_ft_in1k,False,,,,adamw,0.05,0.0005,,0,200,448,8,600,600,90.0,,,19.0,,,8.2475,19.0,100.0,,,0.0015,16.5756,4.3984,16.3944,24.907,24.907,
camel.ee.nctu.edu.tw,54,soylocal,hiresnet50.fb_swsl_ig1b_ft_in1k,False,,,,adamw,0.05,0.001,,0,200,448,8,600,600,10.0,,,3.6667,,,22.831,3.6666666666666665,99.8333,,,0.0309,16.8651,4.3984,16.3943,24.8109,24.8109,
camel.ee.nctu.edu.tw,54,soylocal,hiresnet50.fb_swsl_ig1b_ft_in1k,False,,,,adamw,0.05,0.001,,0,200,448,8,600,600,20.0,,,32.3333,,,4.2365,32.333333333333336,100.0,,,0.0058,16.9556,4.3984,16.3943,24.8229,24.8229,
camel.ee.nctu.edu.tw,54,soylocal,hiresnet50.fb_swsl_ig1b_ft_in1k,False,,,,adamw,0.05,0.001,,0,200,448,8,600,600,30.0,,,1.1667,,,207.3011,1.1666666666666667,100.0,,,0.0049,16.6476,4.3984,16.3943,24.8349,24.8349,
camel.ee.nctu.edu.tw,54,soylocal,hiresnet50.fb_swsl_ig1b_ft_in1k,False,,,,adamw,0.05,0.001,,0,200,448,8,600,600,40.0,,,4.6667,,,39.3686,4.666666666666667,100.0,,,0.0111,16.7652,4.3984,16.3943,24.8469,24.8469,
camel.ee.nctu.edu.tw,54,soylocal,hiresnet50.fb_swsl_ig1b_ft_in1k,False,,,,adamw,0.05,0.001,,0,200,448,8,600,600,50.0,,,10.6667,,,15.2514,10.666666666666666,100.0,,,0.0043,16.7622,4.3984,16.3944,24.8589,24.8589,
camel.ee.nctu.edu.tw,54,soylocal,hiresnet50.fb_swsl_ig1b_ft_in1k,False,,,,adamw,0.05,0.001,,0,200,448,8,600,600,70.0,,,6.6667,,,15.0451,6.666666666666667,100.0,,,0.0043,16.5354,4.3984,16.3944,24.883,24.883,
camel.ee.nctu.edu.tw,54,soylocal,hiresnet50.fb_swsl_ig1b_ft_in1k,False,,,,adamw,0.05,0.001,,0,200,448,8,600,600,90.0,,,30.5,,,4.3403,30.5,100.0,,,0.0088,16.7215,4.3984,16.3944,24.907,24.907,
camel.ee.nctu.edu.tw,54,soylocal,hiresnet50.fb_swsl_ig1b_ft_in1k,False,,,,sgd,0.0,0.003,,0,200,448,8,600,600,10.0,,,46.5,,,3.297,46.5,100.0,,,0.1553,15.6523,4.3984,16.3943,24.8109,24.8109,
camel.ee.nctu.edu.tw,54,soylocal,hiresnet50.fb_swsl_ig1b_ft_in1k,False,,,,sgd,0.0,0.003,,0,200,448,8,600,600,20.0,,,45.0,,,3.2979,45.0,100.0,,,0.1795,15.8982,4.3984,16.3943,24.8229,24.8229,
camel.ee.nctu.edu.tw,54,soylocal,hiresnet50.fb_swsl_ig1b_ft_in1k,False,,,,sgd,0.0,0.003,,0,200,448,8,600,600,30.0,,,45.3333,,,3.3133,45.333333333333336,100.0,,,0.2172,15.816,4.3984,16.3943,24.8349,24.8349,
camel.ee.nctu.edu.tw,54,soylocal,hiresnet50.fb_swsl_ig1b_ft_in1k,False,,,,sgd,0.0,0.003,,0,200,448,8,600,600,40.0,,,46.8333,,,3.2977,46.833333333333336,100.0,,,0.2658,16.2002,4.3984,16.3943,24.8469,24.8469,
camel.ee.nctu.edu.tw,54,soylocal,hiresnet50.fb_swsl_ig1b_ft_in1k,False,,,,sgd,0.0,0.003,,0,200,448,8,600,600,50.0,,,46.6667,,,3.2858,46.666666666666664,100.0,,,0.2706,15.852,4.3984,16.3944,24.8589,24.8589,
camel.ee.nctu.edu.tw,54,soylocal,hiresnet50.fb_swsl_ig1b_ft_in1k,False,,,,sgd,0.0,0.003,,0,200,448,8,600,600,70.0,,,50.3333,,,3.2297,50.333333333333336,100.0,,,0.3257,15.8947,4.3984,16.3944,24.883,24.883,
camel.ee.nctu.edu.tw,54,soylocal,hiresnet50.fb_swsl_ig1b_ft_in1k,False,,,,sgd,0.0,0.003,,0,200,448,8,600,600,90.0,,,45.6667,,,3.3533,45.666666666666664,100.0,,,0.4533,16.0062,4.3984,16.3944,24.907,24.907,
camel.ee.nctu.edu.tw,54,soylocal,hiresnet50.fb_swsl_ig1b_ft_in1k,False,,,,sgd,0.0,0.01,,0,200,448,8,600,600,10.0,,,49.6667,,,2.5316,49.666666666666664,100.0,,,0.0061,16.0138,4.3984,16.3943,24.8109,24.8109,
camel.ee.nctu.edu.tw,54,soylocal,hiresnet50.fb_swsl_ig1b_ft_in1k,False,,,,sgd,0.0,0.01,,0,200,448,8,600,600,20.0,,,45.8333,,,2.6443,45.833333333333336,100.0,,,0.0025,16.0166,4.3984,16.3943,24.8229,24.8229,
camel.ee.nctu.edu.tw,54,soylocal,hiresnet50.fb_swsl_ig1b_ft_in1k,False,,,,sgd,0.0,0.01,,0,200,448,8,600,600,30.0,,,47.5,,,2.6075,47.5,100.0,,,0.0026,16.1127,4.3984,16.3943,24.8349,24.8349,
camel.ee.nctu.edu.tw,54,soylocal,hiresnet50.fb_swsl_ig1b_ft_in1k,False,,,,sgd,0.0,0.01,,0,200,448,8,600,600,40.0,,,47.0,,,2.6417,47.0,100.0,,,0.0027,15.8345,4.3984,16.3943,24.8469,24.8469,
camel.ee.nctu.edu.tw,54,soylocal,hiresnet50.fb_swsl_ig1b_ft_in1k,False,,,,sgd,0.0,0.01,,0,200,448,8,600,600,50.0,,,47.8333,,,2.6293,47.833333333333336,100.0,,,0.0027,15.6941,4.3984,16.3944,24.8589,24.8589,
camel.ee.nctu.edu.tw,54,soylocal,hiresnet50.fb_swsl_ig1b_ft_in1k,False,,,,sgd,0.0,0.01,,0,200,448,8,600,600,70.0,,,49.1667,,,2.5599,49.166666666666664,100.0,,,0.0029,15.6866,4.3984,16.3944,24.883,24.883,
camel.ee.nctu.edu.tw,54,soylocal,hiresnet50.fb_swsl_ig1b_ft_in1k,False,,,,sgd,0.0,0.01,,0,200,448,8,600,600,90.0,,,50.1667,,,2.4668,50.166666666666664,100.0,,,0.0033,15.9018,4.3984,16.3944,24.907,24.907,
camel.ee.nctu.edu.tw,54,soylocal,hiresnet50.fb_swsl_ig1b_ft_in1k,False,,,,sgd,0.0,0.03,,0,200,448,8,600,600,10.0,,,49.3333,,,2.108,49.333333333333336,100.0,,,0.0019,15.738,4.3984,16.3943,24.8109,24.8109,
camel.ee.nctu.edu.tw,54,soylocal,hiresnet50.fb_swsl_ig1b_ft_in1k,False,,,,sgd,0.0,0.03,,0,200,448,8,600,600,20.0,,,51.6667,,,2.0646,51.666666666666664,100.0,,,0.0004,15.8009,4.3984,16.3943,24.8229,24.8229,
camel.ee.nctu.edu.tw,54,soylocal,hiresnet50.fb_swsl_ig1b_ft_in1k,False,,,,sgd,0.0,0.03,,0,200,448,8,600,600,30.0,,,51.3333,,,2.0308,51.333333333333336,100.0,,,0.0004,15.8064,4.3984,16.3943,24.8349,24.8349,
camel.ee.nctu.edu.tw,54,soylocal,hiresnet50.fb_swsl_ig1b_ft_in1k,False,,,,sgd,0.0,0.03,,0,200,448,8,600,600,40.0,,,52.3333,,,2.0364,52.333333333333336,100.0,,,0.0004,15.6719,4.3984,16.3943,24.8469,24.8469,
camel.ee.nctu.edu.tw,54,soylocal,hiresnet50.fb_swsl_ig1b_ft_in1k,False,,,,sgd,0.0,0.03,,0,200,448,8,600,600,50.0,,,48.0,,,2.16,48.0,100.0,,,0.0004,15.8815,4.3984,16.3944,24.8589,24.8589,
camel.ee.nctu.edu.tw,54,soylocal,hiresnet50.fb_swsl_ig1b_ft_in1k,False,,,,sgd,0.0,0.03,,0,200,448,8,600,600,70.0,,,50.1667,,,2.113,50.166666666666664,100.0,,,0.0004,15.8153,4.3984,16.3944,24.883,24.883,
camel.ee.nctu.edu.tw,54,soylocal,hiresnet50.fb_swsl_ig1b_ft_in1k,False,,,,sgd,0.0,0.03,,0,200,448,8,600,600,90.0,,,55.1667,,,1.8666,55.166666666666664,100.0,,,0.0005,15.8903,4.3984,16.3944,24.907,24.907,
camel.ee.nctu.edu.tw,54,soylocal,hiresnet50.fb_swsl_ig1b_ft_in1k,False,,,,sgd,0.0,0.1,,0,200,448,8,600,600,10.0,,,13.0,,,11.5844,13.0,100.0,,,0.0303,16.2949,4.3984,16.3943,24.8109,24.8109,
camel.ee.nctu.edu.tw,54,soylocal,hiresnet50.fb_swsl_ig1b_ft_in1k,False,,,,sgd,0.0,0.1,,0,200,448,8,600,600,20.0,,,11.1667,,,13.8775,11.166666666666666,100.0,,,0.0034,15.7728,4.3984,16.3943,24.8229,24.8229,
camel.ee.nctu.edu.tw,54,soylocal,hiresnet50.fb_swsl_ig1b_ft_in1k,False,,,,sgd,0.0,0.1,,0,200,448,8,600,600,30.0,,,29.3333,,,4.8974,29.333333333333332,100.0,,,0.0066,15.9055,4.3984,16.3943,24.8349,24.8349,
camel.ee.nctu.edu.tw,54,soylocal,hiresnet50.fb_swsl_ig1b_ft_in1k,False,,,,sgd,0.0,0.1,,0,200,448,8,600,600,40.0,,,19.5,,,7.9361,19.5,99.8333,,,0.0081,15.7254,4.3984,16.3943,24.8469,24.8469,
camel.ee.nctu.edu.tw,54,soylocal,hiresnet50.fb_swsl_ig1b_ft_in1k,False,,,,sgd,0.0,0.1,,0,200,448,8,600,600,50.0,,,31.6667,,,5.3619,31.666666666666668,100.0,,,0.0052,15.8694,4.3984,16.3944,24.8589,24.8589,
camel.ee.nctu.edu.tw,54,soylocal,hiresnet50.fb_swsl_ig1b_ft_in1k,False,,,,sgd,0.0,0.1,,0,200,448,8,600,600,70.0,,,12.8333,,,18.218,12.833333333333334,100.0,,,0.0011,15.6857,4.3984,16.3944,24.883,24.883,
camel.ee.nctu.edu.tw,54,soylocal,hiresnet50.fb_swsl_ig1b_ft_in1k,False,,,,sgd,0.0,0.1,,0,200,448,8,600,600,90.0,,,17.6667,,,11.1905,17.666666666666668,100.0,,,0.0026,16.0443,4.3984,16.3944,24.907,24.907,
fae-G493-ZB3-AAP1-000,54,soylocal,hiresnet50.gluon_in1k,False,,,,adamw,0.05,5e-06,,0,200,448,8,600,600,10.0,,,48.8333,,,2.8036,48.833333333333336,100.0,,,0.0254,30.6779,0.166,16.3943,24.8109,24.8109,
fae-G493-ZB3-AAP1-000,54,soylocal,hiresnet50.gluon_in1k,False,,,,adamw,0.05,5e-06,,0,200,448,8,600,600,20.0,,,49.8333,,,2.7913,49.833333333333336,100.0,,,0.0243,31.2608,0.166,16.3943,24.8229,24.8229,
fae-G493-ZB3-AAP1-000,54,soylocal,hiresnet50.gluon_in1k,False,,,,adamw,0.05,5e-06,,0,200,448,8,600,600,30.0,,,46.6667,,,2.8777,46.666666666666664,100.0,,,0.0271,30.5148,0.166,16.3943,24.8349,24.8349,
fae-G493-ZB3-AAP1-000,54,soylocal,hiresnet50.gluon_in1k,False,,,,adamw,0.05,5e-06,,0,200,448,8,600,600,40.0,,,47.0,,,2.8573,47.0,100.0,,,0.0262,30.3125,0.166,16.3943,24.8469,24.8469,
fae-G493-ZB3-AAP1-000,54,soylocal,hiresnet50.gluon_in1k,False,,,,adamw,0.05,5e-06,,0,200,448,8,600,600,50.0,,,50.6667,,,2.7764,50.666666666666664,100.0,,,0.027,30.357,0.166,16.3944,24.8589,24.8589,
fae-G493-ZB3-AAP1-000,54,soylocal,hiresnet50.gluon_in1k,False,,,,adamw,0.05,5e-06,,0,200,448,8,600,600,70.0,,,48.5,,,2.7901,48.5,100.0,,,0.0307,30.5192,0.166,16.3944,24.883,24.883,
fae-G493-ZB3-AAP1-000,54,soylocal,hiresnet50.gluon_in1k,False,,,,adamw,0.05,5e-06,,0,200,448,8,600,600,90.0,,,48.3333,,,2.7481,48.333333333333336,100.0,,,0.0302,28.3452,0.166,16.3944,24.907,24.907,
fae-G493-ZB3-AAP1-000,54,soylocal,hiresnet50.gluon_in1k,False,,,,adamw,0.05,1e-05,,0,200,448,8,600,600,10.0,,,48.1667,,,2.6549,48.166666666666664,100.0,,,0.0075,31.3641,0.166,16.3943,24.8109,24.8109,
fae-G493-ZB3-AAP1-000,54,soylocal,hiresnet50.gluon_in1k,False,,,,adamw,0.05,1e-05,,0,200,448,8,600,600,20.0,,,51.5,,,2.6435,51.5,100.0,,,0.0075,30.3925,0.166,16.3943,24.8229,24.8229,
fae-G493-ZB3-AAP1-000,54,soylocal,hiresnet50.gluon_in1k,False,,,,adamw,0.05,1e-05,,0,200,448,8,600,600,30.0,,,49.6667,,,2.7098,49.666666666666664,100.0,,,0.0079,30.6139,0.166,16.3943,24.8349,24.8349,
fae-G493-ZB3-AAP1-000,54,soylocal,hiresnet50.gluon_in1k,False,,,,adamw,0.05,1e-05,,0,200,448,8,600,600,40.0,,,46.1667,,,2.7551,46.166666666666664,100.0,,,0.0077,30.5074,0.166,16.3943,24.8469,24.8469,
fae-G493-ZB3-AAP1-000,54,soylocal,hiresnet50.gluon_in1k,False,,,,adamw,0.05,1e-05,,0,200,448,8,600,600,50.0,,,49.6667,,,2.6453,49.666666666666664,100.0,,,0.0075,31.7189,0.166,16.3944,24.8589,24.8589,
fae-G493-ZB3-AAP1-000,54,soylocal,hiresnet50.gluon_in1k,False,,,,adamw,0.05,1e-05,,0,200,448,8,600,600,70.0,,,49.8333,,,2.7007,49.833333333333336,100.0,,,0.0082,31.0943,0.166,16.3944,24.883,24.883,
fae-G493-ZB3-AAP1-000,54,soylocal,hiresnet50.gluon_in1k,False,,,,adamw,0.05,1e-05,,0,200,448,8,600,600,90.0,,,50.3333,,,2.6301,50.333333333333336,100.0,,,0.0079,28.1083,0.166,16.3944,24.907,24.907,
fae-G493-ZB3-AAP1-000,54,soylocal,hiresnet50.gluon_in1k,False,,,,adamw,0.05,5e-05,,0,200,448,8,600,600,10.0,,,49.6667,,,2.3517,49.666666666666664,100.0,,,0.0004,30.7459,0.166,16.3943,24.8109,24.8109,
fae-G493-ZB3-AAP1-000,54,soylocal,hiresnet50.gluon_in1k,False,,,,adamw,0.05,5e-05,,0,200,448,8,600,600,20.0,,,48.6667,,,2.3051,48.666666666666664,100.0,,,0.0003,30.6727,0.166,16.3943,24.8229,24.8229,
fae-G493-ZB3-AAP1-000,54,soylocal,hiresnet50.gluon_in1k,False,,,,adamw,0.05,5e-05,,0,200,448,8,600,600,30.0,,,48.5,,,2.3619,48.5,100.0,,,0.0004,30.7877,0.166,16.3943,24.8349,24.8349,
fae-G493-ZB3-AAP1-000,54,soylocal,hiresnet50.gluon_in1k,False,,,,adamw,0.05,5e-05,,0,200,448,8,600,600,40.0,,,53.1667,,,2.2637,53.166666666666664,100.0,,,0.0002,31.5204,0.166,16.3943,24.8469,24.8469,
fae-G493-ZB3-AAP1-000,54,soylocal,hiresnet50.gluon_in1k,False,,,,adamw,0.05,5e-05,,0,200,448,8,600,600,50.0,,,52.1667,,,2.2593,52.166666666666664,100.0,,,0.0002,30.1332,0.166,16.3944,24.8589,24.8589,
fae-G493-ZB3-AAP1-000,54,soylocal,hiresnet50.gluon_in1k,False,,,,adamw,0.05,5e-05,,0,200,448,8,600,600,70.0,,,50.1667,,,2.3165,50.166666666666664,100.0,,,0.0002,30.416,0.166,16.3944,24.883,24.883,
fae-G493-ZB3-AAP1-000,54,soylocal,hiresnet50.gluon_in1k,False,,,,adamw,0.05,5e-05,,0,200,448,8,600,600,90.0,,,46.6667,,,2.4164,46.666666666666664,100.0,,,0.0002,28.2679,0.166,16.3944,24.907,24.907,
fae-G493-ZB3-AAP1-000,54,soylocal,hiresnet50.gluon_in1k,False,,,,adamw,0.05,0.0001,,0,200,448,8,600,600,10.0,,,49.8333,,,2.2352,49.833333333333336,100.0,,,0.0008,30.6745,0.166,16.3943,24.8109,24.8109,
fae-G493-ZB3-AAP1-000,54,soylocal,hiresnet50.gluon_in1k,False,,,,adamw,0.05,0.0001,,0,200,448,8,600,600,20.0,,,51.3333,,,2.1229,51.333333333333336,100.0,,,0.0001,30.6465,0.166,16.3943,24.8229,24.8229,
fae-G493-ZB3-AAP1-000,54,soylocal,hiresnet50.gluon_in1k,False,,,,adamw,0.05,0.0001,,0,200,448,8,600,600,30.0,,,50.3333,,,2.2095,50.333333333333336,100.0,,,0.0001,31.0687,0.166,16.3943,24.8349,24.8349,
fae-G493-ZB3-AAP1-000,54,soylocal,hiresnet50.gluon_in1k,False,,,,adamw,0.05,0.0001,,0,200,448,8,600,600,40.0,,,51.0,,,2.146,51.0,100.0,,,0.0001,30.1764,0.166,16.3943,24.8469,24.8469,
fae-G493-ZB3-AAP1-000,54,soylocal,hiresnet50.gluon_in1k,False,,,,adamw,0.05,0.0001,,0,200,448,8,600,600,50.0,,,55.0,,,1.9845,55.0,100.0,,,0.0001,30.0123,0.166,16.3944,24.8589,24.8589,
fae-G493-ZB3-AAP1-000,54,soylocal,hiresnet50.gluon_in1k,False,,,,adamw,0.05,0.0001,,0,200,448,8,600,600,70.0,,,51.5,,,2.1201,51.5,100.0,,,0.0001,30.738,0.166,16.3944,24.883,24.883,
fae-G493-ZB3-AAP1-000,54,soylocal,hiresnet50.gluon_in1k,False,,,,adamw,0.05,0.0001,,0,200,448,8,600,600,90.0,,,54.0,,,2.086,54.0,100.0,,,0.0001,28.2689,0.166,16.3944,24.907,24.907,
fae-G493-ZB3-AAP1-000,54,soylocal,hiresnet50.gluon_in1k,False,,,,adamw,0.05,0.0005,,0,200,448,8,600,600,10.0,,,53.1667,,,2.1033,53.166666666666664,100.0,,,0.0003,30.5353,0.166,16.3943,24.8109,24.8109,
fae-G493-ZB3-AAP1-000,54,soylocal,hiresnet50.gluon_in1k,False,,,,adamw,0.05,0.0005,,0,200,448,8,600,600,20.0,,,53.3333,,,2.1261,53.333333333333336,100.0,,,0.0002,30.8191,0.166,16.3943,24.8229,24.8229,
fae-G493-ZB3-AAP1-000,54,soylocal,hiresnet50.gluon_in1k,False,,,,adamw,0.05,0.0005,,0,200,448,8,600,600,30.0,,,50.3333,,,2.4244,50.333333333333336,100.0,,,0.0003,30.2867,0.166,16.3943,24.8349,24.8349,
fae-G493-ZB3-AAP1-000,54,soylocal,hiresnet50.gluon_in1k,False,,,,adamw,0.05,0.0005,,0,200,448,8,600,600,40.0,,,51.6667,,,2.2665,51.666666666666664,100.0,,,0.0016,30.7485,0.166,16.3943,24.8469,24.8469,
fae-G493-ZB3-AAP1-000,54,soylocal,hiresnet50.gluon_in1k,False,,,,adamw,0.05,0.0005,,0,200,448,8,600,600,50.0,,,55.6667,,,2.1546,55.666666666666664,100.0,,,0.0002,30.2851,0.166,16.3944,24.8589,24.8589,
fae-G493-ZB3-AAP1-000,54,soylocal,hiresnet50.gluon_in1k,False,,,,adamw,0.05,0.0005,,0,200,448,8,600,600,70.0,,,53.1667,,,2.1714,53.166666666666664,100.0,,,0.0001,31.5678,0.166,16.3944,24.883,24.883,
fae-G493-ZB3-AAP1-000,54,soylocal,hiresnet50.gluon_in1k,False,,,,adamw,0.05,0.0005,,0,200,448,8,600,600,90.0,,,57.3333,,,2.1681,57.333333333333336,100.0,,,0.0001,28.4389,0.166,16.3944,24.907,24.907,
fae-G493-ZB3-AAP1-000,54,soylocal,hiresnet50.gluon_in1k,False,,,,adamw,0.05,0.001,,0,200,448,8,600,600,10.0,,,44.8333,,,3.2784,44.833333333333336,100.0,,,0.0026,31.5075,0.166,16.3943,24.8109,24.8109,
fae-G493-ZB3-AAP1-000,54,soylocal,hiresnet50.gluon_in1k,False,,,,adamw,0.05,0.001,,0,200,448,8,600,600,20.0,,,42.8333,,,3.1905,42.833333333333336,100.0,,,0.0011,30.3856,0.166,16.3943,24.8229,24.8229,
fae-G493-ZB3-AAP1-000,54,soylocal,hiresnet50.gluon_in1k,False,,,,adamw,0.05,0.001,,0,200,448,8,600,600,30.0,,,46.8333,,,3.0095,46.833333333333336,100.0,,,0.0009,30.4657,0.166,16.3943,24.8349,24.8349,
fae-G493-ZB3-AAP1-000,54,soylocal,hiresnet50.gluon_in1k,False,,,,adamw,0.05,0.001,,0,200,448,8,600,600,40.0,,,44.5,,,3.2701,44.5,100.0,,,0.0009,30.558,0.166,16.3943,24.8469,24.8469,
fae-G493-ZB3-AAP1-000,54,soylocal,hiresnet50.gluon_in1k,False,,,,adamw,0.05,0.001,,0,200,448,8,600,600,50.0,,,47.3333,,,3.0627,47.333333333333336,100.0,,,0.0008,30.9793,0.166,16.3944,24.8589,24.8589,
fae-G493-ZB3-AAP1-000,54,soylocal,hiresnet50.gluon_in1k,False,,,,adamw,0.05,0.001,,0,200,448,8,600,600,70.0,,,44.6667,,,3.2428,44.666666666666664,100.0,,,0.0017,30.075,0.166,16.3944,24.883,24.883,
fae-G493-ZB3-AAP1-000,54,soylocal,hiresnet50.gluon_in1k,False,,,,adamw,0.05,0.001,,0,200,448,8,600,600,90.0,,,46.8333,,,3.0162,46.833333333333336,100.0,,,0.0005,28.37,0.166,16.3944,24.907,24.907,
fae-G493-ZB3-AAP1-000,54,soylocal,hiresnet50.gluon_in1k,False,,,,sgd,0.0,0.003,,0,200,448,8,600,600,10.0,,,48.1667,,,2.8835,48.166666666666664,100.0,,,0.3015,30.5336,0.166,16.3943,24.8109,24.8109,
fae-G493-ZB3-AAP1-000,54,soylocal,hiresnet50.gluon_in1k,False,,,,sgd,0.0,0.003,,0,200,448,8,600,600,20.0,,,49.1667,,,2.9028,49.166666666666664,100.0,,,0.3257,30.2936,0.166,16.3943,24.8229,24.8229,
fae-G493-ZB3-AAP1-000,54,soylocal,hiresnet50.gluon_in1k,False,,,,sgd,0.0,0.003,,0,200,448,8,600,600,30.0,,,47.5,,,2.8652,47.5,100.0,,,0.4051,30.2707,0.166,16.3943,24.8349,24.8349,
fae-G493-ZB3-AAP1-000,54,soylocal,hiresnet50.gluon_in1k,False,,,,sgd,0.0,0.003,,0,200,448,8,600,600,40.0,,,47.5,,,2.9566,47.5,100.0,,,0.411,30.545,0.166,16.3943,24.8469,24.8469,
fae-G493-ZB3-AAP1-000,54,soylocal,hiresnet50.gluon_in1k,False,,,,sgd,0.0,0.003,,0,200,448,8,600,600,50.0,,,47.1667,,,2.9253,47.166666666666664,100.0,,,0.4131,30.0649,0.166,16.3944,24.8589,24.8589,
fae-G493-ZB3-AAP1-000,54,soylocal,hiresnet50.gluon_in1k,False,,,,sgd,0.0,0.003,,0,200,448,8,600,600,70.0,,,50.0,,,2.8597,50.0,100.0,,,0.5052,30.2722,0.166,16.3944,24.883,24.883,
fae-G493-ZB3-AAP1-000,54,soylocal,hiresnet50.gluon_in1k,False,,,,sgd,0.0,0.003,,0,200,448,8,600,600,90.0,,,49.5,,,2.8682,49.5,100.0,,,0.5774,27.911,0.166,16.3944,24.907,24.907,
fae-G493-ZB3-AAP1-000,54,soylocal,hiresnet50.gluon_in1k,False,,,,sgd,0.0,0.01,,0,200,448,8,600,600,10.0,,,52.0,,,2.2837,52.0,100.0,,,0.0026,31.2473,0.166,16.3943,24.8109,24.8109,
fae-G493-ZB3-AAP1-000,54,soylocal,hiresnet50.gluon_in1k,False,,,,sgd,0.0,0.01,,0,200,448,8,600,600,20.0,,,53.0,,,2.2425,53.0,100.0,,,0.0026,31.7086,0.166,16.3943,24.8229,24.8229,
fae-G493-ZB3-AAP1-000,54,soylocal,hiresnet50.gluon_in1k,False,,,,sgd,0.0,0.01,,0,200,448,8,600,600,30.0,,,49.3333,,,2.3355,49.333333333333336,100.0,,,0.0029,30.4561,0.166,16.3943,24.8349,24.8349,
fae-G493-ZB3-AAP1-000,54,soylocal,hiresnet50.gluon_in1k,False,,,,sgd,0.0,0.01,,0,200,448,8,600,600,40.0,,,53.0,,,2.2887,53.0,100.0,,,0.0027,30.2444,0.166,16.3943,24.8469,24.8469,
fae-G493-ZB3-AAP1-000,54,soylocal,hiresnet50.gluon_in1k,False,,,,sgd,0.0,0.01,,0,200,448,8,600,600,50.0,,,52.8333,,,2.2223,52.833333333333336,100.0,,,0.0032,30.0816,0.166,16.3944,24.8589,24.8589,
fae-G493-ZB3-AAP1-000,54,soylocal,hiresnet50.gluon_in1k,False,,,,sgd,0.0,0.01,,0,200,448,8,600,600,70.0,,,50.5,,,2.2936,50.5,100.0,,,0.0029,30.5579,0.166,16.3944,24.883,24.883,
fae-G493-ZB3-AAP1-000,54,soylocal,hiresnet50.gluon_in1k,False,,,,sgd,0.0,0.01,,0,200,448,8,600,600,90.0,,,51.8333,,,2.2198,51.833333333333336,100.0,,,0.003,30.5111,0.166,16.3944,24.907,24.907,
fae-G493-ZB3-AAP1-000,54,soylocal,hiresnet50.gluon_in1k,False,,,,sgd,0.0,0.03,,0,200,448,8,600,600,10.0,,,52.3333,,,2.0493,52.333333333333336,100.0,,,0.0006,31.5173,0.166,16.3943,24.8109,24.8109,
fae-G493-ZB3-AAP1-000,54,soylocal,hiresnet50.gluon_in1k,False,,,,sgd,0.0,0.03,,0,200,448,8,600,600,20.0,,,54.0,,,2.0292,54.0,100.0,,,0.0003,30.1144,0.166,16.3943,24.8229,24.8229,
fae-G493-ZB3-AAP1-000,54,soylocal,hiresnet50.gluon_in1k,False,,,,sgd,0.0,0.03,,0,200,448,8,600,600,30.0,,,52.5,,,2.095,52.5,100.0,,,0.0003,30.2231,0.166,16.3943,24.8349,24.8349,
fae-G493-ZB3-AAP1-000,54,soylocal,hiresnet50.gluon_in1k,False,,,,sgd,0.0,0.03,,0,200,448,8,600,600,40.0,,,54.3333,,,2.0728,54.333333333333336,100.0,,,0.0004,30.0537,0.166,16.3943,24.8469,24.8469,
fae-G493-ZB3-AAP1-000,54,soylocal,hiresnet50.gluon_in1k,False,,,,sgd,0.0,0.03,,0,200,448,8,600,600,50.0,,,54.0,,,1.9494,54.0,100.0,,,0.0004,29.8281,0.166,16.3944,24.8589,24.8589,
fae-G493-ZB3-AAP1-000,54,soylocal,hiresnet50.gluon_in1k,False,,,,sgd,0.0,0.03,,0,200,448,8,600,600,70.0,,,52.3333,,,2.0681,52.333333333333336,100.0,,,0.0005,30.5698,0.166,16.3944,24.883,24.883,
fae-G493-ZB3-AAP1-000,54,soylocal,hiresnet50.gluon_in1k,False,,,,sgd,0.0,0.03,,0,200,448,8,600,600,90.0,,,52.1667,,,1.9589,52.166666666666664,100.0,,,0.0004,29.9214,0.166,16.3944,24.907,24.907,
fae-G493-ZB3-AAP1-000,54,soylocal,hiresnet50.gluon_in1k,False,,,,sgd,0.0,0.1,,0,200,448,8,600,600,10.0,,,45.1667,,,3.2422,45.166666666666664,100.0,,,0.0005,30.6765,0.166,16.3943,24.8109,24.8109,
fae-G493-ZB3-AAP1-000,54,soylocal,hiresnet50.gluon_in1k,False,,,,sgd,0.0,0.1,,0,200,448,8,600,600,20.0,,,47.0,,,2.9968,47.0,100.0,,,0.0004,30.0733,0.166,16.3943,24.8229,24.8229,
fae-G493-ZB3-AAP1-000,54,soylocal,hiresnet50.gluon_in1k,False,,,,sgd,0.0,0.1,,0,200,448,8,600,600,30.0,,,45.5,,,3.0474,45.5,100.0,,,0.0005,30.3251,0.166,16.3943,24.8349,24.8349,
fae-G493-ZB3-AAP1-000,54,soylocal,hiresnet50.gluon_in1k,False,,,,sgd,0.0,0.1,,0,200,448,8,600,600,40.0,,,45.5,,,3.0922,45.5,100.0,,,0.0072,30.4773,0.166,16.3943,24.8469,24.8469,
fae-G493-ZB3-AAP1-000,54,soylocal,hiresnet50.gluon_in1k,False,,,,sgd,0.0,0.1,,0,200,448,8,600,600,50.0,,,48.0,,,2.9635,48.0,100.0,,,0.003,29.9752,0.166,16.3944,24.8589,24.8589,
fae-G493-ZB3-AAP1-000,54,soylocal,hiresnet50.gluon_in1k,False,,,,sgd,0.0,0.1,,0,200,448,8,600,600,70.0,,,45.8333,,,3.0023,45.833333333333336,100.0,,,0.0003,30.1449,0.166,16.3944,24.883,24.883,
fae-G493-ZB3-AAP1-000,54,soylocal,hiresnet50.gluon_in1k,False,,,,sgd,0.0,0.1,,0,200,448,8,600,600,90.0,,,46.0,,,3.1521,46.0,100.0,,,0.0002,29.8132,0.166,16.3944,24.907,24.907,
fae-G493-ZB3-AAP1-000,54,soylocal,hiresnet50.in1k_mocov3,False,,,,adamw,0.05,5e-06,,0,200,448,8,600,600,10.0,,,46.5,,,2.9815,46.5,100.0,,,0.1919,27.9792,0.166,16.3943,24.8109,24.8109,
fae-G493-ZB3-AAP1-000,54,soylocal,hiresnet50.in1k_mocov3,False,,,,adamw,0.05,5e-06,,0,200,448,8,600,600,20.0,,,48.5,,,2.9653,48.5,100.0,,,0.2121,29.4953,0.166,16.3943,24.8229,24.8229,
fae-G493-ZB3-AAP1-000,54,soylocal,hiresnet50.in1k_mocov3,False,,,,adamw,0.05,5e-06,,0,200,448,8,600,600,30.0,,,46.8333,,,2.9829,46.833333333333336,100.0,,,0.217,30.9216,0.166,16.3943,24.8349,24.8349,
fae-G493-ZB3-AAP1-000,54,soylocal,hiresnet50.in1k_mocov3,False,,,,adamw,0.05,5e-06,,0,200,448,8,600,600,40.0,,,49.1667,,,2.9562,49.166666666666664,100.0,,,0.2118,28.7339,0.166,16.3943,24.8469,24.8469,
fae-G493-ZB3-AAP1-000,54,soylocal,hiresnet50.in1k_mocov3,False,,,,adamw,0.05,5e-06,,0,200,448,8,600,600,50.0,,,49.1667,,,2.9417,49.166666666666664,100.0,,,0.233,27.3124,0.166,16.3944,24.8589,24.8589,
fae-G493-ZB3-AAP1-000,54,soylocal,hiresnet50.in1k_mocov3,False,,,,adamw,0.05,5e-06,,0,200,448,8,600,600,70.0,,,49.6667,,,2.9501,49.666666666666664,100.0,,,0.2647,30.2801,0.166,16.3944,24.883,24.883,
fae-G493-ZB3-AAP1-000,54,soylocal,hiresnet50.in1k_mocov3,False,,,,adamw,0.05,5e-06,,0,200,448,8,600,600,90.0,,,47.1667,,,2.9369,47.166666666666664,100.0,,,0.2692,32.1508,0.166,16.3944,24.907,24.907,
fae-G493-ZB3-AAP1-000,54,soylocal,hiresnet50.in1k_mocov3,False,,,,adamw,0.05,1e-05,,0,200,448,8,600,600,10.0,,,48.8333,,,2.7805,48.833333333333336,100.0,,,0.0414,28.0741,0.166,16.3943,24.8109,24.8109,
fae-G493-ZB3-AAP1-000,54,soylocal,hiresnet50.in1k_mocov3,False,,,,adamw,0.05,1e-05,,0,200,448,8,600,600,20.0,,,50.0,,,2.7496,50.0,100.0,,,0.0418,28.9242,0.166,16.3943,24.8229,24.8229,
fae-G493-ZB3-AAP1-000,54,soylocal,hiresnet50.in1k_mocov3,False,,,,adamw,0.05,1e-05,,0,200,448,8,600,600,30.0,,,49.0,,,2.7544,49.0,100.0,,,0.039,29.9235,0.166,16.3943,24.8349,24.8349,
fae-G493-ZB3-AAP1-000,54,soylocal,hiresnet50.in1k_mocov3,False,,,,adamw,0.05,1e-05,,0,200,448,8,600,600,40.0,,,49.5,,,2.7503,49.5,100.0,,,0.0381,28.1538,0.166,16.3943,24.8469,24.8469,
fae-G493-ZB3-AAP1-000,54,soylocal,hiresnet50.in1k_mocov3,False,,,,adamw,0.05,1e-05,,0,200,448,8,600,600,50.0,,,51.1667,,,2.7253,51.166666666666664,100.0,,,0.0397,28.3173,0.166,16.3944,24.8589,24.8589,
fae-G493-ZB3-AAP1-000,54,soylocal,hiresnet50.in1k_mocov3,False,,,,adamw,0.05,1e-05,,0,200,448,8,600,600,70.0,,,50.3333,,,2.7268,50.333333333333336,100.0,,,0.0434,29.8871,0.166,16.3944,24.883,24.883,
fae-G493-ZB3-AAP1-000,54,soylocal,hiresnet50.in1k_mocov3,False,,,,adamw,0.05,1e-05,,0,200,448,8,600,600,90.0,,,49.8333,,,2.7249,49.833333333333336,100.0,,,0.0419,31.8769,0.166,16.3944,24.907,24.907,
fae-G493-ZB3-AAP1-000,54,soylocal,hiresnet50.in1k_mocov3,False,,,,adamw,0.05,5e-05,,0,200,448,8,600,600,10.0,,,49.1667,,,2.3339,49.166666666666664,100.0,,,0.0009,28.0852,0.166,16.3943,24.8109,24.8109,
fae-G493-ZB3-AAP1-000,54,soylocal,hiresnet50.in1k_mocov3,False,,,,adamw,0.05,5e-05,,0,200,448,8,600,600,20.0,,,51.3333,,,2.264,51.333333333333336,100.0,,,0.0023,28.0016,0.166,16.3943,24.8229,24.8229,
fae-G493-ZB3-AAP1-000,54,soylocal,hiresnet50.in1k_mocov3,False,,,,adamw,0.05,5e-05,,0,200,448,8,600,600,30.0,,,52.0,,,2.2659,52.0,100.0,,,0.0004,30.5151,0.166,16.3943,24.8349,24.8349,
fae-G493-ZB3-AAP1-000,54,soylocal,hiresnet50.in1k_mocov3,False,,,,adamw,0.05,5e-05,,0,200,448,8,600,600,40.0,,,50.8333,,,2.2768,50.833333333333336,100.0,,,0.0004,27.8108,0.166,16.3943,24.8469,24.8469,
fae-G493-ZB3-AAP1-000,54,soylocal,hiresnet50.in1k_mocov3,False,,,,adamw,0.05,5e-05,,0,200,448,8,600,600,50.0,,,51.1667,,,2.2719,51.166666666666664,100.0,,,0.0004,28.0162,0.166,16.3944,24.8589,24.8589,
fae-G493-ZB3-AAP1-000,54,soylocal,hiresnet50.in1k_mocov3,False,,,,adamw,0.05,5e-05,,0,200,448,8,600,600,70.0,,,52.8333,,,2.2528,52.833333333333336,100.0,,,0.0004,29.9082,0.166,16.3944,24.883,24.883,
fae-G493-ZB3-AAP1-000,54,soylocal,hiresnet50.in1k_mocov3,False,,,,adamw,0.05,5e-05,,0,200,448,8,600,600,90.0,,,52.1667,,,2.2689,52.166666666666664,100.0,,,0.0003,32.6707,0.166,16.3944,24.907,24.907,
fae-G493-ZB3-AAP1-000,54,soylocal,hiresnet50.in1k_mocov3,False,,,,adamw,0.05,0.0001,,0,200,448,8,600,600,10.0,,,51.8333,,,2.1321,51.833333333333336,100.0,,,0.0004,28.1973,0.166,16.3943,24.8109,24.8109,
fae-G493-ZB3-AAP1-000,54,soylocal,hiresnet50.in1k_mocov3,False,,,,adamw,0.05,0.0001,,0,200,448,8,600,600,20.0,,,51.3333,,,2.1257,51.333333333333336,100.0,,,0.0002,27.9989,0.166,16.3943,24.8229,24.8229,
fae-G493-ZB3-AAP1-000,54,soylocal,hiresnet50.in1k_mocov3,False,,,,adamw,0.05,0.0001,,0,200,448,8,600,600,30.0,,,51.0,,,2.187,51.0,100.0,,,0.0001,30.3694,0.166,16.3943,24.8349,24.8349,
fae-G493-ZB3-AAP1-000,54,soylocal,hiresnet50.in1k_mocov3,False,,,,adamw,0.05,0.0001,,0,200,448,8,600,600,40.0,,,52.0,,,2.1019,52.0,100.0,,,0.0001,28.231,0.166,16.3943,24.8469,24.8469,
fae-G493-ZB3-AAP1-000,54,soylocal,hiresnet50.in1k_mocov3,False,,,,adamw,0.05,0.0001,,0,200,448,8,600,600,50.0,,,52.1667,,,2.1217,52.166666666666664,100.0,,,0.0001,27.9087,0.166,16.3944,24.8589,24.8589,
fae-G493-ZB3-AAP1-000,54,soylocal,hiresnet50.in1k_mocov3,False,,,,adamw,0.05,0.0001,,0,200,448,8,600,600,70.0,,,54.1667,,,2.0694,54.166666666666664,100.0,,,0.0001,28.4679,0.166,16.3944,24.883,24.883,
fae-G493-ZB3-AAP1-000,54,soylocal,hiresnet50.in1k_mocov3,False,,,,adamw,0.05,0.0001,,0,200,448,8,600,600,90.0,,,53.0,,,2.1196,53.0,100.0,,,0.0001,32.1689,0.166,16.3944,24.907,24.907,
fae-G493-ZB3-AAP1-000,54,soylocal,hiresnet50.in1k_mocov3,False,,,,adamw,0.05,0.0005,,0,200,448,8,600,600,10.0,,,50.3333,,,2.1686,50.333333333333336,100.0,,,0.002,28.8469,0.166,16.3943,24.8109,24.8109,
fae-G493-ZB3-AAP1-000,54,soylocal,hiresnet50.in1k_mocov3,False,,,,adamw,0.05,0.0005,,0,200,448,8,600,600,20.0,,,48.1667,,,2.2187,48.166666666666664,100.0,,,0.0001,27.8948,0.166,16.3943,24.8229,24.8229,
fae-G493-ZB3-AAP1-000,54,soylocal,hiresnet50.in1k_mocov3,False,,,,adamw,0.05,0.0005,,0,200,448,8,600,600,30.0,,,50.0,,,2.2422,50.0,100.0,,,0.0,28.0597,0.166,16.3943,24.8349,24.8349,
fae-G493-ZB3-AAP1-000,54,soylocal,hiresnet50.in1k_mocov3,False,,,,adamw,0.05,0.0005,,0,200,448,8,600,600,40.0,,,52.5,,,2.095,52.5,100.0,,,0.0,29.4372,0.166,16.3943,24.8469,24.8469,
fae-G493-ZB3-AAP1-000,54,soylocal,hiresnet50.in1k_mocov3,False,,,,adamw,0.05,0.0005,,0,200,448,8,600,600,50.0,,,50.5,,,2.2154,50.5,100.0,,,0.0,28.3209,0.166,16.3944,24.8589,24.8589,
fae-G493-ZB3-AAP1-000,54,soylocal,hiresnet50.in1k_mocov3,False,,,,adamw,0.05,0.0005,,0,200,448,8,600,600,70.0,,,50.3333,,,2.0893,50.333333333333336,100.0,,,0.0,29.673,0.166,16.3944,24.883,24.883,
fae-G493-ZB3-AAP1-000,54,soylocal,hiresnet50.in1k_mocov3,False,,,,adamw,0.05,0.0005,,0,200,448,8,600,600,90.0,,,50.0,,,2.1705,50.0,100.0,,,0.0,30.7102,0.166,16.3944,24.907,24.907,
fae-G493-ZB3-AAP1-000,54,soylocal,hiresnet50.in1k_mocov3,False,,,,adamw,0.05,0.001,,0,200,448,8,600,600,10.0,,,47.1667,,,2.5723,47.166666666666664,100.0,,,0.002,29.7394,0.166,16.3943,24.8109,24.8109,
fae-G493-ZB3-AAP1-000,54,soylocal,hiresnet50.in1k_mocov3,False,,,,adamw,0.05,0.001,,0,200,448,8,600,600,20.0,,,48.1667,,,2.4877,48.166666666666664,100.0,,,0.002,27.7721,0.166,16.3943,24.8229,24.8229,
fae-G493-ZB3-AAP1-000,54,soylocal,hiresnet50.in1k_mocov3,False,,,,adamw,0.05,0.001,,0,200,448,8,600,600,30.0,,,46.6667,,,2.5534,46.666666666666664,100.0,,,0.0003,26.9752,0.166,16.3943,24.8349,24.8349,
fae-G493-ZB3-AAP1-000,54,soylocal,hiresnet50.in1k_mocov3,False,,,,adamw,0.05,0.001,,0,200,448,8,600,600,40.0,,,46.1667,,,2.6432,46.166666666666664,100.0,,,0.0001,27.932,0.166,16.3943,24.8469,24.8469,
fae-G493-ZB3-AAP1-000,54,soylocal,hiresnet50.in1k_mocov3,False,,,,adamw,0.05,0.001,,0,200,448,8,600,600,50.0,,,45.5,,,2.6961,45.5,100.0,,,0.0001,29.6097,0.166,16.3944,24.8589,24.8589,
fae-G493-ZB3-AAP1-000,54,soylocal,hiresnet50.in1k_mocov3,False,,,,adamw,0.05,0.001,,0,200,448,8,600,600,70.0,,,49.1667,,,2.5494,49.166666666666664,100.0,,,0.0004,29.4372,0.166,16.3944,24.883,24.883,
fae-G493-ZB3-AAP1-000,54,soylocal,hiresnet50.in1k_mocov3,False,,,,adamw,0.05,0.001,,0,200,448,8,600,600,90.0,,,47.1667,,,2.6989,47.166666666666664,100.0,,,0.0001,30.8594,0.166,16.3944,24.907,24.907,
fae-G493-ZB3-AAP1-000,54,soylocal,hiresnet50.in1k_mocov3,False,,,,sgd,0.0,0.003,,0,200,448,8,600,600,10.0,,,52.1667,,,2.5113,52.166666666666664,100.0,,,0.2769,29.4388,0.166,16.3943,24.8109,24.8109,
fae-G493-ZB3-AAP1-000,54,soylocal,hiresnet50.in1k_mocov3,False,,,,sgd,0.0,0.003,,0,200,448,8,600,600,20.0,,,50.6667,,,2.5408,50.666666666666664,100.0,,,0.3059,27.7095,0.166,16.3943,24.8229,24.8229,
fae-G493-ZB3-AAP1-000,54,soylocal,hiresnet50.in1k_mocov3,False,,,,sgd,0.0,0.003,,0,200,448,8,600,600,30.0,,,49.1667,,,2.523,49.166666666666664,100.0,,,0.3214,27.9592,0.166,16.3943,24.8349,24.8349,
fae-G493-ZB3-AAP1-000,54,soylocal,hiresnet50.in1k_mocov3,False,,,,sgd,0.0,0.003,,0,200,448,8,600,600,40.0,,,51.8333,,,2.5061,51.833333333333336,100.0,,,0.3132,28.6882,0.166,16.3943,24.8469,24.8469,
fae-G493-ZB3-AAP1-000,54,soylocal,hiresnet50.in1k_mocov3,False,,,,sgd,0.0,0.003,,0,200,448,8,600,600,50.0,,,51.1667,,,2.5033,51.166666666666664,100.0,,,0.3375,28.8096,0.166,16.3944,24.8589,24.8589,
fae-G493-ZB3-AAP1-000,54,soylocal,hiresnet50.in1k_mocov3,False,,,,sgd,0.0,0.003,,0,200,448,8,600,600,70.0,,,51.1667,,,2.5049,51.166666666666664,100.0,,,0.3469,29.6944,0.166,16.3944,24.883,24.883,
fae-G493-ZB3-AAP1-000,54,soylocal,hiresnet50.in1k_mocov3,False,,,,sgd,0.0,0.003,,0,200,448,8,600,600,90.0,,,48.8333,,,2.5109,48.833333333333336,100.0,,,0.3776,31.2856,0.166,16.3944,24.907,24.907,
fae-G493-ZB3-AAP1-000,54,soylocal,hiresnet50.in1k_mocov3,False,,,,sgd,0.0,0.01,,0,200,448,8,600,600,10.0,,,53.3333,,,2.0366,53.333333333333336,100.0,,,0.0048,30.7717,0.166,16.3943,24.8109,24.8109,
fae-G493-ZB3-AAP1-000,54,soylocal,hiresnet50.in1k_mocov3,False,,,,sgd,0.0,0.01,,0,200,448,8,600,600,20.0,,,52.3333,,,2.0557,52.333333333333336,100.0,,,0.0041,27.6251,0.166,16.3943,24.8229,24.8229,
fae-G493-ZB3-AAP1-000,54,soylocal,hiresnet50.in1k_mocov3,False,,,,sgd,0.0,0.01,,0,200,448,8,600,600,30.0,,,53.0,,,1.9925,53.0,100.0,,,0.0035,27.6145,0.166,16.3943,24.8349,24.8349,
fae-G493-ZB3-AAP1-000,54,soylocal,hiresnet50.in1k_mocov3,False,,,,sgd,0.0,0.01,,0,200,448,8,600,600,40.0,,,52.6667,,,2.0566,52.666666666666664,100.0,,,0.0032,28.8525,0.166,16.3943,24.8469,24.8469,
fae-G493-ZB3-AAP1-000,54,soylocal,hiresnet50.in1k_mocov3,False,,,,sgd,0.0,0.01,,0,200,448,8,600,600,50.0,,,55.0,,,1.9658,55.0,100.0,,,0.0033,28.676,0.166,16.3944,24.8589,24.8589,
fae-G493-ZB3-AAP1-000,54,soylocal,hiresnet50.in1k_mocov3,False,,,,sgd,0.0,0.01,,0,200,448,8,600,600,70.0,,,54.1667,,,2.0085,54.166666666666664,100.0,,,0.0038,29.837,0.166,16.3944,24.883,24.883,
fae-G493-ZB3-AAP1-000,54,soylocal,hiresnet50.in1k_mocov3,False,,,,sgd,0.0,0.01,,0,200,448,8,600,600,90.0,,,53.1667,,,2.0041,53.166666666666664,100.0,,,0.0034,30.7273,0.166,16.3944,24.907,24.907,
fae-G493-ZB3-AAP1-000,54,soylocal,hiresnet50.in1k_mocov3,False,,,,sgd,0.0,0.03,,0,200,448,8,600,600,10.0,,,53.0,,,1.9662,53.0,100.0,,,0.0015,29.5704,0.166,16.3943,24.8109,24.8109,
fae-G493-ZB3-AAP1-000,54,soylocal,hiresnet50.in1k_mocov3,False,,,,sgd,0.0,0.03,,0,200,448,8,600,600,20.0,,,54.5,,,1.9746,54.5,100.0,,,0.0009,27.7978,0.166,16.3943,24.8229,24.8229,
fae-G493-ZB3-AAP1-000,54,soylocal,hiresnet50.in1k_mocov3,False,,,,sgd,0.0,0.03,,0,200,448,8,600,600,30.0,,,53.0,,,1.9567,53.0,100.0,,,0.0006,27.9712,0.166,16.3943,24.8349,24.8349,
fae-G493-ZB3-AAP1-000,54,soylocal,hiresnet50.in1k_mocov3,False,,,,sgd,0.0,0.03,,0,200,448,8,600,600,40.0,,,53.8333,,,1.9504,53.833333333333336,100.0,,,0.0006,29.3362,0.166,16.3943,24.8469,24.8469,
fae-G493-ZB3-AAP1-000,54,soylocal,hiresnet50.in1k_mocov3,False,,,,sgd,0.0,0.03,,0,200,448,8,600,600,50.0,,,56.1667,,,1.9129,56.166666666666664,100.0,,,0.0006,27.7913,0.166,16.3944,24.8589,24.8589,
fae-G493-ZB3-AAP1-000,54,soylocal,hiresnet50.in1k_mocov3,False,,,,sgd,0.0,0.03,,0,200,448,8,600,600,70.0,,,55.3333,,,1.87,55.333333333333336,100.0,,,0.0007,29.2801,0.166,16.3944,24.883,24.883,
fae-G493-ZB3-AAP1-000,54,soylocal,hiresnet50.in1k_mocov3,False,,,,sgd,0.0,0.03,,0,200,448,8,600,600,90.0,,,54.8333,,,1.9072,54.833333333333336,100.0,,,0.0007,29.9282,0.166,16.3944,24.907,24.907,
fae-G493-ZB3-AAP1-000,54,soylocal,hiresnet50.in1k_mocov3,False,,,,sgd,0.0,0.1,,0,200,448,8,600,600,10.0,,,46.1667,,,2.3622,46.166666666666664,100.0,,,0.0033,29.2988,0.166,16.3943,24.8109,24.8109,
fae-G493-ZB3-AAP1-000,54,soylocal,hiresnet50.in1k_mocov3,False,,,,sgd,0.0,0.1,,0,200,448,8,600,600,20.0,,,50.1667,,,2.2081,50.166666666666664,100.0,,,0.0001,28.5051,0.166,16.3943,24.8229,24.8229,
fae-G493-ZB3-AAP1-000,54,soylocal,hiresnet50.in1k_mocov3,False,,,,sgd,0.0,0.1,,0,200,448,8,600,600,30.0,,,49.8333,,,2.2394,49.833333333333336,100.0,,,0.0001,28.8128,0.166,16.3943,24.8349,24.8349,
fae-G493-ZB3-AAP1-000,54,soylocal,hiresnet50.in1k_mocov3,False,,,,sgd,0.0,0.1,,0,200,448,8,600,600,40.0,,,52.1667,,,2.2158,52.166666666666664,100.0,,,0.0001,29.5534,0.166,16.3943,24.8469,24.8469,
fae-G493-ZB3-AAP1-000,54,soylocal,hiresnet50.in1k_mocov3,False,,,,sgd,0.0,0.1,,0,200,448,8,600,600,50.0,,,48.6667,,,2.1774,48.666666666666664,100.0,,,0.0001,27.8945,0.166,16.3944,24.8589,24.8589,
fae-G493-ZB3-AAP1-000,54,soylocal,hiresnet50.in1k_mocov3,False,,,,sgd,0.0,0.1,,0,200,448,8,600,600,70.0,,,55.0,,,1.9932,55.0,100.0,,,0.0001,28.0939,0.166,16.3944,24.883,24.883,
fae-G493-ZB3-AAP1-000,54,soylocal,hiresnet50.in1k_mocov3,False,,,,sgd,0.0,0.1,,0,200,448,8,600,600,90.0,,,51.1667,,,2.0136,51.166666666666664,100.0,,,0.0001,30.1071,0.166,16.3944,24.907,24.907,
vsplab,54,soylocal,hiresnet50.in1k_spark,False,,,,adamw,0.05,5e-06,,0,200,448,8,600,600,10.0,,,47.8333,,,2.7411,47.833333333333336,100.0,,,0.0546,30.5263,8.6172,16.3943,24.8109,24.8109,
vsplab,54,soylocal,hiresnet50.in1k_spark,False,,,,adamw,0.05,5e-06,,0,200,448,8,600,600,20.0,,,47.6667,,,2.7276,47.666666666666664,100.0,,,0.0605,30.5306,8.6172,16.3943,24.8229,24.8229,
vsplab,54,soylocal,hiresnet50.in1k_spark,False,,,,adamw,0.05,5e-06,,0,200,448,8,600,600,30.0,,,43.6667,,,2.8748,43.666666666666664,100.0,,,0.0621,30.6652,8.6172,16.3943,24.8349,24.8349,
vsplab,54,soylocal,hiresnet50.in1k_spark,False,,,,adamw,0.05,5e-06,,0,200,448,8,600,600,40.0,,,53.8333,,,2.6145,53.833333333333336,100.0,,,0.0572,30.9327,8.6172,16.3943,24.8469,24.8469,
vsplab,54,soylocal,hiresnet50.in1k_spark,False,,,,adamw,0.05,5e-06,,0,200,448,8,600,600,50.0,,,41.6667,,,2.8772,41.666666666666664,100.0,,,0.0509,31.1139,8.6172,16.3944,24.8589,24.8589,
vsplab,54,soylocal,hiresnet50.in1k_spark,False,,,,adamw,0.05,5e-06,,0,200,448,8,600,600,70.0,,,46.0,,,2.7572,46.0,100.0,,,0.061,31.1921,8.6172,16.3944,24.883,24.883,
vsplab,54,soylocal,hiresnet50.in1k_spark,False,,,,adamw,0.05,5e-06,,0,200,448,8,600,600,90.0,,,44.8333,,,2.8063,44.833333333333336,100.0,,,0.0615,30.8845,8.6172,16.3944,24.907,24.907,
vsplab,54,soylocal,hiresnet50.in1k_spark,False,,,,adamw,0.05,1e-05,,0,200,448,8,600,600,10.0,,,44.1667,,,2.751,44.166666666666664,100.0,,,0.0128,30.2891,8.6172,16.3943,24.8109,24.8109,
vsplab,54,soylocal,hiresnet50.in1k_spark,False,,,,adamw,0.05,1e-05,,0,200,448,8,600,600,20.0,,,47.0,,,2.6987,47.0,100.0,,,0.0124,30.5375,8.6172,16.3943,24.8229,24.8229,
vsplab,54,soylocal,hiresnet50.in1k_spark,False,,,,adamw,0.05,1e-05,,0,200,448,8,600,600,30.0,,,49.1667,,,2.4881,49.166666666666664,100.0,,,0.0127,30.9858,8.6172,16.3943,24.8349,24.8349,
vsplab,54,soylocal,hiresnet50.in1k_spark,False,,,,adamw,0.05,1e-05,,0,200,448,8,600,600,40.0,,,52.5,,,2.3751,52.5,100.0,,,0.0123,31.1689,8.6172,16.3943,24.8469,24.8469,
vsplab,54,soylocal,hiresnet50.in1k_spark,False,,,,adamw,0.05,1e-05,,0,200,448,8,600,600,50.0,,,51.1667,,,2.4864,51.166666666666664,100.0,,,0.0109,30.8547,8.6172,16.3944,24.8589,24.8589,
vsplab,54,soylocal,hiresnet50.in1k_spark,False,,,,adamw,0.05,1e-05,,0,200,448,8,600,600,70.0,,,54.0,,,2.3838,54.0,100.0,,,0.0112,31.0047,8.6172,16.3944,24.883,24.883,
vsplab,54,soylocal,hiresnet50.in1k_spark,False,,,,adamw,0.05,1e-05,,0,200,448,8,600,600,90.0,,,51.8333,,,2.5049,51.833333333333336,100.0,,,0.0163,31.131,8.6172,16.3944,24.907,24.907,
vsplab,54,soylocal,hiresnet50.in1k_spark,False,,,,adamw,0.05,5e-05,,0,200,448,8,600,600,10.0,,,50.5,,,2.118,50.5,100.0,,,0.0006,30.6407,8.6172,16.3943,24.8109,24.8109,
vsplab,54,soylocal,hiresnet50.in1k_spark,False,,,,adamw,0.05,5e-05,,0,200,448,8,600,600,20.0,,,51.3333,,,2.1709,51.333333333333336,100.0,,,0.001,30.4837,8.6172,16.3943,24.8229,24.8229,
vsplab,54,soylocal,hiresnet50.in1k_spark,False,,,,adamw,0.05,5e-05,,0,200,448,8,600,600,30.0,,,48.5,,,2.2645,48.5,100.0,,,0.0006,31.2316,8.6172,16.3943,24.8349,24.8349,
vsplab,54,soylocal,hiresnet50.in1k_spark,False,,,,adamw,0.05,5e-05,,0,200,448,8,600,600,40.0,,,37.3333,,,2.9685,37.333333333333336,100.0,,,0.0019,30.7018,8.6172,16.3943,24.8469,24.8469,
vsplab,54,soylocal,hiresnet50.in1k_spark,False,,,,adamw,0.05,5e-05,,0,200,448,8,600,600,50.0,,,50.3333,,,2.2214,50.333333333333336,100.0,,,0.0004,30.8189,8.6172,16.3944,24.8589,24.8589,
vsplab,54,soylocal,hiresnet50.in1k_spark,False,,,,adamw,0.05,5e-05,,0,200,448,8,600,600,70.0,,,56.8333,,,2.0169,56.833333333333336,100.0,,,0.0003,30.7613,8.6172,16.3944,24.883,24.883,
vsplab,54,soylocal,hiresnet50.in1k_spark,False,,,,adamw,0.05,5e-05,,0,200,448,8,600,600,90.0,,,55.1667,,,2.0218,55.166666666666664,100.0,,,0.0002,30.971,8.6172,16.3944,24.907,24.907,
vsplab,54,soylocal,hiresnet50.in1k_spark,False,,,,adamw,0.05,0.0001,,0,200,448,8,600,600,10.0,,,16.3333,,,5.0496,16.333333333333332,100.0,,,0.0015,30.6633,8.6172,16.3943,24.8109,24.8109,
vsplab,54,soylocal,hiresnet50.in1k_spark,False,,,,adamw,0.05,0.0001,,0,200,448,8,600,600,20.0,,,18.0,,,4.9427,18.0,100.0,,,0.0029,30.6654,8.6172,16.3943,24.8229,24.8229,
vsplab,54,soylocal,hiresnet50.in1k_spark,False,,,,adamw,0.05,0.0001,,0,200,448,8,600,600,30.0,,,24.8333,,,3.9671,24.833333333333332,100.0,,,0.0006,30.8118,8.6172,16.3943,24.8349,24.8349,
vsplab,54,soylocal,hiresnet50.in1k_spark,False,,,,adamw,0.05,0.0001,,0,200,448,8,600,600,40.0,,,44.8333,,,2.3405,44.833333333333336,100.0,,,0.0002,31.2959,8.6172,16.3943,24.8469,24.8469,
vsplab,54,soylocal,hiresnet50.in1k_spark,False,,,,adamw,0.05,0.0001,,0,200,448,8,600,600,50.0,,,48.6667,,,2.3874,48.666666666666664,100.0,,,0.0001,31.2239,8.6172,16.3944,24.8589,24.8589,
vsplab,54,soylocal,hiresnet50.in1k_spark,False,,,,adamw,0.05,0.0001,,0,200,448,8,600,600,70.0,,,51.1667,,,2.0706,51.166666666666664,100.0,,,0.0001,31.0439,8.6172,16.3944,24.883,24.883,
vsplab,54,soylocal,hiresnet50.in1k_spark,False,,,,adamw,0.05,0.0001,,0,200,448,8,600,600,90.0,,,53.0,,,2.1357,53.0,100.0,,,0.0002,31.066,8.6172,16.3944,24.907,24.907,
vsplab,54,soylocal,hiresnet50.in1k_spark,False,,,,adamw,0.05,0.0005,,0,200,448,8,600,600,10.0,,,3.0,,,20.5666,3.0,100.0,,,0.0303,30.4533,8.6172,16.3943,24.8109,24.8109,
vsplab,54,soylocal,hiresnet50.in1k_spark,False,,,,adamw,0.05,0.0005,,0,200,448,8,600,600,20.0,,,8.5,,,9.4143,8.5,100.0,,,0.0243,30.9542,8.6172,16.3943,24.8229,24.8229,
vsplab,54,soylocal,hiresnet50.in1k_spark,False,,,,adamw,0.05,0.0005,,0,200,448,8,600,600,30.0,,,3.6667,,,32.0515,3.6666666666666665,100.0,,,0.0138,30.5743,8.6172,16.3943,24.8349,24.8349,
vsplab,54,soylocal,hiresnet50.in1k_spark,False,,,,adamw,0.05,0.0005,,0,200,448,8,600,600,40.0,,,2.0,,,41.2507,2.0,100.0,,,0.0152,30.6811,8.6172,16.3943,24.8469,24.8469,
vsplab,54,soylocal,hiresnet50.in1k_spark,False,,,,adamw,0.05,0.0005,,0,200,448,8,600,600,50.0,,,21.3333,,,5.142,21.333333333333332,100.0,,,0.0105,30.6444,8.6172,16.3944,24.8589,24.8589,
vsplab,54,soylocal,hiresnet50.in1k_spark,False,,,,adamw,0.05,0.0005,,0,200,448,8,600,600,70.0,,,4.6667,,,26.62,4.666666666666667,100.0,,,0.0046,30.7332,8.6172,16.3944,24.883,24.883,
vsplab,54,soylocal,hiresnet50.in1k_spark,False,,,,adamw,0.05,0.0005,,0,200,448,8,600,600,90.0,,,9.6667,,,10.6436,9.666666666666666,100.0,,,0.0052,30.8283,8.6172,16.3944,24.907,24.907,
vsplab,54,soylocal,hiresnet50.in1k_spark,False,,,,adamw,0.05,0.001,,0,200,448,8,600,600,10.0,,,1.8333,,,28.9384,1.8333333333333333,99.1667,,,0.2037,30.7655,8.6172,16.3943,24.8109,24.8109,
vsplab,54,soylocal,hiresnet50.in1k_spark,False,,,,adamw,0.05,0.001,,0,200,448,8,600,600,20.0,,,2.0,,,82.4092,2.0,99.6667,,,0.1341,30.6899,8.6172,16.3943,24.8229,24.8229,
vsplab,54,soylocal,hiresnet50.in1k_spark,False,,,,adamw,0.05,0.001,,0,200,448,8,600,600,30.0,,,1.1667,,,263.6143,1.1666666666666667,98.1667,,,0.4984,30.625,8.6172,16.3943,24.8349,24.8349,
vsplab,54,soylocal,hiresnet50.in1k_spark,False,,,,adamw,0.05,0.001,,0,200,448,8,600,600,40.0,,,29.3333,,,4.0953,29.333333333333332,99.1667,,,0.2987,30.8062,8.6172,16.3943,24.8469,24.8469,
vsplab,54,soylocal,hiresnet50.in1k_spark,False,,,,adamw,0.05,0.001,,0,200,448,8,600,600,50.0,,,1.0,,,119.5913,1.0,99.8333,,,0.0321,30.8563,8.6172,16.3944,24.8589,24.8589,
vsplab,54,soylocal,hiresnet50.in1k_spark,False,,,,adamw,0.05,0.001,,0,200,448,8,600,600,70.0,,,5.6667,,,16.984,5.666666666666667,99.5,,,0.0832,31.1321,8.6172,16.3944,24.883,24.883,
vsplab,54,soylocal,hiresnet50.in1k_spark,False,,,,adamw,0.05,0.001,,0,200,448,8,600,600,90.0,,,7.8333,,,13.77,7.833333333333333,100.0,,,0.0359,31.0428,8.6172,16.3944,24.907,24.907,
vsplab,54,soylocal,hiresnet50.in1k_spark,False,,,,sgd,0.0,0.003,,0,200,448,8,600,600,10.0,,,42.5,,,3.1032,42.5,99.5,,,1.1343,30.0543,8.6172,16.3943,24.8109,24.8109,
vsplab,54,soylocal,hiresnet50.in1k_spark,False,,,,sgd,0.0,0.003,,0,200,448,8,600,600,20.0,,,39.3333,,,3.2072,39.333333333333336,100.0,,,1.4612,30.0028,8.6172,16.3943,24.8229,24.8229,
vsplab,54,soylocal,hiresnet50.in1k_spark,False,,,,sgd,0.0,0.003,,0,200,448,8,600,600,30.0,,,37.1667,,,3.2723,37.166666666666664,100.0,,,1.4005,30.0698,8.6172,16.3943,24.8349,24.8349,
vsplab,54,soylocal,hiresnet50.in1k_spark,False,,,,sgd,0.0,0.003,,0,200,448,8,600,600,40.0,,,41.3333,,,3.1838,41.333333333333336,100.0,,,1.6042,30.0499,8.6172,16.3943,24.8469,24.8469,
vsplab,54,soylocal,hiresnet50.in1k_spark,False,,,,sgd,0.0,0.003,,0,200,448,8,600,600,50.0,,,39.1667,,,3.182,39.166666666666664,99.6667,,,1.8976,30.448,8.6172,16.3944,24.8589,24.8589,
vsplab,54,soylocal,hiresnet50.in1k_spark,False,,,,sgd,0.0,0.003,,0,200,448,8,600,600,70.0,,,41.6667,,,3.153,41.666666666666664,99.6667,,,2.1554,30.561,8.6172,16.3944,24.883,24.883,
vsplab,54,soylocal,hiresnet50.in1k_spark,False,,,,sgd,0.0,0.003,,0,200,448,8,600,600,90.0,,,41.1667,,,3.1271,41.166666666666664,99.8333,,,2.3293,30.5301,8.6172,16.3944,24.907,24.907,
vsplab,54,soylocal,hiresnet50.in1k_spark,False,,,,sgd,0.0,0.01,,0,200,448,8,600,600,10.0,,,41.1667,,,2.7073,41.166666666666664,100.0,,,0.0069,30.082,8.6172,16.3943,24.8109,24.8109,
vsplab,54,soylocal,hiresnet50.in1k_spark,False,,,,sgd,0.0,0.01,,0,200,448,8,600,600,20.0,,,39.5,,,2.7696,39.5,100.0,,,0.0068,30.5279,8.6172,16.3943,24.8229,24.8229,
vsplab,54,soylocal,hiresnet50.in1k_spark,False,,,,sgd,0.0,0.01,,0,200,448,8,600,600,30.0,,,33.6667,,,2.9504,33.666666666666664,100.0,,,0.0069,30.0734,8.6172,16.3943,24.8349,24.8349,
vsplab,54,soylocal,hiresnet50.in1k_spark,False,,,,sgd,0.0,0.01,,0,200,448,8,600,600,40.0,,,35.5,,,2.9267,35.5,100.0,,,0.0065,30.8219,8.6172,16.3943,24.8469,24.8469,
vsplab,54,soylocal,hiresnet50.in1k_spark,False,,,,sgd,0.0,0.01,,0,200,448,8,600,600,50.0,,,27.6667,,,3.2881,27.666666666666668,100.0,,,0.0064,30.4399,8.6172,16.3944,24.8589,24.8589,
vsplab,54,soylocal,hiresnet50.in1k_spark,False,,,,sgd,0.0,0.01,,0,200,448,8,600,600,70.0,,,35.6667,,,3.0642,35.666666666666664,100.0,,,0.0056,30.6567,8.6172,16.3944,24.883,24.883,
vsplab,54,soylocal,hiresnet50.in1k_spark,False,,,,sgd,0.0,0.01,,0,200,448,8,600,600,90.0,,,30.8333,,,3.2913,30.833333333333332,100.0,,,0.0076,31.0454,8.6172,16.3944,24.907,24.907,
vsplab,54,soylocal,hiresnet50.in1k_spark,False,,,,sgd,0.0,0.03,,0,200,448,8,600,600,10.0,,,14.3333,,,6.3711,14.333333333333334,100.0,,,0.0018,30.0099,8.6172,16.3943,24.8109,24.8109,
vsplab,54,soylocal,hiresnet50.in1k_spark,False,,,,sgd,0.0,0.03,,0,200,448,8,600,600,20.0,,,19.5,,,4.4379,19.5,100.0,,,0.0029,30.0042,8.6172,16.3943,24.8229,24.8229,
vsplab,54,soylocal,hiresnet50.in1k_spark,False,,,,sgd,0.0,0.03,,0,200,448,8,600,600,30.0,,,12.1667,,,7.2959,12.166666666666666,100.0,,,0.0015,30.0913,8.6172,16.3943,24.8349,24.8349,
vsplab,54,soylocal,hiresnet50.in1k_spark,False,,,,sgd,0.0,0.03,,0,200,448,8,600,600,40.0,,,31.3333,,,3.1589,31.333333333333332,100.0,,,0.0017,30.1663,8.6172,16.3943,24.8469,24.8469,
vsplab,54,soylocal,hiresnet50.in1k_spark,False,,,,sgd,0.0,0.03,,0,200,448,8,600,600,50.0,,,31.6667,,,3.2677,31.666666666666668,100.0,,,0.0011,30.1681,8.6172,16.3944,24.8589,24.8589,
vsplab,54,soylocal,hiresnet50.in1k_spark,False,,,,sgd,0.0,0.03,,0,200,448,8,600,600,70.0,,,30.8333,,,3.2282,30.833333333333332,100.0,,,0.0009,30.3405,8.6172,16.3944,24.883,24.883,
vsplab,54,soylocal,hiresnet50.in1k_spark,False,,,,sgd,0.0,0.03,,0,200,448,8,600,600,90.0,,,19.6667,,,5.0354,19.666666666666668,100.0,,,0.0013,30.5481,8.6172,16.3944,24.907,24.907,
vsplab,54,soylocal,hiresnet50.in1k_spark,False,,,,sgd,0.0,0.1,,0,200,448,8,600,600,10.0,,,16.3333,,,6.9729,16.333333333333332,99.5,,,0.1501,30.1678,8.6172,16.3943,24.8109,24.8109,
vsplab,54,soylocal,hiresnet50.in1k_spark,False,,,,sgd,0.0,0.1,,0,200,448,8,600,600,20.0,,,25.1667,,,4.905,25.166666666666668,99.8333,,,0.0602,30.1822,8.6172,16.3943,24.8229,24.8229,
vsplab,54,soylocal,hiresnet50.in1k_spark,False,,,,sgd,0.0,0.1,,0,200,448,8,600,600,30.0,,,3.6667,,,25.6009,3.6666666666666665,100.0,,,0.1298,30.0103,8.6172,16.3943,24.8349,24.8349,
vsplab,54,soylocal,hiresnet50.in1k_spark,False,,,,sgd,0.0,0.1,,0,200,448,8,600,600,40.0,,,27.0,,,5.1779,27.0,100.0,,,0.0096,30.2941,8.6172,16.3943,24.8469,24.8469,
vsplab,54,soylocal,hiresnet50.in1k_spark,False,,,,sgd,0.0,0.1,,0,200,448,8,600,600,50.0,,,11.0,,,11.789,11.0,99.6667,,,0.0654,30.2559,8.6172,16.3944,24.8589,24.8589,
vsplab,54,soylocal,hiresnet50.in1k_spark,False,,,,sgd,0.0,0.1,,0,200,448,8,600,600,70.0,,,12.6667,,,10.7509,12.666666666666666,99.8333,,,0.0217,30.7154,8.6172,16.3944,24.883,24.883,
vsplab,54,soylocal,hiresnet50.in1k_spark,False,,,,sgd,0.0,0.1,,0,200,448,8,600,600,90.0,,,27.0,,,4.9719,27.0,99.5,,,0.0678,30.3844,8.6172,16.3944,24.907,24.907,
vsplab,54,soylocal,hiresnet50.in1k_supcon,False,,,,adamw,0.05,5e-06,,0,200,448,8,600,600,10.0,,,49.3333,,,2.8542,49.333333333333336,100.0,,,0.0118,31.1726,8.6172,16.3943,24.8109,24.8109,
vsplab,54,soylocal,hiresnet50.in1k_supcon,False,,,,adamw,0.05,5e-06,,0,200,448,8,600,600,20.0,,,51.5,,,2.9098,51.5,100.0,,,0.0114,30.9467,8.6172,16.3943,24.8229,24.8229,
vsplab,54,soylocal,hiresnet50.in1k_supcon,False,,,,adamw,0.05,5e-06,,0,200,448,8,600,600,30.0,,,49.5,,,2.9156,49.5,100.0,,,0.0123,31.1708,8.6172,16.3943,24.8349,24.8349,
vsplab,54,soylocal,hiresnet50.in1k_supcon,False,,,,adamw,0.05,5e-06,,0,200,448,8,600,600,40.0,,,51.5,,,2.9061,51.5,100.0,,,0.0124,31.1365,8.6172,16.3943,24.8469,24.8469,
vsplab,54,soylocal,hiresnet50.in1k_supcon,False,,,,adamw,0.05,5e-06,,0,200,448,8,600,600,50.0,,,48.3333,,,2.9441,48.333333333333336,100.0,,,0.0118,31.1301,8.6172,16.3944,24.8589,24.8589,
vsplab,54,soylocal,hiresnet50.in1k_supcon,False,,,,adamw,0.05,5e-06,,0,200,448,8,600,600,70.0,,,50.1667,,,2.932,50.166666666666664,100.0,,,0.0121,31.3659,8.6172,16.3944,24.883,24.883,
vsplab,54,soylocal,hiresnet50.in1k_supcon,False,,,,adamw,0.05,5e-06,,0,200,448,8,600,600,90.0,,,49.3333,,,2.8548,49.333333333333336,100.0,,,0.012,29.7414,8.6172,16.3944,24.907,24.907,
vsplab,54,soylocal,hiresnet50.in1k_supcon,False,,,,adamw,0.05,1e-05,,0,200,448,8,600,600,10.0,,,49.8333,,,2.7498,49.833333333333336,100.0,,,0.0057,31.2751,8.6172,16.3943,24.8109,24.8109,
vsplab,54,soylocal,hiresnet50.in1k_supcon,False,,,,adamw,0.05,1e-05,,0,200,448,8,600,600,20.0,,,49.5,,,2.7699,49.5,100.0,,,0.0045,31.4333,8.6172,16.3943,24.8229,24.8229,
vsplab,54,soylocal,hiresnet50.in1k_supcon,False,,,,adamw,0.05,1e-05,,0,200,448,8,600,600,30.0,,,46.5,,,2.8365,46.5,100.0,,,0.0042,31.2172,8.6172,16.3943,24.8349,24.8349,
vsplab,54,soylocal,hiresnet50.in1k_supcon,False,,,,adamw,0.05,1e-05,,0,200,448,8,600,600,40.0,,,49.3333,,,2.777,49.333333333333336,100.0,,,0.0045,31.658,8.6172,16.3943,24.8469,24.8469,
vsplab,54,soylocal,hiresnet50.in1k_supcon,False,,,,adamw,0.05,1e-05,,0,200,448,8,600,600,50.0,,,49.1667,,,2.7744,49.166666666666664,100.0,,,0.0049,31.1801,8.6172,16.3944,24.8589,24.8589,
vsplab,54,soylocal,hiresnet50.in1k_supcon,False,,,,adamw,0.05,1e-05,,0,200,448,8,600,600,70.0,,,49.6667,,,2.8133,49.666666666666664,100.0,,,0.0043,31.2514,8.6172,16.3944,24.883,24.883,
vsplab,54,soylocal,hiresnet50.in1k_supcon,False,,,,adamw,0.05,1e-05,,0,200,448,8,600,600,90.0,,,46.5,,,2.7594,46.5,100.0,,,0.0044,28.7126,8.6172,16.3944,24.907,24.907,
vsplab,54,soylocal,hiresnet50.in1k_supcon,False,,,,adamw,0.05,5e-05,,0,200,448,8,600,600,10.0,,,46.6667,,,2.3873,46.666666666666664,100.0,,,0.0005,31.0422,8.6172,16.3943,24.8109,24.8109,
vsplab,54,soylocal,hiresnet50.in1k_supcon,False,,,,adamw,0.05,5e-05,,0,200,448,8,600,600,20.0,,,48.3333,,,2.3296,48.333333333333336,100.0,,,0.0003,31.5115,8.6172,16.3943,24.8229,24.8229,
vsplab,54,soylocal,hiresnet50.in1k_supcon,False,,,,adamw,0.05,5e-05,,0,200,448,8,600,600,30.0,,,47.6667,,,2.3854,47.666666666666664,100.0,,,0.0003,31.6389,8.6172,16.3943,24.8349,24.8349,
vsplab,54,soylocal,hiresnet50.in1k_supcon,False,,,,adamw,0.05,5e-05,,0,200,448,8,600,600,40.0,,,47.3333,,,2.3632,47.333333333333336,100.0,,,0.0007,31.1888,8.6172,16.3943,24.8469,24.8469,
vsplab,54,soylocal,hiresnet50.in1k_supcon,False,,,,adamw,0.05,5e-05,,0,200,448,8,600,600,50.0,,,49.3333,,,2.3039,49.333333333333336,100.0,,,0.0009,31.563,8.6172,16.3944,24.8589,24.8589,
vsplab,54,soylocal,hiresnet50.in1k_supcon,False,,,,adamw,0.05,5e-05,,0,200,448,8,600,600,70.0,,,51.0,,,2.2592,51.0,100.0,,,0.0003,31.308,8.6172,16.3944,24.883,24.883,
vsplab,54,soylocal,hiresnet50.in1k_supcon,False,,,,adamw,0.05,5e-05,,0,200,448,8,600,600,90.0,,,49.3333,,,2.3564,49.333333333333336,100.0,,,0.0003,28.0821,8.6172,16.3944,24.907,24.907,
vsplab,54,soylocal,hiresnet50.in1k_supcon,False,,,,adamw,0.05,0.0001,,0,200,448,8,600,600,10.0,,,49.5,,,2.056,49.5,100.0,,,0.0005,31.2341,8.6172,16.3943,24.8109,24.8109,
vsplab,54,soylocal,hiresnet50.in1k_supcon,False,,,,adamw,0.05,0.0001,,0,200,448,8,600,600,20.0,,,52.0,,,2.0126,52.0,100.0,,,0.0001,30.9626,8.6172,16.3943,24.8229,24.8229,
vsplab,54,soylocal,hiresnet50.in1k_supcon,False,,,,adamw,0.05,0.0001,,0,200,448,8,600,600,30.0,,,53.6667,,,2.0826,53.666666666666664,100.0,,,0.0001,31.1161,8.6172,16.3943,24.8349,24.8349,
vsplab,54,soylocal,hiresnet50.in1k_supcon,False,,,,adamw,0.05,0.0001,,0,200,448,8,600,600,40.0,,,52.1667,,,2.0827,52.166666666666664,100.0,,,0.0001,31.2387,8.6172,16.3943,24.8469,24.8469,
vsplab,54,soylocal,hiresnet50.in1k_supcon,False,,,,adamw,0.05,0.0001,,0,200,448,8,600,600,50.0,,,56.1667,,,2.0286,56.166666666666664,100.0,,,0.0001,31.0686,8.6172,16.3944,24.8589,24.8589,
vsplab,54,soylocal,hiresnet50.in1k_supcon,False,,,,adamw,0.05,0.0001,,0,200,448,8,600,600,70.0,,,52.5,,,2.0624,52.5,100.0,,,0.0001,31.3018,8.6172,16.3944,24.883,24.883,
vsplab,54,soylocal,hiresnet50.in1k_supcon,False,,,,adamw,0.05,0.0001,,0,200,448,8,600,600,90.0,,,51.5,,,2.1251,51.5,100.0,,,0.0001,29.1453,8.6172,16.3944,24.907,24.907,
vsplab,54,soylocal,hiresnet50.in1k_supcon,False,,,,adamw,0.05,0.0005,,0,200,448,8,600,600,10.0,,,38.8333,,,3.3304,38.833333333333336,100.0,,,0.0065,31.1353,8.6172,16.3943,24.8109,24.8109,
vsplab,54,soylocal,hiresnet50.in1k_supcon,False,,,,adamw,0.05,0.0005,,0,200,448,8,600,600,20.0,,,39.8333,,,3.259,39.833333333333336,100.0,,,0.0005,31.5272,8.6172,16.3943,24.8229,24.8229,
vsplab,54,soylocal,hiresnet50.in1k_supcon,False,,,,adamw,0.05,0.0005,,0,200,448,8,600,600,30.0,,,46.1667,,,2.945,46.166666666666664,100.0,,,0.0005,31.1932,8.6172,16.3943,24.8349,24.8349,
vsplab,54,soylocal,hiresnet50.in1k_supcon,False,,,,adamw,0.05,0.0005,,0,200,448,8,600,600,40.0,,,38.0,,,3.3366,38.0,100.0,,,0.0004,31.2467,8.6172,16.3943,24.8469,24.8469,
vsplab,54,soylocal,hiresnet50.in1k_supcon,False,,,,adamw,0.05,0.0005,,0,200,448,8,600,600,50.0,,,41.8333,,,3.066,41.833333333333336,100.0,,,0.0002,31.2878,8.6172,16.3944,24.8589,24.8589,
vsplab,54,soylocal,hiresnet50.in1k_supcon,False,,,,adamw,0.05,0.0005,,0,200,448,8,600,600,70.0,,,44.5,,,2.9975,44.5,100.0,,,0.0003,31.6468,8.6172,16.3944,24.883,24.883,
vsplab,54,soylocal,hiresnet50.in1k_supcon,False,,,,adamw,0.05,0.0005,,0,200,448,8,600,600,90.0,,,44.5,,,3.0723,44.5,100.0,,,0.0003,28.1896,8.6172,16.3944,24.907,24.907,
vsplab,54,soylocal,hiresnet50.in1k_supcon,False,,,,adamw,0.05,0.001,,0,200,448,8,600,600,10.0,,,27.1667,,,5.0212,27.166666666666668,100.0,,,0.0309,31.2879,8.6172,16.3943,24.8109,24.8109,
vsplab,54,soylocal,hiresnet50.in1k_supcon,False,,,,adamw,0.05,0.001,,0,200,448,8,600,600,20.0,,,24.8333,,,4.8833,24.833333333333332,100.0,,,0.0062,30.9056,8.6172,16.3943,24.8229,24.8229,
vsplab,54,soylocal,hiresnet50.in1k_supcon,False,,,,adamw,0.05,0.001,,0,200,448,8,600,600,30.0,,,15.8333,,,8.9336,15.833333333333334,100.0,,,0.0129,31.022,8.6172,16.3943,24.8349,24.8349,
vsplab,54,soylocal,hiresnet50.in1k_supcon,False,,,,adamw,0.05,0.001,,0,200,448,8,600,600,40.0,,,25.8333,,,4.8744,25.833333333333332,100.0,,,0.0104,31.6103,8.6172,16.3943,24.8469,24.8469,
vsplab,54,soylocal,hiresnet50.in1k_supcon,False,,,,adamw,0.05,0.001,,0,200,448,8,600,600,50.0,,,26.1667,,,5.1363,26.166666666666668,100.0,,,0.0061,31.0938,8.6172,16.3944,24.8589,24.8589,
vsplab,54,soylocal,hiresnet50.in1k_supcon,False,,,,adamw,0.05,0.001,,0,200,448,8,600,600,70.0,,,28.3333,,,4.5785,28.333333333333332,100.0,,,0.0085,31.3896,8.6172,16.3944,24.883,24.883,
vsplab,54,soylocal,hiresnet50.in1k_supcon,False,,,,adamw,0.05,0.001,,0,200,448,8,600,600,90.0,,,8.8333,,,17.0655,8.833333333333334,100.0,,,0.0055,29.7632,8.6172,16.3944,24.907,24.907,
vsplab,54,soylocal,hiresnet50.in1k_supcon,False,,,,sgd,0.0,0.003,,0,200,448,8,600,600,10.0,,,46.1667,,,3.1196,46.166666666666664,100.0,,,0.1738,30.443,8.6172,16.3943,24.8109,24.8109,
vsplab,54,soylocal,hiresnet50.in1k_supcon,False,,,,sgd,0.0,0.003,,0,200,448,8,600,600,20.0,,,47.5,,,3.1493,47.5,100.0,,,0.2134,30.5402,8.6172,16.3943,24.8229,24.8229,
vsplab,54,soylocal,hiresnet50.in1k_supcon,False,,,,sgd,0.0,0.003,,0,200,448,8,600,600,30.0,,,46.0,,,3.2645,46.0,100.0,,,0.1824,30.8775,8.6172,16.3943,24.8349,24.8349,
vsplab,54,soylocal,hiresnet50.in1k_supcon,False,,,,sgd,0.0,0.003,,0,200,448,8,600,600,40.0,,,45.0,,,3.1668,45.0,100.0,,,0.2265,30.6122,8.6172,16.3943,24.8469,24.8469,
vsplab,54,soylocal,hiresnet50.in1k_supcon,False,,,,sgd,0.0,0.003,,0,200,448,8,600,600,50.0,,,45.5,,,3.2402,45.5,100.0,,,0.2378,31.3465,8.6172,16.3944,24.8589,24.8589,
vsplab,54,soylocal,hiresnet50.in1k_supcon,False,,,,sgd,0.0,0.003,,0,200,448,8,600,600,70.0,,,47.1667,,,3.2377,47.166666666666664,100.0,,,0.3314,30.6715,8.6172,16.3944,24.883,24.883,
vsplab,54,soylocal,hiresnet50.in1k_supcon,False,,,,sgd,0.0,0.003,,0,200,448,8,600,600,90.0,,,42.3333,,,3.3006,42.333333333333336,100.0,,,0.3344,28.2935,8.6172,16.3944,24.907,24.907,
vsplab,54,soylocal,hiresnet50.in1k_supcon,False,,,,sgd,0.0,0.01,,0,200,448,8,600,600,10.0,,,47.3333,,,2.4793,47.333333333333336,100.0,,,0.0025,30.3635,8.6172,16.3943,24.8109,24.8109,
vsplab,54,soylocal,hiresnet50.in1k_supcon,False,,,,sgd,0.0,0.01,,0,200,448,8,600,600,20.0,,,47.0,,,2.5345,47.0,100.0,,,0.0025,30.7332,8.6172,16.3943,24.8229,24.8229,
vsplab,54,soylocal,hiresnet50.in1k_supcon,False,,,,sgd,0.0,0.01,,0,200,448,8,600,600,30.0,,,48.8333,,,2.4572,48.833333333333336,100.0,,,0.0026,30.5174,8.6172,16.3943,24.8349,24.8349,
vsplab,54,soylocal,hiresnet50.in1k_supcon,False,,,,sgd,0.0,0.01,,0,200,448,8,600,600,40.0,,,47.0,,,2.6032,47.0,100.0,,,0.0027,30.8617,8.6172,16.3943,24.8469,24.8469,
vsplab,54,soylocal,hiresnet50.in1k_supcon,False,,,,sgd,0.0,0.01,,0,200,448,8,600,600,50.0,,,49.3333,,,2.4603,49.333333333333336,100.0,,,0.0029,30.9132,8.6172,16.3944,24.8589,24.8589,
vsplab,54,soylocal,hiresnet50.in1k_supcon,False,,,,sgd,0.0,0.01,,0,200,448,8,600,600,70.0,,,48.3333,,,2.5168,48.333333333333336,100.0,,,0.0031,30.9618,8.6172,16.3944,24.883,24.883,
vsplab,54,soylocal,hiresnet50.in1k_supcon,False,,,,sgd,0.0,0.01,,0,200,448,8,600,600,90.0,,,49.1667,,,2.4614,49.166666666666664,100.0,,,0.0029,28.7434,8.6172,16.3944,24.907,24.907,
vsplab,54,soylocal,hiresnet50.in1k_supcon,False,,,,sgd,0.0,0.03,,0,200,448,8,600,600,10.0,,,50.1667,,,2.133,50.166666666666664,100.0,,,0.0004,31.1283,8.6172,16.3943,24.8109,24.8109,
vsplab,54,soylocal,hiresnet50.in1k_supcon,False,,,,sgd,0.0,0.03,,0,200,448,8,600,600,20.0,,,48.8333,,,2.1179,48.833333333333336,100.0,,,0.0004,30.4598,8.6172,16.3943,24.8229,24.8229,
vsplab,54,soylocal,hiresnet50.in1k_supcon,False,,,,sgd,0.0,0.03,,0,200,448,8,600,600,30.0,,,50.3333,,,2.161,50.333333333333336,100.0,,,0.0004,30.686,8.6172,16.3943,24.8349,24.8349,
vsplab,54,soylocal,hiresnet50.in1k_supcon,False,,,,sgd,0.0,0.03,,0,200,448,8,600,600,40.0,,,50.1667,,,2.1302,50.166666666666664,100.0,,,0.0004,30.7595,8.6172,16.3943,24.8469,24.8469,
vsplab,54,soylocal,hiresnet50.in1k_supcon,False,,,,sgd,0.0,0.03,,0,200,448,8,600,600,50.0,,,47.3333,,,2.1158,47.333333333333336,100.0,,,0.0004,30.9904,8.6172,16.3944,24.8589,24.8589,
vsplab,54,soylocal,hiresnet50.in1k_supcon,False,,,,sgd,0.0,0.03,,0,200,448,8,600,600,70.0,,,48.8333,,,2.1363,48.833333333333336,100.0,,,0.0005,30.8147,8.6172,16.3944,24.883,24.883,
vsplab,54,soylocal,hiresnet50.in1k_supcon,False,,,,sgd,0.0,0.03,,0,200,448,8,600,600,90.0,,,50.8333,,,2.0012,50.833333333333336,100.0,,,0.0005,28.8407,8.6172,16.3944,24.907,24.907,
vsplab,54,soylocal,hiresnet50.in1k_supcon,False,,,,sgd,0.0,0.1,,0,200,448,8,600,600,10.0,,,30.5,,,4.7112,30.5,100.0,,,0.0105,30.4597,8.6172,16.3943,24.8109,24.8109,
vsplab,54,soylocal,hiresnet50.in1k_supcon,False,,,,sgd,0.0,0.1,,0,200,448,8,600,600,20.0,,,23.6667,,,6.249,23.666666666666668,100.0,,,0.0062,30.4518,8.6172,16.3943,24.8229,24.8229,
vsplab,54,soylocal,hiresnet50.in1k_supcon,False,,,,sgd,0.0,0.1,,0,200,448,8,600,600,30.0,,,11.5,,,10.0613,11.5,100.0,,,0.0037,31.178,8.6172,16.3943,24.8349,24.8349,
vsplab,54,soylocal,hiresnet50.in1k_supcon,False,,,,sgd,0.0,0.1,,0,200,448,8,600,600,40.0,,,22.6667,,,6.7297,22.666666666666668,100.0,,,0.0024,30.7478,8.6172,16.3943,24.8469,24.8469,
vsplab,54,soylocal,hiresnet50.in1k_supcon,False,,,,sgd,0.0,0.1,,0,200,448,8,600,600,50.0,,,17.8333,,,7.9439,17.833333333333332,100.0,,,0.0022,30.82,8.6172,16.3944,24.8589,24.8589,
vsplab,54,soylocal,hiresnet50.in1k_supcon,False,,,,sgd,0.0,0.1,,0,200,448,8,600,600,70.0,,,34.3333,,,4.543,34.333333333333336,100.0,,,0.0006,31.2199,8.6172,16.3944,24.883,24.883,
vsplab,54,soylocal,hiresnet50.in1k_supcon,False,,,,sgd,0.0,0.1,,0,200,448,8,600,600,90.0,,,31.5,,,4.8322,31.5,100.0,,,0.0009,31.2318,8.6172,16.3944,24.907,24.907,
vsplab,54,soylocal,hiresnet50.in1k_swav,False,,,,adamw,0.05,5e-06,,0,200,448,8,600,600,10.0,,,53.0,,,2.7331,53.0,100.0,,,0.5013,28.0204,8.6172,16.3943,24.8109,24.8109,
vsplab,54,soylocal,hiresnet50.in1k_swav,False,,,,adamw,0.05,5e-06,,0,200,448,8,600,600,20.0,,,51.3333,,,2.7042,51.333333333333336,100.0,,,0.5333,29.2158,8.6172,16.3943,24.8229,24.8229,
vsplab,54,soylocal,hiresnet50.in1k_swav,False,,,,adamw,0.05,5e-06,,0,200,448,8,600,600,30.0,,,52.6667,,,2.6914,52.666666666666664,100.0,,,0.5526,28.4617,8.6172,16.3943,24.8349,24.8349,
vsplab,54,soylocal,hiresnet50.in1k_swav,False,,,,adamw,0.05,5e-06,,0,200,448,8,600,600,40.0,,,53.5,,,2.6838,53.5,100.0,,,0.5861,28.1675,8.6172,16.3943,24.8469,24.8469,
vsplab,54,soylocal,hiresnet50.in1k_swav,False,,,,adamw,0.05,5e-06,,0,200,448,8,600,600,50.0,,,55.1667,,,2.713,55.166666666666664,100.0,,,0.5926,29.6479,8.6172,16.3944,24.8589,24.8589,
vsplab,54,soylocal,hiresnet50.in1k_swav,False,,,,adamw,0.05,5e-06,,0,200,448,8,600,600,70.0,,,56.0,,,2.6567,56.0,100.0,,,0.7039,29.1835,8.6172,16.3944,24.883,24.883,
vsplab,54,soylocal,hiresnet50.in1k_swav,False,,,,adamw,0.05,5e-06,,0,200,448,8,600,600,90.0,,,53.6667,,,2.6702,53.666666666666664,100.0,,,0.7056,29.3456,8.6172,16.3944,24.907,24.907,
vsplab,54,soylocal,hiresnet50.in1k_swav,False,,,,adamw,0.05,1e-05,,0,200,448,8,600,600,10.0,,,55.0,,,2.4762,55.0,100.0,,,0.1366,28.0351,8.6172,16.3943,24.8109,24.8109,
vsplab,54,soylocal,hiresnet50.in1k_swav,False,,,,adamw,0.05,1e-05,,0,200,448,8,600,600,20.0,,,55.8333,,,2.4235,55.833333333333336,100.0,,,0.1279,29.0853,8.6172,16.3943,24.8229,24.8229,
vsplab,54,soylocal,hiresnet50.in1k_swav,False,,,,adamw,0.05,1e-05,,0,200,448,8,600,600,30.0,,,54.8333,,,2.4578,54.833333333333336,100.0,,,0.1301,29.7003,8.6172,16.3943,24.8349,24.8349,
vsplab,54,soylocal,hiresnet50.in1k_swav,False,,,,adamw,0.05,1e-05,,0,200,448,8,600,600,40.0,,,57.1667,,,2.4134,57.166666666666664,100.0,,,0.1309,29.0444,8.6172,16.3943,24.8469,24.8469,
vsplab,54,soylocal,hiresnet50.in1k_swav,False,,,,adamw,0.05,1e-05,,0,200,448,8,600,600,50.0,,,59.1667,,,2.4287,59.166666666666664,100.0,,,0.1268,29.1115,8.6172,16.3944,24.8589,24.8589,
vsplab,54,soylocal,hiresnet50.in1k_swav,False,,,,adamw,0.05,1e-05,,0,200,448,8,600,600,70.0,,,58.5,,,2.3859,58.5,100.0,,,0.1414,28.0748,8.6172,16.3944,24.883,24.883,
vsplab,54,soylocal,hiresnet50.in1k_swav,False,,,,adamw,0.05,1e-05,,0,200,448,8,600,600,90.0,,,54.3333,,,2.407,54.333333333333336,100.0,,,0.1348,28.2932,8.6172,16.3944,24.907,24.907,
vsplab,54,soylocal,hiresnet50.in1k_swav,False,,,,adamw,0.05,5e-05,,0,200,448,8,600,600,10.0,,,57.0,,,1.9068,57.0,100.0,,,0.0017,28.2481,8.6172,16.3943,24.8109,24.8109,
vsplab,54,soylocal,hiresnet50.in1k_swav,False,,,,adamw,0.05,5e-05,,0,200,448,8,600,600,20.0,,,59.0,,,1.8895,59.0,100.0,,,0.001,29.3335,8.6172,16.3943,24.8229,24.8229,
vsplab,54,soylocal,hiresnet50.in1k_swav,False,,,,adamw,0.05,5e-05,,0,200,448,8,600,600,30.0,,,58.3333,,,1.8996,58.333333333333336,100.0,,,0.0006,29.6741,8.6172,16.3943,24.8349,24.8349,
vsplab,54,soylocal,hiresnet50.in1k_swav,False,,,,adamw,0.05,5e-05,,0,200,448,8,600,600,40.0,,,60.5,,,1.8623,60.5,100.0,,,0.0006,29.085,8.6172,16.3943,24.8469,24.8469,
vsplab,54,soylocal,hiresnet50.in1k_swav,False,,,,adamw,0.05,5e-05,,0,200,448,8,600,600,50.0,,,59.6667,,,1.8416,59.666666666666664,100.0,,,0.0006,28.5505,8.6172,16.3944,24.8589,24.8589,
vsplab,54,soylocal,hiresnet50.in1k_swav,False,,,,adamw,0.05,5e-05,,0,200,448,8,600,600,70.0,,,60.0,,,1.7942,60.0,100.0,,,0.0005,28.2223,8.6172,16.3944,24.883,24.883,
vsplab,54,soylocal,hiresnet50.in1k_swav,False,,,,adamw,0.05,5e-05,,0,200,448,8,600,600,90.0,,,57.6667,,,1.8724,57.666666666666664,100.0,,,0.0006,29.149,8.6172,16.3944,24.907,24.907,
vsplab,54,soylocal,hiresnet50.in1k_swav,False,,,,adamw,0.05,0.0001,,0,200,448,8,600,600,10.0,,,59.8333,,,1.707,59.833333333333336,100.0,,,0.0011,27.7586,8.6172,16.3943,24.8109,24.8109,
vsplab,54,soylocal,hiresnet50.in1k_swav,False,,,,adamw,0.05,0.0001,,0,200,448,8,600,600,20.0,,,59.0,,,1.7231,59.0,100.0,,,0.0002,28.4623,8.6172,16.3943,24.8229,24.8229,
vsplab,54,soylocal,hiresnet50.in1k_swav,False,,,,adamw,0.05,0.0001,,0,200,448,8,600,600,30.0,,,58.0,,,1.8022,58.0,100.0,,,0.0002,28.9268,8.6172,16.3943,24.8349,24.8349,
vsplab,54,soylocal,hiresnet50.in1k_swav,False,,,,adamw,0.05,0.0001,,0,200,448,8,600,600,40.0,,,61.6667,,,1.718,61.666666666666664,100.0,,,0.0001,29.3247,8.6172,16.3943,24.8469,24.8469,
vsplab,54,soylocal,hiresnet50.in1k_swav,False,,,,adamw,0.05,0.0001,,0,200,448,8,600,600,50.0,,,61.0,,,1.7395,61.0,100.0,,,0.0001,29.7416,8.6172,16.3944,24.8589,24.8589,
vsplab,54,soylocal,hiresnet50.in1k_swav,False,,,,adamw,0.05,0.0001,,0,200,448,8,600,600,70.0,,,61.3333,,,1.6703,61.333333333333336,100.0,,,0.0001,28.5412,8.6172,16.3944,24.883,24.883,
vsplab,54,soylocal,hiresnet50.in1k_swav,False,,,,adamw,0.05,0.0001,,0,200,448,8,600,600,90.0,,,60.5,,,1.6996,60.5,100.0,,,0.0001,28.1376,8.6172,16.3944,24.907,24.907,
vsplab,54,soylocal,hiresnet50.in1k_swav,False,,,,adamw,0.05,0.0005,,0,200,448,8,600,600,10.0,,,58.5,,,1.8339,58.5,100.0,,,0.0017,29.0993,8.6172,16.3943,24.8109,24.8109,
vsplab,54,soylocal,hiresnet50.in1k_swav,False,,,,adamw,0.05,0.0005,,0,200,448,8,600,600,20.0,,,56.1667,,,1.8705,56.166666666666664,100.0,,,0.0003,29.1953,8.6172,16.3943,24.8229,24.8229,
vsplab,54,soylocal,hiresnet50.in1k_swav,False,,,,adamw,0.05,0.0005,,0,200,448,8,600,600,30.0,,,56.3333,,,1.9068,56.333333333333336,100.0,,,0.0001,28.8327,8.6172,16.3943,24.8349,24.8349,
vsplab,54,soylocal,hiresnet50.in1k_swav,False,,,,adamw,0.05,0.0005,,0,200,448,8,600,600,40.0,,,58.3333,,,1.842,58.333333333333336,100.0,,,0.0001,28.1318,8.6172,16.3943,24.8469,24.8469,
vsplab,54,soylocal,hiresnet50.in1k_swav,False,,,,adamw,0.05,0.0005,,0,200,448,8,600,600,50.0,,,56.8333,,,1.8335,56.833333333333336,100.0,,,0.0001,29.5995,8.6172,16.3944,24.8589,24.8589,
vsplab,54,soylocal,hiresnet50.in1k_swav,False,,,,adamw,0.05,0.0005,,0,200,448,8,600,600,70.0,,,59.0,,,1.7339,59.0,100.0,,,0.0,28.7908,8.6172,16.3944,24.883,24.883,
vsplab,54,soylocal,hiresnet50.in1k_swav,False,,,,adamw,0.05,0.0005,,0,200,448,8,600,600,90.0,,,62.5,,,1.5146,62.5,100.0,,,0.0,27.8814,8.6172,16.3944,24.907,24.907,
vsplab,54,soylocal,hiresnet50.in1k_swav,False,,,,adamw,0.05,0.001,,0,200,448,8,600,600,10.0,,,52.1667,,,2.2589,52.166666666666664,100.0,,,0.0016,28.4908,8.6172,16.3943,24.8109,24.8109,
vsplab,54,soylocal,hiresnet50.in1k_swav,False,,,,adamw,0.05,0.001,,0,200,448,8,600,600,20.0,,,54.0,,,2.321,54.0,100.0,,,0.0011,29.2746,8.6172,16.3943,24.8229,24.8229,
vsplab,54,soylocal,hiresnet50.in1k_swav,False,,,,adamw,0.05,0.001,,0,200,448,8,600,600,30.0,,,51.1667,,,2.3261,51.166666666666664,100.0,,,0.0004,29.2501,8.6172,16.3943,24.8349,24.8349,
vsplab,54,soylocal,hiresnet50.in1k_swav,False,,,,adamw,0.05,0.001,,0,200,448,8,600,600,40.0,,,54.3333,,,2.2361,54.333333333333336,100.0,,,0.0002,28.0062,8.6172,16.3943,24.8469,24.8469,
vsplab,54,soylocal,hiresnet50.in1k_swav,False,,,,adamw,0.05,0.001,,0,200,448,8,600,600,50.0,,,55.5,,,2.1353,55.5,100.0,,,0.0004,29.0119,8.6172,16.3944,24.8589,24.8589,
vsplab,54,soylocal,hiresnet50.in1k_swav,False,,,,adamw,0.05,0.001,,0,200,448,8,600,600,70.0,,,57.3333,,,2.1158,57.333333333333336,100.0,,,0.0005,29.6701,8.6172,16.3944,24.883,24.883,
vsplab,54,soylocal,hiresnet50.in1k_swav,False,,,,adamw,0.05,0.001,,0,200,448,8,600,600,90.0,,,56.3333,,,2.1141,56.333333333333336,100.0,,,0.0002,28.9796,8.6172,16.3944,24.907,24.907,
vsplab,54,soylocal,hiresnet50.in1k_swav,False,,,,sgd,0.0,0.003,,0,200,448,8,600,600,10.0,,,52.8333,,,2.4254,52.833333333333336,99.8333,,,0.8969,28.6017,8.6172,16.3943,24.8109,24.8109,
vsplab,54,soylocal,hiresnet50.in1k_swav,False,,,,sgd,0.0,0.003,,0,200,448,8,600,600,20.0,,,53.8333,,,2.4103,53.833333333333336,100.0,,,0.7785,28.2801,8.6172,16.3943,24.8229,24.8229,
vsplab,54,soylocal,hiresnet50.in1k_swav,False,,,,sgd,0.0,0.003,,0,200,448,8,600,600,30.0,,,55.6667,,,2.3825,55.666666666666664,100.0,,,0.8617,28.9103,8.6172,16.3943,24.8349,24.8349,
vsplab,54,soylocal,hiresnet50.in1k_swav,False,,,,sgd,0.0,0.003,,0,200,448,8,600,600,40.0,,,54.8333,,,2.3959,54.833333333333336,99.8333,,,0.8949,28.7367,8.6172,16.3943,24.8469,24.8469,
vsplab,54,soylocal,hiresnet50.in1k_swav,False,,,,sgd,0.0,0.003,,0,200,448,8,600,600,50.0,,,55.1667,,,2.3833,55.166666666666664,100.0,,,0.9446,28.3862,8.6172,16.3944,24.8589,24.8589,
vsplab,54,soylocal,hiresnet50.in1k_swav,False,,,,sgd,0.0,0.003,,0,200,448,8,600,600,70.0,,,57.0,,,2.3793,57.0,100.0,,,1.0027,28.7414,8.6172,16.3944,24.883,24.883,
vsplab,54,soylocal,hiresnet50.in1k_swav,False,,,,sgd,0.0,0.003,,0,200,448,8,600,600,90.0,,,53.0,,,2.3463,53.0,100.0,,,1.0169,28.6286,8.6172,16.3944,24.907,24.907,
vsplab,54,soylocal,hiresnet50.in1k_swav,False,,,,sgd,0.0,0.01,,0,200,448,8,600,600,10.0,,,61.0,,,1.6412,61.0,100.0,,,0.0101,29.2216,8.6172,16.3943,24.8109,24.8109,
vsplab,54,soylocal,hiresnet50.in1k_swav,False,,,,sgd,0.0,0.01,,0,200,448,8,600,600,20.0,,,61.8333,,,1.7067,61.833333333333336,100.0,,,0.0075,28.155,8.6172,16.3943,24.8229,24.8229,
vsplab,54,soylocal,hiresnet50.in1k_swav,False,,,,sgd,0.0,0.01,,0,200,448,8,600,600,30.0,,,62.0,,,1.6871,62.0,100.0,,,0.0058,28.9967,8.6172,16.3943,24.8349,24.8349,
vsplab,54,soylocal,hiresnet50.in1k_swav,False,,,,sgd,0.0,0.01,,0,200,448,8,600,600,40.0,,,60.1667,,,1.7052,60.166666666666664,100.0,,,0.0057,28.6792,8.6172,16.3943,24.8469,24.8469,
vsplab,54,soylocal,hiresnet50.in1k_swav,False,,,,sgd,0.0,0.01,,0,200,448,8,600,600,50.0,,,58.5,,,1.6892,58.5,100.0,,,0.0054,28.7803,8.6172,16.3944,24.8589,24.8589,
vsplab,54,soylocal,hiresnet50.in1k_swav,False,,,,sgd,0.0,0.01,,0,200,448,8,600,600,70.0,,,59.8333,,,1.6513,59.833333333333336,100.0,,,0.0049,28.9242,8.6172,16.3944,24.883,24.883,
vsplab,54,soylocal,hiresnet50.in1k_swav,False,,,,sgd,0.0,0.01,,0,200,448,8,600,600,90.0,,,60.1667,,,1.6546,60.166666666666664,100.0,,,0.0046,27.8986,8.6172,16.3944,24.907,24.907,
vsplab,54,soylocal,hiresnet50.in1k_swav,False,,,,sgd,0.0,0.03,,0,200,448,8,600,600,10.0,,,62.6667,,,1.5266,62.666666666666664,100.0,,,0.0081,28.7918,8.6172,16.3943,24.8109,24.8109,
vsplab,54,soylocal,hiresnet50.in1k_swav,False,,,,sgd,0.0,0.03,,0,200,448,8,600,600,20.0,,,59.1667,,,1.578,59.166666666666664,100.0,,,0.001,27.5914,8.6172,16.3943,24.8229,24.8229,
vsplab,54,soylocal,hiresnet50.in1k_swav,False,,,,sgd,0.0,0.03,,0,200,448,8,600,600,30.0,,,60.8333,,,1.5431,60.833333333333336,100.0,,,0.0011,28.9978,8.6172,16.3943,24.8349,24.8349,
vsplab,54,soylocal,hiresnet50.in1k_swav,False,,,,sgd,0.0,0.03,,0,200,448,8,600,600,40.0,,,64.0,,,1.4993,64.0,100.0,,,0.0008,28.6462,8.6172,16.3943,24.8469,24.8469,
vsplab,54,soylocal,hiresnet50.in1k_swav,False,,,,sgd,0.0,0.03,,0,200,448,8,600,600,50.0,,,62.5,,,1.5,62.5,100.0,,,0.0008,28.5232,8.6172,16.3944,24.8589,24.8589,
vsplab,54,soylocal,hiresnet50.in1k_swav,False,,,,sgd,0.0,0.03,,0,200,448,8,600,600,70.0,,,60.8333,,,1.5303,60.833333333333336,100.0,,,0.0009,29.2515,8.6172,16.3944,24.883,24.883,
vsplab,54,soylocal,hiresnet50.in1k_swav,False,,,,sgd,0.0,0.03,,0,200,448,8,600,600,90.0,,,64.1667,,,1.4788,64.16666666666667,100.0,,,0.0007,28.9161,8.6172,16.3944,24.907,24.907,
vsplab,54,soylocal,hiresnet50.in1k_swav,False,,,,sgd,0.0,0.1,,0,200,448,8,600,600,10.0,,,57.1667,,,2.0267,57.166666666666664,100.0,,,0.0002,29.1011,8.6172,16.3943,24.8109,24.8109,
vsplab,54,soylocal,hiresnet50.in1k_swav,False,,,,sgd,0.0,0.1,,0,200,448,8,600,600,20.0,,,56.3333,,,1.9337,56.333333333333336,100.0,,,0.0003,28.0365,8.6172,16.3943,24.8229,24.8229,
vsplab,54,soylocal,hiresnet50.in1k_swav,False,,,,sgd,0.0,0.1,,0,200,448,8,600,600,30.0,,,57.8333,,,1.7066,57.833333333333336,100.0,,,0.0002,28.7827,8.6172,16.3943,24.8349,24.8349,
vsplab,54,soylocal,hiresnet50.in1k_swav,False,,,,sgd,0.0,0.1,,0,200,448,8,600,600,40.0,,,58.3333,,,1.8629,58.333333333333336,100.0,,,0.0001,28.5566,8.6172,16.3943,24.8469,24.8469,
vsplab,54,soylocal,hiresnet50.in1k_swav,False,,,,sgd,0.0,0.1,,0,200,448,8,600,600,50.0,,,57.8333,,,1.8796,57.833333333333336,100.0,,,0.0001,28.4614,8.6172,16.3944,24.8589,24.8589,
vsplab,54,soylocal,hiresnet50.in1k_swav,False,,,,sgd,0.0,0.1,,0,200,448,8,600,600,70.0,,,58.8333,,,1.7646,58.833333333333336,100.0,,,0.0002,28.9203,8.6172,16.3944,24.883,24.883,
vsplab,54,soylocal,hiresnet50.in1k_swav,False,,,,sgd,0.0,0.1,,0,200,448,8,600,600,90.0,,,63.1667,,,1.5938,63.166666666666664,100.0,,,0.0001,27.9783,8.6172,16.3944,24.907,24.907,
vsplab,54,soylocal,hiresnet50.in21k_miil,False,,,,adamw,0.05,5e-06,,0,200,448,8,600,600,10.0,,,45.6667,,,2.9404,45.666666666666664,99.8333,,,1.0251,28.0519,8.6172,16.3943,24.8109,24.8109,
vsplab,54,soylocal,hiresnet50.in21k_miil,False,,,,adamw,0.05,5e-06,,0,200,448,8,600,600,20.0,,,46.0,,,2.9457,46.0,99.8333,,,1.0067,29.0468,8.6172,16.3943,24.8229,24.8229,
vsplab,54,soylocal,hiresnet50.in21k_miil,False,,,,adamw,0.05,5e-06,,0,200,448,8,600,600,30.0,,,47.1667,,,2.926,47.166666666666664,99.8333,,,1.0118,28.9327,8.6172,16.3943,24.8349,24.8349,
vsplab,54,soylocal,hiresnet50.in21k_miil,False,,,,adamw,0.05,5e-06,,0,200,448,8,600,600,40.0,,,45.5,,,2.9209,45.5,100.0,,,1.0194,29.1249,8.6172,16.3943,24.8469,24.8469,
vsplab,54,soylocal,hiresnet50.in21k_miil,False,,,,adamw,0.05,5e-06,,0,200,448,8,600,600,50.0,,,46.3333,,,2.8595,46.333333333333336,99.8333,,,1.1098,29.0879,8.6172,16.3944,24.8589,24.8589,
vsplab,54,soylocal,hiresnet50.in21k_miil,False,,,,adamw,0.05,5e-06,,0,200,448,8,600,600,70.0,,,46.3333,,,2.8985,46.333333333333336,100.0,,,1.2092,29.2164,8.6172,16.3944,24.883,24.883,
vsplab,54,soylocal,hiresnet50.in21k_miil,False,,,,adamw,0.05,5e-06,,0,200,448,8,600,600,90.0,,,47.8333,,,2.8332,47.833333333333336,99.8333,,,1.2453,28.3977,8.6172,16.3944,24.907,24.907,
vsplab,54,soylocal,hiresnet50.in21k_miil,False,,,,adamw,0.05,1e-05,,0,200,448,8,600,600,10.0,,,47.5,,,2.6665,47.5,100.0,,,0.3328,28.8941,8.6172,16.3943,24.8109,24.8109,
vsplab,54,soylocal,hiresnet50.in21k_miil,False,,,,adamw,0.05,1e-05,,0,200,448,8,600,600,20.0,,,47.8333,,,2.6798,47.833333333333336,100.0,,,0.3127,27.7782,8.6172,16.3943,24.8229,24.8229,
vsplab,54,soylocal,hiresnet50.in21k_miil,False,,,,adamw,0.05,1e-05,,0,200,448,8,600,600,30.0,,,49.3333,,,2.6445,49.333333333333336,100.0,,,0.2936,28.7085,8.6172,16.3943,24.8349,24.8349,
vsplab,54,soylocal,hiresnet50.in21k_miil,False,,,,adamw,0.05,1e-05,,0,200,448,8,600,600,40.0,,,49.0,,,2.6751,49.0,100.0,,,0.2764,28.6181,8.6172,16.3943,24.8469,24.8469,
vsplab,54,soylocal,hiresnet50.in21k_miil,False,,,,adamw,0.05,1e-05,,0,200,448,8,600,600,50.0,,,48.3333,,,2.5843,48.333333333333336,100.0,,,0.2829,28.342,8.6172,16.3944,24.8589,24.8589,
vsplab,54,soylocal,hiresnet50.in21k_miil,False,,,,adamw,0.05,1e-05,,0,200,448,8,600,600,70.0,,,49.3333,,,2.6304,49.333333333333336,100.0,,,0.3267,29.5636,8.6172,16.3944,24.883,24.883,
vsplab,54,soylocal,hiresnet50.in21k_miil,False,,,,adamw,0.05,1e-05,,0,200,448,8,600,600,90.0,,,49.1667,,,2.5682,49.166666666666664,100.0,,,0.3043,29.7586,8.6172,16.3944,24.907,24.907,
vsplab,54,soylocal,hiresnet50.in21k_miil,False,,,,adamw,0.05,5e-05,,0,200,448,8,600,600,10.0,,,54.5,,,1.9976,54.5,100.0,,,0.0015,29.4497,8.6172,16.3943,24.8109,24.8109,
vsplab,54,soylocal,hiresnet50.in21k_miil,False,,,,adamw,0.05,5e-05,,0,200,448,8,600,600,20.0,,,53.3333,,,2.0325,53.333333333333336,100.0,,,0.001,28.9466,8.6172,16.3943,24.8229,24.8229,
vsplab,54,soylocal,hiresnet50.in21k_miil,False,,,,adamw,0.05,5e-05,,0,200,448,8,600,600,30.0,,,52.5,,,2.0538,52.5,100.0,,,0.0007,29.3827,8.6172,16.3943,24.8349,24.8349,
vsplab,54,soylocal,hiresnet50.in21k_miil,False,,,,adamw,0.05,5e-05,,0,200,448,8,600,600,40.0,,,52.6667,,,2.0617,52.666666666666664,100.0,,,0.0007,28.0387,8.6172,16.3943,24.8469,24.8469,
vsplab,54,soylocal,hiresnet50.in21k_miil,False,,,,adamw,0.05,5e-05,,0,200,448,8,600,600,50.0,,,52.8333,,,2.0402,52.833333333333336,100.0,,,0.0008,29.4582,8.6172,16.3944,24.8589,24.8589,
vsplab,54,soylocal,hiresnet50.in21k_miil,False,,,,adamw,0.05,5e-05,,0,200,448,8,600,600,70.0,,,49.8333,,,2.0812,49.833333333333336,100.0,,,0.0007,28.579,8.6172,16.3944,24.883,24.883,
vsplab,54,soylocal,hiresnet50.in21k_miil,False,,,,adamw,0.05,5e-05,,0,200,448,8,600,600,90.0,,,52.5,,,2.0534,52.5,100.0,,,0.0005,29.698,8.6172,16.3944,24.907,24.907,
vsplab,54,soylocal,hiresnet50.in21k_miil,False,,,,adamw,0.05,0.0001,,0,200,448,8,600,600,10.0,,,53.1667,,,1.9885,53.166666666666664,100.0,,,0.0003,28.5151,8.6172,16.3943,24.8109,24.8109,
vsplab,54,soylocal,hiresnet50.in21k_miil,False,,,,adamw,0.05,0.0001,,0,200,448,8,600,600,20.0,,,55.1667,,,2.0033,55.166666666666664,100.0,,,0.0003,28.8239,8.6172,16.3943,24.8229,24.8229,
vsplab,54,soylocal,hiresnet50.in21k_miil,False,,,,adamw,0.05,0.0001,,0,200,448,8,600,600,30.0,,,55.8333,,,1.9333,55.833333333333336,100.0,,,0.0002,29.1878,8.6172,16.3943,24.8349,24.8349,
vsplab,54,soylocal,hiresnet50.in21k_miil,False,,,,adamw,0.05,0.0001,,0,200,448,8,600,600,40.0,,,52.8333,,,2.0267,52.833333333333336,100.0,,,0.0002,28.2935,8.6172,16.3943,24.8469,24.8469,
vsplab,54,soylocal,hiresnet50.in21k_miil,False,,,,adamw,0.05,0.0001,,0,200,448,8,600,600,50.0,,,55.1667,,,1.9162,55.166666666666664,100.0,,,0.0001,29.4663,8.6172,16.3944,24.8589,24.8589,
vsplab,54,soylocal,hiresnet50.in21k_miil,False,,,,adamw,0.05,0.0001,,0,200,448,8,600,600,70.0,,,53.3333,,,2.0312,53.333333333333336,100.0,,,0.0001,28.5352,8.6172,16.3944,24.883,24.883,
vsplab,54,soylocal,hiresnet50.in21k_miil,False,,,,adamw,0.05,0.0001,,0,200,448,8,600,600,90.0,,,55.5,,,1.9561,55.5,100.0,,,0.0001,28.7489,8.6172,16.3944,24.907,24.907,
vsplab,54,soylocal,hiresnet50.in21k_miil,False,,,,adamw,0.05,0.0005,,0,200,448,8,600,600,10.0,,,51.1667,,,2.1519,51.166666666666664,100.0,,,0.001,29.0637,8.6172,16.3943,24.8109,24.8109,
vsplab,54,soylocal,hiresnet50.in21k_miil,False,,,,adamw,0.05,0.0005,,0,200,448,8,600,600,20.0,,,52.8333,,,2.0348,52.833333333333336,100.0,,,0.0003,27.7825,8.6172,16.3943,24.8229,24.8229,
vsplab,54,soylocal,hiresnet50.in21k_miil,False,,,,adamw,0.05,0.0005,,0,200,448,8,600,600,30.0,,,49.8333,,,2.2212,49.833333333333336,100.0,,,0.0,27.9562,8.6172,16.3943,24.8349,24.8349,
vsplab,54,soylocal,hiresnet50.in21k_miil,False,,,,adamw,0.05,0.0005,,0,200,448,8,600,600,40.0,,,55.6667,,,2.0403,55.666666666666664,100.0,,,0.0,29.0117,8.6172,16.3943,24.8469,24.8469,
vsplab,54,soylocal,hiresnet50.in21k_miil,False,,,,adamw,0.05,0.0005,,0,200,448,8,600,600,50.0,,,50.6667,,,2.0805,50.666666666666664,100.0,,,0.0,28.1818,8.6172,16.3944,24.8589,24.8589,
vsplab,54,soylocal,hiresnet50.in21k_miil,False,,,,adamw,0.05,0.0005,,0,200,448,8,600,600,70.0,,,53.3333,,,2.1046,53.333333333333336,100.0,,,0.0,28.4372,8.6172,16.3944,24.883,24.883,
vsplab,54,soylocal,hiresnet50.in21k_miil,False,,,,adamw,0.05,0.0005,,0,200,448,8,600,600,90.0,,,54.0,,,1.9332,54.0,100.0,,,0.0,29.8186,8.6172,16.3944,24.907,24.907,
vsplab,54,soylocal,hiresnet50.in21k_miil,False,,,,adamw,0.05,0.001,,0,200,448,8,600,600,10.0,,,47.0,,,2.5719,47.0,100.0,,,0.0012,29.2335,8.6172,16.3943,24.8109,24.8109,
vsplab,54,soylocal,hiresnet50.in21k_miil,False,,,,adamw,0.05,0.001,,0,200,448,8,600,600,20.0,,,48.5,,,2.4238,48.5,100.0,,,0.0007,29.0911,8.6172,16.3943,24.8229,24.8229,
vsplab,54,soylocal,hiresnet50.in21k_miil,False,,,,adamw,0.05,0.001,,0,200,448,8,600,600,30.0,,,49.3333,,,2.4549,49.333333333333336,100.0,,,0.0002,29.077,8.6172,16.3943,24.8349,24.8349,
vsplab,54,soylocal,hiresnet50.in21k_miil,False,,,,adamw,0.05,0.001,,0,200,448,8,600,600,40.0,,,47.6667,,,2.6132,47.666666666666664,100.0,,,0.0001,29.0763,8.6172,16.3943,24.8469,24.8469,
vsplab,54,soylocal,hiresnet50.in21k_miil,False,,,,adamw,0.05,0.001,,0,200,448,8,600,600,50.0,,,48.0,,,2.5478,48.0,100.0,,,0.0002,29.1755,8.6172,16.3944,24.8589,24.8589,
vsplab,54,soylocal,hiresnet50.in21k_miil,False,,,,adamw,0.05,0.001,,0,200,448,8,600,600,70.0,,,50.8333,,,2.454,50.833333333333336,100.0,,,0.0005,28.5556,8.6172,16.3944,24.883,24.883,
vsplab,54,soylocal,hiresnet50.in21k_miil,False,,,,adamw,0.05,0.001,,0,200,448,8,600,600,90.0,,,51.5,,,2.4987,51.5,100.0,,,0.0001,29.3873,8.6172,16.3944,24.907,24.907,
vsplab,54,soylocal,hiresnet50.in21k_miil,False,,,,sgd,0.0,0.003,,0,200,448,8,600,600,10.0,,,47.1667,,,2.7766,47.166666666666664,99.0,,,1.325,28.2273,8.6172,16.3943,24.8109,24.8109,
vsplab,54,soylocal,hiresnet50.in21k_miil,False,,,,sgd,0.0,0.003,,0,200,448,8,600,600,20.0,,,48.8333,,,2.7913,48.833333333333336,98.8333,,,1.4177,27.6922,8.6172,16.3943,24.8229,24.8229,
vsplab,54,soylocal,hiresnet50.in21k_miil,False,,,,sgd,0.0,0.003,,0,200,448,8,600,600,30.0,,,49.1667,,,2.7308,49.166666666666664,99.3333,,,1.4088,28.6782,8.6172,16.3943,24.8349,24.8349,
vsplab,54,soylocal,hiresnet50.in21k_miil,False,,,,sgd,0.0,0.003,,0,200,448,8,600,600,40.0,,,47.5,,,2.7778,47.5,99.6667,,,1.4095,28.4981,8.6172,16.3943,24.8469,24.8469,
vsplab,54,soylocal,hiresnet50.in21k_miil,False,,,,sgd,0.0,0.003,,0,200,448,8,600,600,50.0,,,49.3333,,,2.6974,49.333333333333336,99.3333,,,1.486,28.8096,8.6172,16.3944,24.8589,24.8589,
vsplab,54,soylocal,hiresnet50.in21k_miil,False,,,,sgd,0.0,0.003,,0,200,448,8,600,600,70.0,,,48.8333,,,2.6879,48.833333333333336,99.6667,,,1.3962,28.0373,8.6172,16.3944,24.883,24.883,
vsplab,54,soylocal,hiresnet50.in21k_miil,False,,,,sgd,0.0,0.003,,0,200,448,8,600,600,90.0,,,49.3333,,,2.6688,49.333333333333336,99.8333,,,1.5291,27.8816,8.6172,16.3944,24.907,24.907,
vsplab,54,soylocal,hiresnet50.in21k_miil,False,,,,sgd,0.0,0.01,,0,200,448,8,600,600,10.0,,,55.6667,,,1.9376,55.666666666666664,100.0,,,0.0176,28.8191,8.6172,16.3943,24.8109,24.8109,
vsplab,54,soylocal,hiresnet50.in21k_miil,False,,,,sgd,0.0,0.01,,0,200,448,8,600,600,20.0,,,53.3333,,,1.9306,53.333333333333336,100.0,,,0.0118,28.5825,8.6172,16.3943,24.8229,24.8229,
vsplab,54,soylocal,hiresnet50.in21k_miil,False,,,,sgd,0.0,0.01,,0,200,448,8,600,600,30.0,,,55.1667,,,1.973,55.166666666666664,100.0,,,0.0066,27.7362,8.6172,16.3943,24.8349,24.8349,
vsplab,54,soylocal,hiresnet50.in21k_miil,False,,,,sgd,0.0,0.01,,0,200,448,8,600,600,40.0,,,52.0,,,2.0231,52.0,100.0,,,0.0069,27.4122,8.6172,16.3943,24.8469,24.8469,
vsplab,54,soylocal,hiresnet50.in21k_miil,False,,,,sgd,0.0,0.01,,0,200,448,8,600,600,50.0,,,54.8333,,,1.9553,54.833333333333336,100.0,,,0.0067,28.322,8.6172,16.3944,24.8589,24.8589,
vsplab,54,soylocal,hiresnet50.in21k_miil,False,,,,sgd,0.0,0.01,,0,200,448,8,600,600,70.0,,,56.0,,,1.9328,56.0,100.0,,,0.0067,29.224,8.6172,16.3944,24.883,24.883,
vsplab,54,soylocal,hiresnet50.in21k_miil,False,,,,sgd,0.0,0.01,,0,200,448,8,600,600,90.0,,,55.3333,,,1.9341,55.333333333333336,100.0,,,0.0062,27.8577,8.6172,16.3944,24.907,24.907,
vsplab,54,soylocal,hiresnet50.in21k_miil,False,,,,sgd,0.0,0.03,,0,200,448,8,600,600,10.0,,,51.0,,,2.0769,51.0,100.0,,,0.0032,28.8862,8.6172,16.3943,24.8109,24.8109,
vsplab,54,soylocal,hiresnet50.in21k_miil,False,,,,sgd,0.0,0.03,,0,200,448,8,600,600,20.0,,,51.3333,,,2.0844,51.333333333333336,100.0,,,0.0006,27.5321,8.6172,16.3943,24.8229,24.8229,
vsplab,54,soylocal,hiresnet50.in21k_miil,False,,,,sgd,0.0,0.03,,0,200,448,8,600,600,30.0,,,54.0,,,1.924,54.0,100.0,,,0.0007,27.7278,8.6172,16.3943,24.8349,24.8349,
vsplab,54,soylocal,hiresnet50.in21k_miil,False,,,,sgd,0.0,0.03,,0,200,448,8,600,600,40.0,,,54.6667,,,1.9502,54.666666666666664,100.0,,,0.0008,27.9517,8.6172,16.3943,24.8469,24.8469,
vsplab,54,soylocal,hiresnet50.in21k_miil,False,,,,sgd,0.0,0.03,,0,200,448,8,600,600,50.0,,,53.0,,,1.8922,53.0,100.0,,,0.0008,27.4166,8.6172,16.3944,24.8589,24.8589,
vsplab,54,soylocal,hiresnet50.in21k_miil,False,,,,sgd,0.0,0.03,,0,200,448,8,600,600,70.0,,,52.6667,,,1.9088,52.666666666666664,100.0,,,0.0009,29.1234,8.6172,16.3944,24.883,24.883,
vsplab,54,soylocal,hiresnet50.in21k_miil,False,,,,sgd,0.0,0.03,,0,200,448,8,600,600,90.0,,,55.3333,,,1.8965,55.333333333333336,100.0,,,0.0008,28.8019,8.6172,16.3944,24.907,24.907,
vsplab,54,soylocal,hiresnet50.in21k_miil,False,,,,sgd,0.0,0.1,,0,200,448,8,600,600,10.0,,,45.3333,,,2.6455,45.333333333333336,100.0,,,0.0002,28.9427,8.6172,16.3943,24.8109,24.8109,
vsplab,54,soylocal,hiresnet50.in21k_miil,False,,,,sgd,0.0,0.1,,0,200,448,8,600,600,20.0,,,40.5,,,2.7921,40.5,100.0,,,0.0006,27.6156,8.6172,16.3943,24.8229,24.8229,
vsplab,54,soylocal,hiresnet50.in21k_miil,False,,,,sgd,0.0,0.1,,0,200,448,8,600,600,30.0,,,44.5,,,2.7292,44.5,100.0,,,0.0002,28.7393,8.6172,16.3943,24.8349,24.8349,
vsplab,54,soylocal,hiresnet50.in21k_miil,False,,,,sgd,0.0,0.1,,0,200,448,8,600,600,40.0,,,42.6667,,,2.7193,42.666666666666664,100.0,,,0.0005,27.9652,8.6172,16.3943,24.8469,24.8469,
vsplab,54,soylocal,hiresnet50.in21k_miil,False,,,,sgd,0.0,0.1,,0,200,448,8,600,600,50.0,,,42.1667,,,2.7184,42.166666666666664,100.0,,,0.0002,27.9669,8.6172,16.3944,24.8589,24.8589,
vsplab,54,soylocal,hiresnet50.in21k_miil,False,,,,sgd,0.0,0.1,,0,200,448,8,600,600,70.0,,,45.5,,,2.5978,45.5,100.0,,,0.0002,28.6007,8.6172,16.3944,24.883,24.883,
vsplab,54,soylocal,hiresnet50.in21k_miil,False,,,,sgd,0.0,0.1,,0,200,448,8,600,600,90.0,,,45.6667,,,2.4455,45.666666666666664,100.0,,,0.0001,28.9432,8.6172,16.3944,24.907,24.907,
fae-G493-ZB3-AAP1-000,54,soylocal,hiresnet50.tv2_in1k,False,,,,adamw,0.05,5e-06,,0,200,448,8,600,600,10.0,,,50.8333,,,2.7785,50.833333333333336,100.0,,,0.1415,31.6334,0.166,16.3943,24.8109,24.8109,
fae-G493-ZB3-AAP1-000,54,soylocal,hiresnet50.tv2_in1k,False,,,,adamw,0.05,5e-06,,0,200,448,8,600,600,20.0,,,53.0,,,2.7643,53.0,100.0,,,0.1166,32.1865,0.166,16.3943,24.8229,24.8229,
fae-G493-ZB3-AAP1-000,54,soylocal,hiresnet50.tv2_in1k,False,,,,adamw,0.05,5e-06,,0,200,448,8,600,600,30.0,,,49.3333,,,2.7252,49.333333333333336,100.0,,,0.124,27.1542,0.166,16.3943,24.8349,24.8349,
fae-G493-ZB3-AAP1-000,54,soylocal,hiresnet50.tv2_in1k,False,,,,adamw,0.05,5e-06,,0,200,448,8,600,600,40.0,,,51.6667,,,2.7602,51.666666666666664,100.0,,,0.1367,29.5173,0.166,16.3943,24.8469,24.8469,
fae-G493-ZB3-AAP1-000,54,soylocal,hiresnet50.tv2_in1k,False,,,,adamw,0.05,5e-06,,0,200,448,8,600,600,50.0,,,51.0,,,2.7969,51.0,100.0,,,0.1426,31.1053,0.166,16.3944,24.8589,24.8589,
fae-G493-ZB3-AAP1-000,54,soylocal,hiresnet50.tv2_in1k,False,,,,adamw,0.05,5e-06,,0,200,448,8,600,600,70.0,,,51.8333,,,2.7311,51.833333333333336,100.0,,,0.1438,30.7745,0.166,16.3944,24.883,24.883,
fae-G493-ZB3-AAP1-000,54,soylocal,hiresnet50.tv2_in1k,False,,,,adamw,0.05,5e-06,,0,200,448,8,600,600,90.0,,,52.1667,,,2.7479,52.166666666666664,100.0,,,0.1647,30.9237,0.166,16.3944,24.907,24.907,
fae-G493-ZB3-AAP1-000,54,soylocal,hiresnet50.tv2_in1k,False,,,,adamw,0.05,1e-05,,0,200,448,8,600,600,10.0,,,52.5,,,2.5634,52.5,100.0,,,0.0285,32.1282,0.166,16.3943,24.8109,24.8109,
fae-G493-ZB3-AAP1-000,54,soylocal,hiresnet50.tv2_in1k,False,,,,adamw,0.05,1e-05,,0,200,448,8,600,600,20.0,,,52.3333,,,2.5352,52.333333333333336,100.0,,,0.025,32.0797,0.166,16.3943,24.8229,24.8229,
fae-G493-ZB3-AAP1-000,54,soylocal,hiresnet50.tv2_in1k,False,,,,adamw,0.05,1e-05,,0,200,448,8,600,600,30.0,,,52.0,,,2.5382,52.0,100.0,,,0.0218,27.3823,0.166,16.3943,24.8349,24.8349,
fae-G493-ZB3-AAP1-000,54,soylocal,hiresnet50.tv2_in1k,False,,,,adamw,0.05,1e-05,,0,200,448,8,600,600,40.0,,,54.3333,,,2.5208,54.333333333333336,100.0,,,0.0239,28.4304,0.166,16.3943,24.8469,24.8469,
fae-G493-ZB3-AAP1-000,54,soylocal,hiresnet50.tv2_in1k,False,,,,adamw,0.05,1e-05,,0,200,448,8,600,600,50.0,,,51.3333,,,2.5292,51.333333333333336,100.0,,,0.0235,30.3684,0.166,16.3944,24.8589,24.8589,
fae-G493-ZB3-AAP1-000,54,soylocal,hiresnet50.tv2_in1k,False,,,,adamw,0.05,1e-05,,0,200,448,8,600,600,70.0,,,55.0,,,2.4838,55.0,100.0,,,0.0214,30.5766,0.166,16.3944,24.883,24.883,
fae-G493-ZB3-AAP1-000,54,soylocal,hiresnet50.tv2_in1k,False,,,,adamw,0.05,1e-05,,0,200,448,8,600,600,90.0,,,53.3333,,,2.5344,53.333333333333336,100.0,,,0.0241,31.4906,0.166,16.3944,24.907,24.907,
fae-G493-ZB3-AAP1-000,54,soylocal,hiresnet50.tv2_in1k,False,,,,adamw,0.05,5e-05,,0,200,448,8,600,600,10.0,,,56.0,,,2.0583,56.0,100.0,,,0.0006,31.8018,0.166,16.3943,24.8109,24.8109,
fae-G493-ZB3-AAP1-000,54,soylocal,hiresnet50.tv2_in1k,False,,,,adamw,0.05,5e-05,,0,200,448,8,600,600,20.0,,,53.1667,,,2.1726,53.166666666666664,100.0,,,0.0005,31.686,0.166,16.3943,24.8229,24.8229,
fae-G493-ZB3-AAP1-000,54,soylocal,hiresnet50.tv2_in1k,False,,,,adamw,0.05,5e-05,,0,200,448,8,600,600,30.0,,,55.0,,,2.0409,55.0,100.0,,,0.0008,28.1077,0.166,16.3943,24.8349,24.8349,
fae-G493-ZB3-AAP1-000,54,soylocal,hiresnet50.tv2_in1k,False,,,,adamw,0.05,5e-05,,0,200,448,8,600,600,40.0,,,56.0,,,2.0853,56.0,100.0,,,0.0005,28.4368,0.166,16.3943,24.8469,24.8469,
fae-G493-ZB3-AAP1-000,54,soylocal,hiresnet50.tv2_in1k,False,,,,adamw,0.05,5e-05,,0,200,448,8,600,600,50.0,,,54.8333,,,2.0894,54.833333333333336,100.0,,,0.0003,30.1782,0.166,16.3944,24.8589,24.8589,
fae-G493-ZB3-AAP1-000,54,soylocal,hiresnet50.tv2_in1k,False,,,,adamw,0.05,5e-05,,0,200,448,8,600,600,70.0,,,57.3333,,,2.0013,57.333333333333336,100.0,,,0.0003,30.4391,0.166,16.3944,24.883,24.883,
fae-G493-ZB3-AAP1-000,54,soylocal,hiresnet50.tv2_in1k,False,,,,adamw,0.05,5e-05,,0,200,448,8,600,600,90.0,,,53.8333,,,2.1063,53.833333333333336,100.0,,,0.0003,31.9192,0.166,16.3944,24.907,24.907,
fae-G493-ZB3-AAP1-000,54,soylocal,hiresnet50.tv2_in1k,False,,,,adamw,0.05,0.0001,,0,200,448,8,600,600,10.0,,,55.5,,,1.9867,55.5,100.0,,,0.0006,32.3618,0.166,16.3943,24.8109,24.8109,
fae-G493-ZB3-AAP1-000,54,soylocal,hiresnet50.tv2_in1k,False,,,,adamw,0.05,0.0001,,0,200,448,8,600,600,20.0,,,56.1667,,,1.9285,56.166666666666664,100.0,,,0.0001,31.9046,0.166,16.3943,24.8229,24.8229,
fae-G493-ZB3-AAP1-000,54,soylocal,hiresnet50.tv2_in1k,False,,,,adamw,0.05,0.0001,,0,200,448,8,600,600,30.0,,,54.3333,,,2.0031,54.333333333333336,100.0,,,0.0001,29.6497,0.166,16.3943,24.8349,24.8349,
fae-G493-ZB3-AAP1-000,54,soylocal,hiresnet50.tv2_in1k,False,,,,adamw,0.05,0.0001,,0,200,448,8,600,600,40.0,,,55.6667,,,1.9562,55.666666666666664,100.0,,,0.0001,27.8388,0.166,16.3943,24.8469,24.8469,
fae-G493-ZB3-AAP1-000,54,soylocal,hiresnet50.tv2_in1k,False,,,,adamw,0.05,0.0001,,0,200,448,8,600,600,50.0,,,57.0,,,1.8485,57.0,100.0,,,0.0001,31.208,0.166,16.3944,24.8589,24.8589,
fae-G493-ZB3-AAP1-000,54,soylocal,hiresnet50.tv2_in1k,False,,,,adamw,0.05,0.0001,,0,200,448,8,600,600,70.0,,,57.0,,,1.9075,57.0,100.0,,,0.0001,31.0965,0.166,16.3944,24.883,24.883,
fae-G493-ZB3-AAP1-000,54,soylocal,hiresnet50.tv2_in1k,False,,,,adamw,0.05,0.0001,,0,200,448,8,600,600,90.0,,,54.1667,,,1.9221,54.166666666666664,100.0,,,0.0001,30.8249,0.166,16.3944,24.907,24.907,
fae-G493-ZB3-AAP1-000,54,soylocal,hiresnet50.tv2_in1k,False,,,,adamw,0.05,0.0005,,0,200,448,8,600,600,10.0,,,52.3333,,,2.1675,52.333333333333336,100.0,,,0.0003,32.2197,0.166,16.3943,24.8109,24.8109,
fae-G493-ZB3-AAP1-000,54,soylocal,hiresnet50.tv2_in1k,False,,,,adamw,0.05,0.0005,,0,200,448,8,600,600,20.0,,,57.0,,,1.8939,57.0,100.0,,,0.0012,31.4287,0.166,16.3943,24.8229,24.8229,
fae-G493-ZB3-AAP1-000,54,soylocal,hiresnet50.tv2_in1k,False,,,,adamw,0.05,0.0005,,0,200,448,8,600,600,30.0,,,53.5,,,2.077,53.5,100.0,,,0.0002,32.1649,0.166,16.3943,24.8349,24.8349,
fae-G493-ZB3-AAP1-000,54,soylocal,hiresnet50.tv2_in1k,False,,,,adamw,0.05,0.0005,,0,200,448,8,600,600,40.0,,,55.3333,,,2.0142,55.333333333333336,100.0,,,0.0001,27.0247,0.166,16.3943,24.8469,24.8469,
fae-G493-ZB3-AAP1-000,54,soylocal,hiresnet50.tv2_in1k,False,,,,adamw,0.05,0.0005,,0,200,448,8,600,600,50.0,,,53.0,,,2.0822,53.0,100.0,,,0.0001,30.6157,0.166,16.3944,24.8589,24.8589,
fae-G493-ZB3-AAP1-000,54,soylocal,hiresnet50.tv2_in1k,False,,,,adamw,0.05,0.0005,,0,200,448,8,600,600,70.0,,,56.5,,,1.9489,56.5,100.0,,,0.0001,30.3008,0.166,16.3944,24.883,24.883,
fae-G493-ZB3-AAP1-000,54,soylocal,hiresnet50.tv2_in1k,False,,,,adamw,0.05,0.0005,,0,200,448,8,600,600,90.0,,,54.8333,,,1.9836,54.833333333333336,100.0,,,0.0001,30.8449,0.166,16.3944,24.907,24.907,
fae-G493-ZB3-AAP1-000,54,soylocal,hiresnet50.tv2_in1k,False,,,,adamw,0.05,0.001,,0,200,448,8,600,600,10.0,,,50.3333,,,2.6586,50.333333333333336,100.0,,,0.001,31.6915,0.166,16.3943,24.8109,24.8109,
fae-G493-ZB3-AAP1-000,54,soylocal,hiresnet50.tv2_in1k,False,,,,adamw,0.05,0.001,,0,200,448,8,600,600,20.0,,,53.0,,,2.3983,53.0,100.0,,,0.0008,31.5145,0.166,16.3943,24.8229,24.8229,
fae-G493-ZB3-AAP1-000,54,soylocal,hiresnet50.tv2_in1k,False,,,,adamw,0.05,0.001,,0,200,448,8,600,600,30.0,,,49.5,,,2.7101,49.5,100.0,,,0.0007,31.9215,0.166,16.3943,24.8349,24.8349,
fae-G493-ZB3-AAP1-000,54,soylocal,hiresnet50.tv2_in1k,False,,,,adamw,0.05,0.001,,0,200,448,8,600,600,40.0,,,51.3333,,,2.6342,51.333333333333336,100.0,,,0.0003,27.3649,0.166,16.3943,24.8469,24.8469,
fae-G493-ZB3-AAP1-000,54,soylocal,hiresnet50.tv2_in1k,False,,,,adamw,0.05,0.001,,0,200,448,8,600,600,50.0,,,50.0,,,2.6479,50.0,100.0,,,0.0009,30.4007,0.166,16.3944,24.8589,24.8589,
fae-G493-ZB3-AAP1-000,54,soylocal,hiresnet50.tv2_in1k,False,,,,adamw,0.05,0.001,,0,200,448,8,600,600,70.0,,,52.8333,,,2.4914,52.833333333333336,100.0,,,0.0003,30.4574,0.166,16.3944,24.883,24.883,
fae-G493-ZB3-AAP1-000,54,soylocal,hiresnet50.tv2_in1k,False,,,,adamw,0.05,0.001,,0,200,448,8,600,600,90.0,,,51.1667,,,2.843,51.166666666666664,100.0,,,0.0001,30.8678,0.166,16.3944,24.907,24.907,
fae-G493-ZB3-AAP1-000,54,soylocal,hiresnet50.tv2_in1k,False,,,,sgd,0.0,0.003,,0,200,448,8,600,600,10.0,,,46.1667,,,2.8494,46.166666666666664,99.8333,,,1.0461,32.0005,0.166,16.3943,24.8109,24.8109,
fae-G493-ZB3-AAP1-000,54,soylocal,hiresnet50.tv2_in1k,False,,,,sgd,0.0,0.003,,0,200,448,8,600,600,20.0,,,50.1667,,,2.7697,50.166666666666664,100.0,,,0.8052,31.1904,0.166,16.3943,24.8229,24.8229,
fae-G493-ZB3-AAP1-000,54,soylocal,hiresnet50.tv2_in1k,False,,,,sgd,0.0,0.003,,0,200,448,8,600,600,30.0,,,51.0,,,2.774,51.0,100.0,,,0.8285,32.1838,0.166,16.3943,24.8349,24.8349,
fae-G493-ZB3-AAP1-000,54,soylocal,hiresnet50.tv2_in1k,False,,,,sgd,0.0,0.003,,0,200,448,8,600,600,40.0,,,51.0,,,2.797,51.0,100.0,,,1.014,28.1151,0.166,16.3943,24.8469,24.8469,
fae-G493-ZB3-AAP1-000,54,soylocal,hiresnet50.tv2_in1k,False,,,,sgd,0.0,0.003,,0,200,448,8,600,600,50.0,,,49.8333,,,2.7577,49.833333333333336,100.0,,,0.9287,30.5299,0.166,16.3944,24.8589,24.8589,
fae-G493-ZB3-AAP1-000,54,soylocal,hiresnet50.tv2_in1k,False,,,,sgd,0.0,0.003,,0,200,448,8,600,600,70.0,,,53.5,,,2.7452,53.5,99.8333,,,1.2666,32.0282,0.166,16.3944,24.883,24.883,
fae-G493-ZB3-AAP1-000,54,soylocal,hiresnet50.tv2_in1k,False,,,,sgd,0.0,0.003,,0,200,448,8,600,600,90.0,,,50.8333,,,2.7694,50.833333333333336,99.8333,,,1.3442,31.2232,0.166,16.3944,24.907,24.907,
fae-G493-ZB3-AAP1-000,54,soylocal,hiresnet50.tv2_in1k,False,,,,sgd,0.0,0.01,,0,200,448,8,600,600,10.0,,,52.3333,,,2.0372,52.333333333333336,100.0,,,0.0052,31.1691,0.166,16.3943,24.8109,24.8109,
fae-G493-ZB3-AAP1-000,54,soylocal,hiresnet50.tv2_in1k,False,,,,sgd,0.0,0.01,,0,200,448,8,600,600,20.0,,,57.5,,,1.9548,57.5,100.0,,,0.0038,31.3716,0.166,16.3943,24.8229,24.8229,
fae-G493-ZB3-AAP1-000,54,soylocal,hiresnet50.tv2_in1k,False,,,,sgd,0.0,0.01,,0,200,448,8,600,600,30.0,,,55.0,,,2.0467,55.0,100.0,,,0.0038,32.0778,0.166,16.3943,24.8349,24.8349,
fae-G493-ZB3-AAP1-000,54,soylocal,hiresnet50.tv2_in1k,False,,,,sgd,0.0,0.01,,0,200,448,8,600,600,40.0,,,57.5,,,1.9495,57.5,100.0,,,0.0037,27.2547,0.166,16.3943,24.8469,24.8469,
fae-G493-ZB3-AAP1-000,54,soylocal,hiresnet50.tv2_in1k,False,,,,sgd,0.0,0.01,,0,200,448,8,600,600,50.0,,,54.8333,,,2.0229,54.833333333333336,100.0,,,0.0037,31.1502,0.166,16.3944,24.8589,24.8589,
fae-G493-ZB3-AAP1-000,54,soylocal,hiresnet50.tv2_in1k,False,,,,sgd,0.0,0.01,,0,200,448,8,600,600,70.0,,,56.8333,,,2.0385,56.833333333333336,100.0,,,0.0038,30.198,0.166,16.3944,24.883,24.883,
fae-G493-ZB3-AAP1-000,54,soylocal,hiresnet50.tv2_in1k,False,,,,sgd,0.0,0.01,,0,200,448,8,600,600,90.0,,,54.8333,,,1.9807,54.833333333333336,100.0,,,0.0036,30.7577,0.166,16.3944,24.907,24.907,
fae-G493-ZB3-AAP1-000,54,soylocal,hiresnet50.tv2_in1k,False,,,,sgd,0.0,0.03,,0,200,448,8,600,600,10.0,,,55.0,,,1.8499,55.0,100.0,,,0.0006,31.6049,0.166,16.3943,24.8109,24.8109,
fae-G493-ZB3-AAP1-000,54,soylocal,hiresnet50.tv2_in1k,False,,,,sgd,0.0,0.03,,0,200,448,8,600,600,20.0,,,54.3333,,,1.867,54.333333333333336,100.0,,,0.0006,31.7444,0.166,16.3943,24.8229,24.8229,
fae-G493-ZB3-AAP1-000,54,soylocal,hiresnet50.tv2_in1k,False,,,,sgd,0.0,0.03,,0,200,448,8,600,600,30.0,,,56.3333,,,1.8683,56.333333333333336,100.0,,,0.0008,31.7303,0.166,16.3943,24.8349,24.8349,
fae-G493-ZB3-AAP1-000,54,soylocal,hiresnet50.tv2_in1k,False,,,,sgd,0.0,0.03,,0,200,448,8,600,600,40.0,,,56.0,,,1.8885,56.0,100.0,,,0.0005,27.3897,0.166,16.3943,24.8469,24.8469,
fae-G493-ZB3-AAP1-000,54,soylocal,hiresnet50.tv2_in1k,False,,,,sgd,0.0,0.03,,0,200,448,8,600,600,50.0,,,58.3333,,,1.7417,58.333333333333336,100.0,,,0.0005,30.1774,0.166,16.3944,24.8589,24.8589,
fae-G493-ZB3-AAP1-000,54,soylocal,hiresnet50.tv2_in1k,False,,,,sgd,0.0,0.03,,0,200,448,8,600,600,70.0,,,56.3333,,,1.8227,56.333333333333336,100.0,,,0.0007,30.0933,0.166,16.3944,24.883,24.883,
fae-G493-ZB3-AAP1-000,54,soylocal,hiresnet50.tv2_in1k,False,,,,sgd,0.0,0.03,,0,200,448,8,600,600,90.0,,,55.6667,,,1.8349,55.666666666666664,100.0,,,0.0006,30.7917,0.166,16.3944,24.907,24.907,
fae-G493-ZB3-AAP1-000,54,soylocal,hiresnet50.tv2_in1k,False,,,,sgd,0.0,0.1,,0,200,448,8,600,600,10.0,,,45.6667,,,2.6202,45.666666666666664,100.0,,,0.0004,31.2296,0.166,16.3943,24.8109,24.8109,
fae-G493-ZB3-AAP1-000,54,soylocal,hiresnet50.tv2_in1k,False,,,,sgd,0.0,0.1,,0,200,448,8,600,600,20.0,,,49.1667,,,2.4022,49.166666666666664,100.0,,,0.0003,31.563,0.166,16.3943,24.8229,24.8229,
fae-G493-ZB3-AAP1-000,54,soylocal,hiresnet50.tv2_in1k,False,,,,sgd,0.0,0.1,,0,200,448,8,600,600,30.0,,,53.0,,,2.2601,53.0,100.0,,,0.0007,32.0236,0.166,16.3943,24.8349,24.8349,
fae-G493-ZB3-AAP1-000,54,soylocal,hiresnet50.tv2_in1k,False,,,,sgd,0.0,0.1,,0,200,448,8,600,600,40.0,,,49.0,,,2.4474,49.0,100.0,,,0.0001,27.3906,0.166,16.3943,24.8469,24.8469,
fae-G493-ZB3-AAP1-000,54,soylocal,hiresnet50.tv2_in1k,False,,,,sgd,0.0,0.1,,0,200,448,8,600,600,50.0,,,48.1667,,,2.3362,48.166666666666664,100.0,,,0.0001,30.2506,0.166,16.3944,24.8589,24.8589,
fae-G493-ZB3-AAP1-000,54,soylocal,hiresnet50.tv2_in1k,False,,,,sgd,0.0,0.1,,0,200,448,8,600,600,70.0,,,51.6667,,,2.3461,51.666666666666664,100.0,,,0.0003,30.1363,0.166,16.3944,24.883,24.883,
fae-G493-ZB3-AAP1-000,54,soylocal,hiresnet50.tv2_in1k,False,,,,sgd,0.0,0.1,,0,200,448,8,600,600,90.0,,,55.3333,,,2.2124,55.333333333333336,100.0,,,0.0001,31.8215,0.166,16.3944,24.907,24.907,
fae-G493-ZB3-AAP1-000,54,soylocal,hiresnet50.tv_in1k,False,,,,adamw,0.05,5e-06,,0,200,448,8,600,600,10.0,,,48.1667,,,2.9094,48.166666666666664,100.0,,,0.0253,31.3176,0.166,16.3943,24.8109,24.8109,
fae-G493-ZB3-AAP1-000,54,soylocal,hiresnet50.tv_in1k,False,,,,adamw,0.05,5e-06,,0,200,448,8,600,600,20.0,,,50.8333,,,2.8552,50.833333333333336,100.0,,,0.0269,30.4271,0.166,16.3943,24.8229,24.8229,
fae-G493-ZB3-AAP1-000,54,soylocal,hiresnet50.tv_in1k,False,,,,adamw,0.05,5e-06,,0,200,448,8,600,600,30.0,,,49.6667,,,2.8702,49.666666666666664,100.0,,,0.0271,29.71,0.166,16.3943,24.8349,24.8349,
fae-G493-ZB3-AAP1-000,54,soylocal,hiresnet50.tv_in1k,False,,,,adamw,0.05,5e-06,,0,200,448,8,600,600,40.0,,,48.6667,,,2.9028,48.666666666666664,100.0,,,0.026,27.5909,0.166,16.3943,24.8469,24.8469,
fae-G493-ZB3-AAP1-000,54,soylocal,hiresnet50.tv_in1k,False,,,,adamw,0.05,5e-06,,0,200,448,8,600,600,50.0,,,50.8333,,,2.8271,50.833333333333336,100.0,,,0.0239,31.5445,0.166,16.3944,24.8589,24.8589,
fae-G493-ZB3-AAP1-000,54,soylocal,hiresnet50.tv_in1k,False,,,,adamw,0.05,5e-06,,0,200,448,8,600,600,70.0,,,54.5,,,2.8176,54.5,100.0,,,0.0265,31.215,0.166,16.3944,24.883,24.883,
fae-G493-ZB3-AAP1-000,54,soylocal,hiresnet50.tv_in1k,False,,,,adamw,0.05,5e-06,,0,200,448,8,600,600,90.0,,,50.1667,,,2.8138,50.166666666666664,100.0,,,0.0284,31.9339,0.166,16.3944,24.907,24.907,
fae-G493-ZB3-AAP1-000,54,soylocal,hiresnet50.tv_in1k,False,,,,adamw,0.05,1e-05,,0,200,448,8,600,600,10.0,,,48.0,,,2.7434,48.0,100.0,,,0.0098,31.7177,0.166,16.3943,24.8109,24.8109,
fae-G493-ZB3-AAP1-000,54,soylocal,hiresnet50.tv_in1k,False,,,,adamw,0.05,1e-05,,0,200,448,8,600,600,20.0,,,51.8333,,,2.7653,51.833333333333336,100.0,,,0.0087,31.527,0.166,16.3943,24.8229,24.8229,
fae-G493-ZB3-AAP1-000,54,soylocal,hiresnet50.tv_in1k,False,,,,adamw,0.05,1e-05,,0,200,448,8,600,600,30.0,,,49.5,,,2.7579,49.5,100.0,,,0.0129,29.3493,0.166,16.3943,24.8349,24.8349,
fae-G493-ZB3-AAP1-000,54,soylocal,hiresnet50.tv_in1k,False,,,,adamw,0.05,1e-05,,0,200,448,8,600,600,40.0,,,50.5,,,2.7215,50.5,100.0,,,0.0091,26.3539,0.166,16.3943,24.8469,24.8469,
fae-G493-ZB3-AAP1-000,54,soylocal,hiresnet50.tv_in1k,False,,,,adamw,0.05,1e-05,,0,200,448,8,600,600,50.0,,,51.1667,,,2.6842,51.166666666666664,100.0,,,0.0072,31.3102,0.166,16.3944,24.8589,24.8589,
fae-G493-ZB3-AAP1-000,54,soylocal,hiresnet50.tv_in1k,False,,,,adamw,0.05,1e-05,,0,200,448,8,600,600,70.0,,,51.8333,,,2.6878,51.833333333333336,100.0,,,0.0078,31.2324,0.166,16.3944,24.883,24.883,
fae-G493-ZB3-AAP1-000,54,soylocal,hiresnet50.tv_in1k,False,,,,adamw,0.05,1e-05,,0,200,448,8,600,600,90.0,,,51.6667,,,2.6987,51.666666666666664,100.0,,,0.0077,30.5544,0.166,16.3944,24.907,24.907,
fae-G493-ZB3-AAP1-000,54,soylocal,hiresnet50.tv_in1k,False,,,,adamw,0.05,5e-05,,0,200,448,8,600,600,10.0,,,48.5,,,2.3194,48.5,100.0,,,0.0004,31.8692,0.166,16.3943,24.8109,24.8109,
fae-G493-ZB3-AAP1-000,54,soylocal,hiresnet50.tv_in1k,False,,,,adamw,0.05,5e-05,,0,200,448,8,600,600,20.0,,,52.1667,,,2.3187,52.166666666666664,100.0,,,0.0045,32.5697,0.166,16.3943,24.8229,24.8229,
fae-G493-ZB3-AAP1-000,54,soylocal,hiresnet50.tv_in1k,False,,,,adamw,0.05,5e-05,,0,200,448,8,600,600,30.0,,,50.8333,,,2.333,50.833333333333336,100.0,,,0.0009,29.8741,0.166,16.3943,24.8349,24.8349,
fae-G493-ZB3-AAP1-000,54,soylocal,hiresnet50.tv_in1k,False,,,,adamw,0.05,5e-05,,0,200,448,8,600,600,40.0,,,50.3333,,,2.3144,50.333333333333336,100.0,,,0.0005,27.2754,0.166,16.3943,24.8469,24.8469,
fae-G493-ZB3-AAP1-000,54,soylocal,hiresnet50.tv_in1k,False,,,,adamw,0.05,5e-05,,0,200,448,8,600,600,50.0,,,53.1667,,,2.1564,53.166666666666664,100.0,,,0.0002,29.7665,0.166,16.3944,24.8589,24.8589,
fae-G493-ZB3-AAP1-000,54,soylocal,hiresnet50.tv_in1k,False,,,,adamw,0.05,5e-05,,0,200,448,8,600,600,70.0,,,54.0,,,2.2041,54.0,100.0,,,0.0002,30.368,0.166,16.3944,24.883,24.883,
fae-G493-ZB3-AAP1-000,54,soylocal,hiresnet50.tv_in1k,False,,,,adamw,0.05,5e-05,,0,200,448,8,600,600,90.0,,,53.0,,,2.2233,53.0,100.0,,,0.0003,31.1894,0.166,16.3944,24.907,24.907,
fae-G493-ZB3-AAP1-000,54,soylocal,hiresnet50.tv_in1k,False,,,,adamw,0.05,0.0001,,0,200,448,8,600,600,10.0,,,51.8333,,,2.0653,51.833333333333336,100.0,,,0.0004,30.8046,0.166,16.3943,24.8109,24.8109,
fae-G493-ZB3-AAP1-000,54,soylocal,hiresnet50.tv_in1k,False,,,,adamw,0.05,0.0001,,0,200,448,8,600,600,20.0,,,53.0,,,2.1107,53.0,100.0,,,0.0004,31.2286,0.166,16.3943,24.8229,24.8229,
fae-G493-ZB3-AAP1-000,54,soylocal,hiresnet50.tv_in1k,False,,,,adamw,0.05,0.0001,,0,200,448,8,600,600,30.0,,,51.6667,,,2.1083,51.666666666666664,100.0,,,0.0006,31.1307,0.166,16.3943,24.8349,24.8349,
fae-G493-ZB3-AAP1-000,54,soylocal,hiresnet50.tv_in1k,False,,,,adamw,0.05,0.0001,,0,200,448,8,600,600,40.0,,,52.5,,,2.0639,52.5,100.0,,,0.0005,29.9155,0.166,16.3943,24.8469,24.8469,
fae-G493-ZB3-AAP1-000,54,soylocal,hiresnet50.tv_in1k,False,,,,adamw,0.05,0.0001,,0,200,448,8,600,600,50.0,,,52.0,,,2.0656,52.0,100.0,,,0.0001,28.9823,0.166,16.3944,24.8589,24.8589,
fae-G493-ZB3-AAP1-000,54,soylocal,hiresnet50.tv_in1k,False,,,,adamw,0.05,0.0001,,0,200,448,8,600,600,70.0,,,54.5,,,2.0103,54.5,100.0,,,0.0001,31.5397,0.166,16.3944,24.883,24.883,
fae-G493-ZB3-AAP1-000,54,soylocal,hiresnet50.tv_in1k,False,,,,adamw,0.05,0.0001,,0,200,448,8,600,600,90.0,,,56.1667,,,1.8868,56.166666666666664,100.0,,,0.0001,31.7269,0.166,16.3944,24.907,24.907,
fae-G493-ZB3-AAP1-000,54,soylocal,hiresnet50.tv_in1k,False,,,,adamw,0.05,0.0005,,0,200,448,8,600,600,10.0,,,49.0,,,2.482,49.0,100.0,,,0.001,30.2538,0.166,16.3943,24.8109,24.8109,
fae-G493-ZB3-AAP1-000,54,soylocal,hiresnet50.tv_in1k,False,,,,adamw,0.05,0.0005,,0,200,448,8,600,600,20.0,,,51.6667,,,2.5234,51.666666666666664,100.0,,,0.0015,31.0846,0.166,16.3943,24.8229,24.8229,
fae-G493-ZB3-AAP1-000,54,soylocal,hiresnet50.tv_in1k,False,,,,adamw,0.05,0.0005,,0,200,448,8,600,600,30.0,,,47.5,,,2.7176,47.5,100.0,,,0.0013,30.4051,0.166,16.3943,24.8349,24.8349,
fae-G493-ZB3-AAP1-000,54,soylocal,hiresnet50.tv_in1k,False,,,,adamw,0.05,0.0005,,0,200,448,8,600,600,40.0,,,48.0,,,2.7006,48.0,100.0,,,0.0065,29.2309,0.166,16.3943,24.8469,24.8469,
fae-G493-ZB3-AAP1-000,54,soylocal,hiresnet50.tv_in1k,False,,,,adamw,0.05,0.0005,,0,200,448,8,600,600,50.0,,,49.0,,,2.5752,49.0,100.0,,,0.001,29.2915,0.166,16.3944,24.8589,24.8589,
fae-G493-ZB3-AAP1-000,54,soylocal,hiresnet50.tv_in1k,False,,,,adamw,0.05,0.0005,,0,200,448,8,600,600,70.0,,,49.3333,,,2.6525,49.333333333333336,100.0,,,0.0022,31.0645,0.166,16.3944,24.883,24.883,
fae-G493-ZB3-AAP1-000,54,soylocal,hiresnet50.tv_in1k,False,,,,adamw,0.05,0.0005,,0,200,448,8,600,600,90.0,,,53.1667,,,2.5317,53.166666666666664,100.0,,,0.0007,31.7116,0.166,16.3944,24.907,24.907,
fae-G493-ZB3-AAP1-000,54,soylocal,hiresnet50.tv_in1k,False,,,,adamw,0.05,0.001,,0,200,448,8,600,600,10.0,,,38.6667,,,3.6788,38.666666666666664,99.8333,,,0.0193,30.6545,0.166,16.3943,24.8109,24.8109,
fae-G493-ZB3-AAP1-000,54,soylocal,hiresnet50.tv_in1k,False,,,,adamw,0.05,0.001,,0,200,448,8,600,600,20.0,,,28.3333,,,4.5097,28.333333333333332,100.0,,,0.0113,31.4451,0.166,16.3943,24.8229,24.8229,
fae-G493-ZB3-AAP1-000,54,soylocal,hiresnet50.tv_in1k,False,,,,adamw,0.05,0.001,,0,200,448,8,600,600,30.0,,,38.3333,,,3.6711,38.333333333333336,100.0,,,0.0065,31.3784,0.166,16.3943,24.8349,24.8349,
fae-G493-ZB3-AAP1-000,54,soylocal,hiresnet50.tv_in1k,False,,,,adamw,0.05,0.001,,0,200,448,8,600,600,40.0,,,38.8333,,,3.4421,38.833333333333336,100.0,,,0.008,29.3793,0.166,16.3943,24.8469,24.8469,
fae-G493-ZB3-AAP1-000,54,soylocal,hiresnet50.tv_in1k,False,,,,adamw,0.05,0.001,,0,200,448,8,600,600,50.0,,,40.3333,,,3.6971,40.333333333333336,100.0,,,0.0055,30.3174,0.166,16.3944,24.8589,24.8589,
fae-G493-ZB3-AAP1-000,54,soylocal,hiresnet50.tv_in1k,False,,,,adamw,0.05,0.001,,0,200,448,8,600,600,70.0,,,35.8333,,,3.8902,35.833333333333336,100.0,,,0.0057,31.4282,0.166,16.3944,24.883,24.883,
fae-G493-ZB3-AAP1-000,54,soylocal,hiresnet50.tv_in1k,False,,,,adamw,0.05,0.001,,0,200,448,8,600,600,90.0,,,36.3333,,,3.8347,36.333333333333336,100.0,,,0.0068,31.739,0.166,16.3944,24.907,24.907,
fae-G493-ZB3-AAP1-000,54,soylocal,hiresnet50.tv_in1k,False,,,,sgd,0.0,0.003,,0,200,448,8,600,600,10.0,,,46.5,,,2.8914,46.5,100.0,,,0.2098,29.1153,0.166,16.3943,24.8109,24.8109,
fae-G493-ZB3-AAP1-000,54,soylocal,hiresnet50.tv_in1k,False,,,,sgd,0.0,0.003,,0,200,448,8,600,600,20.0,,,51.0,,,2.8264,51.0,100.0,,,0.2484,30.1751,0.166,16.3943,24.8229,24.8229,
fae-G493-ZB3-AAP1-000,54,soylocal,hiresnet50.tv_in1k,False,,,,sgd,0.0,0.003,,0,200,448,8,600,600,30.0,,,49.1667,,,2.8729,49.166666666666664,100.0,,,0.2594,32.0682,0.166,16.3943,24.8349,24.8349,
fae-G493-ZB3-AAP1-000,54,soylocal,hiresnet50.tv_in1k,False,,,,sgd,0.0,0.003,,0,200,448,8,600,600,40.0,,,49.6667,,,2.8709,49.666666666666664,100.0,,,0.2776,30.513,0.166,16.3943,24.8469,24.8469,
fae-G493-ZB3-AAP1-000,54,soylocal,hiresnet50.tv_in1k,False,,,,sgd,0.0,0.003,,0,200,448,8,600,600,50.0,,,49.3333,,,2.8384,49.333333333333336,100.0,,,0.2892,27.2308,0.166,16.3944,24.8589,24.8589,
fae-G493-ZB3-AAP1-000,54,soylocal,hiresnet50.tv_in1k,False,,,,sgd,0.0,0.003,,0,200,448,8,600,600,70.0,,,52.3333,,,2.8527,52.333333333333336,100.0,,,0.351,31.7653,0.166,16.3944,24.883,24.883,
fae-G493-ZB3-AAP1-000,54,soylocal,hiresnet50.tv_in1k,False,,,,sgd,0.0,0.003,,0,200,448,8,600,600,90.0,,,49.1667,,,2.8442,49.166666666666664,100.0,,,0.3807,33.6859,0.166,16.3944,24.907,24.907,
fae-G493-ZB3-AAP1-000,54,soylocal,hiresnet50.tv_in1k,False,,,,sgd,0.0,0.01,,0,200,448,8,600,600,10.0,,,50.8333,,,2.2882,50.833333333333336,100.0,,,0.0025,29.0833,0.166,16.3943,24.8109,24.8109,
fae-G493-ZB3-AAP1-000,54,soylocal,hiresnet50.tv_in1k,False,,,,sgd,0.0,0.01,,0,200,448,8,600,600,20.0,,,52.0,,,2.2904,52.0,100.0,,,0.0033,29.7655,0.166,16.3943,24.8229,24.8229,
fae-G493-ZB3-AAP1-000,54,soylocal,hiresnet50.tv_in1k,False,,,,sgd,0.0,0.01,,0,200,448,8,600,600,30.0,,,53.6667,,,2.2094,53.666666666666664,100.0,,,0.0028,31.0134,0.166,16.3943,24.8349,24.8349,
fae-G493-ZB3-AAP1-000,54,soylocal,hiresnet50.tv_in1k,False,,,,sgd,0.0,0.01,,0,200,448,8,600,600,40.0,,,54.8333,,,2.2012,54.833333333333336,100.0,,,0.004,29.112,0.166,16.3943,24.8469,24.8469,
fae-G493-ZB3-AAP1-000,54,soylocal,hiresnet50.tv_in1k,False,,,,sgd,0.0,0.01,,0,200,448,8,600,600,50.0,,,51.5,,,2.2166,51.5,100.0,,,0.0025,30.2122,0.166,16.3944,24.8589,24.8589,
fae-G493-ZB3-AAP1-000,54,soylocal,hiresnet50.tv_in1k,False,,,,sgd,0.0,0.01,,0,200,448,8,600,600,70.0,,,50.5,,,2.363,50.5,100.0,,,0.0029,31.638,0.166,16.3944,24.883,24.883,
fae-G493-ZB3-AAP1-000,54,soylocal,hiresnet50.tv_in1k,False,,,,sgd,0.0,0.01,,0,200,448,8,600,600,90.0,,,52.1667,,,2.2115,52.166666666666664,100.0,,,0.0031,32.4714,0.166,16.3944,24.907,24.907,
fae-G493-ZB3-AAP1-000,54,soylocal,hiresnet50.tv_in1k,False,,,,sgd,0.0,0.03,,0,200,448,8,600,600,10.0,,,52.1667,,,2.1035,52.166666666666664,100.0,,,0.0004,29.0725,0.166,16.3943,24.8109,24.8109,
fae-G493-ZB3-AAP1-000,54,soylocal,hiresnet50.tv_in1k,False,,,,sgd,0.0,0.03,,0,200,448,8,600,600,20.0,,,51.3333,,,2.0333,51.333333333333336,100.0,,,0.0005,31.2785,0.166,16.3943,24.8229,24.8229,
fae-G493-ZB3-AAP1-000,54,soylocal,hiresnet50.tv_in1k,False,,,,sgd,0.0,0.03,,0,200,448,8,600,600,30.0,,,51.5,,,2.0192,51.5,100.0,,,0.0005,30.4939,0.166,16.3943,24.8349,24.8349,
fae-G493-ZB3-AAP1-000,54,soylocal,hiresnet50.tv_in1k,False,,,,sgd,0.0,0.03,,0,200,448,8,600,600,40.0,,,53.1667,,,1.9973,53.166666666666664,100.0,,,0.0007,29.8983,0.166,16.3943,24.8469,24.8469,
fae-G493-ZB3-AAP1-000,54,soylocal,hiresnet50.tv_in1k,False,,,,sgd,0.0,0.03,,0,200,448,8,600,600,50.0,,,53.6667,,,1.9778,53.666666666666664,100.0,,,0.0004,30.0231,0.166,16.3944,24.8589,24.8589,
fae-G493-ZB3-AAP1-000,54,soylocal,hiresnet50.tv_in1k,False,,,,sgd,0.0,0.03,,0,200,448,8,600,600,70.0,,,54.5,,,1.9127,54.5,100.0,,,0.0005,31.6259,0.166,16.3944,24.883,24.883,
fae-G493-ZB3-AAP1-000,54,soylocal,hiresnet50.tv_in1k,False,,,,sgd,0.0,0.03,,0,200,448,8,600,600,90.0,,,54.8333,,,1.9768,54.833333333333336,100.0,,,0.0005,30.4333,0.166,16.3944,24.907,24.907,
fae-G493-ZB3-AAP1-000,54,soylocal,hiresnet50.tv_in1k,False,,,,sgd,0.0,0.1,,0,200,448,8,600,600,10.0,,,42.6667,,,3.6423,42.666666666666664,100.0,,,0.0053,28.8393,0.166,16.3943,24.8109,24.8109,
fae-G493-ZB3-AAP1-000,54,soylocal,hiresnet50.tv_in1k,False,,,,sgd,0.0,0.1,,0,200,448,8,600,600,20.0,,,46.5,,,3.432,46.5,100.0,,,0.0028,30.5426,0.166,16.3943,24.8229,24.8229,
fae-G493-ZB3-AAP1-000,54,soylocal,hiresnet50.tv_in1k,False,,,,sgd,0.0,0.1,,0,200,448,8,600,600,30.0,,,43.6667,,,3.489,43.666666666666664,100.0,,,0.0067,31.2484,0.166,16.3943,24.8349,24.8349,
fae-G493-ZB3-AAP1-000,54,soylocal,hiresnet50.tv_in1k,False,,,,sgd,0.0,0.1,,0,200,448,8,600,600,40.0,,,44.0,,,3.3858,44.0,100.0,,,0.002,29.3719,0.166,16.3943,24.8469,24.8469,
fae-G493-ZB3-AAP1-000,54,soylocal,hiresnet50.tv_in1k,False,,,,sgd,0.0,0.1,,0,200,448,8,600,600,50.0,,,41.0,,,3.537,41.0,100.0,,,0.0008,30.0562,0.166,16.3944,24.8589,24.8589,
fae-G493-ZB3-AAP1-000,54,soylocal,hiresnet50.tv_in1k,False,,,,sgd,0.0,0.1,,0,200,448,8,600,600,70.0,,,46.8333,,,3.5868,46.833333333333336,100.0,,,0.0009,31.8026,0.166,16.3944,24.883,24.883,
fae-G493-ZB3-AAP1-000,54,soylocal,hiresnet50.tv_in1k,False,,,,sgd,0.0,0.1,,0,200,448,8,600,600,90.0,,,48.6667,,,3.163,48.666666666666664,100.0,,,0.0006,30.3203,0.166,16.3944,24.907,24.907,
camel.ee.nctu.edu.tw,54,soylocal,hivit_base_patch16_224.dino,False,,,,adamw,0.05,5e-06,,0,200,448,8,600,600,10.0,-1.0,hivit_base_patch16_224.dino,54.3333,,,2.422,54.333333333333336,100.0,,,0.034,41.0664,0.4121,78.51,86.7851,86.7851,
camel.ee.nctu.edu.tw,54,soylocal,hivit_base_patch16_224.dino,False,,,,adamw,0.05,5e-06,,0,200,448,8,600,600,20.0,-1.0,hivit_base_patch16_224.dino,58.3333,,,2.2583,58.333333333333336,100.0,,,0.0329,40.4457,0.4121,78.51,86.7971,86.7971,
camel.ee.nctu.edu.tw,54,soylocal,hivit_base_patch16_224.dino,False,,,,adamw,0.05,5e-06,,0,200,448,8,600,600,30.0,-1.0,hivit_base_patch16_224.dino,58.3333,,,2.2813,58.333333333333336,100.0,,,0.0323,40.6462,0.4121,78.51,86.8091,86.8091,
camel.ee.nctu.edu.tw,54,soylocal,hivit_base_patch16_224.dino,False,,,,adamw,0.05,5e-06,,0,200,448,8,600,600,40.0,-1.0,hivit_base_patch16_224.dino,57.6667,,,2.2739,57.666666666666664,100.0,,,0.0329,40.3044,0.4121,78.51,86.8211,86.8211,
camel.ee.nctu.edu.tw,54,soylocal,hivit_base_patch16_224.dino,False,,,,adamw,0.05,5e-06,,0,200,448,8,600,600,50.0,-1.0,hivit_base_patch16_224.dino,57.5,,,2.3145,57.5,100.0,,,0.0321,41.4579,0.4121,78.51,86.8331,86.8331,
camel.ee.nctu.edu.tw,54,soylocal,hivit_base_patch16_224.dino,False,,,,adamw,0.05,5e-06,,0,200,448,8,600,600,70.0,-1.0,hivit_base_patch16_224.dino,56.3333,,,2.3952,56.333333333333336,100.0,,,0.0319,41.2015,0.4141,78.5101,86.8572,86.8572,
camel.ee.nctu.edu.tw,54,soylocal,hivit_base_patch16_224.dino,False,,,,adamw,0.05,5e-06,,0,200,448,8,600,600,90.0,-1.0,hivit_base_patch16_224.dino,61.0,,,2.2533,61.0,100.0,,,0.0337,40.9337,0.4141,78.5101,86.8812,86.8812,
camel.ee.nctu.edu.tw,54,soylocal,hivit_base_patch16_224.dino,False,,,,adamw,0.05,1e-05,,0,200,448,8,600,600,10.0,-1.0,hivit_base_patch16_224.dino,52.8333,,,2.4333,52.833333333333336,100.0,,,0.0118,40.5382,0.4121,78.51,86.7851,86.7851,
camel.ee.nctu.edu.tw,54,soylocal,hivit_base_patch16_224.dino,False,,,,adamw,0.05,1e-05,,0,200,448,8,600,600,20.0,-1.0,hivit_base_patch16_224.dino,58.0,,,2.1314,58.0,100.0,,,0.0109,40.5621,0.4121,78.51,86.7971,86.7971,
camel.ee.nctu.edu.tw,54,soylocal,hivit_base_patch16_224.dino,False,,,,adamw,0.05,1e-05,,0,200,448,8,600,600,30.0,-1.0,hivit_base_patch16_224.dino,57.1667,,,2.2408,57.166666666666664,100.0,,,0.0105,40.606,0.4121,78.51,86.8091,86.8091,
camel.ee.nctu.edu.tw,54,soylocal,hivit_base_patch16_224.dino,False,,,,adamw,0.05,1e-05,,0,200,448,8,600,600,40.0,-1.0,hivit_base_patch16_224.dino,57.1667,,,2.1741,57.166666666666664,100.0,,,0.0108,40.4033,0.4121,78.51,86.8211,86.8211,
camel.ee.nctu.edu.tw,54,soylocal,hivit_base_patch16_224.dino,False,,,,adamw,0.05,1e-05,,0,200,448,8,600,600,50.0,-1.0,hivit_base_patch16_224.dino,53.6667,,,2.3268,53.666666666666664,100.0,,,0.0106,41.4801,0.4121,78.51,86.8331,86.8331,
camel.ee.nctu.edu.tw,54,soylocal,hivit_base_patch16_224.dino,False,,,,adamw,0.05,1e-05,,0,200,448,8,600,600,70.0,-1.0,hivit_base_patch16_224.dino,54.3333,,,2.2816,54.333333333333336,100.0,,,0.0102,40.6504,0.4141,78.5101,86.8572,86.8572,
camel.ee.nctu.edu.tw,54,soylocal,hivit_base_patch16_224.dino,False,,,,adamw,0.05,1e-05,,0,200,448,8,600,600,90.0,-1.0,hivit_base_patch16_224.dino,56.8333,,,2.2297,56.833333333333336,100.0,,,0.0109,41.0531,0.4141,78.5101,86.8812,86.8812,
camel.ee.nctu.edu.tw,54,soylocal,hivit_base_patch16_224.dino,False,,,,adamw,0.05,5e-05,,0,200,448,8,600,600,10.0,-1.0,hivit_base_patch16_224.dino,45.3333,,,3.338,45.333333333333336,100.0,,,0.0003,40.0677,0.4121,78.51,86.7851,86.7851,
camel.ee.nctu.edu.tw,54,soylocal,hivit_base_patch16_224.dino,False,,,,adamw,0.05,5e-05,,0,200,448,8,600,600,20.0,-1.0,hivit_base_patch16_224.dino,48.1667,,,3.149,48.166666666666664,100.0,,,0.0002,40.1999,0.4121,78.51,86.7971,86.7971,
camel.ee.nctu.edu.tw,54,soylocal,hivit_base_patch16_224.dino,False,,,,adamw,0.05,5e-05,,0,200,448,8,600,600,30.0,-1.0,hivit_base_patch16_224.dino,46.6667,,,3.364,46.666666666666664,100.0,,,0.0002,40.0615,0.4121,78.51,86.8091,86.8091,
camel.ee.nctu.edu.tw,54,soylocal,hivit_base_patch16_224.dino,False,,,,adamw,0.05,5e-05,,0,200,448,8,600,600,40.0,-1.0,hivit_base_patch16_224.dino,45.8333,,,3.1911,45.833333333333336,100.0,,,0.0002,40.0121,0.4121,78.51,86.8211,86.8211,
camel.ee.nctu.edu.tw,54,soylocal,hivit_base_patch16_224.dino,False,,,,adamw,0.05,5e-05,,0,200,448,8,600,600,50.0,-1.0,hivit_base_patch16_224.dino,46.3333,,,3.3018,46.333333333333336,100.0,,,0.0002,40.968,0.4121,78.51,86.8331,86.8331,
camel.ee.nctu.edu.tw,54,soylocal,hivit_base_patch16_224.dino,False,,,,adamw,0.05,5e-05,,0,200,448,8,600,600,70.0,-1.0,hivit_base_patch16_224.dino,52.1667,,,2.9781,52.166666666666664,100.0,,,0.0002,40.7084,0.4141,78.5101,86.8572,86.8572,
camel.ee.nctu.edu.tw,54,soylocal,hivit_base_patch16_224.dino,False,,,,adamw,0.05,5e-05,,0,200,448,8,600,600,90.0,-1.0,hivit_base_patch16_224.dino,47.5,,,3.1174,47.5,100.0,,,0.0002,40.7212,0.4141,78.5101,86.8812,86.8812,
camel.ee.nctu.edu.tw,54,soylocal,hivit_base_patch16_224.dino,False,,,,adamw,0.05,0.0001,,0,200,448,8,600,600,10.0,-1.0,hivit_base_patch16_224.dino,42.5,,,3.5197,42.5,100.0,,,0.0002,40.1106,0.4121,78.51,86.7851,86.7851,
camel.ee.nctu.edu.tw,54,soylocal,hivit_base_patch16_224.dino,False,,,,adamw,0.05,0.0001,,0,200,448,8,600,600,20.0,-1.0,hivit_base_patch16_224.dino,44.3333,,,3.7523,44.333333333333336,100.0,,,0.0001,40.0744,0.4121,78.51,86.7971,86.7971,
camel.ee.nctu.edu.tw,54,soylocal,hivit_base_patch16_224.dino,False,,,,adamw,0.05,0.0001,,0,200,448,8,600,600,30.0,-1.0,hivit_base_patch16_224.dino,43.3333,,,4.5373,43.333333333333336,100.0,,,0.0001,39.7931,0.4121,78.51,86.8091,86.8091,
camel.ee.nctu.edu.tw,54,soylocal,hivit_base_patch16_224.dino,False,,,,adamw,0.05,0.0001,,0,200,448,8,600,600,40.0,-1.0,hivit_base_patch16_224.dino,43.8333,,,4.1385,43.833333333333336,100.0,,,0.0001,39.7464,0.4121,78.51,86.8211,86.8211,
camel.ee.nctu.edu.tw,54,soylocal,hivit_base_patch16_224.dino,False,,,,adamw,0.05,0.0001,,0,200,448,8,600,600,50.0,-1.0,hivit_base_patch16_224.dino,41.3333,,,4.3544,41.333333333333336,100.0,,,0.0001,39.9867,0.4121,78.51,86.8331,86.8331,
camel.ee.nctu.edu.tw,54,soylocal,hivit_base_patch16_224.dino,False,,,,adamw,0.05,0.0001,,0,200,448,8,600,600,70.0,-1.0,hivit_base_patch16_224.dino,43.6667,,,4.0163,43.666666666666664,100.0,,,0.0001,40.335,0.4141,78.5101,86.8572,86.8572,
camel.ee.nctu.edu.tw,54,soylocal,hivit_base_patch16_224.dino,False,,,,adamw,0.05,0.0001,,0,200,448,8,600,600,90.0,-1.0,hivit_base_patch16_224.dino,49.0,,,3.7201,49.0,100.0,,,0.0001,40.3732,0.4141,78.5101,86.8812,86.8812,
camel.ee.nctu.edu.tw,54,soylocal,hivit_base_patch16_224.dino,False,,,,adamw,0.05,0.0005,,0,200,448,8,600,600,10.0,-1.0,hivit_base_patch16_224.dino,33.5,,,2.6096,33.5,74.6667,,,2.0871,40.4427,0.4121,78.51,86.7851,86.7851,
camel.ee.nctu.edu.tw,54,soylocal,hivit_base_patch16_224.dino,False,,,,adamw,0.05,0.0005,,0,200,448,8,600,600,20.0,-1.0,hivit_base_patch16_224.dino,30.6667,,,2.8141,30.666666666666668,87.6667,,,1.4319,40.2353,0.4121,78.51,86.7971,86.7971,
camel.ee.nctu.edu.tw,54,soylocal,hivit_base_patch16_224.dino,False,,,,adamw,0.05,0.0005,,0,200,448,8,600,600,30.0,-1.0,hivit_base_patch16_224.dino,18.5,,,3.3718,18.5,43.1667,,,4.1277,39.6165,0.4121,78.51,86.8091,86.8091,
camel.ee.nctu.edu.tw,54,soylocal,hivit_base_patch16_224.dino,False,,,,adamw,0.05,0.0005,,0,200,448,8,600,600,40.0,-1.0,hivit_base_patch16_224.dino,36.0,,,2.6778,36.0,89.1667,,,1.1488,40.0006,0.4121,78.51,86.8211,86.8211,
camel.ee.nctu.edu.tw,54,soylocal,hivit_base_patch16_224.dino,False,,,,adamw,0.05,0.0005,,0,200,448,8,600,600,50.0,-1.0,hivit_base_patch16_224.dino,30.8333,,,2.911,30.833333333333332,86.5,,,1.4139,39.9396,0.4121,78.51,86.8331,86.8331,
camel.ee.nctu.edu.tw,54,soylocal,hivit_base_patch16_224.dino,False,,,,adamw,0.05,0.0005,,0,200,448,8,600,600,70.0,-1.0,hivit_base_patch16_224.dino,33.8333,,,2.7522,33.833333333333336,91.5,,,0.9225,40.5676,0.4141,78.5101,86.8572,86.8572,
camel.ee.nctu.edu.tw,54,soylocal,hivit_base_patch16_224.dino,False,,,,adamw,0.05,0.0005,,0,200,448,8,600,600,90.0,-1.0,hivit_base_patch16_224.dino,30.3333,,,2.7989,30.333333333333332,66.3333,,,2.3596,40.6995,0.4141,78.5101,86.8812,86.8812,
camel.ee.nctu.edu.tw,54,soylocal,hivit_base_patch16_224.dino,False,,,,adamw,0.05,0.001,,0,200,448,8,600,600,10.0,-1.0,hivit_base_patch16_224.dino,12.0,,,3.8348,12.0,17.6667,,,5.0387,39.6543,0.4121,78.51,86.7851,86.7851,
camel.ee.nctu.edu.tw,54,soylocal,hivit_base_patch16_224.dino,False,,,,adamw,0.05,0.001,,0,200,448,8,600,600,20.0,-1.0,hivit_base_patch16_224.dino,14.5,,,3.7609,14.5,18.0,,,5.7153,40.1467,0.4121,78.51,86.7971,86.7971,
camel.ee.nctu.edu.tw,54,soylocal,hivit_base_patch16_224.dino,False,,,,adamw,0.05,0.001,,0,200,448,8,600,600,30.0,-1.0,hivit_base_patch16_224.dino,13.3333,,,3.6813,13.333333333333334,23.5,,,5.5156,39.4484,0.4121,78.51,86.8091,86.8091,
camel.ee.nctu.edu.tw,54,soylocal,hivit_base_patch16_224.dino,False,,,,adamw,0.05,0.001,,0,200,448,8,600,600,40.0,-1.0,hivit_base_patch16_224.dino,12.5,,,3.7257,12.5,20.6667,,,5.9132,39.5006,0.4121,78.51,86.8211,86.8211,
camel.ee.nctu.edu.tw,54,soylocal,hivit_base_patch16_224.dino,False,,,,adamw,0.05,0.001,,0,200,448,8,600,600,50.0,-1.0,hivit_base_patch16_224.dino,9.8333,,,3.9615,9.833333333333334,16.8333,,,6.5142,39.2317,0.4121,78.51,86.8331,86.8331,
camel.ee.nctu.edu.tw,54,soylocal,hivit_base_patch16_224.dino,False,,,,adamw,0.05,0.001,,0,200,448,8,600,600,70.0,-1.0,hivit_base_patch16_224.dino,10.6667,,,4.0217,10.666666666666666,13.3333,,,7.0085,39.8844,0.4141,78.5101,86.8572,86.8572,
camel.ee.nctu.edu.tw,54,soylocal,hivit_base_patch16_224.dino,False,,,,adamw,0.05,0.001,,0,200,448,8,600,600,90.0,-1.0,hivit_base_patch16_224.dino,8.3333,,,4.0526,8.333333333333334,11.3333,,,7.447,39.784,0.4141,78.5101,86.8812,86.8812,
camel.ee.nctu.edu.tw,54,soylocal,hivit_base_patch16_224.dino,False,,,,sgd,0.0,0.003,,0,200,448,8,600,600,10.0,-1.0,hivit_base_patch16_224.dino,53.0,,,2.7262,53.0,100.0,,,0.576,39.6544,0.4121,78.51,86.7851,86.7851,
camel.ee.nctu.edu.tw,54,soylocal,hivit_base_patch16_224.dino,False,,,,sgd,0.0,0.003,,0,200,448,8,600,600,20.0,-1.0,hivit_base_patch16_224.dino,56.5,,,2.6665,56.5,100.0,,,0.5796,39.5987,0.4121,78.51,86.7971,86.7971,
camel.ee.nctu.edu.tw,54,soylocal,hivit_base_patch16_224.dino,False,,,,sgd,0.0,0.003,,0,200,448,8,600,600,30.0,-1.0,hivit_base_patch16_224.dino,52.0,,,2.8499,52.0,100.0,,,0.7282,38.8945,0.4121,78.51,86.8091,86.8091,
camel.ee.nctu.edu.tw,54,soylocal,hivit_base_patch16_224.dino,False,,,,sgd,0.0,0.003,,0,200,448,8,600,600,40.0,-1.0,hivit_base_patch16_224.dino,59.0,,,2.7279,59.0,100.0,,,0.8564,39.2108,0.4121,78.51,86.8211,86.8211,
camel.ee.nctu.edu.tw,54,soylocal,hivit_base_patch16_224.dino,False,,,,sgd,0.0,0.003,,0,200,448,8,600,600,50.0,-1.0,hivit_base_patch16_224.dino,58.0,,,2.7134,58.0,100.0,,,0.6456,38.9916,0.4121,78.51,86.8331,86.8331,
camel.ee.nctu.edu.tw,54,soylocal,hivit_base_patch16_224.dino,False,,,,sgd,0.0,0.003,,0,200,448,8,600,600,70.0,-1.0,hivit_base_patch16_224.dino,55.1667,,,2.7626,55.166666666666664,100.0,,,0.8154,39.9901,0.4141,78.5101,86.8572,86.8572,
camel.ee.nctu.edu.tw,54,soylocal,hivit_base_patch16_224.dino,False,,,,sgd,0.0,0.003,,0,200,448,8,600,600,90.0,-1.0,hivit_base_patch16_224.dino,56.5,,,2.7588,56.5,100.0,,,0.7911,39.8327,0.4141,78.5101,86.8812,86.8812,
camel.ee.nctu.edu.tw,54,soylocal,hivit_base_patch16_224.dino,False,,,,sgd,0.0,0.01,,0,200,448,8,600,600,10.0,-1.0,hivit_base_patch16_224.dino,52.5,,,1.9716,52.5,100.0,,,0.0025,39.0629,0.4121,78.51,86.7851,86.7851,
camel.ee.nctu.edu.tw,54,soylocal,hivit_base_patch16_224.dino,False,,,,sgd,0.0,0.01,,0,200,448,8,600,600,20.0,-1.0,hivit_base_patch16_224.dino,56.5,,,1.802,56.5,100.0,,,0.0026,39.3089,0.4121,78.51,86.7971,86.7971,
camel.ee.nctu.edu.tw,54,soylocal,hivit_base_patch16_224.dino,False,,,,sgd,0.0,0.01,,0,200,448,8,600,600,30.0,-1.0,hivit_base_patch16_224.dino,54.1667,,,1.8985,54.166666666666664,100.0,,,0.0025,38.7112,0.4121,78.51,86.8091,86.8091,
camel.ee.nctu.edu.tw,54,soylocal,hivit_base_patch16_224.dino,False,,,,sgd,0.0,0.01,,0,200,448,8,600,600,40.0,-1.0,hivit_base_patch16_224.dino,53.3333,,,1.9959,53.333333333333336,100.0,,,0.0026,39.0684,0.4121,78.51,86.8211,86.8211,
camel.ee.nctu.edu.tw,54,soylocal,hivit_base_patch16_224.dino,False,,,,sgd,0.0,0.01,,0,200,448,8,600,600,50.0,-1.0,hivit_base_patch16_224.dino,50.6667,,,2.038,50.666666666666664,100.0,,,0.0026,38.9428,0.4121,78.51,86.8331,86.8331,
camel.ee.nctu.edu.tw,54,soylocal,hivit_base_patch16_224.dino,False,,,,sgd,0.0,0.01,,0,200,448,8,600,600,70.0,-1.0,hivit_base_patch16_224.dino,53.5,,,1.9144,53.5,100.0,,,0.0029,39.7222,0.4141,78.5101,86.8572,86.8572,
camel.ee.nctu.edu.tw,54,soylocal,hivit_base_patch16_224.dino,False,,,,sgd,0.0,0.01,,0,200,448,8,600,600,90.0,-1.0,hivit_base_patch16_224.dino,53.1667,,,2.0308,53.166666666666664,100.0,,,0.0029,39.8704,0.4141,78.5101,86.8812,86.8812,
camel.ee.nctu.edu.tw,54,soylocal,hivit_base_patch16_224.dino,False,,,,sgd,0.0,0.03,,0,200,448,8,600,600,10.0,-1.0,hivit_base_patch16_224.dino,50.6667,,,2.1653,50.666666666666664,100.0,,,0.0009,39.0424,0.4121,78.51,86.7851,86.7851,
camel.ee.nctu.edu.tw,54,soylocal,hivit_base_patch16_224.dino,False,,,,sgd,0.0,0.03,,0,200,448,8,600,600,20.0,-1.0,hivit_base_patch16_224.dino,50.8333,,,2.0671,50.833333333333336,100.0,,,0.0006,38.9054,0.4121,78.51,86.7971,86.7971,
camel.ee.nctu.edu.tw,54,soylocal,hivit_base_patch16_224.dino,False,,,,sgd,0.0,0.03,,0,200,448,8,600,600,30.0,-1.0,hivit_base_patch16_224.dino,51.1667,,,2.0795,51.166666666666664,100.0,,,0.0009,38.8139,0.4121,78.51,86.8091,86.8091,
camel.ee.nctu.edu.tw,54,soylocal,hivit_base_patch16_224.dino,False,,,,sgd,0.0,0.03,,0,200,448,8,600,600,40.0,-1.0,hivit_base_patch16_224.dino,50.5,,,2.054,50.5,100.0,,,0.0006,38.9363,0.4121,78.51,86.8211,86.8211,
camel.ee.nctu.edu.tw,54,soylocal,hivit_base_patch16_224.dino,False,,,,sgd,0.0,0.03,,0,200,448,8,600,600,50.0,-1.0,hivit_base_patch16_224.dino,38.5,,,2.4398,38.5,94.1667,,,0.9531,38.6532,0.4121,78.51,86.8331,86.8331,
camel.ee.nctu.edu.tw,54,soylocal,hivit_base_patch16_224.dino,False,,,,sgd,0.0,0.03,,0,200,448,8,600,600,70.0,-1.0,hivit_base_patch16_224.dino,35.0,,,2.5586,35.0,85.8333,,,1.5123,39.3106,0.4141,78.5101,86.8572,86.8572,
camel.ee.nctu.edu.tw,54,soylocal,hivit_base_patch16_224.dino,False,,,,sgd,0.0,0.03,,0,200,448,8,600,600,90.0,-1.0,hivit_base_patch16_224.dino,51.3333,,,2.0893,51.333333333333336,100.0,,,0.0007,39.6675,0.4141,78.5101,86.8812,86.8812,
camel.ee.nctu.edu.tw,54,soylocal,hivit_base_patch16_224.dino,False,,,,sgd,0.0,0.1,,0,200,448,8,600,600,10.0,-1.0,hivit_base_patch16_224.dino,15.1667,,,3.5305,15.166666666666666,30.3333,,,4.1889,38.4439,0.4121,78.51,86.7851,86.7851,
camel.ee.nctu.edu.tw,54,soylocal,hivit_base_patch16_224.dino,False,,,,sgd,0.0,0.1,,0,200,448,8,600,600,20.0,-1.0,hivit_base_patch16_224.dino,20.3333,,,3.5538,20.333333333333332,42.8333,,,4.0042,39.0227,0.4121,78.51,86.7971,86.7971,
camel.ee.nctu.edu.tw,54,soylocal,hivit_base_patch16_224.dino,False,,,,sgd,0.0,0.1,,0,200,448,8,600,600,30.0,-1.0,hivit_base_patch16_224.dino,17.0,,,3.4579,17.0,26.8333,,,4.9102,38.4719,0.4121,78.51,86.8091,86.8091,
camel.ee.nctu.edu.tw,54,soylocal,hivit_base_patch16_224.dino,False,,,,sgd,0.0,0.1,,0,200,448,8,600,600,40.0,-1.0,hivit_base_patch16_224.dino,20.5,,,3.3373,20.5,31.6667,,,5.0143,38.6292,0.4121,78.51,86.8211,86.8211,
camel.ee.nctu.edu.tw,54,soylocal,hivit_base_patch16_224.dino,False,,,,sgd,0.0,0.1,,0,200,448,8,600,600,50.0,-1.0,hivit_base_patch16_224.dino,20.1667,,,3.3721,20.166666666666668,22.8333,,,5.6535,38.4592,0.4121,78.51,86.8331,86.8331,
camel.ee.nctu.edu.tw,54,soylocal,hivit_base_patch16_224.dino,False,,,,sgd,0.0,0.1,,0,200,448,8,600,600,70.0,-1.0,hivit_base_patch16_224.dino,20.6667,,,3.3328,20.666666666666668,36.3333,,,4.9135,39.1815,0.4141,78.5101,86.8572,86.8572,
camel.ee.nctu.edu.tw,54,soylocal,hivit_base_patch16_224.dino,False,,,,sgd,0.0,0.1,,0,200,448,8,600,600,90.0,-1.0,hivit_base_patch16_224.dino,12.5,,,3.7086,12.5,16.0,,,6.7617,39.2834,0.4141,78.5101,86.8812,86.8812,
camel.ee.nctu.edu.tw,54,soylocal,hivit_base_patch16_224.in1k_mocov3,False,,,,adamw,0.05,5e-06,,0,200,448,8,600,600,10.0,-1.0,hivit_base_patch16_224.in1k_mocov3,56.0,,,2.6116,56.0,100.0,,,0.1512,40.4025,0.4121,78.51,86.7851,86.7851,
camel.ee.nctu.edu.tw,54,soylocal,hivit_base_patch16_224.in1k_mocov3,False,,,,adamw,0.05,5e-06,,0,200,448,8,600,600,20.0,-1.0,hivit_base_patch16_224.in1k_mocov3,57.0,,,2.4916,57.0,100.0,,,0.1389,40.4847,0.4121,78.51,86.7971,86.7971,
camel.ee.nctu.edu.tw,54,soylocal,hivit_base_patch16_224.in1k_mocov3,False,,,,adamw,0.05,5e-06,,0,200,448,8,600,600,30.0,-1.0,hivit_base_patch16_224.in1k_mocov3,57.3333,,,2.5005,57.333333333333336,100.0,,,0.1395,40.5281,0.4121,78.51,86.8091,86.8091,
camel.ee.nctu.edu.tw,54,soylocal,hivit_base_patch16_224.in1k_mocov3,False,,,,adamw,0.05,5e-06,,0,200,448,8,600,600,40.0,-1.0,hivit_base_patch16_224.in1k_mocov3,58.3333,,,2.4839,58.333333333333336,100.0,,,0.1398,40.3659,0.4121,78.51,86.8211,86.8211,
camel.ee.nctu.edu.tw,54,soylocal,hivit_base_patch16_224.in1k_mocov3,False,,,,adamw,0.05,5e-06,,0,200,448,8,600,600,50.0,-1.0,hivit_base_patch16_224.in1k_mocov3,55.8333,,,2.526,55.833333333333336,100.0,,,0.145,40.585,0.4121,78.51,86.8331,86.8331,
camel.ee.nctu.edu.tw,54,soylocal,hivit_base_patch16_224.in1k_mocov3,False,,,,adamw,0.05,5e-06,,0,200,448,8,600,600,70.0,-1.0,hivit_base_patch16_224.in1k_mocov3,59.1667,,,2.5373,59.166666666666664,100.0,,,0.1471,40.465,0.4141,78.5101,86.8572,86.8572,
camel.ee.nctu.edu.tw,54,soylocal,hivit_base_patch16_224.in1k_mocov3,False,,,,adamw,0.05,5e-06,,0,200,448,8,600,600,90.0,-1.0,hivit_base_patch16_224.in1k_mocov3,55.3333,,,2.5812,55.333333333333336,100.0,,,0.1475,40.679,0.4141,78.5101,86.8812,86.8812,
camel.ee.nctu.edu.tw,54,soylocal,hivit_base_patch16_224.in1k_mocov3,False,,,,adamw,0.05,1e-05,,0,200,448,8,600,600,10.0,-1.0,hivit_base_patch16_224.in1k_mocov3,58.5,,,2.3345,58.5,100.0,,,0.0297,40.5105,0.4121,78.51,86.7851,86.7851,
camel.ee.nctu.edu.tw,54,soylocal,hivit_base_patch16_224.in1k_mocov3,False,,,,adamw,0.05,1e-05,,0,200,448,8,600,600,20.0,-1.0,hivit_base_patch16_224.in1k_mocov3,58.1667,,,2.1757,58.166666666666664,100.0,,,0.0268,40.4956,0.4121,78.51,86.7971,86.7971,
camel.ee.nctu.edu.tw,54,soylocal,hivit_base_patch16_224.in1k_mocov3,False,,,,adamw,0.05,1e-05,,0,200,448,8,600,600,30.0,-1.0,hivit_base_patch16_224.in1k_mocov3,57.6667,,,2.2331,57.666666666666664,100.0,,,0.0271,40.6928,0.4121,78.51,86.8091,86.8091,
camel.ee.nctu.edu.tw,54,soylocal,hivit_base_patch16_224.in1k_mocov3,False,,,,adamw,0.05,1e-05,,0,200,448,8,600,600,40.0,-1.0,hivit_base_patch16_224.in1k_mocov3,58.3333,,,2.1934,58.333333333333336,100.0,,,0.0277,40.6558,0.4121,78.51,86.8211,86.8211,
camel.ee.nctu.edu.tw,54,soylocal,hivit_base_patch16_224.in1k_mocov3,False,,,,adamw,0.05,1e-05,,0,200,448,8,600,600,50.0,-1.0,hivit_base_patch16_224.in1k_mocov3,58.3333,,,2.2113,58.333333333333336,100.0,,,0.0272,40.6069,0.4121,78.51,86.8331,86.8331,
camel.ee.nctu.edu.tw,54,soylocal,hivit_base_patch16_224.in1k_mocov3,False,,,,adamw,0.05,1e-05,,0,200,448,8,600,600,70.0,-1.0,hivit_base_patch16_224.in1k_mocov3,60.0,,,2.1944,60.0,100.0,,,0.0268,40.4731,0.4141,78.5101,86.8572,86.8572,
camel.ee.nctu.edu.tw,54,soylocal,hivit_base_patch16_224.in1k_mocov3,False,,,,adamw,0.05,1e-05,,0,200,448,8,600,600,90.0,-1.0,hivit_base_patch16_224.in1k_mocov3,55.5,,,2.2897,55.5,100.0,,,0.0275,40.4438,0.4141,78.5101,86.8812,86.8812,
camel.ee.nctu.edu.tw,54,soylocal,hivit_base_patch16_224.in1k_mocov3,False,,,,adamw,0.05,5e-05,,0,200,448,8,600,600,10.0,-1.0,hivit_base_patch16_224.in1k_mocov3,50.3333,,,2.2206,50.333333333333336,100.0,,,0.0005,40.3788,0.4121,78.51,86.7851,86.7851,
camel.ee.nctu.edu.tw,54,soylocal,hivit_base_patch16_224.in1k_mocov3,False,,,,adamw,0.05,5e-05,,0,200,448,8,600,600,20.0,-1.0,hivit_base_patch16_224.in1k_mocov3,51.8333,,,2.1265,51.833333333333336,100.0,,,0.0004,40.2908,0.4121,78.51,86.7971,86.7971,
camel.ee.nctu.edu.tw,54,soylocal,hivit_base_patch16_224.in1k_mocov3,False,,,,adamw,0.05,5e-05,,0,200,448,8,600,600,30.0,-1.0,hivit_base_patch16_224.in1k_mocov3,52.5,,,2.1302,52.5,100.0,,,0.0003,40.4142,0.4121,78.51,86.8091,86.8091,
camel.ee.nctu.edu.tw,54,soylocal,hivit_base_patch16_224.in1k_mocov3,False,,,,adamw,0.05,5e-05,,0,200,448,8,600,600,40.0,-1.0,hivit_base_patch16_224.in1k_mocov3,53.6667,,,2.0723,53.666666666666664,100.0,,,0.0003,40.4007,0.4121,78.51,86.8211,86.8211,
camel.ee.nctu.edu.tw,54,soylocal,hivit_base_patch16_224.in1k_mocov3,False,,,,adamw,0.05,5e-05,,0,200,448,8,600,600,50.0,-1.0,hivit_base_patch16_224.in1k_mocov3,55.0,,,2.0055,55.0,100.0,,,0.0003,40.58,0.4121,78.51,86.8331,86.8331,
camel.ee.nctu.edu.tw,54,soylocal,hivit_base_patch16_224.in1k_mocov3,False,,,,adamw,0.05,5e-05,,0,200,448,8,600,600,70.0,-1.0,hivit_base_patch16_224.in1k_mocov3,57.0,,,1.9227,57.0,100.0,,,0.0003,40.3438,0.4141,78.5101,86.8572,86.8572,
camel.ee.nctu.edu.tw,54,soylocal,hivit_base_patch16_224.in1k_mocov3,False,,,,adamw,0.05,5e-05,,0,200,448,8,600,600,90.0,-1.0,hivit_base_patch16_224.in1k_mocov3,50.1667,,,2.1994,50.166666666666664,100.0,,,0.0003,40.5953,0.4141,78.5101,86.8812,86.8812,
camel.ee.nctu.edu.tw,54,soylocal,hivit_base_patch16_224.in1k_mocov3,False,,,,adamw,0.05,0.0001,,0,200,448,8,600,600,10.0,-1.0,hivit_base_patch16_224.in1k_mocov3,46.0,,,2.57,46.0,100.0,,,0.0002,40.4732,0.4121,78.51,86.7851,86.7851,
camel.ee.nctu.edu.tw,54,soylocal,hivit_base_patch16_224.in1k_mocov3,False,,,,adamw,0.05,0.0001,,0,200,448,8,600,600,20.0,-1.0,hivit_base_patch16_224.in1k_mocov3,50.3333,,,2.3572,50.333333333333336,100.0,,,0.0001,40.104,0.4121,78.51,86.7971,86.7971,
camel.ee.nctu.edu.tw,54,soylocal,hivit_base_patch16_224.in1k_mocov3,False,,,,adamw,0.05,0.0001,,0,200,448,8,600,600,30.0,-1.0,hivit_base_patch16_224.in1k_mocov3,47.0,,,2.5547,47.0,100.0,,,0.0001,40.4202,0.4121,78.51,86.8091,86.8091,
camel.ee.nctu.edu.tw,54,soylocal,hivit_base_patch16_224.in1k_mocov3,False,,,,adamw,0.05,0.0001,,0,200,448,8,600,600,40.0,-1.0,hivit_base_patch16_224.in1k_mocov3,48.6667,,,2.3541,48.666666666666664,100.0,,,0.0001,40.1398,0.4121,78.51,86.8211,86.8211,
camel.ee.nctu.edu.tw,54,soylocal,hivit_base_patch16_224.in1k_mocov3,False,,,,adamw,0.05,0.0001,,0,200,448,8,600,600,50.0,-1.0,hivit_base_patch16_224.in1k_mocov3,53.8333,,,2.1723,53.833333333333336,100.0,,,0.0001,40.1723,0.4121,78.51,86.8331,86.8331,
camel.ee.nctu.edu.tw,54,soylocal,hivit_base_patch16_224.in1k_mocov3,False,,,,adamw,0.05,0.0001,,0,200,448,8,600,600,70.0,-1.0,hivit_base_patch16_224.in1k_mocov3,55.8333,,,2.0578,55.833333333333336,100.0,,,0.0001,40.2291,0.4141,78.5101,86.8572,86.8572,
camel.ee.nctu.edu.tw,54,soylocal,hivit_base_patch16_224.in1k_mocov3,False,,,,adamw,0.05,0.0001,,0,200,448,8,600,600,90.0,-1.0,hivit_base_patch16_224.in1k_mocov3,46.3333,,,2.5323,46.333333333333336,100.0,,,0.0001,40.2779,0.4141,78.5101,86.8812,86.8812,
camel.ee.nctu.edu.tw,54,soylocal,hivit_base_patch16_224.in1k_mocov3,False,,,,adamw,0.05,0.0005,,0,200,448,8,600,600,10.0,-1.0,hivit_base_patch16_224.in1k_mocov3,42.6667,,,2.8861,42.666666666666664,100.0,,,0.0025,40.6034,0.4121,78.51,86.7851,86.7851,
camel.ee.nctu.edu.tw,54,soylocal,hivit_base_patch16_224.in1k_mocov3,False,,,,adamw,0.05,0.0005,,0,200,448,8,600,600,20.0,-1.0,hivit_base_patch16_224.in1k_mocov3,44.8333,,,2.7743,44.833333333333336,100.0,,,0.0012,40.1842,0.4121,78.51,86.7971,86.7971,
camel.ee.nctu.edu.tw,54,soylocal,hivit_base_patch16_224.in1k_mocov3,False,,,,adamw,0.05,0.0005,,0,200,448,8,600,600,30.0,-1.0,hivit_base_patch16_224.in1k_mocov3,44.3333,,,2.8229,44.333333333333336,100.0,,,0.0027,40.4409,0.4121,78.51,86.8091,86.8091,
camel.ee.nctu.edu.tw,54,soylocal,hivit_base_patch16_224.in1k_mocov3,False,,,,adamw,0.05,0.0005,,0,200,448,8,600,600,40.0,-1.0,hivit_base_patch16_224.in1k_mocov3,45.3333,,,2.8766,45.333333333333336,100.0,,,0.0008,40.2823,0.4121,78.51,86.8211,86.8211,
camel.ee.nctu.edu.tw,54,soylocal,hivit_base_patch16_224.in1k_mocov3,False,,,,adamw,0.05,0.0005,,0,200,448,8,600,600,50.0,-1.0,hivit_base_patch16_224.in1k_mocov3,46.1667,,,2.7215,46.166666666666664,100.0,,,0.0006,40.2871,0.4121,78.51,86.8331,86.8331,
camel.ee.nctu.edu.tw,54,soylocal,hivit_base_patch16_224.in1k_mocov3,False,,,,adamw,0.05,0.0005,,0,200,448,8,600,600,70.0,-1.0,hivit_base_patch16_224.in1k_mocov3,45.8333,,,2.7787,45.833333333333336,100.0,,,0.0007,40.4142,0.4141,78.5101,86.8572,86.8572,
camel.ee.nctu.edu.tw,54,soylocal,hivit_base_patch16_224.in1k_mocov3,False,,,,adamw,0.05,0.0005,,0,200,448,8,600,600,90.0,-1.0,hivit_base_patch16_224.in1k_mocov3,41.5,,,3.0704,41.5,100.0,,,0.0005,40.2247,0.4141,78.5101,86.8812,86.8812,
camel.ee.nctu.edu.tw,54,soylocal,hivit_base_patch16_224.in1k_mocov3,False,,,,adamw,0.05,0.001,,0,200,448,8,600,600,10.0,-1.0,hivit_base_patch16_224.in1k_mocov3,41.6667,,,2.7519,41.666666666666664,98.6667,,,0.3765,40.3826,0.4121,78.51,86.7851,86.7851,
camel.ee.nctu.edu.tw,54,soylocal,hivit_base_patch16_224.in1k_mocov3,False,,,,adamw,0.05,0.001,,0,200,448,8,600,600,20.0,-1.0,hivit_base_patch16_224.in1k_mocov3,39.3333,,,2.9028,39.333333333333336,99.5,,,0.2786,40.2293,0.4121,78.51,86.7971,86.7971,
camel.ee.nctu.edu.tw,54,soylocal,hivit_base_patch16_224.in1k_mocov3,False,,,,adamw,0.05,0.001,,0,200,448,8,600,600,30.0,-1.0,hivit_base_patch16_224.in1k_mocov3,38.1667,,,2.9003,38.166666666666664,99.1667,,,0.3685,40.22,0.4121,78.51,86.8091,86.8091,
camel.ee.nctu.edu.tw,54,soylocal,hivit_base_patch16_224.in1k_mocov3,False,,,,adamw,0.05,0.001,,0,200,448,8,600,600,40.0,-1.0,hivit_base_patch16_224.in1k_mocov3,39.3333,,,3.0299,39.333333333333336,97.8333,,,0.4579,40.2744,0.4121,78.51,86.8211,86.8211,
camel.ee.nctu.edu.tw,54,soylocal,hivit_base_patch16_224.in1k_mocov3,False,,,,adamw,0.05,0.001,,0,200,448,8,600,600,50.0,-1.0,hivit_base_patch16_224.in1k_mocov3,40.0,,,2.9996,40.0,99.6667,,,0.1305,40.0983,0.4121,78.51,86.8331,86.8331,
camel.ee.nctu.edu.tw,54,soylocal,hivit_base_patch16_224.in1k_mocov3,False,,,,adamw,0.05,0.001,,0,200,448,8,600,600,70.0,-1.0,hivit_base_patch16_224.in1k_mocov3,40.8333,,,3.0581,40.833333333333336,99.1667,,,0.0573,40.2436,0.4141,78.5101,86.8572,86.8572,
camel.ee.nctu.edu.tw,54,soylocal,hivit_base_patch16_224.in1k_mocov3,False,,,,adamw,0.05,0.001,,0,200,448,8,600,600,90.0,-1.0,hivit_base_patch16_224.in1k_mocov3,37.3333,,,3.0586,37.333333333333336,97.8333,,,0.1989,40.595,0.4141,78.5101,86.8812,86.8812,
camel.ee.nctu.edu.tw,54,soylocal,hivit_base_patch16_224.in1k_mocov3,False,,,,sgd,0.0,0.003,,0,200,448,8,600,600,10.0,-1.0,hivit_base_patch16_224.in1k_mocov3,50.3333,,,2.7017,50.333333333333336,99.0,,,1.2587,39.4785,0.4121,78.51,86.7851,86.7851,
camel.ee.nctu.edu.tw,54,soylocal,hivit_base_patch16_224.in1k_mocov3,False,,,,sgd,0.0,0.003,,0,200,448,8,600,600,20.0,-1.0,hivit_base_patch16_224.in1k_mocov3,50.8333,,,2.6966,50.833333333333336,98.8333,,,1.4027,38.9735,0.4121,78.51,86.7971,86.7971,
camel.ee.nctu.edu.tw,54,soylocal,hivit_base_patch16_224.in1k_mocov3,False,,,,sgd,0.0,0.003,,0,200,448,8,600,600,30.0,-1.0,hivit_base_patch16_224.in1k_mocov3,50.5,,,2.716,50.5,99.0,,,1.4898,39.135,0.4121,78.51,86.8091,86.8091,
camel.ee.nctu.edu.tw,54,soylocal,hivit_base_patch16_224.in1k_mocov3,False,,,,sgd,0.0,0.003,,0,200,448,8,600,600,40.0,-1.0,hivit_base_patch16_224.in1k_mocov3,52.1667,,,2.6056,52.166666666666664,99.3333,,,1.3175,39.2672,0.4121,78.51,86.8211,86.8211,
camel.ee.nctu.edu.tw,54,soylocal,hivit_base_patch16_224.in1k_mocov3,False,,,,sgd,0.0,0.003,,0,200,448,8,600,600,50.0,-1.0,hivit_base_patch16_224.in1k_mocov3,52.3333,,,2.6269,52.333333333333336,99.5,,,1.3332,38.979,0.4121,78.51,86.8331,86.8331,
camel.ee.nctu.edu.tw,54,soylocal,hivit_base_patch16_224.in1k_mocov3,False,,,,sgd,0.0,0.003,,0,200,448,8,600,600,70.0,-1.0,hivit_base_patch16_224.in1k_mocov3,51.8333,,,2.6567,51.833333333333336,99.1667,,,1.4157,38.949,0.4141,78.5101,86.8572,86.8572,
camel.ee.nctu.edu.tw,54,soylocal,hivit_base_patch16_224.in1k_mocov3,False,,,,sgd,0.0,0.003,,0,200,448,8,600,600,90.0,-1.0,hivit_base_patch16_224.in1k_mocov3,49.3333,,,2.7153,49.333333333333336,99.5,,,1.3731,39.4038,0.4141,78.5101,86.8812,86.8812,
camel.ee.nctu.edu.tw,54,soylocal,hivit_base_patch16_224.in1k_mocov3,False,,,,sgd,0.0,0.01,,0,200,448,8,600,600,10.0,-1.0,hivit_base_patch16_224.in1k_mocov3,53.1667,,,1.9751,53.166666666666664,100.0,,,0.0059,39.1981,0.4121,78.51,86.7851,86.7851,
camel.ee.nctu.edu.tw,54,soylocal,hivit_base_patch16_224.in1k_mocov3,False,,,,sgd,0.0,0.01,,0,200,448,8,600,600,20.0,-1.0,hivit_base_patch16_224.in1k_mocov3,52.1667,,,1.9636,52.166666666666664,100.0,,,0.0037,38.8569,0.4121,78.51,86.7971,86.7971,
camel.ee.nctu.edu.tw,54,soylocal,hivit_base_patch16_224.in1k_mocov3,False,,,,sgd,0.0,0.01,,0,200,448,8,600,600,30.0,-1.0,hivit_base_patch16_224.in1k_mocov3,54.8333,,,1.8914,54.833333333333336,100.0,,,0.0039,38.8913,0.4121,78.51,86.8091,86.8091,
camel.ee.nctu.edu.tw,54,soylocal,hivit_base_patch16_224.in1k_mocov3,False,,,,sgd,0.0,0.01,,0,200,448,8,600,600,40.0,-1.0,hivit_base_patch16_224.in1k_mocov3,52.8333,,,1.8854,52.833333333333336,100.0,,,0.0041,39.1565,0.4121,78.51,86.8211,86.8211,
camel.ee.nctu.edu.tw,54,soylocal,hivit_base_patch16_224.in1k_mocov3,False,,,,sgd,0.0,0.01,,0,200,448,8,600,600,50.0,-1.0,hivit_base_patch16_224.in1k_mocov3,55.3333,,,1.8766,55.333333333333336,100.0,,,0.0039,38.9789,0.4121,78.51,86.8331,86.8331,
camel.ee.nctu.edu.tw,54,soylocal,hivit_base_patch16_224.in1k_mocov3,False,,,,sgd,0.0,0.01,,0,200,448,8,600,600,70.0,-1.0,hivit_base_patch16_224.in1k_mocov3,53.5,,,1.9117,53.5,100.0,,,0.004,38.9859,0.4141,78.5101,86.8572,86.8572,
camel.ee.nctu.edu.tw,54,soylocal,hivit_base_patch16_224.in1k_mocov3,False,,,,sgd,0.0,0.01,,0,200,448,8,600,600,90.0,-1.0,hivit_base_patch16_224.in1k_mocov3,49.8333,,,2.1218,49.833333333333336,100.0,,,0.0039,39.2325,0.4141,78.5101,86.8812,86.8812,
camel.ee.nctu.edu.tw,54,soylocal,hivit_base_patch16_224.in1k_mocov3,False,,,,sgd,0.0,0.03,,0,200,448,8,600,600,10.0,-1.0,hivit_base_patch16_224.in1k_mocov3,47.8333,,,2.3142,47.833333333333336,100.0,,,0.0007,39.0962,0.4121,78.51,86.7851,86.7851,
camel.ee.nctu.edu.tw,54,soylocal,hivit_base_patch16_224.in1k_mocov3,False,,,,sgd,0.0,0.03,,0,200,448,8,600,600,20.0,-1.0,hivit_base_patch16_224.in1k_mocov3,46.1667,,,2.2595,46.166666666666664,100.0,,,0.0006,38.6769,0.4121,78.51,86.7971,86.7971,
camel.ee.nctu.edu.tw,54,soylocal,hivit_base_patch16_224.in1k_mocov3,False,,,,sgd,0.0,0.03,,0,200,448,8,600,600,30.0,-1.0,hivit_base_patch16_224.in1k_mocov3,47.1667,,,2.193,47.166666666666664,100.0,,,0.0006,39.0212,0.4121,78.51,86.8091,86.8091,
camel.ee.nctu.edu.tw,54,soylocal,hivit_base_patch16_224.in1k_mocov3,False,,,,sgd,0.0,0.03,,0,200,448,8,600,600,40.0,-1.0,hivit_base_patch16_224.in1k_mocov3,45.8333,,,2.1865,45.833333333333336,100.0,,,0.0006,39.06,0.4121,78.51,86.8211,86.8211,
camel.ee.nctu.edu.tw,54,soylocal,hivit_base_patch16_224.in1k_mocov3,False,,,,sgd,0.0,0.03,,0,200,448,8,600,600,50.0,-1.0,hivit_base_patch16_224.in1k_mocov3,48.0,,,2.2042,48.0,100.0,,,0.0006,38.8648,0.4121,78.51,86.8331,86.8331,
camel.ee.nctu.edu.tw,54,soylocal,hivit_base_patch16_224.in1k_mocov3,False,,,,sgd,0.0,0.03,,0,200,448,8,600,600,70.0,-1.0,hivit_base_patch16_224.in1k_mocov3,49.5,,,2.2389,49.5,100.0,,,0.0007,38.9432,0.4141,78.5101,86.8572,86.8572,
camel.ee.nctu.edu.tw,54,soylocal,hivit_base_patch16_224.in1k_mocov3,False,,,,sgd,0.0,0.03,,0,200,448,8,600,600,90.0,-1.0,hivit_base_patch16_224.in1k_mocov3,46.1667,,,2.2391,46.166666666666664,100.0,,,0.0008,39.4745,0.4141,78.5101,86.8812,86.8812,
camel.ee.nctu.edu.tw,54,soylocal,hivit_base_patch16_224.in1k_mocov3,False,,,,sgd,0.0,0.1,,0,200,448,8,600,600,10.0,-1.0,hivit_base_patch16_224.in1k_mocov3,43.0,,,3.1991,43.0,100.0,,,0.0049,39.2927,0.4121,78.51,86.7851,86.7851,
camel.ee.nctu.edu.tw,54,soylocal,hivit_base_patch16_224.in1k_mocov3,False,,,,sgd,0.0,0.1,,0,200,448,8,600,600,20.0,-1.0,hivit_base_patch16_224.in1k_mocov3,42.5,,,3.0513,42.5,100.0,,,0.001,38.714,0.4121,78.51,86.7971,86.7971,
camel.ee.nctu.edu.tw,54,soylocal,hivit_base_patch16_224.in1k_mocov3,False,,,,sgd,0.0,0.1,,0,200,448,8,600,600,30.0,-1.0,hivit_base_patch16_224.in1k_mocov3,41.1667,,,3.1957,41.166666666666664,100.0,,,0.0003,38.8076,0.4121,78.51,86.8091,86.8091,
camel.ee.nctu.edu.tw,54,soylocal,hivit_base_patch16_224.in1k_mocov3,False,,,,sgd,0.0,0.1,,0,200,448,8,600,600,40.0,-1.0,hivit_base_patch16_224.in1k_mocov3,45.1667,,,3.1578,45.166666666666664,100.0,,,0.0002,39.0664,0.4121,78.51,86.8211,86.8211,
camel.ee.nctu.edu.tw,54,soylocal,hivit_base_patch16_224.in1k_mocov3,False,,,,sgd,0.0,0.1,,0,200,448,8,600,600,50.0,-1.0,hivit_base_patch16_224.in1k_mocov3,43.1667,,,3.1455,43.166666666666664,100.0,,,0.0007,38.8721,0.4121,78.51,86.8331,86.8331,
camel.ee.nctu.edu.tw,54,soylocal,hivit_base_patch16_224.in1k_mocov3,False,,,,sgd,0.0,0.1,,0,200,448,8,600,600,70.0,-1.0,hivit_base_patch16_224.in1k_mocov3,41.3333,,,3.3388,41.333333333333336,100.0,,,0.0009,38.7933,0.4141,78.5101,86.8572,86.8572,
camel.ee.nctu.edu.tw,54,soylocal,hivit_base_patch16_224.in1k_mocov3,False,,,,sgd,0.0,0.1,,0,200,448,8,600,600,90.0,-1.0,hivit_base_patch16_224.in1k_mocov3,44.5,,,3.2693,44.5,100.0,,,0.0001,39.1943,0.4141,78.5101,86.8812,86.8812,
camel.ee.nctu.edu.tw,54,soylocal,hivit_base_patch16_224.mae,False,,,,adamw,0.05,5e-06,,0,200,448,8,600,600,10.0,-1.0,hivit_base_patch16_224.mae,58.8333,,,2.3398,58.833333333333336,100.0,,,0.1317,41.9588,0.4121,78.51,86.7851,86.7851,
camel.ee.nctu.edu.tw,54,soylocal,hivit_base_patch16_224.mae,False,,,,adamw,0.05,5e-06,,0,200,448,8,600,600,20.0,-1.0,hivit_base_patch16_224.mae,55.5,,,2.4017,55.5,100.0,,,0.1252,41.0088,0.4121,78.51,86.7971,86.7971,
camel.ee.nctu.edu.tw,54,soylocal,hivit_base_patch16_224.mae,False,,,,adamw,0.05,5e-06,,0,200,448,8,600,600,30.0,-1.0,hivit_base_patch16_224.mae,54.6667,,,2.3756,54.666666666666664,100.0,,,0.1217,40.9677,0.4121,78.51,86.8091,86.8091,
camel.ee.nctu.edu.tw,54,soylocal,hivit_base_patch16_224.mae,False,,,,adamw,0.05,5e-06,,0,200,448,8,600,600,40.0,-1.0,hivit_base_patch16_224.mae,54.8333,,,2.3234,54.833333333333336,100.0,,,0.1224,41.1115,0.4121,78.51,86.8211,86.8211,
camel.ee.nctu.edu.tw,54,soylocal,hivit_base_patch16_224.mae,False,,,,adamw,0.05,5e-06,,0,200,448,8,600,600,50.0,-1.0,hivit_base_patch16_224.mae,56.0,,,2.4155,56.0,100.0,,,0.1176,41.0734,0.4121,78.51,86.8331,86.8331,
camel.ee.nctu.edu.tw,54,soylocal,hivit_base_patch16_224.mae,False,,,,adamw,0.05,5e-06,,0,200,448,8,600,600,70.0,-1.0,hivit_base_patch16_224.mae,54.5,,,2.3523,54.5,100.0,,,0.118,40.7448,0.4141,78.5101,86.8572,86.8572,
camel.ee.nctu.edu.tw,54,soylocal,hivit_base_patch16_224.mae,False,,,,adamw,0.05,5e-06,,0,200,448,8,600,600,90.0,-1.0,hivit_base_patch16_224.mae,57.0,,,2.3983,57.0,100.0,,,0.1289,40.6782,0.4141,78.5101,86.8812,86.8812,
camel.ee.nctu.edu.tw,54,soylocal,hivit_base_patch16_224.mae,False,,,,adamw,0.05,1e-05,,0,200,448,8,600,600,10.0,-1.0,hivit_base_patch16_224.mae,57.3333,,,2.1666,57.333333333333336,100.0,,,0.0262,41.4581,0.4121,78.51,86.7851,86.7851,
camel.ee.nctu.edu.tw,54,soylocal,hivit_base_patch16_224.mae,False,,,,adamw,0.05,1e-05,,0,200,448,8,600,600,20.0,-1.0,hivit_base_patch16_224.mae,58.5,,,2.0985,58.5,100.0,,,0.0246,41.294,0.4121,78.51,86.7971,86.7971,
camel.ee.nctu.edu.tw,54,soylocal,hivit_base_patch16_224.mae,False,,,,adamw,0.05,1e-05,,0,200,448,8,600,600,30.0,-1.0,hivit_base_patch16_224.mae,55.6667,,,2.1654,55.666666666666664,100.0,,,0.0245,40.6969,0.4121,78.51,86.8091,86.8091,
camel.ee.nctu.edu.tw,54,soylocal,hivit_base_patch16_224.mae,False,,,,adamw,0.05,1e-05,,0,200,448,8,600,600,40.0,-1.0,hivit_base_patch16_224.mae,56.8333,,,2.1152,56.833333333333336,100.0,,,0.0238,41.3332,0.4121,78.51,86.8211,86.8211,
camel.ee.nctu.edu.tw,54,soylocal,hivit_base_patch16_224.mae,False,,,,adamw,0.05,1e-05,,0,200,448,8,600,600,50.0,-1.0,hivit_base_patch16_224.mae,56.1667,,,2.187,56.166666666666664,100.0,,,0.0236,40.8912,0.4121,78.51,86.8331,86.8331,
camel.ee.nctu.edu.tw,54,soylocal,hivit_base_patch16_224.mae,False,,,,adamw,0.05,1e-05,,0,200,448,8,600,600,70.0,-1.0,hivit_base_patch16_224.mae,56.8333,,,2.121,56.833333333333336,100.0,,,0.0237,40.8591,0.4141,78.5101,86.8572,86.8572,
camel.ee.nctu.edu.tw,54,soylocal,hivit_base_patch16_224.mae,False,,,,adamw,0.05,1e-05,,0,200,448,8,600,600,90.0,-1.0,hivit_base_patch16_224.mae,58.3333,,,2.1785,58.333333333333336,100.0,,,0.0246,40.792,0.4141,78.5101,86.8812,86.8812,
camel.ee.nctu.edu.tw,54,soylocal,hivit_base_patch16_224.mae,False,,,,adamw,0.05,5e-05,,0,200,448,8,600,600,10.0,-1.0,hivit_base_patch16_224.mae,50.1667,,,2.1679,50.166666666666664,100.0,,,0.0006,41.999,0.4121,78.51,86.7851,86.7851,
camel.ee.nctu.edu.tw,54,soylocal,hivit_base_patch16_224.mae,False,,,,adamw,0.05,5e-05,,0,200,448,8,600,600,20.0,-1.0,hivit_base_patch16_224.mae,53.5,,,2.0655,53.5,100.0,,,0.0005,40.895,0.4121,78.51,86.7971,86.7971,
camel.ee.nctu.edu.tw,54,soylocal,hivit_base_patch16_224.mae,False,,,,adamw,0.05,5e-05,,0,200,448,8,600,600,30.0,-1.0,hivit_base_patch16_224.mae,48.8333,,,2.2806,48.833333333333336,100.0,,,0.0005,40.8986,0.4121,78.51,86.8091,86.8091,
camel.ee.nctu.edu.tw,54,soylocal,hivit_base_patch16_224.mae,False,,,,adamw,0.05,5e-05,,0,200,448,8,600,600,40.0,-1.0,hivit_base_patch16_224.mae,52.5,,,2.2205,52.5,100.0,,,0.0004,40.293,0.4121,78.51,86.8211,86.8211,
camel.ee.nctu.edu.tw,54,soylocal,hivit_base_patch16_224.mae,False,,,,adamw,0.05,5e-05,,0,200,448,8,600,600,50.0,-1.0,hivit_base_patch16_224.mae,55.0,,,2.1635,55.0,100.0,,,0.0004,40.7319,0.4121,78.51,86.8331,86.8331,
camel.ee.nctu.edu.tw,54,soylocal,hivit_base_patch16_224.mae,False,,,,adamw,0.05,5e-05,,0,200,448,8,600,600,70.0,-1.0,hivit_base_patch16_224.mae,52.3333,,,2.1808,52.333333333333336,100.0,,,0.0004,40.5505,0.4141,78.5101,86.8572,86.8572,
camel.ee.nctu.edu.tw,54,soylocal,hivit_base_patch16_224.mae,False,,,,adamw,0.05,5e-05,,0,200,448,8,600,600,90.0,-1.0,hivit_base_patch16_224.mae,52.0,,,2.1979,52.0,100.0,,,0.0004,40.5457,0.4141,78.5101,86.8812,86.8812,
camel.ee.nctu.edu.tw,54,soylocal,hivit_base_patch16_224.mae,False,,,,adamw,0.05,0.0001,,0,200,448,8,600,600,10.0,-1.0,hivit_base_patch16_224.mae,48.0,,,2.3279,48.0,100.0,,,0.0002,41.1831,0.4121,78.51,86.7851,86.7851,
camel.ee.nctu.edu.tw,54,soylocal,hivit_base_patch16_224.mae,False,,,,adamw,0.05,0.0001,,0,200,448,8,600,600,20.0,-1.0,hivit_base_patch16_224.mae,46.5,,,2.3567,46.5,100.0,,,0.0002,40.8956,0.4121,78.51,86.7971,86.7971,
camel.ee.nctu.edu.tw,54,soylocal,hivit_base_patch16_224.mae,False,,,,adamw,0.05,0.0001,,0,200,448,8,600,600,30.0,-1.0,hivit_base_patch16_224.mae,44.0,,,2.6957,44.0,100.0,,,0.0002,41.0148,0.4121,78.51,86.8091,86.8091,
camel.ee.nctu.edu.tw,54,soylocal,hivit_base_patch16_224.mae,False,,,,adamw,0.05,0.0001,,0,200,448,8,600,600,40.0,-1.0,hivit_base_patch16_224.mae,49.6667,,,2.352,49.666666666666664,100.0,,,0.0002,40.7117,0.4121,78.51,86.8211,86.8211,
camel.ee.nctu.edu.tw,54,soylocal,hivit_base_patch16_224.mae,False,,,,adamw,0.05,0.0001,,0,200,448,8,600,600,50.0,-1.0,hivit_base_patch16_224.mae,47.1667,,,2.3929,47.166666666666664,100.0,,,0.0002,40.8521,0.4121,78.51,86.8331,86.8331,
camel.ee.nctu.edu.tw,54,soylocal,hivit_base_patch16_224.mae,False,,,,adamw,0.05,0.0001,,0,200,448,8,600,600,70.0,-1.0,hivit_base_patch16_224.mae,50.8333,,,2.2639,50.833333333333336,100.0,,,0.0001,40.4722,0.4141,78.5101,86.8572,86.8572,
camel.ee.nctu.edu.tw,54,soylocal,hivit_base_patch16_224.mae,False,,,,adamw,0.05,0.0001,,0,200,448,8,600,600,90.0,-1.0,hivit_base_patch16_224.mae,49.8333,,,2.3181,49.833333333333336,100.0,,,0.0001,40.4813,0.4141,78.5101,86.8812,86.8812,
camel.ee.nctu.edu.tw,54,soylocal,hivit_base_patch16_224.mae,False,,,,adamw,0.05,0.0005,,0,200,448,8,600,600,10.0,-1.0,hivit_base_patch16_224.mae,37.3333,,,2.6969,37.333333333333336,93.1667,,,1.1524,41.2168,0.4121,78.51,86.7851,86.7851,
camel.ee.nctu.edu.tw,54,soylocal,hivit_base_patch16_224.mae,False,,,,adamw,0.05,0.0005,,0,200,448,8,600,600,20.0,-1.0,hivit_base_patch16_224.mae,37.3333,,,2.5891,37.333333333333336,90.3333,,,1.2192,41.0087,0.4121,78.51,86.7971,86.7971,
camel.ee.nctu.edu.tw,54,soylocal,hivit_base_patch16_224.mae,False,,,,adamw,0.05,0.0005,,0,200,448,8,600,600,30.0,-1.0,hivit_base_patch16_224.mae,40.1667,,,2.6406,40.166666666666664,98.5,,,0.4864,41.3946,0.4121,78.51,86.8091,86.8091,
camel.ee.nctu.edu.tw,54,soylocal,hivit_base_patch16_224.mae,False,,,,adamw,0.05,0.0005,,0,200,448,8,600,600,40.0,-1.0,hivit_base_patch16_224.mae,38.6667,,,2.5969,38.666666666666664,95.5,,,0.8515,40.7535,0.4121,78.51,86.8211,86.8211,
camel.ee.nctu.edu.tw,54,soylocal,hivit_base_patch16_224.mae,False,,,,adamw,0.05,0.0005,,0,200,448,8,600,600,50.0,-1.0,hivit_base_patch16_224.mae,40.3333,,,2.6078,40.333333333333336,94.0,,,0.773,41.3212,0.4121,78.51,86.8331,86.8331,
camel.ee.nctu.edu.tw,54,soylocal,hivit_base_patch16_224.mae,False,,,,adamw,0.05,0.0005,,0,200,448,8,600,600,70.0,-1.0,hivit_base_patch16_224.mae,27.1667,,,3.2628,27.166666666666668,83.5,,,1.4084,40.4054,0.4141,78.5101,86.8572,86.8572,
camel.ee.nctu.edu.tw,54,soylocal,hivit_base_patch16_224.mae,False,,,,adamw,0.05,0.0005,,0,200,448,8,600,600,90.0,-1.0,hivit_base_patch16_224.mae,34.0,,,2.685,34.0,89.5,,,0.9492,40.4713,0.4141,78.5101,86.8812,86.8812,
camel.ee.nctu.edu.tw,54,soylocal,hivit_base_patch16_224.mae,False,,,,adamw,0.05,0.001,,0,200,448,8,600,600,10.0,-1.0,hivit_base_patch16_224.mae,34.0,,,2.9076,34.0,88.1667,,,1.4424,41.0404,0.4121,78.51,86.7851,86.7851,
camel.ee.nctu.edu.tw,54,soylocal,hivit_base_patch16_224.mae,False,,,,adamw,0.05,0.001,,0,200,448,8,600,600,20.0,-1.0,hivit_base_patch16_224.mae,17.1667,,,4.1101,17.166666666666668,81.0,,,1.8431,41.0695,0.4121,78.51,86.7971,86.7971,
camel.ee.nctu.edu.tw,54,soylocal,hivit_base_patch16_224.mae,False,,,,adamw,0.05,0.001,,0,200,448,8,600,600,30.0,-1.0,hivit_base_patch16_224.mae,32.6667,,,2.8471,32.666666666666664,84.6667,,,1.631,40.3797,0.4121,78.51,86.8091,86.8091,
camel.ee.nctu.edu.tw,54,soylocal,hivit_base_patch16_224.mae,False,,,,adamw,0.05,0.001,,0,200,448,8,600,600,40.0,-1.0,hivit_base_patch16_224.mae,30.8333,,,3.1567,30.833333333333332,87.1667,,,1.4834,40.7644,0.4121,78.51,86.8211,86.8211,
camel.ee.nctu.edu.tw,54,soylocal,hivit_base_patch16_224.mae,False,,,,adamw,0.05,0.001,,0,200,448,8,600,600,50.0,-1.0,hivit_base_patch16_224.mae,13.8333,,,5.2902,13.833333333333334,81.8333,,,1.7538,40.8502,0.4121,78.51,86.8331,86.8331,
camel.ee.nctu.edu.tw,54,soylocal,hivit_base_patch16_224.mae,False,,,,adamw,0.05,0.001,,0,200,448,8,600,600,70.0,-1.0,hivit_base_patch16_224.mae,24.8333,,,3.6124,24.833333333333332,79.0,,,1.6533,40.104,0.4141,78.5101,86.8572,86.8572,
camel.ee.nctu.edu.tw,54,soylocal,hivit_base_patch16_224.mae,False,,,,adamw,0.05,0.001,,0,200,448,8,600,600,90.0,-1.0,hivit_base_patch16_224.mae,24.5,,,3.4136,24.5,79.5,,,1.6532,40.208,0.4141,78.5101,86.8812,86.8812,
camel.ee.nctu.edu.tw,54,soylocal,hivit_base_patch16_224.mae,False,,,,sgd,0.0,0.003,,0,200,448,8,600,600,10.0,-1.0,hivit_base_patch16_224.mae,47.0,,,2.9342,47.0,97.6667,,,1.8536,39.9649,0.4121,78.51,86.7851,86.7851,
camel.ee.nctu.edu.tw,54,soylocal,hivit_base_patch16_224.mae,False,,,,sgd,0.0,0.003,,0,200,448,8,600,600,20.0,-1.0,hivit_base_patch16_224.mae,48.5,,,2.9615,48.5,96.8333,,,1.957,40.0769,0.4121,78.51,86.7971,86.7971,
camel.ee.nctu.edu.tw,54,soylocal,hivit_base_patch16_224.mae,False,,,,sgd,0.0,0.003,,0,200,448,8,600,600,30.0,-1.0,hivit_base_patch16_224.mae,45.3333,,,3.05,45.333333333333336,94.3333,,,2.2953,40.011,0.4121,78.51,86.8091,86.8091,
camel.ee.nctu.edu.tw,54,soylocal,hivit_base_patch16_224.mae,False,,,,sgd,0.0,0.003,,0,200,448,8,600,600,40.0,-1.0,hivit_base_patch16_224.mae,47.8333,,,2.9475,47.833333333333336,97.0,,,2.1382,39.8613,0.4121,78.51,86.8211,86.8211,
camel.ee.nctu.edu.tw,54,soylocal,hivit_base_patch16_224.mae,False,,,,sgd,0.0,0.003,,0,200,448,8,600,600,50.0,-1.0,hivit_base_patch16_224.mae,45.6667,,,2.9025,45.666666666666664,98.1667,,,2.2845,39.9567,0.4121,78.51,86.8331,86.8331,
camel.ee.nctu.edu.tw,54,soylocal,hivit_base_patch16_224.mae,False,,,,sgd,0.0,0.003,,0,200,448,8,600,600,70.0,-1.0,hivit_base_patch16_224.mae,50.1667,,,2.8662,50.166666666666664,98.8333,,,2.2796,39.4181,0.4141,78.5101,86.8572,86.8572,
camel.ee.nctu.edu.tw,54,soylocal,hivit_base_patch16_224.mae,False,,,,sgd,0.0,0.003,,0,200,448,8,600,600,90.0,-1.0,hivit_base_patch16_224.mae,46.3333,,,2.9298,46.333333333333336,97.0,,,2.5313,39.3803,0.4141,78.5101,86.8812,86.8812,
camel.ee.nctu.edu.tw,54,soylocal,hivit_base_patch16_224.mae,False,,,,sgd,0.0,0.01,,0,200,448,8,600,600,10.0,-1.0,hivit_base_patch16_224.mae,54.5,,,1.9027,54.5,100.0,,,0.006,39.6065,0.4121,78.51,86.7851,86.7851,
camel.ee.nctu.edu.tw,54,soylocal,hivit_base_patch16_224.mae,False,,,,sgd,0.0,0.01,,0,200,448,8,600,600,20.0,-1.0,hivit_base_patch16_224.mae,53.3333,,,1.9265,53.333333333333336,100.0,,,0.0054,40.23,0.4121,78.51,86.7971,86.7971,
camel.ee.nctu.edu.tw,54,soylocal,hivit_base_patch16_224.mae,False,,,,sgd,0.0,0.01,,0,200,448,8,600,600,30.0,-1.0,hivit_base_patch16_224.mae,50.3333,,,2.0318,50.333333333333336,100.0,,,0.006,39.5968,0.4121,78.51,86.8091,86.8091,
camel.ee.nctu.edu.tw,54,soylocal,hivit_base_patch16_224.mae,False,,,,sgd,0.0,0.01,,0,200,448,8,600,600,40.0,-1.0,hivit_base_patch16_224.mae,55.0,,,1.9376,55.0,100.0,,,0.0057,39.6968,0.4121,78.51,86.8211,86.8211,
camel.ee.nctu.edu.tw,54,soylocal,hivit_base_patch16_224.mae,False,,,,sgd,0.0,0.01,,0,200,448,8,600,600,50.0,-1.0,hivit_base_patch16_224.mae,52.1667,,,1.9637,52.166666666666664,100.0,,,0.0073,39.7811,0.4121,78.51,86.8331,86.8331,
camel.ee.nctu.edu.tw,54,soylocal,hivit_base_patch16_224.mae,False,,,,sgd,0.0,0.01,,0,200,448,8,600,600,70.0,-1.0,hivit_base_patch16_224.mae,52.0,,,2.0649,52.0,100.0,,,0.0065,39.3224,0.4141,78.5101,86.8572,86.8572,
camel.ee.nctu.edu.tw,54,soylocal,hivit_base_patch16_224.mae,False,,,,sgd,0.0,0.01,,0,200,448,8,600,600,90.0,-1.0,hivit_base_patch16_224.mae,52.1667,,,1.9469,52.166666666666664,100.0,,,0.0059,39.4087,0.4141,78.5101,86.8812,86.8812,
camel.ee.nctu.edu.tw,54,soylocal,hivit_base_patch16_224.mae,False,,,,sgd,0.0,0.03,,0,200,448,8,600,600,10.0,-1.0,hivit_base_patch16_224.mae,52.5,,,1.8967,52.5,100.0,,,0.0076,39.4674,0.4121,78.51,86.7851,86.7851,
camel.ee.nctu.edu.tw,54,soylocal,hivit_base_patch16_224.mae,False,,,,sgd,0.0,0.03,,0,200,448,8,600,600,20.0,-1.0,hivit_base_patch16_224.mae,50.6667,,,2.0797,50.666666666666664,100.0,,,0.0012,40.1572,0.4121,78.51,86.7971,86.7971,
camel.ee.nctu.edu.tw,54,soylocal,hivit_base_patch16_224.mae,False,,,,sgd,0.0,0.03,,0,200,448,8,600,600,30.0,-1.0,hivit_base_patch16_224.mae,52.6667,,,2.1251,52.666666666666664,100.0,,,0.0011,39.4879,0.4121,78.51,86.8091,86.8091,
camel.ee.nctu.edu.tw,54,soylocal,hivit_base_patch16_224.mae,False,,,,sgd,0.0,0.03,,0,200,448,8,600,600,40.0,-1.0,hivit_base_patch16_224.mae,49.5,,,2.1237,49.5,100.0,,,0.0008,39.534,0.4121,78.51,86.8211,86.8211,
camel.ee.nctu.edu.tw,54,soylocal,hivit_base_patch16_224.mae,False,,,,sgd,0.0,0.03,,0,200,448,8,600,600,50.0,-1.0,hivit_base_patch16_224.mae,46.0,,,2.3136,46.0,100.0,,,0.0035,39.4105,0.4121,78.51,86.8331,86.8331,
camel.ee.nctu.edu.tw,54,soylocal,hivit_base_patch16_224.mae,False,,,,sgd,0.0,0.03,,0,200,448,8,600,600,70.0,-1.0,hivit_base_patch16_224.mae,47.6667,,,2.2039,47.666666666666664,100.0,,,0.0008,39.0593,0.4141,78.5101,86.8572,86.8572,
camel.ee.nctu.edu.tw,54,soylocal,hivit_base_patch16_224.mae,False,,,,sgd,0.0,0.03,,0,200,448,8,600,600,90.0,-1.0,hivit_base_patch16_224.mae,49.1667,,,2.1322,49.166666666666664,100.0,,,0.0087,39.359,0.4141,78.5101,86.8812,86.8812,
camel.ee.nctu.edu.tw,54,soylocal,hivit_base_patch16_224.mae,False,,,,sgd,0.0,0.1,,0,200,448,8,600,600,10.0,-1.0,hivit_base_patch16_224.mae,38.8333,,,3.1868,38.833333333333336,98.0,,,0.4029,39.5431,0.4121,78.51,86.7851,86.7851,
camel.ee.nctu.edu.tw,54,soylocal,hivit_base_patch16_224.mae,False,,,,sgd,0.0,0.1,,0,200,448,8,600,600,20.0,-1.0,hivit_base_patch16_224.mae,41.5,,,3.1045,41.5,95.1667,,,0.7437,40.5275,0.4121,78.51,86.7971,86.7971,
camel.ee.nctu.edu.tw,54,soylocal,hivit_base_patch16_224.mae,False,,,,sgd,0.0,0.1,,0,200,448,8,600,600,30.0,-1.0,hivit_base_patch16_224.mae,42.6667,,,3.1768,42.666666666666664,99.6667,,,0.1551,39.7428,0.4121,78.51,86.8091,86.8091,
camel.ee.nctu.edu.tw,54,soylocal,hivit_base_patch16_224.mae,False,,,,sgd,0.0,0.1,,0,200,448,8,600,600,40.0,-1.0,hivit_base_patch16_224.mae,39.3333,,,3.2974,39.333333333333336,98.3333,,,0.2587,39.5535,0.4121,78.51,86.8211,86.8211,
camel.ee.nctu.edu.tw,54,soylocal,hivit_base_patch16_224.mae,False,,,,sgd,0.0,0.1,,0,200,448,8,600,600,50.0,-1.0,hivit_base_patch16_224.mae,38.1667,,,3.2046,38.166666666666664,93.8333,,,0.6602,39.7958,0.4121,78.51,86.8331,86.8331,
camel.ee.nctu.edu.tw,54,soylocal,hivit_base_patch16_224.mae,False,,,,sgd,0.0,0.1,,0,200,448,8,600,600,70.0,-1.0,hivit_base_patch16_224.mae,33.0,,,2.8895,33.0,73.1667,,,1.917,39.3471,0.4141,78.5101,86.8572,86.8572,
camel.ee.nctu.edu.tw,54,soylocal,hivit_base_patch16_224.mae,False,,,,sgd,0.0,0.1,,0,200,448,8,600,600,90.0,-1.0,hivit_base_patch16_224.mae,37.1667,,,3.2895,37.166666666666664,95.1667,,,0.3495,39.3032,0.4141,78.5101,86.8812,86.8812,
camel.ee.nctu.edu.tw,54,soylocal,hivit_base_patch16_224.orig_in21k,False,,,,adamw,0.05,5e-06,,0,200,448,8,600,600,10.0,,,57.8333,,,2.6293,57.833333333333336,100.0,,,0.175,38.7668,0.4121,78.51,86.7851,86.7851,
camel.ee.nctu.edu.tw,54,soylocal,hivit_base_patch16_224.orig_in21k,False,,,,adamw,0.05,5e-06,,0,200,448,8,600,600,20.0,,,56.5,,,2.6267,56.5,100.0,,,0.1888,38.5645,0.4121,78.51,86.7971,86.7971,
camel.ee.nctu.edu.tw,54,soylocal,hivit_base_patch16_224.orig_in21k,False,,,,adamw,0.05,5e-06,,0,200,448,8,600,600,30.0,,,56.3333,,,2.5837,56.333333333333336,100.0,,,0.1819,37.8196,0.4121,78.51,86.8091,86.8091,
camel.ee.nctu.edu.tw,54,soylocal,hivit_base_patch16_224.orig_in21k,False,,,,adamw,0.05,5e-06,,0,200,448,8,600,600,40.0,,,55.5,,,2.667,55.5,100.0,,,0.1792,38.4499,0.4121,78.51,86.8211,86.8211,
camel.ee.nctu.edu.tw,54,soylocal,hivit_base_patch16_224.orig_in21k,False,,,,adamw,0.05,5e-06,,0,200,448,8,600,600,50.0,,,57.6667,,,2.5765,57.666666666666664,100.0,,,0.1691,38.5483,0.4121,78.51,86.8331,86.8331,
camel.ee.nctu.edu.tw,54,soylocal,hivit_base_patch16_224.orig_in21k,False,,,,adamw,0.05,5e-06,,0,200,448,8,600,600,70.0,,,55.5,,,2.6674,55.5,100.0,,,0.1962,38.0679,0.4141,78.5101,86.8572,86.8572,
camel.ee.nctu.edu.tw,54,soylocal,hivit_base_patch16_224.orig_in21k,False,,,,adamw,0.05,5e-06,,0,200,448,8,600,600,90.0,,,55.6667,,,2.6533,55.666666666666664,100.0,,,0.199,39.2361,0.4141,78.5101,86.8812,86.8812,
camel.ee.nctu.edu.tw,54,soylocal,hivit_base_patch16_224.orig_in21k,False,,,,adamw,0.05,1e-05,,0,200,448,8,600,600,10.0,,,56.6667,,,2.3496,56.666666666666664,100.0,,,0.0379,38.3455,0.4121,78.51,86.7851,86.7851,
camel.ee.nctu.edu.tw,54,soylocal,hivit_base_patch16_224.orig_in21k,False,,,,adamw,0.05,1e-05,,0,200,448,8,600,600,20.0,,,58.1667,,,2.2895,58.166666666666664,100.0,,,0.0367,38.0164,0.4121,78.51,86.7971,86.7971,
camel.ee.nctu.edu.tw,54,soylocal,hivit_base_patch16_224.orig_in21k,False,,,,adamw,0.05,1e-05,,0,200,448,8,600,600,30.0,,,57.0,,,2.3025,57.0,100.0,,,0.0339,39.3195,0.4121,78.51,86.8091,86.8091,
camel.ee.nctu.edu.tw,54,soylocal,hivit_base_patch16_224.orig_in21k,False,,,,adamw,0.05,1e-05,,0,200,448,8,600,600,40.0,,,56.6667,,,2.3241,56.666666666666664,100.0,,,0.0353,39.1561,0.4121,78.51,86.8211,86.8211,
camel.ee.nctu.edu.tw,54,soylocal,hivit_base_patch16_224.orig_in21k,False,,,,adamw,0.05,1e-05,,0,200,448,8,600,600,50.0,,,58.8333,,,2.2582,58.833333333333336,100.0,,,0.0328,38.4033,0.4121,78.51,86.8331,86.8331,
camel.ee.nctu.edu.tw,54,soylocal,hivit_base_patch16_224.orig_in21k,False,,,,adamw,0.05,1e-05,,0,200,448,8,600,600,70.0,,,57.5,,,2.2929,57.5,100.0,,,0.0353,38.0854,0.4141,78.5101,86.8572,86.8572,
camel.ee.nctu.edu.tw,54,soylocal,hivit_base_patch16_224.orig_in21k,False,,,,adamw,0.05,1e-05,,0,200,448,8,600,600,90.0,,,55.5,,,2.3176,55.5,100.0,,,0.0354,38.7187,0.4141,78.5101,86.8812,86.8812,
camel.ee.nctu.edu.tw,54,soylocal,hivit_base_patch16_224.orig_in21k,False,,,,adamw,0.05,5e-05,,0,200,448,8,600,600,10.0,,,49.5,,,2.3744,49.5,100.0,,,0.0014,37.97,0.4121,78.51,86.7851,86.7851,
camel.ee.nctu.edu.tw,54,soylocal,hivit_base_patch16_224.orig_in21k,False,,,,adamw,0.05,5e-05,,0,200,448,8,600,600,20.0,,,54.1667,,,2.1146,54.166666666666664,100.0,,,0.0005,39.0282,0.4121,78.51,86.7971,86.7971,
camel.ee.nctu.edu.tw,54,soylocal,hivit_base_patch16_224.orig_in21k,False,,,,adamw,0.05,5e-05,,0,200,448,8,600,600,30.0,,,53.6667,,,2.1762,53.666666666666664,100.0,,,0.0004,38.3566,0.4121,78.51,86.8091,86.8091,
camel.ee.nctu.edu.tw,54,soylocal,hivit_base_patch16_224.orig_in21k,False,,,,adamw,0.05,5e-05,,0,200,448,8,600,600,40.0,,,56.3333,,,2.0364,56.333333333333336,100.0,,,0.0004,39.0457,0.4121,78.51,86.8211,86.8211,
camel.ee.nctu.edu.tw,54,soylocal,hivit_base_patch16_224.orig_in21k,False,,,,adamw,0.05,5e-05,,0,200,448,8,600,600,50.0,,,54.6667,,,2.1061,54.666666666666664,100.0,,,0.0004,38.7691,0.4121,78.51,86.8331,86.8331,
camel.ee.nctu.edu.tw,54,soylocal,hivit_base_patch16_224.orig_in21k,False,,,,adamw,0.05,5e-05,,0,200,448,8,600,600,70.0,,,56.5,,,2.0172,56.5,100.0,,,0.0004,38.095,0.4141,78.5101,86.8572,86.8572,
camel.ee.nctu.edu.tw,54,soylocal,hivit_base_patch16_224.orig_in21k,False,,,,adamw,0.05,5e-05,,0,200,448,8,600,600,90.0,,,56.0,,,2.0489,56.0,100.0,,,0.0004,39.5626,0.4141,78.5101,86.8812,86.8812,
camel.ee.nctu.edu.tw,54,soylocal,hivit_base_patch16_224.orig_in21k,False,,,,adamw,0.05,0.0001,,0,200,448,8,600,600,10.0,,,44.6667,,,2.9399,44.666666666666664,100.0,,,0.001,37.9264,0.4121,78.51,86.7851,86.7851,
camel.ee.nctu.edu.tw,54,soylocal,hivit_base_patch16_224.orig_in21k,False,,,,adamw,0.05,0.0001,,0,200,448,8,600,600,20.0,,,48.3333,,,2.7479,48.333333333333336,100.0,,,0.0002,38.2198,0.4121,78.51,86.7971,86.7971,
camel.ee.nctu.edu.tw,54,soylocal,hivit_base_patch16_224.orig_in21k,False,,,,adamw,0.05,0.0001,,0,200,448,8,600,600,30.0,,,50.6667,,,2.6211,50.666666666666664,100.0,,,0.0002,37.8594,0.4121,78.51,86.8091,86.8091,
camel.ee.nctu.edu.tw,54,soylocal,hivit_base_patch16_224.orig_in21k,False,,,,adamw,0.05,0.0001,,0,200,448,8,600,600,40.0,,,50.5,,,2.5189,50.5,100.0,,,0.0002,38.3955,0.4121,78.51,86.8211,86.8211,
camel.ee.nctu.edu.tw,54,soylocal,hivit_base_patch16_224.orig_in21k,False,,,,adamw,0.05,0.0001,,0,200,448,8,600,600,50.0,,,53.1667,,,2.3122,53.166666666666664,100.0,,,0.0002,37.5546,0.4121,78.51,86.8331,86.8331,
camel.ee.nctu.edu.tw,54,soylocal,hivit_base_patch16_224.orig_in21k,False,,,,adamw,0.05,0.0001,,0,200,448,8,600,600,70.0,,,53.8333,,,2.1492,53.833333333333336,100.0,,,0.0001,37.9593,0.4141,78.5101,86.8572,86.8572,
camel.ee.nctu.edu.tw,54,soylocal,hivit_base_patch16_224.orig_in21k,False,,,,adamw,0.05,0.0001,,0,200,448,8,600,600,90.0,,,54.0,,,2.1903,54.0,100.0,,,0.0001,38.8333,0.4141,78.5101,86.8812,86.8812,
camel.ee.nctu.edu.tw,54,soylocal,hivit_base_patch16_224.orig_in21k,False,,,,adamw,0.05,0.0005,,0,200,448,8,600,600,10.0,,,50.8333,,,2.4376,50.833333333333336,100.0,,,0.0031,37.6541,0.4121,78.51,86.7851,86.7851,
camel.ee.nctu.edu.tw,54,soylocal,hivit_base_patch16_224.orig_in21k,False,,,,adamw,0.05,0.0005,,0,200,448,8,600,600,20.0,,,51.3333,,,2.3512,51.333333333333336,100.0,,,0.003,38.0553,0.4121,78.51,86.7971,86.7971,
camel.ee.nctu.edu.tw,54,soylocal,hivit_base_patch16_224.orig_in21k,False,,,,adamw,0.05,0.0005,,0,200,448,8,600,600,30.0,,,49.1667,,,2.4737,49.166666666666664,100.0,,,0.0009,37.938,0.4121,78.51,86.8091,86.8091,
camel.ee.nctu.edu.tw,54,soylocal,hivit_base_patch16_224.orig_in21k,False,,,,adamw,0.05,0.0005,,0,200,448,8,600,600,40.0,,,48.8333,,,2.5595,48.833333333333336,100.0,,,0.0009,37.6509,0.4121,78.51,86.8211,86.8211,
camel.ee.nctu.edu.tw,54,soylocal,hivit_base_patch16_224.orig_in21k,False,,,,adamw,0.05,0.0005,,0,200,448,8,600,600,50.0,,,47.6667,,,2.4534,47.666666666666664,100.0,,,0.0009,38.4058,0.4121,78.51,86.8331,86.8331,
camel.ee.nctu.edu.tw,54,soylocal,hivit_base_patch16_224.orig_in21k,False,,,,adamw,0.05,0.0005,,0,200,448,8,600,600,70.0,,,50.6667,,,2.4286,50.666666666666664,100.0,,,0.0006,37.7346,0.4141,78.5101,86.8572,86.8572,
camel.ee.nctu.edu.tw,54,soylocal,hivit_base_patch16_224.orig_in21k,False,,,,adamw,0.05,0.0005,,0,200,448,8,600,600,90.0,,,48.8333,,,2.4532,48.833333333333336,100.0,,,0.0004,37.2831,0.4141,78.5101,86.8812,86.8812,
camel.ee.nctu.edu.tw,54,soylocal,hivit_base_patch16_224.orig_in21k,False,,,,adamw,0.05,0.001,,0,200,448,8,600,600,10.0,,,38.8333,,,2.754,38.833333333333336,98.0,,,0.5543,37.9441,0.4121,78.51,86.7851,86.7851,
camel.ee.nctu.edu.tw,54,soylocal,hivit_base_patch16_224.orig_in21k,False,,,,adamw,0.05,0.001,,0,200,448,8,600,600,20.0,,,42.3333,,,2.6675,42.333333333333336,99.6667,,,0.182,37.8243,0.4121,78.51,86.7971,86.7971,
camel.ee.nctu.edu.tw,54,soylocal,hivit_base_patch16_224.orig_in21k,False,,,,adamw,0.05,0.001,,0,200,448,8,600,600,30.0,,,41.5,,,2.9647,41.5,99.6667,,,0.1684,38.4827,0.4121,78.51,86.8091,86.8091,
camel.ee.nctu.edu.tw,54,soylocal,hivit_base_patch16_224.orig_in21k,False,,,,adamw,0.05,0.001,,0,200,448,8,600,600,40.0,,,43.0,,,2.8473,43.0,99.8333,,,0.1417,37.3751,0.4121,78.51,86.8211,86.8211,
camel.ee.nctu.edu.tw,54,soylocal,hivit_base_patch16_224.orig_in21k,False,,,,adamw,0.05,0.001,,0,200,448,8,600,600,50.0,,,42.8333,,,2.8152,42.833333333333336,99.8333,,,0.0543,38.0682,0.4121,78.51,86.8331,86.8331,
camel.ee.nctu.edu.tw,54,soylocal,hivit_base_patch16_224.orig_in21k,False,,,,adamw,0.05,0.001,,0,200,448,8,600,600,70.0,,,40.5,,,3.0549,40.5,98.6667,,,0.1176,38.1709,0.4141,78.5101,86.8572,86.8572,
camel.ee.nctu.edu.tw,54,soylocal,hivit_base_patch16_224.orig_in21k,False,,,,adamw,0.05,0.001,,0,200,448,8,600,600,90.0,,,44.6667,,,2.9757,44.666666666666664,99.8333,,,0.033,37.9074,0.4141,78.5101,86.8812,86.8812,
camel.ee.nctu.edu.tw,54,soylocal,hivit_base_patch16_224.orig_in21k,False,,,,sgd,0.0,0.003,,0,200,448,8,600,600,10.0,,,52.3333,,,2.5077,52.333333333333336,99.5,,,0.8301,35.4682,0.4121,78.51,86.7851,86.7851,
camel.ee.nctu.edu.tw,54,soylocal,hivit_base_patch16_224.orig_in21k,False,,,,sgd,0.0,0.003,,0,200,448,8,600,600,20.0,,,51.1667,,,2.5082,51.166666666666664,99.8333,,,0.8663,36.2442,0.4121,78.51,86.7971,86.7971,
camel.ee.nctu.edu.tw,54,soylocal,hivit_base_patch16_224.orig_in21k,False,,,,sgd,0.0,0.003,,0,200,448,8,600,600,30.0,,,50.5,,,2.595,50.5,99.8333,,,1.0058,36.2655,0.4121,78.51,86.8091,86.8091,
camel.ee.nctu.edu.tw,54,soylocal,hivit_base_patch16_224.orig_in21k,False,,,,sgd,0.0,0.003,,0,200,448,8,600,600,40.0,,,48.3333,,,2.6063,48.333333333333336,100.0,,,0.8616,36.4038,0.4121,78.51,86.8211,86.8211,
camel.ee.nctu.edu.tw,54,soylocal,hivit_base_patch16_224.orig_in21k,False,,,,sgd,0.0,0.003,,0,200,448,8,600,600,50.0,,,52.0,,,2.5082,52.0,100.0,,,0.8575,37.0188,0.4121,78.51,86.8331,86.8331,
camel.ee.nctu.edu.tw,54,soylocal,hivit_base_patch16_224.orig_in21k,False,,,,sgd,0.0,0.003,,0,200,448,8,600,600,70.0,,,51.8333,,,2.5818,51.833333333333336,99.8333,,,0.9909,36.1693,0.4141,78.5101,86.8572,86.8572,
camel.ee.nctu.edu.tw,54,soylocal,hivit_base_patch16_224.orig_in21k,False,,,,sgd,0.0,0.003,,0,200,448,8,600,600,90.0,,,53.5,,,2.5568,53.5,99.6667,,,1.0738,35.2557,0.4141,78.5101,86.8812,86.8812,
camel.ee.nctu.edu.tw,54,soylocal,hivit_base_patch16_224.orig_in21k,False,,,,sgd,0.0,0.01,,0,200,448,8,600,600,10.0,,,55.3333,,,1.9286,55.333333333333336,100.0,,,0.0079,35.6789,0.4121,78.51,86.7851,86.7851,
camel.ee.nctu.edu.tw,54,soylocal,hivit_base_patch16_224.orig_in21k,False,,,,sgd,0.0,0.01,,0,200,448,8,600,600,20.0,,,55.6667,,,1.8435,55.666666666666664,100.0,,,0.0035,35.5394,0.4121,78.51,86.7971,86.7971,
camel.ee.nctu.edu.tw,54,soylocal,hivit_base_patch16_224.orig_in21k,False,,,,sgd,0.0,0.01,,0,200,448,8,600,600,30.0,,,57.1667,,,1.884,57.166666666666664,100.0,,,0.0036,35.194,0.4121,78.51,86.8091,86.8091,
camel.ee.nctu.edu.tw,54,soylocal,hivit_base_patch16_224.orig_in21k,False,,,,sgd,0.0,0.01,,0,200,448,8,600,600,40.0,,,53.0,,,1.9954,53.0,100.0,,,0.0034,37.1825,0.4121,78.51,86.8211,86.8211,
camel.ee.nctu.edu.tw,54,soylocal,hivit_base_patch16_224.orig_in21k,False,,,,sgd,0.0,0.01,,0,200,448,8,600,600,50.0,,,54.5,,,1.9329,54.5,100.0,,,0.0036,35.1947,0.4121,78.51,86.8331,86.8331,
camel.ee.nctu.edu.tw,54,soylocal,hivit_base_patch16_224.orig_in21k,False,,,,sgd,0.0,0.01,,0,200,448,8,600,600,70.0,,,56.5,,,1.8819,56.5,100.0,,,0.0038,36.7626,0.4141,78.5101,86.8572,86.8572,
camel.ee.nctu.edu.tw,54,soylocal,hivit_base_patch16_224.orig_in21k,False,,,,sgd,0.0,0.01,,0,200,448,8,600,600,90.0,,,56.1667,,,1.9041,56.166666666666664,100.0,,,0.0038,36.1307,0.4141,78.5101,86.8812,86.8812,
camel.ee.nctu.edu.tw,54,soylocal,hivit_base_patch16_224.orig_in21k,False,,,,sgd,0.0,0.03,,0,200,448,8,600,600,10.0,,,52.5,,,2.0674,52.5,100.0,,,0.001,36.6919,0.4121,78.51,86.7851,86.7851,
camel.ee.nctu.edu.tw,54,soylocal,hivit_base_patch16_224.orig_in21k,False,,,,sgd,0.0,0.03,,0,200,448,8,600,600,20.0,,,55.1667,,,1.9489,55.166666666666664,100.0,,,0.0005,36.2827,0.4121,78.51,86.7971,86.7971,
camel.ee.nctu.edu.tw,54,soylocal,hivit_base_patch16_224.orig_in21k,False,,,,sgd,0.0,0.03,,0,200,448,8,600,600,30.0,,,54.8333,,,1.9249,54.833333333333336,100.0,,,0.0006,37.4009,0.4121,78.51,86.8091,86.8091,
camel.ee.nctu.edu.tw,54,soylocal,hivit_base_patch16_224.orig_in21k,False,,,,sgd,0.0,0.03,,0,200,448,8,600,600,40.0,,,55.5,,,1.9816,55.5,100.0,,,0.0006,36.5837,0.4121,78.51,86.8211,86.8211,
camel.ee.nctu.edu.tw,54,soylocal,hivit_base_patch16_224.orig_in21k,False,,,,sgd,0.0,0.03,,0,200,448,8,600,600,50.0,,,55.6667,,,1.909,55.666666666666664,100.0,,,0.0006,36.4842,0.4121,78.51,86.8331,86.8331,
camel.ee.nctu.edu.tw,54,soylocal,hivit_base_patch16_224.orig_in21k,False,,,,sgd,0.0,0.03,,0,200,448,8,600,600,70.0,,,56.3333,,,1.8836,56.333333333333336,100.0,,,0.0007,35.4059,0.4141,78.5101,86.8572,86.8572,
camel.ee.nctu.edu.tw,54,soylocal,hivit_base_patch16_224.orig_in21k,False,,,,sgd,0.0,0.03,,0,200,448,8,600,600,90.0,,,58.6667,,,1.8883,58.666666666666664,100.0,,,0.0007,35.9782,0.4141,78.5101,86.8812,86.8812,
camel.ee.nctu.edu.tw,54,soylocal,hivit_base_patch16_224.orig_in21k,False,,,,sgd,0.0,0.1,,0,200,448,8,600,600,10.0,,,49.5,,,2.6592,49.5,100.0,,,0.0106,35.7957,0.4121,78.51,86.7851,86.7851,
camel.ee.nctu.edu.tw,54,soylocal,hivit_base_patch16_224.orig_in21k,False,,,,sgd,0.0,0.1,,0,200,448,8,600,600,20.0,,,51.0,,,2.4862,51.0,100.0,,,0.0009,36.969,0.4121,78.51,86.7971,86.7971,
camel.ee.nctu.edu.tw,54,soylocal,hivit_base_patch16_224.orig_in21k,False,,,,sgd,0.0,0.1,,0,200,448,8,600,600,30.0,,,51.1667,,,2.5614,51.166666666666664,100.0,,,0.0024,36.6998,0.4121,78.51,86.8091,86.8091,
camel.ee.nctu.edu.tw,54,soylocal,hivit_base_patch16_224.orig_in21k,False,,,,sgd,0.0,0.1,,0,200,448,8,600,600,40.0,,,49.0,,,2.6329,49.0,100.0,,,0.0004,34.9787,0.4121,78.51,86.8211,86.8211,
camel.ee.nctu.edu.tw,54,soylocal,hivit_base_patch16_224.orig_in21k,False,,,,sgd,0.0,0.1,,0,200,448,8,600,600,50.0,,,48.1667,,,2.5974,48.166666666666664,100.0,,,0.0003,35.9895,0.4121,78.51,86.8331,86.8331,
camel.ee.nctu.edu.tw,54,soylocal,hivit_base_patch16_224.orig_in21k,False,,,,sgd,0.0,0.1,,0,200,448,8,600,600,70.0,,,48.0,,,2.6369,48.0,100.0,,,0.0006,36.3901,0.4141,78.5101,86.8572,86.8572,
camel.ee.nctu.edu.tw,54,soylocal,hivit_base_patch16_224.orig_in21k,False,,,,sgd,0.0,0.1,,0,200,448,8,600,600,90.0,,,52.6667,,,2.6783,52.666666666666664,100.0,,,0.0002,35.3962,0.4141,78.5101,86.8812,86.8812,
camel.ee.nctu.edu.tw,54,soylocal,hivit_base_patch16_224_miil.in21k,False,,,,adamw,0.05,5e-06,,0,200,448,8,600,600,10.0,,,47.3333,,,2.8632,47.333333333333336,100.0,,,0.2997,38.263,0.4121,78.51,86.7574,86.7574,
camel.ee.nctu.edu.tw,54,soylocal,hivit_base_patch16_224_miil.in21k,False,,,,adamw,0.05,5e-06,,0,200,448,8,600,600,20.0,,,44.8333,,,2.9176,44.833333333333336,100.0,,,0.3077,38.0095,0.4121,78.51,86.7694,86.7694,
camel.ee.nctu.edu.tw,54,soylocal,hivit_base_patch16_224_miil.in21k,False,,,,adamw,0.05,5e-06,,0,200,448,8,600,600,30.0,,,47.0,,,2.8518,47.0,100.0,,,0.3308,38.3904,0.4121,78.51,86.7815,86.7815,
camel.ee.nctu.edu.tw,54,soylocal,hivit_base_patch16_224_miil.in21k,False,,,,adamw,0.05,5e-06,,0,200,448,8,600,600,40.0,,,50.1667,,,2.7385,50.166666666666664,100.0,,,0.3249,38.1993,0.4121,78.51,86.7935,86.7935,
camel.ee.nctu.edu.tw,54,soylocal,hivit_base_patch16_224_miil.in21k,False,,,,adamw,0.05,5e-06,,0,200,448,8,600,600,50.0,,,48.8333,,,2.791,48.833333333333336,100.0,,,0.3711,38.2749,0.4121,78.51,86.8055,86.8055,
camel.ee.nctu.edu.tw,54,soylocal,hivit_base_patch16_224_miil.in21k,False,,,,adamw,0.05,5e-06,,0,200,448,8,600,600,70.0,,,50.0,,,2.7535,50.0,100.0,,,0.3596,38.7259,0.4121,78.5101,86.8295,86.8295,
camel.ee.nctu.edu.tw,54,soylocal,hivit_base_patch16_224_miil.in21k,False,,,,adamw,0.05,5e-06,,0,200,448,8,600,600,90.0,,,51.5,,,2.7772,51.5,100.0,,,0.3916,38.156,0.4141,78.5101,86.8536,86.8536,
camel.ee.nctu.edu.tw,54,soylocal,hivit_base_patch16_224_miil.in21k,False,,,,adamw,0.05,1e-05,,0,200,448,8,600,600,10.0,,,47.5,,,2.5808,47.5,100.0,,,0.0518,38.9278,0.4121,78.51,86.7574,86.7574,
camel.ee.nctu.edu.tw,54,soylocal,hivit_base_patch16_224_miil.in21k,False,,,,adamw,0.05,1e-05,,0,200,448,8,600,600,20.0,,,48.6667,,,2.6075,48.666666666666664,100.0,,,0.0512,38.743,0.4121,78.51,86.7694,86.7694,
camel.ee.nctu.edu.tw,54,soylocal,hivit_base_patch16_224_miil.in21k,False,,,,adamw,0.05,1e-05,,0,200,448,8,600,600,30.0,,,49.5,,,2.5075,49.5,100.0,,,0.0521,38.6817,0.4121,78.51,86.7815,86.7815,
camel.ee.nctu.edu.tw,54,soylocal,hivit_base_patch16_224_miil.in21k,False,,,,adamw,0.05,1e-05,,0,200,448,8,600,600,40.0,,,50.1667,,,2.4221,50.166666666666664,100.0,,,0.052,38.3727,0.4121,78.51,86.7935,86.7935,
camel.ee.nctu.edu.tw,54,soylocal,hivit_base_patch16_224_miil.in21k,False,,,,adamw,0.05,1e-05,,0,200,448,8,600,600,50.0,,,50.1667,,,2.4647,50.166666666666664,100.0,,,0.0558,38.7655,0.4121,78.51,86.8055,86.8055,
camel.ee.nctu.edu.tw,54,soylocal,hivit_base_patch16_224_miil.in21k,False,,,,adamw,0.05,1e-05,,0,200,448,8,600,600,70.0,,,53.1667,,,2.3745,53.166666666666664,100.0,,,0.0518,37.406,0.4121,78.5101,86.8295,86.8295,
camel.ee.nctu.edu.tw,54,soylocal,hivit_base_patch16_224_miil.in21k,False,,,,adamw,0.05,1e-05,,0,200,448,8,600,600,90.0,,,51.3333,,,2.4073,51.333333333333336,100.0,,,0.0538,38.276,0.4141,78.5101,86.8536,86.8536,
camel.ee.nctu.edu.tw,54,soylocal,hivit_base_patch16_224_miil.in21k,False,,,,adamw,0.05,5e-05,,0,200,448,8,600,600,10.0,,,49.3333,,,2.3984,49.333333333333336,100.0,,,0.0007,38.4585,0.4121,78.51,86.7574,86.7574,
camel.ee.nctu.edu.tw,54,soylocal,hivit_base_patch16_224_miil.in21k,False,,,,adamw,0.05,5e-05,,0,200,448,8,600,600,20.0,,,51.8333,,,2.2834,51.833333333333336,100.0,,,0.0005,38.5857,0.4121,78.51,86.7694,86.7694,
camel.ee.nctu.edu.tw,54,soylocal,hivit_base_patch16_224_miil.in21k,False,,,,adamw,0.05,5e-05,,0,200,448,8,600,600,30.0,,,52.5,,,2.2509,52.5,100.0,,,0.0005,38.5556,0.4121,78.51,86.7815,86.7815,
camel.ee.nctu.edu.tw,54,soylocal,hivit_base_patch16_224_miil.in21k,False,,,,adamw,0.05,5e-05,,0,200,448,8,600,600,40.0,,,51.8333,,,2.2604,51.833333333333336,100.0,,,0.0005,38.1887,0.4121,78.51,86.7935,86.7935,
camel.ee.nctu.edu.tw,54,soylocal,hivit_base_patch16_224_miil.in21k,False,,,,adamw,0.05,5e-05,,0,200,448,8,600,600,50.0,,,52.8333,,,2.3293,52.833333333333336,100.0,,,0.0005,38.7178,0.4121,78.51,86.8055,86.8055,
camel.ee.nctu.edu.tw,54,soylocal,hivit_base_patch16_224_miil.in21k,False,,,,adamw,0.05,5e-05,,0,200,448,8,600,600,70.0,,,54.0,,,2.132,54.0,100.0,,,0.0004,37.7973,0.4121,78.5101,86.8295,86.8295,
camel.ee.nctu.edu.tw,54,soylocal,hivit_base_patch16_224_miil.in21k,False,,,,adamw,0.05,5e-05,,0,200,448,8,600,600,90.0,,,53.8333,,,2.2425,53.833333333333336,100.0,,,0.0005,37.3909,0.4141,78.5101,86.8536,86.8536,
camel.ee.nctu.edu.tw,54,soylocal,hivit_base_patch16_224_miil.in21k,False,,,,adamw,0.05,0.0001,,0,200,448,8,600,600,10.0,,,48.1667,,,2.613,48.166666666666664,100.0,,,0.0002,38.5353,0.4121,78.51,86.7574,86.7574,
camel.ee.nctu.edu.tw,54,soylocal,hivit_base_patch16_224_miil.in21k,False,,,,adamw,0.05,0.0001,,0,200,448,8,600,600,20.0,,,51.3333,,,2.5977,51.333333333333336,100.0,,,0.0002,37.4612,0.4121,78.51,86.7694,86.7694,
camel.ee.nctu.edu.tw,54,soylocal,hivit_base_patch16_224_miil.in21k,False,,,,adamw,0.05,0.0001,,0,200,448,8,600,600,30.0,,,52.8333,,,2.3567,52.833333333333336,100.0,,,0.0002,38.6541,0.4121,78.51,86.7815,86.7815,
camel.ee.nctu.edu.tw,54,soylocal,hivit_base_patch16_224_miil.in21k,False,,,,adamw,0.05,0.0001,,0,200,448,8,600,600,40.0,,,49.5,,,2.5274,49.5,100.0,,,0.0001,38.127,0.4121,78.51,86.7935,86.7935,
camel.ee.nctu.edu.tw,54,soylocal,hivit_base_patch16_224_miil.in21k,False,,,,adamw,0.05,0.0001,,0,200,448,8,600,600,50.0,,,52.3333,,,2.4057,52.333333333333336,100.0,,,0.0001,38.5374,0.4121,78.51,86.8055,86.8055,
camel.ee.nctu.edu.tw,54,soylocal,hivit_base_patch16_224_miil.in21k,False,,,,adamw,0.05,0.0001,,0,200,448,8,600,600,70.0,,,54.6667,,,2.2989,54.666666666666664,100.0,,,0.0001,38.4652,0.4121,78.5101,86.8295,86.8295,
camel.ee.nctu.edu.tw,54,soylocal,hivit_base_patch16_224_miil.in21k,False,,,,adamw,0.05,0.0001,,0,200,448,8,600,600,90.0,,,56.0,,,2.2173,56.0,100.0,,,0.0001,38.3094,0.4141,78.5101,86.8536,86.8536,
camel.ee.nctu.edu.tw,54,soylocal,hivit_base_patch16_224_miil.in21k,False,,,,adamw,0.05,0.0005,,0,200,448,8,600,600,10.0,,,51.8333,,,2.1715,51.833333333333336,100.0,,,0.0125,38.4119,0.4121,78.51,86.7574,86.7574,
camel.ee.nctu.edu.tw,54,soylocal,hivit_base_patch16_224_miil.in21k,False,,,,adamw,0.05,0.0005,,0,200,448,8,600,600,20.0,,,53.3333,,,2.1455,53.333333333333336,100.0,,,0.0034,38.3564,0.4121,78.51,86.7694,86.7694,
camel.ee.nctu.edu.tw,54,soylocal,hivit_base_patch16_224_miil.in21k,False,,,,adamw,0.05,0.0005,,0,200,448,8,600,600,30.0,,,50.5,,,2.1278,50.5,100.0,,,0.0026,37.968,0.4121,78.51,86.7815,86.7815,
camel.ee.nctu.edu.tw,54,soylocal,hivit_base_patch16_224_miil.in21k,False,,,,adamw,0.05,0.0005,,0,200,448,8,600,600,40.0,,,51.5,,,2.233,51.5,100.0,,,0.0018,39.0192,0.4121,78.51,86.7935,86.7935,
camel.ee.nctu.edu.tw,54,soylocal,hivit_base_patch16_224_miil.in21k,False,,,,adamw,0.05,0.0005,,0,200,448,8,600,600,50.0,,,52.5,,,2.2257,52.5,100.0,,,0.002,37.9149,0.4121,78.51,86.8055,86.8055,
camel.ee.nctu.edu.tw,54,soylocal,hivit_base_patch16_224_miil.in21k,False,,,,adamw,0.05,0.0005,,0,200,448,8,600,600,70.0,,,55.3333,,,2.13,55.333333333333336,100.0,,,0.0017,36.8355,0.4121,78.5101,86.8295,86.8295,
camel.ee.nctu.edu.tw,54,soylocal,hivit_base_patch16_224_miil.in21k,False,,,,adamw,0.05,0.0005,,0,200,448,8,600,600,90.0,,,49.3333,,,2.2335,49.333333333333336,100.0,,,0.0012,38.5523,0.4141,78.5101,86.8536,86.8536,
camel.ee.nctu.edu.tw,54,soylocal,hivit_base_patch16_224_miil.in21k,False,,,,adamw,0.05,0.001,,0,200,448,8,600,600,10.0,,,37.5,,,2.725,37.5,99.3333,,,0.4952,38.2636,0.4121,78.51,86.7574,86.7574,
camel.ee.nctu.edu.tw,54,soylocal,hivit_base_patch16_224_miil.in21k,False,,,,adamw,0.05,0.001,,0,200,448,8,600,600,20.0,,,42.8333,,,2.5728,42.833333333333336,99.1667,,,0.3611,38.4918,0.4121,78.51,86.7694,86.7694,
camel.ee.nctu.edu.tw,54,soylocal,hivit_base_patch16_224_miil.in21k,False,,,,adamw,0.05,0.001,,0,200,448,8,600,600,30.0,,,41.3333,,,2.7064,41.333333333333336,99.3333,,,0.3145,38.8075,0.4121,78.51,86.7815,86.7815,
camel.ee.nctu.edu.tw,54,soylocal,hivit_base_patch16_224_miil.in21k,False,,,,adamw,0.05,0.001,,0,200,448,8,600,600,40.0,,,41.1667,,,2.7275,41.166666666666664,97.8333,,,0.4678,38.8116,0.4121,78.51,86.7935,86.7935,
camel.ee.nctu.edu.tw,54,soylocal,hivit_base_patch16_224_miil.in21k,False,,,,adamw,0.05,0.001,,0,200,448,8,600,600,50.0,,,42.6667,,,2.7155,42.666666666666664,98.8333,,,0.2468,37.777,0.4121,78.51,86.8055,86.8055,
camel.ee.nctu.edu.tw,54,soylocal,hivit_base_patch16_224_miil.in21k,False,,,,adamw,0.05,0.001,,0,200,448,8,600,600,70.0,,,41.0,,,2.741,41.0,99.6667,,,0.0978,37.9177,0.4121,78.5101,86.8295,86.8295,
camel.ee.nctu.edu.tw,54,soylocal,hivit_base_patch16_224_miil.in21k,False,,,,adamw,0.05,0.001,,0,200,448,8,600,600,90.0,,,42.0,,,2.7812,42.0,99.8333,,,0.0382,38.4655,0.4141,78.5101,86.8536,86.8536,
camel.ee.nctu.edu.tw,54,soylocal,hivit_base_patch16_224_miil.in21k,False,,,,sgd,0.0,0.003,,0,200,448,8,600,600,10.0,,,45.1667,,,2.7648,45.166666666666664,90.3333,,,1.9447,36.4461,0.4121,78.51,86.7574,86.7574,
camel.ee.nctu.edu.tw,54,soylocal,hivit_base_patch16_224_miil.in21k,False,,,,sgd,0.0,0.003,,0,200,448,8,600,600,20.0,,,43.6667,,,2.817,43.666666666666664,88.5,,,2.2552,36.3331,0.4121,78.51,86.7694,86.7694,
camel.ee.nctu.edu.tw,54,soylocal,hivit_base_patch16_224_miil.in21k,False,,,,sgd,0.0,0.003,,0,200,448,8,600,600,30.0,,,42.5,,,2.799,42.5,87.0,,,2.3034,37.1235,0.4121,78.51,86.7815,86.7815,
camel.ee.nctu.edu.tw,54,soylocal,hivit_base_patch16_224_miil.in21k,False,,,,sgd,0.0,0.003,,0,200,448,8,600,600,40.0,,,43.8333,,,2.7274,43.833333333333336,91.0,,,2.2839,37.42,0.4121,78.51,86.7935,86.7935,
camel.ee.nctu.edu.tw,54,soylocal,hivit_base_patch16_224_miil.in21k,False,,,,sgd,0.0,0.003,,0,200,448,8,600,600,50.0,,,48.5,,,2.6185,48.5,93.0,,,2.1733,36.5372,0.4121,78.51,86.8055,86.8055,
camel.ee.nctu.edu.tw,54,soylocal,hivit_base_patch16_224_miil.in21k,False,,,,sgd,0.0,0.003,,0,200,448,8,600,600,70.0,,,48.5,,,2.6076,48.5,91.5,,,2.251,36.1301,0.4121,78.5101,86.8295,86.8295,
camel.ee.nctu.edu.tw,54,soylocal,hivit_base_patch16_224_miil.in21k,False,,,,sgd,0.0,0.003,,0,200,448,8,600,600,90.0,,,47.0,,,2.6043,47.0,92.6667,,,2.4339,35.8478,0.4141,78.5101,86.8536,86.8536,
camel.ee.nctu.edu.tw,54,soylocal,hivit_base_patch16_224_miil.in21k,False,,,,sgd,0.0,0.01,,0,200,448,8,600,600,10.0,,,55.8333,,,1.8527,55.833333333333336,100.0,,,0.0066,35.5525,0.4121,78.51,86.7574,86.7574,
camel.ee.nctu.edu.tw,54,soylocal,hivit_base_patch16_224_miil.in21k,False,,,,sgd,0.0,0.01,,0,200,448,8,600,600,20.0,,,56.6667,,,1.8054,56.666666666666664,100.0,,,0.007,35.6021,0.4121,78.51,86.7694,86.7694,
camel.ee.nctu.edu.tw,54,soylocal,hivit_base_patch16_224_miil.in21k,False,,,,sgd,0.0,0.01,,0,200,448,8,600,600,30.0,,,54.8333,,,1.795,54.833333333333336,100.0,,,0.0069,37.1281,0.4121,78.51,86.7815,86.7815,
camel.ee.nctu.edu.tw,54,soylocal,hivit_base_patch16_224_miil.in21k,False,,,,sgd,0.0,0.01,,0,200,448,8,600,600,40.0,,,55.1667,,,1.8345,55.166666666666664,100.0,,,0.0086,36.9441,0.4121,78.51,86.7935,86.7935,
camel.ee.nctu.edu.tw,54,soylocal,hivit_base_patch16_224_miil.in21k,False,,,,sgd,0.0,0.01,,0,200,448,8,600,600,50.0,,,55.0,,,1.7592,55.0,100.0,,,0.008,36.5608,0.4121,78.51,86.8055,86.8055,
camel.ee.nctu.edu.tw,54,soylocal,hivit_base_patch16_224_miil.in21k,False,,,,sgd,0.0,0.01,,0,200,448,8,600,600,70.0,,,57.8333,,,1.7539,57.833333333333336,100.0,,,0.0064,37.0455,0.4121,78.5101,86.8295,86.8295,
camel.ee.nctu.edu.tw,54,soylocal,hivit_base_patch16_224_miil.in21k,False,,,,sgd,0.0,0.01,,0,200,448,8,600,600,90.0,,,57.0,,,1.8117,57.0,100.0,,,0.007,36.2228,0.4141,78.5101,86.8536,86.8536,
camel.ee.nctu.edu.tw,54,soylocal,hivit_base_patch16_224_miil.in21k,False,,,,sgd,0.0,0.03,,0,200,448,8,600,600,10.0,,,57.1667,,,1.7997,57.166666666666664,100.0,,,0.0013,36.3338,0.4121,78.51,86.7574,86.7574,
camel.ee.nctu.edu.tw,54,soylocal,hivit_base_patch16_224_miil.in21k,False,,,,sgd,0.0,0.03,,0,200,448,8,600,600,20.0,,,61.1667,,,1.6459,61.166666666666664,100.0,,,0.0007,35.7815,0.4121,78.51,86.7694,86.7694,
camel.ee.nctu.edu.tw,54,soylocal,hivit_base_patch16_224_miil.in21k,False,,,,sgd,0.0,0.03,,0,200,448,8,600,600,30.0,,,61.5,,,1.6364,61.5,100.0,,,0.0009,35.6649,0.4121,78.51,86.7815,86.7815,
camel.ee.nctu.edu.tw,54,soylocal,hivit_base_patch16_224_miil.in21k,False,,,,sgd,0.0,0.03,,0,200,448,8,600,600,40.0,,,58.6667,,,1.6614,58.666666666666664,100.0,,,0.0008,39.5108,0.4121,78.51,86.7935,86.7935,
camel.ee.nctu.edu.tw,54,soylocal,hivit_base_patch16_224_miil.in21k,False,,,,sgd,0.0,0.03,,0,200,448,8,600,600,50.0,,,61.8333,,,1.6333,61.833333333333336,100.0,,,0.0011,35.9427,0.4121,78.51,86.8055,86.8055,
camel.ee.nctu.edu.tw,54,soylocal,hivit_base_patch16_224_miil.in21k,False,,,,sgd,0.0,0.03,,0,200,448,8,600,600,70.0,,,62.3333,,,1.5846,62.333333333333336,100.0,,,0.0007,35.9718,0.4121,78.5101,86.8295,86.8295,
camel.ee.nctu.edu.tw,54,soylocal,hivit_base_patch16_224_miil.in21k,False,,,,sgd,0.0,0.03,,0,200,448,8,600,600,90.0,,,61.8333,,,1.6464,61.833333333333336,100.0,,,0.0008,36.4973,0.4141,78.5101,86.8536,86.8536,
camel.ee.nctu.edu.tw,54,soylocal,hivit_base_patch16_224_miil.in21k,False,,,,sgd,0.0,0.1,,0,200,448,8,600,600,10.0,,,51.3333,,,2.5646,51.333333333333336,100.0,,,0.0147,36.4278,0.4121,78.51,86.7574,86.7574,
camel.ee.nctu.edu.tw,54,soylocal,hivit_base_patch16_224_miil.in21k,False,,,,sgd,0.0,0.1,,0,200,448,8,600,600,20.0,,,52.0,,,2.4209,52.0,100.0,,,0.0038,37.2315,0.4121,78.51,86.7694,86.7694,
camel.ee.nctu.edu.tw,54,soylocal,hivit_base_patch16_224_miil.in21k,False,,,,sgd,0.0,0.1,,0,200,448,8,600,600,30.0,,,50.5,,,2.322,50.5,100.0,,,0.0012,37.2353,0.4121,78.51,86.7815,86.7815,
camel.ee.nctu.edu.tw,54,soylocal,hivit_base_patch16_224_miil.in21k,False,,,,sgd,0.0,0.1,,0,200,448,8,600,600,40.0,,,53.1667,,,2.3583,53.166666666666664,100.0,,,0.0042,36.5198,0.4121,78.51,86.7935,86.7935,
camel.ee.nctu.edu.tw,54,soylocal,hivit_base_patch16_224_miil.in21k,False,,,,sgd,0.0,0.1,,0,200,448,8,600,600,50.0,,,53.5,,,2.2966,53.5,100.0,,,0.0013,37.8141,0.4121,78.51,86.8055,86.8055,
camel.ee.nctu.edu.tw,54,soylocal,hivit_base_patch16_224_miil.in21k,False,,,,sgd,0.0,0.1,,0,200,448,8,600,600,70.0,,,53.8333,,,2.4151,53.833333333333336,100.0,,,0.0021,36.9941,0.4121,78.5101,86.8295,86.8295,
camel.ee.nctu.edu.tw,54,soylocal,hivit_base_patch16_224_miil.in21k,False,,,,sgd,0.0,0.1,,0,200,448,8,600,600,90.0,,,49.8333,,,2.7118,49.833333333333336,100.0,,,0.0002,36.7924,0.4141,78.5101,86.8536,86.8536,
camel.ee.nctu.edu.tw,54,soylocal,hivit_base_patch16_clip_224.laion2b,False,,,,adamw,0.05,5e-06,,0,200,448,8,600,600,10.0,,,55.3333,,,2.2761,55.333333333333336,100.0,,,0.0288,39.0543,0.4121,78.5106,86.7858,86.7858,
camel.ee.nctu.edu.tw,54,soylocal,hivit_base_patch16_clip_224.laion2b,False,,,,adamw,0.05,5e-06,,0,200,448,8,600,600,20.0,,,56.6667,,,2.2641,56.666666666666664,100.0,,,0.0284,38.8378,0.4121,78.5106,86.7978,86.7978,
camel.ee.nctu.edu.tw,54,soylocal,hivit_base_patch16_clip_224.laion2b,False,,,,adamw,0.05,5e-06,,0,200,448,8,600,600,30.0,-1.0,hivit_base_patch16_clip_224.laion2b,56.5,,,2.1277,56.5,100.0,,,0.0287,40.521,0.4121,78.5106,86.8099,86.8099,
camel.ee.nctu.edu.tw,54,soylocal,hivit_base_patch16_clip_224.laion2b,False,,,,adamw,0.05,5e-06,,0,200,448,8,600,600,40.0,-1.0,hivit_base_patch16_clip_224.laion2b,57.5,,,2.1223,57.5,100.0,,,0.0284,40.3312,0.4121,78.5106,86.8219,86.8219,
camel.ee.nctu.edu.tw,54,soylocal,hivit_base_patch16_clip_224.laion2b,False,,,,adamw,0.05,5e-06,,0,200,448,8,600,600,50.0,-1.0,hivit_base_patch16_clip_224.laion2b,57.1667,,,2.1714,57.166666666666664,100.0,,,0.0279,40.4118,0.4121,78.5106,86.8339,86.8339,
camel.ee.nctu.edu.tw,54,soylocal,hivit_base_patch16_clip_224.laion2b,False,,,,adamw,0.05,5e-06,,0,200,448,8,600,600,70.0,-1.0,hivit_base_patch16_clip_224.laion2b,61.1667,,,1.9905,61.166666666666664,99.8333,,,0.0395,40.7901,0.4141,78.5107,86.8579,86.8579,
camel.ee.nctu.edu.tw,54,soylocal,hivit_base_patch16_clip_224.laion2b,False,,,,adamw,0.05,5e-06,,0,200,448,8,600,600,90.0,-1.0,hivit_base_patch16_clip_224.laion2b,59.0,,,2.1791,59.0,100.0,,,0.0291,40.7983,0.4141,78.5107,86.882,86.882,
camel.ee.nctu.edu.tw,54,soylocal,hivit_base_patch16_clip_224.laion2b,False,,,,adamw,0.05,1e-05,,0,200,448,8,600,600,10.0,,,51.6667,,,2.5059,51.666666666666664,100.0,,,0.0102,37.9093,0.4121,78.5106,86.7858,86.7858,
camel.ee.nctu.edu.tw,54,soylocal,hivit_base_patch16_clip_224.laion2b,False,,,,adamw,0.05,1e-05,,0,200,448,8,600,600,20.0,,,54.1667,,,2.2751,54.166666666666664,100.0,,,0.0097,39.1815,0.4121,78.5106,86.7978,86.7978,
camel.ee.nctu.edu.tw,54,soylocal,hivit_base_patch16_clip_224.laion2b,False,,,,adamw,0.05,1e-05,,0,200,448,8,600,600,30.0,-1.0,hivit_base_patch16_clip_224.laion2b,56.1667,,,2.1898,56.166666666666664,100.0,,,0.0097,40.3907,0.4121,78.5106,86.8099,86.8099,
camel.ee.nctu.edu.tw,54,soylocal,hivit_base_patch16_clip_224.laion2b,False,,,,adamw,0.05,1e-05,,0,200,448,8,600,600,40.0,-1.0,hivit_base_patch16_clip_224.laion2b,53.1667,,,2.3101,53.166666666666664,99.8333,,,0.0404,40.3482,0.4121,78.5106,86.8219,86.8219,
camel.ee.nctu.edu.tw,54,soylocal,hivit_base_patch16_clip_224.laion2b,False,,,,adamw,0.05,1e-05,,0,200,448,8,600,600,50.0,-1.0,hivit_base_patch16_clip_224.laion2b,57.5,,,2.1568,57.5,100.0,,,0.0097,40.3439,0.4121,78.5106,86.8339,86.8339,
camel.ee.nctu.edu.tw,54,soylocal,hivit_base_patch16_clip_224.laion2b,False,,,,adamw,0.05,1e-05,,0,200,448,8,600,600,70.0,-1.0,hivit_base_patch16_clip_224.laion2b,56.8333,,,2.1148,56.833333333333336,100.0,,,0.0096,40.4495,0.4141,78.5107,86.8579,86.8579,
camel.ee.nctu.edu.tw,54,soylocal,hivit_base_patch16_clip_224.laion2b,False,,,,adamw,0.05,1e-05,,0,200,448,8,600,600,90.0,-1.0,hivit_base_patch16_clip_224.laion2b,55.5,,,2.2468,55.5,100.0,,,0.01,41.2104,0.4141,78.5107,86.882,86.882,
camel.ee.nctu.edu.tw,54,soylocal,hivit_base_patch16_clip_224.laion2b,False,,,,adamw,0.05,5e-05,,0,200,448,8,600,600,10.0,,,46.1667,,,2.6243,46.166666666666664,100.0,,,0.0006,38.521,0.4121,78.5106,86.7858,86.7858,
camel.ee.nctu.edu.tw,54,soylocal,hivit_base_patch16_clip_224.laion2b,False,,,,adamw,0.05,5e-05,,0,200,448,8,600,600,20.0,,,49.5,,,2.7012,49.5,100.0,,,0.0004,38.376,0.4121,78.5106,86.7978,86.7978,
camel.ee.nctu.edu.tw,54,soylocal,hivit_base_patch16_clip_224.laion2b,False,,,,adamw,0.05,5e-05,,0,200,448,8,600,600,30.0,-1.0,hivit_base_patch16_clip_224.laion2b,48.5,,,2.9124,48.5,100.0,,,0.0004,40.0437,0.4121,78.5106,86.8099,86.8099,
camel.ee.nctu.edu.tw,54,soylocal,hivit_base_patch16_clip_224.laion2b,False,,,,adamw,0.05,5e-05,,0,200,448,8,600,600,40.0,-1.0,hivit_base_patch16_clip_224.laion2b,50.1667,,,2.4981,50.166666666666664,100.0,,,0.0004,39.9537,0.4121,78.5106,86.8219,86.8219,
camel.ee.nctu.edu.tw,54,soylocal,hivit_base_patch16_clip_224.laion2b,False,,,,adamw,0.05,5e-05,,0,200,448,8,600,600,50.0,-1.0,hivit_base_patch16_clip_224.laion2b,54.8333,,,1.9622,54.833333333333336,100.0,,,0.001,40.1581,0.4121,78.5106,86.8339,86.8339,
camel.ee.nctu.edu.tw,54,soylocal,hivit_base_patch16_clip_224.laion2b,False,,,,adamw,0.05,5e-05,,0,200,448,8,600,600,70.0,-1.0,hivit_base_patch16_clip_224.laion2b,54.5,,,1.9449,54.5,100.0,,,0.0006,40.1732,0.4141,78.5107,86.8579,86.8579,
camel.ee.nctu.edu.tw,54,soylocal,hivit_base_patch16_clip_224.laion2b,False,,,,adamw,0.05,5e-05,,0,200,448,8,600,600,90.0,-1.0,hivit_base_patch16_clip_224.laion2b,54.6667,,,1.9418,54.666666666666664,100.0,,,0.0005,41.2016,0.4141,78.5107,86.882,86.882,
camel.ee.nctu.edu.tw,54,soylocal,hivit_base_patch16_clip_224.laion2b,False,,,,adamw,0.05,0.0001,,0,200,448,8,600,600,10.0,,,45.5,,,2.6511,45.5,100.0,,,0.0008,38.0893,0.4121,78.5106,86.7858,86.7858,
camel.ee.nctu.edu.tw,54,soylocal,hivit_base_patch16_clip_224.laion2b,False,,,,adamw,0.05,0.0001,,0,200,448,8,600,600,20.0,,,47.3333,,,2.5192,47.333333333333336,100.0,,,0.001,38.1714,0.4121,78.5106,86.7978,86.7978,
camel.ee.nctu.edu.tw,54,soylocal,hivit_base_patch16_clip_224.laion2b,False,,,,adamw,0.05,0.0001,,0,200,448,8,600,600,30.0,-1.0,hivit_base_patch16_clip_224.laion2b,46.3333,,,2.8291,46.333333333333336,100.0,,,0.0005,40.1896,0.4121,78.5106,86.8099,86.8099,
camel.ee.nctu.edu.tw,54,soylocal,hivit_base_patch16_clip_224.laion2b,False,,,,adamw,0.05,0.0001,,0,200,448,8,600,600,40.0,-1.0,hivit_base_patch16_clip_224.laion2b,49.5,,,2.4881,49.5,100.0,,,0.0004,40.1422,0.4121,78.5106,86.8219,86.8219,
camel.ee.nctu.edu.tw,54,soylocal,hivit_base_patch16_clip_224.laion2b,False,,,,adamw,0.05,0.0001,,0,200,448,8,600,600,50.0,-1.0,hivit_base_patch16_clip_224.laion2b,49.6667,,,2.169,49.666666666666664,100.0,,,0.0005,40.24,0.4121,78.5106,86.8339,86.8339,
camel.ee.nctu.edu.tw,54,soylocal,hivit_base_patch16_clip_224.laion2b,False,,,,adamw,0.05,0.0001,,0,200,448,8,600,600,70.0,-1.0,hivit_base_patch16_clip_224.laion2b,51.0,,,2.1506,51.0,100.0,,,0.0005,40.0655,0.4141,78.5107,86.8579,86.8579,
camel.ee.nctu.edu.tw,54,soylocal,hivit_base_patch16_clip_224.laion2b,False,,,,adamw,0.05,0.0001,,0,200,448,8,600,600,90.0,-1.0,hivit_base_patch16_clip_224.laion2b,53.3333,,,2.0341,53.333333333333336,100.0,,,0.0003,40.4464,0.4141,78.5107,86.882,86.882,
camel.ee.nctu.edu.tw,54,soylocal,hivit_base_patch16_clip_224.laion2b,False,,,,adamw,0.05,0.0005,,0,200,448,8,600,600,10.0,,,22.3333,,,3.3916,22.333333333333332,74.5,,,1.9277,37.0427,0.4121,78.5106,86.7858,86.7858,
camel.ee.nctu.edu.tw,54,soylocal,hivit_base_patch16_clip_224.laion2b,False,,,,adamw,0.05,0.0005,,0,200,448,8,600,600,20.0,,,15.5,,,4.6567,15.5,79.0,,,1.7418,38.0339,0.4121,78.5106,86.7978,86.7978,
camel.ee.nctu.edu.tw,54,soylocal,hivit_base_patch16_clip_224.laion2b,False,,,,adamw,0.05,0.0005,,0,200,448,8,600,600,30.0,-1.0,hivit_base_patch16_clip_224.laion2b,30.1667,,,2.8511,30.166666666666668,73.5,,,2.2043,39.9946,0.4121,78.5106,86.8099,86.8099,
camel.ee.nctu.edu.tw,54,soylocal,hivit_base_patch16_clip_224.laion2b,False,,,,adamw,0.05,0.0005,,0,200,448,8,600,600,40.0,-1.0,hivit_base_patch16_clip_224.laion2b,24.6667,,,3.1893,24.666666666666668,60.5,,,2.9547,39.7299,0.4121,78.5106,86.8219,86.8219,
camel.ee.nctu.edu.tw,54,soylocal,hivit_base_patch16_clip_224.laion2b,False,,,,adamw,0.05,0.0005,,0,200,448,8,600,600,50.0,-1.0,hivit_base_patch16_clip_224.laion2b,15.0,,,4.1215,15.0,70.1667,,,2.1975,39.919,0.4121,78.5106,86.8339,86.8339,
camel.ee.nctu.edu.tw,54,soylocal,hivit_base_patch16_clip_224.laion2b,False,,,,adamw,0.05,0.0005,,0,200,448,8,600,600,70.0,-1.0,hivit_base_patch16_clip_224.laion2b,23.5,,,3.3107,23.5,69.0,,,2.218,39.8098,0.4141,78.5107,86.8579,86.8579,
camel.ee.nctu.edu.tw,54,soylocal,hivit_base_patch16_clip_224.laion2b,False,,,,adamw,0.05,0.0005,,0,200,448,8,600,600,90.0,-1.0,hivit_base_patch16_clip_224.laion2b,19.6667,,,3.7939,19.666666666666668,67.3333,,,2.3081,40.5031,0.4141,78.5107,86.882,86.882,
camel.ee.nctu.edu.tw,54,soylocal,hivit_base_patch16_clip_224.laion2b,False,,,,adamw,0.05,0.001,,0,200,448,8,600,600,10.0,,,10.8333,,,3.9725,10.833333333333334,15.3333,,,5.3391,37.9083,0.4121,78.5106,86.7858,86.7858,
camel.ee.nctu.edu.tw,54,soylocal,hivit_base_patch16_clip_224.laion2b,False,,,,adamw,0.05,0.001,,0,200,448,8,600,600,20.0,,,14.6667,,,3.9372,14.666666666666666,46.8333,,,3.5703,37.3989,0.4121,78.5106,86.7978,86.7978,
camel.ee.nctu.edu.tw,54,soylocal,hivit_base_patch16_clip_224.laion2b,False,,,,adamw,0.05,0.001,,0,200,448,8,600,600,30.0,-1.0,hivit_base_patch16_clip_224.laion2b,8.3333,,,6.4422,8.333333333333334,59.6667,,,3.1068,39.5846,0.4121,78.5106,86.8099,86.8099,
camel.ee.nctu.edu.tw,54,soylocal,hivit_base_patch16_clip_224.laion2b,False,,,,adamw,0.05,0.001,,0,200,448,8,600,600,40.0,-1.0,hivit_base_patch16_clip_224.laion2b,17.3333,,,3.4948,17.333333333333332,37.1667,,,4.5585,39.6777,0.4121,78.5106,86.8219,86.8219,
camel.ee.nctu.edu.tw,54,soylocal,hivit_base_patch16_clip_224.laion2b,False,,,,adamw,0.05,0.001,,0,200,448,8,600,600,50.0,-1.0,hivit_base_patch16_clip_224.laion2b,23.1667,,,3.3012,23.166666666666668,34.1667,,,4.8614,39.5735,0.4121,78.5106,86.8339,86.8339,
camel.ee.nctu.edu.tw,54,soylocal,hivit_base_patch16_clip_224.laion2b,False,,,,adamw,0.05,0.001,,0,200,448,8,600,600,70.0,-1.0,hivit_base_patch16_clip_224.laion2b,15.1667,,,3.5888,15.166666666666666,27.3333,,,5.2888,39.4758,0.4141,78.5107,86.8579,86.8579,
camel.ee.nctu.edu.tw,54,soylocal,hivit_base_patch16_clip_224.laion2b,False,,,,adamw,0.05,0.001,,0,200,448,8,600,600,90.0,-1.0,hivit_base_patch16_clip_224.laion2b,9.8333,,,4.6572,9.833333333333334,50.0,,,3.6532,40.0203,0.4141,78.5107,86.882,86.882,
camel.ee.nctu.edu.tw,54,soylocal,hivit_base_patch16_clip_224.laion2b,False,,,,sgd,0.0,0.003,,0,200,448,8,600,600,10.0,,,50.1667,,,3.1459,50.166666666666664,100.0,,,0.7726,36.3285,0.4121,78.5106,86.7858,86.7858,
camel.ee.nctu.edu.tw,54,soylocal,hivit_base_patch16_clip_224.laion2b,False,,,,sgd,0.0,0.003,,0,200,448,8,600,600,20.0,,,50.0,,,3.0942,50.0,100.0,,,0.7231,37.377,0.4121,78.5106,86.7978,86.7978,
camel.ee.nctu.edu.tw,54,soylocal,hivit_base_patch16_clip_224.laion2b,False,,,,sgd,0.0,0.003,,0,200,448,8,600,600,30.0,-1.0,hivit_base_patch16_clip_224.laion2b,48.3333,,,3.1331,48.333333333333336,100.0,,,0.8414,39.2716,0.4121,78.5106,86.8099,86.8099,
camel.ee.nctu.edu.tw,54,soylocal,hivit_base_patch16_clip_224.laion2b,False,,,,sgd,0.0,0.003,,0,200,448,8,600,600,40.0,-1.0,hivit_base_patch16_clip_224.laion2b,46.3333,,,3.1699,46.333333333333336,100.0,,,0.8422,39.0242,0.4121,78.5106,86.8219,86.8219,
camel.ee.nctu.edu.tw,54,soylocal,hivit_base_patch16_clip_224.laion2b,False,,,,sgd,0.0,0.003,,0,200,448,8,600,600,50.0,-1.0,hivit_base_patch16_clip_224.laion2b,32.5,,,3.605,32.5,99.6667,,,1.9082,39.1259,0.4121,78.5106,86.8339,86.8339,
camel.ee.nctu.edu.tw,54,soylocal,hivit_base_patch16_clip_224.laion2b,False,,,,sgd,0.0,0.003,,0,200,448,8,600,600,70.0,-1.0,hivit_base_patch16_clip_224.laion2b,45.8333,,,3.2755,45.833333333333336,100.0,,,1.3731,38.871,0.4141,78.5107,86.8579,86.8579,
camel.ee.nctu.edu.tw,54,soylocal,hivit_base_patch16_clip_224.laion2b,False,,,,sgd,0.0,0.003,,0,200,448,8,600,600,90.0,-1.0,hivit_base_patch16_clip_224.laion2b,29.3333,,,3.6136,29.333333333333332,97.5,,,3.3811,40.027,0.4141,78.5107,86.882,86.882,
camel.ee.nctu.edu.tw,54,soylocal,hivit_base_patch16_clip_224.laion2b,False,,,,sgd,0.0,0.01,,0,200,448,8,600,600,10.0,,,49.0,,,2.1097,49.0,100.0,,,0.0053,35.7042,0.4121,78.5106,86.7858,86.7858,
camel.ee.nctu.edu.tw,54,soylocal,hivit_base_patch16_clip_224.laion2b,False,,,,sgd,0.0,0.01,,0,200,448,8,600,600,20.0,,,43.8333,,,2.3055,43.833333333333336,100.0,,,0.0229,37.0326,0.4121,78.5106,86.7978,86.7978,
camel.ee.nctu.edu.tw,54,soylocal,hivit_base_patch16_clip_224.laion2b,False,,,,sgd,0.0,0.01,,0,200,448,8,600,600,30.0,-1.0,hivit_base_patch16_clip_224.laion2b,45.0,,,2.2502,45.0,100.0,,,0.261,39.1986,0.4121,78.5106,86.8099,86.8099,
camel.ee.nctu.edu.tw,54,soylocal,hivit_base_patch16_clip_224.laion2b,False,,,,sgd,0.0,0.01,,0,200,448,8,600,600,40.0,-1.0,hivit_base_patch16_clip_224.laion2b,41.1667,,,2.5277,41.166666666666664,100.0,,,0.0621,39.0592,0.4121,78.5106,86.8219,86.8219,
camel.ee.nctu.edu.tw,54,soylocal,hivit_base_patch16_clip_224.laion2b,False,,,,sgd,0.0,0.01,,0,200,448,8,600,600,50.0,-1.0,hivit_base_patch16_clip_224.laion2b,43.5,,,2.3493,43.5,100.0,,,0.6589,39.1079,0.4121,78.5106,86.8339,86.8339,
camel.ee.nctu.edu.tw,54,soylocal,hivit_base_patch16_clip_224.laion2b,False,,,,sgd,0.0,0.01,,0,200,448,8,600,600,70.0,-1.0,hivit_base_patch16_clip_224.laion2b,37.0,,,2.6625,37.0,100.0,,,0.5034,38.8096,0.4141,78.5107,86.8579,86.8579,
camel.ee.nctu.edu.tw,54,soylocal,hivit_base_patch16_clip_224.laion2b,False,,,,sgd,0.0,0.01,,0,200,448,8,600,600,90.0,-1.0,hivit_base_patch16_clip_224.laion2b,42.3333,,,2.4274,42.333333333333336,100.0,,,0.251,39.8389,0.4141,78.5107,86.882,86.882,
camel.ee.nctu.edu.tw,54,soylocal,hivit_base_patch16_clip_224.laion2b,False,,,,sgd,0.0,0.03,,0,200,448,8,600,600,10.0,,,44.1667,,,2.4458,44.166666666666664,99.6667,,,0.1264,37.3344,0.4121,78.5106,86.7858,86.7858,
camel.ee.nctu.edu.tw,54,soylocal,hivit_base_patch16_clip_224.laion2b,False,,,,sgd,0.0,0.03,,0,200,448,8,600,600,20.0,,,39.8333,,,2.5837,39.833333333333336,99.8333,,,0.063,36.1744,0.4121,78.5106,86.7978,86.7978,
camel.ee.nctu.edu.tw,54,soylocal,hivit_base_patch16_clip_224.laion2b,False,,,,sgd,0.0,0.03,,0,200,448,8,600,600,30.0,-1.0,hivit_base_patch16_clip_224.laion2b,40.8333,,,2.4489,40.833333333333336,98.3333,,,0.3149,39.1286,0.4121,78.5106,86.8099,86.8099,
camel.ee.nctu.edu.tw,54,soylocal,hivit_base_patch16_clip_224.laion2b,False,,,,sgd,0.0,0.03,,0,200,448,8,600,600,40.0,-1.0,hivit_base_patch16_clip_224.laion2b,44.8333,,,2.3218,44.833333333333336,98.6667,,,0.2911,39.0041,0.4121,78.5106,86.8219,86.8219,
camel.ee.nctu.edu.tw,54,soylocal,hivit_base_patch16_clip_224.laion2b,False,,,,sgd,0.0,0.03,,0,200,448,8,600,600,50.0,-1.0,hivit_base_patch16_clip_224.laion2b,43.1667,,,2.4041,43.166666666666664,98.1667,,,0.2879,39.0369,0.4121,78.5106,86.8339,86.8339,
camel.ee.nctu.edu.tw,54,soylocal,hivit_base_patch16_clip_224.laion2b,False,,,,sgd,0.0,0.03,,0,200,448,8,600,600,70.0,-1.0,hivit_base_patch16_clip_224.laion2b,43.0,,,2.5698,43.0,100.0,,,0.0668,39.0226,0.4141,78.5107,86.8579,86.8579,
camel.ee.nctu.edu.tw,54,soylocal,hivit_base_patch16_clip_224.laion2b,False,,,,sgd,0.0,0.03,,0,200,448,8,600,600,90.0,-1.0,hivit_base_patch16_clip_224.laion2b,44.3333,,,2.267,44.333333333333336,97.1667,,,0.3681,39.8194,0.4141,78.5107,86.882,86.882,
camel.ee.nctu.edu.tw,54,soylocal,hivit_base_patch16_clip_224.laion2b,False,,,,sgd,0.0,0.1,,0,200,448,8,600,600,10.0,,,33.8333,,,3.4654,33.833333333333336,93.0,,,0.9719,34.7802,0.4121,78.5106,86.7858,86.7858,
camel.ee.nctu.edu.tw,54,soylocal,hivit_base_patch16_clip_224.laion2b,False,,,,sgd,0.0,0.1,,0,200,448,8,600,600,20.0,,,23.1667,,,3.3262,23.166666666666668,51.6667,,,3.1457,35.9105,0.4121,78.5106,86.7978,86.7978,
camel.ee.nctu.edu.tw,54,soylocal,hivit_base_patch16_clip_224.laion2b,False,,,,sgd,0.0,0.1,,0,200,448,8,600,600,30.0,-1.0,hivit_base_patch16_clip_224.laion2b,35.8333,,,3.3802,35.833333333333336,97.1667,,,0.5916,38.8297,0.4121,78.5106,86.8099,86.8099,
camel.ee.nctu.edu.tw,54,soylocal,hivit_base_patch16_clip_224.laion2b,False,,,,sgd,0.0,0.1,,0,200,448,8,600,600,40.0,-1.0,hivit_base_patch16_clip_224.laion2b,34.6667,,,3.4924,34.666666666666664,97.1667,,,0.5006,38.8418,0.4121,78.5106,86.8219,86.8219,
camel.ee.nctu.edu.tw,54,soylocal,hivit_base_patch16_clip_224.laion2b,False,,,,sgd,0.0,0.1,,0,200,448,8,600,600,50.0,-1.0,hivit_base_patch16_clip_224.laion2b,33.5,,,3.3005,33.5,93.1667,,,0.6596,38.892,0.4121,78.5106,86.8339,86.8339,
camel.ee.nctu.edu.tw,54,soylocal,hivit_base_patch16_clip_224.laion2b,False,,,,sgd,0.0,0.1,,0,200,448,8,600,600,70.0,-1.0,hivit_base_patch16_clip_224.laion2b,1.5,,,5.0518,1.5,1.8333,,,9.6358,37.4844,0.4141,78.5107,86.8579,86.8579,
camel.ee.nctu.edu.tw,54,soylocal,hivit_base_patch16_clip_224.laion2b,False,,,,sgd,0.0,0.1,,0,200,448,8,600,600,90.0,-1.0,hivit_base_patch16_clip_224.laion2b,35.1667,,,3.3022,35.166666666666664,93.1667,,,0.4715,39.7549,0.4141,78.5107,86.882,86.882,
camel.ee.nctu.edu.tw,54,soylocal,hivit_base_patch16_siglip_224.v2_webli,False,,,,adamw,0.05,5e-06,,0,200,448,8,600,600,10.0,-1.0,hivit_base_patch16_siglip_224.v2_webli,45.6667,,,3.0472,45.666666666666664,99.5,,,0.0856,43.8336,0.4512,79.3281,93.8706,93.8706,
camel.ee.nctu.edu.tw,54,soylocal,hivit_base_patch16_siglip_224.v2_webli,False,,,,adamw,0.05,5e-06,,0,200,448,8,600,600,20.0,-1.0,hivit_base_patch16_siglip_224.v2_webli,42.6667,,,3.19,42.666666666666664,100.0,,,0.0398,43.9017,0.4512,79.3281,93.8826,93.8826,
camel.ee.nctu.edu.tw,54,soylocal,hivit_base_patch16_siglip_224.v2_webli,False,,,,adamw,0.05,5e-06,,0,200,448,8,600,600,30.0,-1.0,hivit_base_patch16_siglip_224.v2_webli,46.5,,,3.0427,46.5,100.0,,,0.0391,43.6921,0.4512,79.3281,93.8947,93.8947,
camel.ee.nctu.edu.tw,54,soylocal,hivit_base_patch16_siglip_224.v2_webli,False,,,,adamw,0.05,5e-06,,0,200,448,8,600,600,40.0,-1.0,hivit_base_patch16_siglip_224.v2_webli,49.1667,,,2.8917,49.166666666666664,100.0,,,0.0369,43.2989,0.4512,79.3281,93.9067,93.9067,
camel.ee.nctu.edu.tw,54,soylocal,hivit_base_patch16_siglip_224.v2_webli,False,,,,adamw,0.05,5e-06,,0,200,448,8,600,600,50.0,-1.0,hivit_base_patch16_siglip_224.v2_webli,47.8333,,,2.8184,47.833333333333336,100.0,,,0.0379,43.9477,0.4531,79.3281,93.9187,93.9187,
camel.ee.nctu.edu.tw,54,soylocal,hivit_base_patch16_siglip_224.v2_webli,False,,,,adamw,0.05,5e-06,,0,200,448,8,600,600,70.0,-1.0,hivit_base_patch16_siglip_224.v2_webli,46.0,,,3.0136,46.0,100.0,,,0.0391,43.8347,0.4531,79.3281,93.9427,93.9427,
camel.ee.nctu.edu.tw,54,soylocal,hivit_base_patch16_siglip_224.v2_webli,False,,,,adamw,0.05,5e-06,,0,200,448,8,600,600,90.0,-1.0,hivit_base_patch16_siglip_224.v2_webli,46.5,,,2.9502,46.5,99.8333,,,0.0615,44.114,0.4531,79.3282,93.9668,93.9668,
camel.ee.nctu.edu.tw,54,soylocal,hivit_base_patch16_siglip_224.v2_webli,False,,,,adamw,0.05,1e-05,,0,200,448,8,600,600,10.0,-1.0,hivit_base_patch16_siglip_224.v2_webli,44.3333,,,2.9968,44.333333333333336,100.0,,,0.0189,44.1397,0.4512,79.3281,93.8706,93.8706,
camel.ee.nctu.edu.tw,54,soylocal,hivit_base_patch16_siglip_224.v2_webli,False,,,,adamw,0.05,1e-05,,0,200,448,8,600,600,20.0,-1.0,hivit_base_patch16_siglip_224.v2_webli,46.1667,,,3.1096,46.166666666666664,100.0,,,0.0165,43.7406,0.4512,79.3281,93.8826,93.8826,
camel.ee.nctu.edu.tw,54,soylocal,hivit_base_patch16_siglip_224.v2_webli,False,,,,adamw,0.05,1e-05,,0,200,448,8,600,600,30.0,-1.0,hivit_base_patch16_siglip_224.v2_webli,48.8333,,,2.9076,48.833333333333336,100.0,,,0.015,43.7812,0.4512,79.3281,93.8947,93.8947,
camel.ee.nctu.edu.tw,54,soylocal,hivit_base_patch16_siglip_224.v2_webli,False,,,,adamw,0.05,1e-05,,0,200,448,8,600,600,40.0,-1.0,hivit_base_patch16_siglip_224.v2_webli,47.6667,,,2.8036,47.666666666666664,100.0,,,0.0144,43.6742,0.4512,79.3281,93.9067,93.9067,
camel.ee.nctu.edu.tw,54,soylocal,hivit_base_patch16_siglip_224.v2_webli,False,,,,adamw,0.05,1e-05,,0,200,448,8,600,600,50.0,-1.0,hivit_base_patch16_siglip_224.v2_webli,47.3333,,,2.8496,47.333333333333336,100.0,,,0.0146,44.3204,0.4531,79.3281,93.9187,93.9187,
camel.ee.nctu.edu.tw,54,soylocal,hivit_base_patch16_siglip_224.v2_webli,False,,,,adamw,0.05,1e-05,,0,200,448,8,600,600,70.0,-1.0,hivit_base_patch16_siglip_224.v2_webli,46.5,,,3.052,46.5,100.0,,,0.0145,43.6268,0.4531,79.3281,93.9427,93.9427,
camel.ee.nctu.edu.tw,54,soylocal,hivit_base_patch16_siglip_224.v2_webli,False,,,,adamw,0.05,1e-05,,0,200,448,8,600,600,90.0,-1.0,hivit_base_patch16_siglip_224.v2_webli,46.8333,,,2.9498,46.833333333333336,100.0,,,0.0145,43.9331,0.4531,79.3282,93.9668,93.9668,
camel.ee.nctu.edu.tw,54,soylocal,hivit_base_patch16_siglip_224.v2_webli,False,,,,adamw,0.05,5e-05,,0,200,448,8,600,600,10.0,-1.0,hivit_base_patch16_siglip_224.v2_webli,48.8333,,,2.2428,48.833333333333336,100.0,,,0.0046,43.7867,0.4512,79.3281,93.8706,93.8706,
camel.ee.nctu.edu.tw,54,soylocal,hivit_base_patch16_siglip_224.v2_webli,False,,,,adamw,0.05,5e-05,,0,200,448,8,600,600,20.0,-1.0,hivit_base_patch16_siglip_224.v2_webli,51.1667,,,2.1591,51.166666666666664,100.0,,,0.0011,43.6019,0.4512,79.3281,93.8826,93.8826,
camel.ee.nctu.edu.tw,54,soylocal,hivit_base_patch16_siglip_224.v2_webli,False,,,,adamw,0.05,5e-05,,0,200,448,8,600,600,30.0,-1.0,hivit_base_patch16_siglip_224.v2_webli,49.3333,,,2.3757,49.333333333333336,100.0,,,0.001,43.5287,0.4512,79.3281,93.8947,93.8947,
camel.ee.nctu.edu.tw,54,soylocal,hivit_base_patch16_siglip_224.v2_webli,False,,,,adamw,0.05,5e-05,,0,200,448,8,600,600,40.0,-1.0,hivit_base_patch16_siglip_224.v2_webli,48.1667,,,2.2425,48.166666666666664,100.0,,,0.0008,43.0911,0.4512,79.3281,93.9067,93.9067,
camel.ee.nctu.edu.tw,54,soylocal,hivit_base_patch16_siglip_224.v2_webli,False,,,,adamw,0.05,5e-05,,0,200,448,8,600,600,50.0,-1.0,hivit_base_patch16_siglip_224.v2_webli,51.5,,,2.0943,51.5,100.0,,,0.0008,43.818,0.4531,79.3281,93.9187,93.9187,
camel.ee.nctu.edu.tw,54,soylocal,hivit_base_patch16_siglip_224.v2_webli,False,,,,adamw,0.05,5e-05,,0,200,448,8,600,600,70.0,-1.0,hivit_base_patch16_siglip_224.v2_webli,48.5,,,2.2654,48.5,100.0,,,0.0008,43.3433,0.4531,79.3281,93.9427,93.9427,
camel.ee.nctu.edu.tw,54,soylocal,hivit_base_patch16_siglip_224.v2_webli,False,,,,adamw,0.05,5e-05,,0,200,448,8,600,600,90.0,-1.0,hivit_base_patch16_siglip_224.v2_webli,52.3333,,,2.1673,52.333333333333336,100.0,,,0.0009,43.8525,0.4531,79.3282,93.9668,93.9668,
camel.ee.nctu.edu.tw,54,soylocal,hivit_base_patch16_siglip_224.v2_webli,False,,,,adamw,0.05,0.0001,,0,200,448,8,600,600,10.0,-1.0,hivit_base_patch16_siglip_224.v2_webli,36.5,,,2.521,36.5,93.1667,,,1.1922,43.7254,0.4512,79.3281,93.8706,93.8706,
camel.ee.nctu.edu.tw,54,soylocal,hivit_base_patch16_siglip_224.v2_webli,False,,,,adamw,0.05,0.0001,,0,200,448,8,600,600,20.0,-1.0,hivit_base_patch16_siglip_224.v2_webli,38.1667,,,2.6251,38.166666666666664,94.8333,,,1.1505,43.6994,0.4512,79.3281,93.8826,93.8826,
camel.ee.nctu.edu.tw,54,soylocal,hivit_base_patch16_siglip_224.v2_webli,False,,,,adamw,0.05,0.0001,,0,200,448,8,600,600,30.0,-1.0,hivit_base_patch16_siglip_224.v2_webli,36.5,,,2.4579,36.5,99.8333,,,0.3716,43.8141,0.4512,79.3281,93.8947,93.8947,
camel.ee.nctu.edu.tw,54,soylocal,hivit_base_patch16_siglip_224.v2_webli,False,,,,adamw,0.05,0.0001,,0,200,448,8,600,600,40.0,-1.0,hivit_base_patch16_siglip_224.v2_webli,39.8333,,,2.4289,39.833333333333336,98.5,,,0.7118,43.3969,0.4512,79.3281,93.9067,93.9067,
camel.ee.nctu.edu.tw,54,soylocal,hivit_base_patch16_siglip_224.v2_webli,False,,,,adamw,0.05,0.0001,,0,200,448,8,600,600,50.0,-1.0,hivit_base_patch16_siglip_224.v2_webli,45.5,,,2.2163,45.5,100.0,,,0.1318,43.7693,0.4531,79.3281,93.9187,93.9187,
camel.ee.nctu.edu.tw,54,soylocal,hivit_base_patch16_siglip_224.v2_webli,False,,,,adamw,0.05,0.0001,,0,200,448,8,600,600,70.0,-1.0,hivit_base_patch16_siglip_224.v2_webli,44.8333,,,2.2019,44.833333333333336,100.0,,,0.055,43.6073,0.4531,79.3281,93.9427,93.9427,
camel.ee.nctu.edu.tw,54,soylocal,hivit_base_patch16_siglip_224.v2_webli,False,,,,adamw,0.05,0.0001,,0,200,448,8,600,600,90.0,-1.0,hivit_base_patch16_siglip_224.v2_webli,36.5,,,2.4208,36.5,94.6667,,,1.2236,43.4434,0.4531,79.3282,93.9668,93.9668,
camel.ee.nctu.edu.tw,54,soylocal,hivit_base_patch16_siglip_224.v2_webli,False,,,,adamw,0.05,0.0005,,0,200,448,8,600,600,10.0,-1.0,hivit_base_patch16_siglip_224.v2_webli,9.3333,,,3.8814,9.333333333333334,23.5,,,4.7851,42.8341,0.4512,79.3281,93.8706,93.8706,
camel.ee.nctu.edu.tw,54,soylocal,hivit_base_patch16_siglip_224.v2_webli,False,,,,adamw,0.05,0.0005,,0,200,448,8,600,600,20.0,-1.0,hivit_base_patch16_siglip_224.v2_webli,10.6667,,,3.8323,10.666666666666666,25.6667,,,5.1304,43.3159,0.4512,79.3281,93.8826,93.8826,
camel.ee.nctu.edu.tw,54,soylocal,hivit_base_patch16_siglip_224.v2_webli,False,,,,adamw,0.05,0.0005,,0,200,448,8,600,600,30.0,-1.0,hivit_base_patch16_siglip_224.v2_webli,18.5,,,3.3947,18.5,34.1667,,,4.7865,42.7546,0.4512,79.3281,93.8947,93.8947,
camel.ee.nctu.edu.tw,54,soylocal,hivit_base_patch16_siglip_224.v2_webli,False,,,,adamw,0.05,0.0005,,0,200,448,8,600,600,40.0,-1.0,hivit_base_patch16_siglip_224.v2_webli,5.5,,,4.3312,5.5,9.6667,,,6.9922,42.5629,0.4512,79.3281,93.9067,93.9067,
camel.ee.nctu.edu.tw,54,soylocal,hivit_base_patch16_siglip_224.v2_webli,False,,,,adamw,0.05,0.0005,,0,200,448,8,600,600,50.0,-1.0,hivit_base_patch16_siglip_224.v2_webli,14.6667,,,3.6189,14.666666666666666,27.6667,,,5.4569,43.1527,0.4531,79.3281,93.9187,93.9187,
camel.ee.nctu.edu.tw,54,soylocal,hivit_base_patch16_siglip_224.v2_webli,False,,,,adamw,0.05,0.0005,,0,200,448,8,600,600,70.0,-1.0,hivit_base_patch16_siglip_224.v2_webli,3.3333,,,4.6072,3.3333333333333335,11.0,,,7.1534,42.9377,0.4531,79.3281,93.9427,93.9427,
camel.ee.nctu.edu.tw,54,soylocal,hivit_base_patch16_siglip_224.v2_webli,False,,,,adamw,0.05,0.0005,,0,200,448,8,600,600,90.0,-1.0,hivit_base_patch16_siglip_224.v2_webli,18.1667,,,3.4502,18.166666666666668,30.5,,,5.2255,42.8855,0.4531,79.3282,93.9668,93.9668,
camel.ee.nctu.edu.tw,54,soylocal,hivit_base_patch16_siglip_224.v2_webli,False,,,,adamw,0.05,0.001,,0,200,448,8,600,600,10.0,-1.0,hivit_base_patch16_siglip_224.v2_webli,7.3333,,,4.3599,7.333333333333333,12.3333,,,5.6657,42.9173,0.4512,79.3281,93.8706,93.8706,
camel.ee.nctu.edu.tw,54,soylocal,hivit_base_patch16_siglip_224.v2_webli,False,,,,adamw,0.05,0.001,,0,200,448,8,600,600,20.0,-1.0,hivit_base_patch16_siglip_224.v2_webli,13.1667,,,3.7493,13.166666666666666,20.0,,,5.7656,43.0455,0.4512,79.3281,93.8826,93.8826,
camel.ee.nctu.edu.tw,54,soylocal,hivit_base_patch16_siglip_224.v2_webli,False,,,,adamw,0.05,0.001,,0,200,448,8,600,600,30.0,-1.0,hivit_base_patch16_siglip_224.v2_webli,11.0,,,3.8217,11.0,13.0,,,6.458,42.8771,0.4512,79.3281,93.8947,93.8947,
camel.ee.nctu.edu.tw,54,soylocal,hivit_base_patch16_siglip_224.v2_webli,False,,,,adamw,0.05,0.001,,0,200,448,8,600,600,40.0,-1.0,hivit_base_patch16_siglip_224.v2_webli,7.6667,,,4.0971,7.666666666666667,4.8333,,,7.4367,42.7943,0.4512,79.3281,93.9067,93.9067,
camel.ee.nctu.edu.tw,54,soylocal,hivit_base_patch16_siglip_224.v2_webli,False,,,,adamw,0.05,0.001,,0,200,448,8,600,600,50.0,-1.0,hivit_base_patch16_siglip_224.v2_webli,3.5,,,4.6099,3.5,6.0,,,7.6485,42.5664,0.4531,79.3281,93.9187,93.9187,
camel.ee.nctu.edu.tw,54,soylocal,hivit_base_patch16_siglip_224.v2_webli,False,,,,adamw,0.05,0.001,,0,200,448,8,600,600,70.0,-1.0,hivit_base_patch16_siglip_224.v2_webli,6.5,,,4.1583,6.5,6.1667,,,7.9774,43.0817,0.4531,79.3281,93.9427,93.9427,
camel.ee.nctu.edu.tw,54,soylocal,hivit_base_patch16_siglip_224.v2_webli,False,,,,adamw,0.05,0.001,,0,200,448,8,600,600,90.0,-1.0,hivit_base_patch16_siglip_224.v2_webli,7.0,,,4.0761,7.0,8.0,,,7.7871,42.6794,0.4531,79.3282,93.9668,93.9668,
camel.ee.nctu.edu.tw,54,soylocal,hivit_base_patch16_siglip_224.v2_webli,False,,,,sgd,0.0,0.003,,0,200,448,8,600,600,10.0,-1.0,hivit_base_patch16_siglip_224.v2_webli,46.6667,,,3.1812,46.666666666666664,100.0,,,1.0506,42.194,0.4512,79.3281,93.8706,93.8706,
camel.ee.nctu.edu.tw,54,soylocal,hivit_base_patch16_siglip_224.v2_webli,False,,,,sgd,0.0,0.003,,0,200,448,8,600,600,20.0,-1.0,hivit_base_patch16_siglip_224.v2_webli,42.1667,,,3.2923,42.166666666666664,100.0,,,1.0889,42.5307,0.4512,79.3281,93.8826,93.8826,
camel.ee.nctu.edu.tw,54,soylocal,hivit_base_patch16_siglip_224.v2_webli,False,,,,sgd,0.0,0.003,,0,200,448,8,600,600,30.0,-1.0,hivit_base_patch16_siglip_224.v2_webli,43.3333,,,3.3047,43.333333333333336,100.0,,,1.0921,42.1875,0.4512,79.3281,93.8947,93.8947,
camel.ee.nctu.edu.tw,54,soylocal,hivit_base_patch16_siglip_224.v2_webli,False,,,,sgd,0.0,0.003,,0,200,448,8,600,600,40.0,-1.0,hivit_base_patch16_siglip_224.v2_webli,41.1667,,,3.2717,41.166666666666664,100.0,,,1.179,42.2654,0.4512,79.3281,93.9067,93.9067,
camel.ee.nctu.edu.tw,54,soylocal,hivit_base_patch16_siglip_224.v2_webli,False,,,,sgd,0.0,0.003,,0,200,448,8,600,600,50.0,-1.0,hivit_base_patch16_siglip_224.v2_webli,47.1667,,,3.2268,47.166666666666664,100.0,,,0.9556,42.0717,0.4531,79.3281,93.9187,93.9187,
camel.ee.nctu.edu.tw,54,soylocal,hivit_base_patch16_siglip_224.v2_webli,False,,,,sgd,0.0,0.003,,0,200,448,8,600,600,70.0,-1.0,hivit_base_patch16_siglip_224.v2_webli,48.6667,,,3.167,48.666666666666664,100.0,,,1.3234,42.4906,0.4531,79.3281,93.9427,93.9427,
camel.ee.nctu.edu.tw,54,soylocal,hivit_base_patch16_siglip_224.v2_webli,False,,,,sgd,0.0,0.003,,0,200,448,8,600,600,90.0,-1.0,hivit_base_patch16_siglip_224.v2_webli,49.0,,,3.1932,49.0,100.0,,,0.987,41.8426,0.4531,79.3282,93.9668,93.9668,
camel.ee.nctu.edu.tw,54,soylocal,hivit_base_patch16_siglip_224.v2_webli,False,,,,sgd,0.0,0.01,,0,200,448,8,600,600,10.0,-1.0,hivit_base_patch16_siglip_224.v2_webli,52.3333,,,1.9925,52.333333333333336,100.0,,,0.0151,41.63,0.4512,79.3281,93.8706,93.8706,
camel.ee.nctu.edu.tw,54,soylocal,hivit_base_patch16_siglip_224.v2_webli,False,,,,sgd,0.0,0.01,,0,200,448,8,600,600,20.0,-1.0,hivit_base_patch16_siglip_224.v2_webli,53.0,,,2.0053,53.0,100.0,,,0.0081,42.336,0.4512,79.3281,93.8826,93.8826,
camel.ee.nctu.edu.tw,54,soylocal,hivit_base_patch16_siglip_224.v2_webli,False,,,,sgd,0.0,0.01,,0,200,448,8,600,600,30.0,-1.0,hivit_base_patch16_siglip_224.v2_webli,49.3333,,,2.1062,49.333333333333336,100.0,,,0.0049,41.9774,0.4512,79.3281,93.8947,93.8947,
camel.ee.nctu.edu.tw,54,soylocal,hivit_base_patch16_siglip_224.v2_webli,False,,,,sgd,0.0,0.01,,0,200,448,8,600,600,40.0,-1.0,hivit_base_patch16_siglip_224.v2_webli,48.6667,,,2.1278,48.666666666666664,100.0,,,0.0051,42.5827,0.4512,79.3281,93.9067,93.9067,
camel.ee.nctu.edu.tw,54,soylocal,hivit_base_patch16_siglip_224.v2_webli,False,,,,sgd,0.0,0.01,,0,200,448,8,600,600,50.0,-1.0,hivit_base_patch16_siglip_224.v2_webli,54.3333,,,2.0131,54.333333333333336,100.0,,,0.0036,41.7815,0.4531,79.3281,93.9187,93.9187,
camel.ee.nctu.edu.tw,54,soylocal,hivit_base_patch16_siglip_224.v2_webli,False,,,,sgd,0.0,0.01,,0,200,448,8,600,600,70.0,-1.0,hivit_base_patch16_siglip_224.v2_webli,50.3333,,,2.1024,50.333333333333336,100.0,,,0.004,42.2954,0.4531,79.3281,93.9427,93.9427,
camel.ee.nctu.edu.tw,54,soylocal,hivit_base_patch16_siglip_224.v2_webli,False,,,,sgd,0.0,0.01,,0,200,448,8,600,600,90.0,-1.0,hivit_base_patch16_siglip_224.v2_webli,55.5,,,1.9036,55.5,100.0,,,0.0084,41.8646,0.4531,79.3282,93.9668,93.9668,
camel.ee.nctu.edu.tw,54,soylocal,hivit_base_patch16_siglip_224.v2_webli,False,,,,sgd,0.0,0.03,,0,200,448,8,600,600,10.0,-1.0,hivit_base_patch16_siglip_224.v2_webli,37.0,,,2.5473,37.0,93.6667,,,0.9911,42.1565,0.4512,79.3281,93.8706,93.8706,
camel.ee.nctu.edu.tw,54,soylocal,hivit_base_patch16_siglip_224.v2_webli,False,,,,sgd,0.0,0.03,,0,200,448,8,600,600,20.0,-1.0,hivit_base_patch16_siglip_224.v2_webli,42.1667,,,2.4637,42.166666666666664,99.8333,,,0.1898,42.5014,0.4512,79.3281,93.8826,93.8826,
camel.ee.nctu.edu.tw,54,soylocal,hivit_base_patch16_siglip_224.v2_webli,False,,,,sgd,0.0,0.03,,0,200,448,8,600,600,30.0,-1.0,hivit_base_patch16_siglip_224.v2_webli,38.6667,,,2.4666,38.666666666666664,94.1667,,,0.9132,42.2102,0.4512,79.3281,93.8947,93.8947,
camel.ee.nctu.edu.tw,54,soylocal,hivit_base_patch16_siglip_224.v2_webli,False,,,,sgd,0.0,0.03,,0,200,448,8,600,600,40.0,-1.0,hivit_base_patch16_siglip_224.v2_webli,45.1667,,,2.3428,45.166666666666664,100.0,,,0.0148,42.1477,0.4512,79.3281,93.9067,93.9067,
camel.ee.nctu.edu.tw,54,soylocal,hivit_base_patch16_siglip_224.v2_webli,False,,,,sgd,0.0,0.03,,0,200,448,8,600,600,50.0,-1.0,hivit_base_patch16_siglip_224.v2_webli,37.0,,,2.5144,37.0,98.3333,,,0.4876,42.1506,0.4531,79.3281,93.9187,93.9187,
camel.ee.nctu.edu.tw,54,soylocal,hivit_base_patch16_siglip_224.v2_webli,False,,,,sgd,0.0,0.03,,0,200,448,8,600,600,70.0,-1.0,hivit_base_patch16_siglip_224.v2_webli,35.1667,,,2.6046,35.166666666666664,94.0,,,0.8009,42.3144,0.4531,79.3281,93.9427,93.9427,
camel.ee.nctu.edu.tw,54,soylocal,hivit_base_patch16_siglip_224.v2_webli,False,,,,sgd,0.0,0.03,,0,200,448,8,600,600,90.0,-1.0,hivit_base_patch16_siglip_224.v2_webli,40.1667,,,2.4818,40.166666666666664,96.5,,,0.4845,42.1351,0.4531,79.3282,93.9668,93.9668,
camel.ee.nctu.edu.tw,54,soylocal,hivit_base_patch16_siglip_224.v2_webli,False,,,,sgd,0.0,0.1,,0,200,448,8,600,600,10.0,-1.0,hivit_base_patch16_siglip_224.v2_webli,20.0,,,3.3952,20.0,37.8333,,,3.9564,42.0604,0.4512,79.3281,93.8706,93.8706,
camel.ee.nctu.edu.tw,54,soylocal,hivit_base_patch16_siglip_224.v2_webli,False,,,,sgd,0.0,0.1,,0,200,448,8,600,600,20.0,-1.0,hivit_base_patch16_siglip_224.v2_webli,23.3333,,,3.2026,23.333333333333332,40.3333,,,4.1638,41.6417,0.4512,79.3281,93.8826,93.8826,
camel.ee.nctu.edu.tw,54,soylocal,hivit_base_patch16_siglip_224.v2_webli,False,,,,sgd,0.0,0.1,,0,200,448,8,600,600,30.0,-1.0,hivit_base_patch16_siglip_224.v2_webli,26.8333,,,3.0806,26.833333333333332,56.5,,,3.2902,42.1184,0.4512,79.3281,93.8947,93.8947,
camel.ee.nctu.edu.tw,54,soylocal,hivit_base_patch16_siglip_224.v2_webli,False,,,,sgd,0.0,0.1,,0,200,448,8,600,600,40.0,-1.0,hivit_base_patch16_siglip_224.v2_webli,27.0,,,3.0234,27.0,55.3333,,,3.411,42.2846,0.4512,79.3281,93.9067,93.9067,
camel.ee.nctu.edu.tw,54,soylocal,hivit_base_patch16_siglip_224.v2_webli,False,,,,sgd,0.0,0.1,,0,200,448,8,600,600,50.0,-1.0,hivit_base_patch16_siglip_224.v2_webli,27.3333,,,3.0091,27.333333333333332,55.0,,,3.347,41.6846,0.4531,79.3281,93.9187,93.9187,
camel.ee.nctu.edu.tw,54,soylocal,hivit_base_patch16_siglip_224.v2_webli,False,,,,sgd,0.0,0.1,,0,200,448,8,600,600,70.0,-1.0,hivit_base_patch16_siglip_224.v2_webli,29.8333,,,2.9746,29.833333333333332,66.3333,,,2.579,42.2652,0.4531,79.3281,93.9427,93.9427,
camel.ee.nctu.edu.tw,54,soylocal,hivit_base_patch16_siglip_224.v2_webli,False,,,,sgd,0.0,0.1,,0,200,448,8,600,600,90.0,-1.0,hivit_base_patch16_siglip_224.v2_webli,17.8333,,,3.3771,17.833333333333332,32.6667,,,4.8947,42.2118,0.4531,79.3282,93.9668,93.9668,
pc427-08,55,soylocal,hideit3_base_patch16_224.fb_in1k,False,,,,adamw,0.05,5e-06,,0,200,448,8,600,600,,,,45.5,,,3.1504,45.5,98.5,,,0.8084,52.0571,0.8047,78.5317,86.8507,86.8507,
pc427-08,55,soylocal,hideit3_base_patch16_224.fb_in1k,False,,,,adamw,0.05,1e-05,,0,200,448,8,600,600,,,,43.3333,,,2.9135,43.333333333333336,99.5,,,0.4555,79.6547,0.8047,78.5317,86.8507,86.8507,
pc427-08,55,soylocal,hideit3_base_patch16_224.fb_in1k,False,,,,adamw,0.05,5e-05,,0,200,448,8,600,600,,,,48.5,,,2.4939,48.5,97.6667,,,0.7145,86.6284,0.8047,78.5317,86.8507,86.8507,
pc427-08,55,soylocal,hideit3_base_patch16_224.fb_in1k,False,,,,adamw,0.05,0.0001,,0,200,448,8,600,600,,,,20.1667,,,3.3194,20.166666666666668,28.0,,,3.171,86.4005,0.8047,78.5317,86.8507,86.8507,
pc427-08,55,soylocal,hideit3_base_patch16_224.fb_in1k,False,,,,adamw,0.05,0.0005,,0,200,448,8,600,600,,,,4.1667,,,4.5234,4.166666666666667,3.1667,,,4.5741,86.0655,0.8047,78.5317,86.8507,86.8507,
pc427-08,55,soylocal,hideit3_base_patch16_224.fb_in1k,False,,,,adamw,0.05,0.001,,0,200,448,8,600,600,,,,1.6667,,,4.8672,1.6666666666666667,1.1667,,,4.9202,85.4872,0.8047,78.5317,86.8507,86.8507,
pc427-08,55,soylocal,hideit3_base_patch16_224.fb_in1k,False,,,,sgd,0.0,0.003,,0,200,448,8,600,600,,,,36.8333,,,3.0647,36.833333333333336,88.5,,,1.6323,83.6391,0.8047,78.5317,86.8507,86.8507,
pc427-08,55,soylocal,hideit3_base_patch16_224.fb_in1k,False,,,,sgd,0.0,0.01,,0,200,448,8,600,600,,,,45.3333,,,2.2626,45.333333333333336,98.3333,,,0.1738,82.6739,0.8047,78.5317,86.8507,86.8507,
pc427-08,55,soylocal,hideit3_base_patch16_224.fb_in1k,False,,,,sgd,0.0,0.03,,0,200,448,8,600,600,,,,28.5,,,2.9108,28.5,48.8333,,,2.1621,82.368,0.8047,78.5317,86.8507,86.8507,
pc427-08,55,soylocal,hideit3_base_patch16_224.fb_in1k,False,,,,sgd,0.0,0.1,,0,200,448,8,600,600,,,,,,,,,,,,,,,,,,
pc427-08,55,soylocal,hideit3_base_patch16_224.fb_in22k_ft_in1k,False,,,,adamw,0.05,5e-06,,0,200,448,8,600,600,,,,58.3333,,,2.0033,58.333333333333336,100.0,,,0.0012,52.2958,0.8047,78.5317,86.8507,86.8507,
pc427-08,55,soylocal,hideit3_base_patch16_224.fb_in22k_ft_in1k,False,,,,adamw,0.05,1e-05,,0,200,448,8,600,600,,,,55.3333,,,2.0432,55.333333333333336,100.0,,,0.0005,51.9684,0.8047,78.5317,86.8507,86.8507,
pc427-08,55,soylocal,hideit3_base_patch16_224.fb_in22k_ft_in1k,False,,,,adamw,0.05,5e-05,,0,200,448,8,600,600,,,,51.1667,,,2.437,51.166666666666664,97.1667,,,0.7157,51.8756,0.8047,78.5317,86.8507,86.8507,
pc427-08,55,soylocal,hideit3_base_patch16_224.fb_in22k_ft_in1k,False,,,,adamw,0.05,0.0001,,0,200,448,8,600,600,,,,16.1667,,,3.4732,16.166666666666668,22.5,,,3.3973,86.1977,0.8047,78.5317,86.8507,86.8507,
pc427-08,55,soylocal,hideit3_base_patch16_224.fb_in22k_ft_in1k,False,,,,adamw,0.05,0.0005,,0,200,448,8,600,600,,,,9.8333,,,3.9776,9.833333333333334,12.1667,,,3.9302,85.9012,0.8047,78.5317,86.8507,86.8507,
pc427-08,55,soylocal,hideit3_base_patch16_224.fb_in22k_ft_in1k,False,,,,adamw,0.05,0.001,,0,200,448,8,600,600,,,,6.3333,,,4.2955,6.333333333333333,7.1667,,,4.2333,89.0353,0.8047,78.5317,86.8507,86.8507,
pc427-08,55,soylocal,hideit3_base_patch16_224.fb_in22k_ft_in1k,False,,,,sgd,0.0,0.003,,0,200,448,8,600,600,,,,38.8333,,,3.0271,38.833333333333336,87.0,,,1.6674,82.4375,0.8047,78.5317,86.8507,86.8507,
pc427-08,55,soylocal,hideit3_base_patch16_224.fb_in22k_ft_in1k,False,,,,sgd,0.0,0.01,,0,200,448,8,600,600,,,,43.5,,,2.5485,43.5,98.0,,,0.263,82.3222,0.8047,78.5317,86.8507,86.8507,
pc427-08,55,soylocal,hideit3_base_patch16_224.fb_in22k_ft_in1k,False,,,,sgd,0.0,0.03,,0,200,448,8,600,600,,,,33.1667,,,2.876,33.166666666666664,65.0,,,1.6749,81.81,0.8047,78.5317,86.8507,86.8507,
pc427-08,55,soylocal,hideit3_base_patch16_224.fb_in22k_ft_in1k,False,,,,sgd,0.0,0.1,,0,200,448,8,600,600,,,,8.3333,,,3.931,8.333333333333334,8.3333,,,4.0374,83.2473,0.8047,78.5317,86.8507,86.8507,
pc427-08,55,soylocal,hideit_base_patch16_224.fb_in1k,False,,,,adamw,0.05,5e-06,,0,200,448,8,600,600,,,,48.8333,,,2.8439,48.833333333333336,97.0,,,1.0971,83.5139,0.8047,78.5173,86.833,86.833,
pc427-08,55,soylocal,hideit_base_patch16_224.fb_in1k,False,,,,adamw,0.05,1e-05,,0,200,448,8,600,600,,,,48.8333,,,2.7862,48.833333333333336,99.5,,,0.5265,84.3159,0.8047,78.5173,86.833,86.833,
pc427-08,55,soylocal,hideit_base_patch16_224.fb_in1k,False,,,,adamw,0.05,5e-05,,0,200,448,8,600,600,,,,45.0,,,2.7696,45.0,77.3333,,,1.8808,85.7489,0.8047,78.5173,86.833,86.833,
pc427-08,55,soylocal,hideit_base_patch16_224.fb_in1k,False,,,,adamw,0.05,0.0001,,0,200,448,8,600,600,,,,18.8333,,,3.3286,18.833333333333332,33.1667,,,2.9645,84.8121,0.8047,78.5173,86.833,86.833,
pc427-08,55,soylocal,hideit_base_patch16_224.fb_in1k,False,,,,adamw,0.05,0.0005,,0,200,448,8,600,600,,,,15.6667,,,3.5837,15.666666666666666,17.6667,,,3.445,84.3163,0.8047,78.5173,86.833,86.833,
pc427-08,55,soylocal,hideit_base_patch16_224.fb_in1k,False,,,,adamw,0.05,0.001,,0,200,448,8,600,600,,,,,,,,,,,,,,,,,,
pc427-08,55,soylocal,hideit_base_patch16_224.fb_in1k,False,,,,sgd,0.0,0.003,,0,200,448,8,600,600,,,,40.5,,,2.8634,40.5,84.5,,,1.7795,82.2424,0.8047,78.5173,86.833,86.833,
pc427-08,55,soylocal,hideit_base_patch16_224.fb_in1k,False,,,,sgd,0.0,0.01,,0,200,448,8,600,600,,,,51.8333,,,2.0763,51.833333333333336,97.8333,,,0.2112,81.8249,0.8047,78.5173,86.833,86.833,
pc427-08,55,soylocal,hideit_base_patch16_224.fb_in1k,False,,,,sgd,0.0,0.03,,0,200,448,8,600,600,,,,42.3333,,,2.6443,42.333333333333336,85.8333,,,0.6682,80.7528,0.8047,78.5173,86.833,86.833,
pc427-08,55,soylocal,hideit_base_patch16_224.fb_in1k,False,,,,sgd,0.0,0.1,,0,200,448,8,600,600,,,,11.6667,,,3.7821,11.666666666666666,16.0,,,3.8146,80.4218,0.8047,78.5173,86.833,86.833,
camel.ee.nctu.edu.tw,55,soylocal,hiresnet50.a1_in1k,False,,,,adamw,0.05,5e-06,,0,200,448,8,600,600,,,,23.0,,,3.6658,23.0,54.1667,,,3.2914,16.3449,4.3984,16.3944,24.8588,24.8588,
camel.ee.nctu.edu.tw,55,soylocal,hiresnet50.a1_in1k,False,,,,adamw,0.05,1e-05,,0,200,448,8,600,600,,,,29.1667,,,3.3627,29.166666666666668,61.0,,,2.8743,16.4635,4.3984,16.3944,24.8588,24.8588,
camel.ee.nctu.edu.tw,55,soylocal,hiresnet50.a1_in1k,False,,,,adamw,0.05,5e-05,,0,200,448,8,600,600,,,,48.6667,,,2.2121,48.666666666666664,98.0,,,0.4613,16.3976,4.3984,16.3944,24.8588,24.8588,
camel.ee.nctu.edu.tw,55,soylocal,hiresnet50.a1_in1k,False,,,,adamw,0.05,0.0001,,0,200,448,8,600,600,,,,53.5,,,1.8725,53.5,100.0,,,0.0103,16.4193,4.3984,16.3944,24.8588,24.8588,
camel.ee.nctu.edu.tw,55,soylocal,hiresnet50.a1_in1k,False,,,,adamw,0.05,0.0005,,0,200,448,8,600,600,,,,47.8333,,,2.3187,47.833333333333336,100.0,,,0.0079,16.4696,4.3984,16.3944,24.8588,24.8588,
camel.ee.nctu.edu.tw,55,soylocal,hiresnet50.a1_in1k,False,,,,adamw,0.05,0.001,,0,200,448,8,600,600,,,,18.5,,,3.3077,18.5,31.8333,,,2.5971,16.361,4.3984,16.3944,24.8588,24.8588,
camel.ee.nctu.edu.tw,55,soylocal,hiresnet50.a1_in1k,False,,,,sgd,0.0,0.003,,0,200,448,8,600,600,,,,16.1667,,,4.1638,16.166666666666668,24.3333,,,3.8772,15.5839,4.3984,16.3944,24.8588,24.8588,
camel.ee.nctu.edu.tw,55,soylocal,hiresnet50.a1_in1k,False,,,,sgd,0.0,0.01,,0,200,448,8,600,600,,,,25.0,,,3.2315,25.0,45.5,,,2.7174,15.6463,4.3984,16.3944,24.8588,24.8588,
camel.ee.nctu.edu.tw,55,soylocal,hiresnet50.a1_in1k,False,,,,sgd,0.0,0.03,,0,200,448,8,600,600,,,,39.6667,,,2.4523,39.666666666666664,78.1667,,,0.9301,15.5508,4.3984,16.3944,24.8588,24.8588,
camel.ee.nctu.edu.tw,55,soylocal,hiresnet50.a1_in1k,False,,,,sgd,0.0,0.1,,0,200,448,8,600,600,,,,21.0,,,4.3326,21.0,47.1667,,,2.054,15.6589,4.3984,16.3944,24.8588,24.8588,
camel.ee.nctu.edu.tw,55,soylocal,hiresnet50.fb_ssl_yfcc100m_ft_in1k,False,,,,adamw,0.05,5e-06,,0,200,448,8,600,600,,,,44.8333,,,2.8478,44.833333333333336,98.1667,,,0.438,16.4929,4.3984,16.3944,24.8588,24.8588,
camel.ee.nctu.edu.tw,55,soylocal,hiresnet50.fb_ssl_yfcc100m_ft_in1k,False,,,,adamw,0.05,1e-05,,0,200,448,8,600,600,,,,45.6667,,,2.7353,45.666666666666664,99.8333,,,0.1895,16.4236,4.3984,16.3944,24.8588,24.8588,
camel.ee.nctu.edu.tw,55,soylocal,hiresnet50.fb_ssl_yfcc100m_ft_in1k,False,,,,adamw,0.05,5e-05,,0,200,448,8,600,600,,,,57.1667,,,1.8431,57.166666666666664,100.0,,,0.0088,16.5762,4.3984,16.3944,24.8588,24.8588,
camel.ee.nctu.edu.tw,55,soylocal,hiresnet50.fb_ssl_yfcc100m_ft_in1k,False,,,,adamw,0.05,0.0001,,0,200,448,8,600,600,,,,49.1667,,,2.1986,49.166666666666664,97.1667,,,0.3015,16.4638,4.3984,16.3944,24.8588,24.8588,
camel.ee.nctu.edu.tw,55,soylocal,hiresnet50.fb_ssl_yfcc100m_ft_in1k,False,,,,adamw,0.05,0.0005,,0,200,448,8,600,600,,,,9.1667,,,3.9144,9.166666666666666,10.6667,,,3.8492,16.2989,4.3984,16.3944,24.8588,24.8588,
camel.ee.nctu.edu.tw,55,soylocal,hiresnet50.fb_ssl_yfcc100m_ft_in1k,False,,,,adamw,0.05,0.001,,0,200,448,8,600,600,,,,5.6667,,,4.2166,5.666666666666667,6.1667,,,4.3624,16.3807,4.3984,16.3944,24.8588,24.8588,
camel.ee.nctu.edu.tw,55,soylocal,hiresnet50.fb_ssl_yfcc100m_ft_in1k,False,,,,sgd,0.0,0.003,,0,200,448,8,600,600,,,,40.0,,,2.9783,40.0,89.8333,,,1.771,15.6514,4.3984,16.3944,24.8588,24.8588,
camel.ee.nctu.edu.tw,55,soylocal,hiresnet50.fb_ssl_yfcc100m_ft_in1k,False,,,,sgd,0.0,0.01,,0,200,448,8,600,600,,,,53.0,,,2.0389,53.0,98.8333,,,0.2368,15.5713,4.3984,16.3944,24.8588,24.8588,
camel.ee.nctu.edu.tw,55,soylocal,hiresnet50.fb_ssl_yfcc100m_ft_in1k,False,,,,sgd,0.0,0.03,,0,200,448,8,600,600,,,,11.0,,,4.152,11.0,22.1667,,,3.1274,15.5481,4.3984,16.3944,24.8588,24.8588,
camel.ee.nctu.edu.tw,55,soylocal,hiresnet50.fb_ssl_yfcc100m_ft_in1k,False,,,,sgd,0.0,0.1,,0,200,448,8,600,600,,,,5.0,,,4.4579,5.0,4.6667,,,4.3976,15.4611,4.3984,16.3944,24.8588,24.8588,
camel.ee.nctu.edu.tw,55,soylocal,hiresnet50.fb_swsl_ig1b_ft_in1k,False,,,,adamw,0.05,5e-06,,0,200,448,8,600,600,,,,37.0,,,3.0411,37.0,98.3333,,,0.5606,16.4053,4.3984,16.3944,24.8588,24.8588,
camel.ee.nctu.edu.tw,55,soylocal,hiresnet50.fb_swsl_ig1b_ft_in1k,False,,,,adamw,0.05,1e-05,,0,200,448,8,600,600,,,,40.3333,,,2.8577,40.333333333333336,99.3333,,,0.2171,16.5644,4.3984,16.3944,24.8588,24.8588,
camel.ee.nctu.edu.tw,55,soylocal,hiresnet50.fb_swsl_ig1b_ft_in1k,False,,,,adamw,0.05,5e-05,,0,200,448,8,600,600,,,,54.8333,,,2.2093,54.833333333333336,100.0,,,0.0426,16.5147,4.3984,16.3944,24.8588,24.8588,
camel.ee.nctu.edu.tw,55,soylocal,hiresnet50.fb_swsl_ig1b_ft_in1k,False,,,,adamw,0.05,0.0001,,0,200,448,8,600,600,,,,26.1667,,,2.9833,26.166666666666668,73.8333,,,1.4239,16.3462,4.3984,16.3944,24.8588,24.8588,
camel.ee.nctu.edu.tw,55,soylocal,hiresnet50.fb_swsl_ig1b_ft_in1k,False,,,,adamw,0.05,0.0005,,0,200,448,8,600,600,,,,2.6667,,,4.9781,2.6666666666666665,2.6667,,,4.6635,16.6395,4.3984,16.3944,24.8588,24.8588,
camel.ee.nctu.edu.tw,55,soylocal,hiresnet50.fb_swsl_ig1b_ft_in1k,False,,,,adamw,0.05,0.001,,0,200,448,8,600,600,,,,6.5,,,4.1874,6.5,7.6667,,,4.3227,16.3456,4.3984,16.3944,24.8588,24.8588,
camel.ee.nctu.edu.tw,55,soylocal,hiresnet50.fb_swsl_ig1b_ft_in1k,False,,,,sgd,0.0,0.003,,0,200,448,8,600,600,,,,37.8333,,,3.1712,37.833333333333336,89.6667,,,1.7886,15.5709,4.3984,16.3944,24.8588,24.8588,
camel.ee.nctu.edu.tw,55,soylocal,hiresnet50.fb_swsl_ig1b_ft_in1k,False,,,,sgd,0.0,0.01,,0,200,448,8,600,600,,,,46.8333,,,2.3723,46.833333333333336,99.0,,,0.3929,15.5181,4.3984,16.3944,24.8588,24.8588,
camel.ee.nctu.edu.tw,55,soylocal,hiresnet50.fb_swsl_ig1b_ft_in1k,False,,,,sgd,0.0,0.03,,0,200,448,8,600,600,,,,9.8333,,,22.4639,9.833333333333334,12.6667,,,3.9649,15.6217,4.3984,16.3944,24.8588,24.8588,
camel.ee.nctu.edu.tw,55,soylocal,hiresnet50.fb_swsl_ig1b_ft_in1k,False,,,,sgd,0.0,0.1,,0,200,448,8,600,600,,,,2.3333,,,5.0503,2.3333333333333335,2.6667,,,4.7003,15.42,4.3984,16.3944,24.8588,24.8588,
camel.ee.nctu.edu.tw,55,soylocal,hiresnet50.gluon_in1k,False,,,,adamw,0.05,5e-06,,0,200,448,8,600,600,,,,38.1667,,,3.0276,38.166666666666664,96.6667,,,0.854,16.5811,4.3984,16.3944,24.8588,24.8588,
camel.ee.nctu.edu.tw,55,soylocal,hiresnet50.gluon_in1k,False,,,,adamw,0.05,1e-05,,0,200,448,8,600,600,,,,42.5,,,2.8316,42.5,98.5,,,0.442,16.5632,4.3984,16.3944,24.8588,24.8588,
camel.ee.nctu.edu.tw,55,soylocal,hiresnet50.gluon_in1k,False,,,,adamw,0.05,5e-05,,0,200,448,8,600,600,,,,54.0,,,1.9791,54.0,100.0,,,0.0027,16.4254,4.3984,16.3944,24.8588,24.8588,
camel.ee.nctu.edu.tw,55,soylocal,hiresnet50.gluon_in1k,False,,,,adamw,0.05,0.0001,,0,200,448,8,600,600,,,,59.3333,,,1.8048,59.333333333333336,100.0,,,0.0048,16.4999,4.3984,16.3944,24.8588,24.8588,
camel.ee.nctu.edu.tw,55,soylocal,hiresnet50.gluon_in1k,False,,,,adamw,0.05,0.0005,,0,200,448,8,600,600,,,,5.0,,,4.5938,5.0,3.1667,,,4.7032,16.2641,4.3984,16.3944,24.8588,24.8588,
camel.ee.nctu.edu.tw,55,soylocal,hiresnet50.gluon_in1k,False,,,,adamw,0.05,0.001,,0,200,448,8,600,600,,,,3.3333,,,5.8886,3.3333333333333335,6.1667,,,4.3961,16.3073,4.3984,16.3944,24.8588,24.8588,
camel.ee.nctu.edu.tw,55,soylocal,hiresnet50.gluon_in1k,False,,,,sgd,0.0,0.003,,0,200,448,8,600,600,,,,36.1667,,,3.1493,36.166666666666664,83.0,,,2.0495,15.5841,4.3984,16.3944,24.8588,24.8588,
camel.ee.nctu.edu.tw,55,soylocal,hiresnet50.gluon_in1k,False,,,,sgd,0.0,0.01,,0,200,448,8,600,600,,,,47.0,,,2.2742,47.0,98.6667,,,0.2324,15.5073,4.3984,16.3944,24.8588,24.8588,
camel.ee.nctu.edu.tw,55,soylocal,hiresnet50.gluon_in1k,False,,,,sgd,0.0,0.03,,0,200,448,8,600,600,,,,42.5,,,2.7735,42.5,93.0,,,0.4031,15.5106,4.3984,16.3944,24.8588,24.8588,
camel.ee.nctu.edu.tw,55,soylocal,hiresnet50.gluon_in1k,False,,,,sgd,0.0,0.1,,0,200,448,8,600,600,,,,6.5,,,3.9937,6.5,4.8333,,,4.3129,15.4699,4.3984,16.3944,24.8588,24.8588,
gpu,55,soylocal,hiresnet50.in1k_mocov3,False,,,,adamw,0.05,5e-06,,0,200,448,8,600,600,,,,36.0,,,3.2432,36.0,94.0,,,1.5973,22.9205,4.3984,16.3944,24.8588,24.8588,
gpu,55,soylocal,hiresnet50.in1k_mocov3,False,,,,adamw,0.05,1e-05,,0,200,448,8,600,600,,,,40.0,,,3.0066,40.0,97.1667,,,0.9957,22.9933,4.3984,16.3944,24.8588,24.8588,
gpu,55,soylocal,hiresnet50.in1k_mocov3,False,,,,adamw,0.05,5e-05,,0,200,448,8,600,600,,,,55.8333,,,2.0032,55.833333333333336,99.8333,,,0.0055,22.6561,4.3984,16.3944,24.8588,24.8588,
gpu,55,soylocal,hiresnet50.in1k_mocov3,False,,,,adamw,0.05,0.0001,,0,200,448,8,600,600,,,,57.3333,,,1.8439,57.333333333333336,100.0,,,0.0005,22.5795,4.3984,16.3944,24.8588,24.8588,
gpu,55,soylocal,hiresnet50.in1k_mocov3,False,,,,adamw,0.05,0.0005,,0,200,448,8,600,600,,,,46.5,,,2.471,46.5,97.8333,,,0.0674,22.317,4.3984,16.3944,24.8588,24.8588,
gpu,55,soylocal,hiresnet50.in1k_mocov3,False,,,,adamw,0.05,0.001,,0,200,448,8,600,600,,,,9.0,,,3.6271,9.0,10.1667,,,4.0128,21.9576,4.3984,16.3944,24.8588,24.8588,
gpu,55,soylocal,hiresnet50.in1k_mocov3,False,,,,sgd,0.0,0.003,,0,200,448,8,600,600,,,,37.8333,,,2.9104,37.833333333333336,88.0,,,1.4906,21.6833,4.3984,16.3944,24.8588,24.8588,
gpu,55,soylocal,hiresnet50.in1k_mocov3,False,,,,sgd,0.0,0.01,,0,200,448,8,600,600,,,,53.6667,,,1.7892,53.666666666666664,99.3333,,,0.0388,21.2968,4.3984,16.3944,24.8588,24.8588,
gpu,55,soylocal,hiresnet50.in1k_mocov3,False,,,,sgd,0.0,0.03,,0,200,448,8,600,600,,,,51.1667,,,1.9383,51.166666666666664,100.0,,,0.001,21.1842,4.3984,16.3944,24.8588,24.8588,
gpu,55,soylocal,hiresnet50.in1k_mocov3,False,,,,sgd,0.0,0.1,,0,200,448,8,600,600,,,,43.3333,,,2.8379,43.333333333333336,99.0,,,0.0129,20.8103,4.3984,16.3944,24.8588,24.8588,
gpu,55,soylocal,hiresnet50.in1k_spark,False,,,,adamw,0.05,5e-06,,0,200,448,8,600,600,,,,27.0,,,3.4794,27.0,76.8333,,,1.8162,22.4147,4.3984,16.3944,24.8588,24.8588,
gpu,55,soylocal,hiresnet50.in1k_spark,False,,,,adamw,0.05,1e-05,,0,200,448,8,600,600,,,,33.1667,,,3.225,33.166666666666664,84.5,,,1.3895,22.6098,4.3984,16.3944,24.8588,24.8588,
gpu,55,soylocal,hiresnet50.in1k_spark,False,,,,adamw,0.05,5e-05,,0,200,448,8,600,600,,,,6.0,,,5.2191,6.0,41.8333,,,2.6551,22.3842,4.3984,16.3944,24.8588,24.8588,
gpu,55,soylocal,hiresnet50.in1k_spark,False,,,,adamw,0.05,0.0001,,0,200,448,8,600,600,,,,8.1667,,,4.2543,8.166666666666666,28.8333,,,2.8782,22.6109,4.3984,16.3944,24.8588,24.8588,
gpu,55,soylocal,hiresnet50.in1k_spark,False,,,,adamw,0.05,0.0005,,0,200,448,8,600,600,,,,10.0,,,3.9854,10.0,11.8333,,,3.8941,22.5485,4.3984,16.3944,24.8588,24.8588,
gpu,55,soylocal,hiresnet50.in1k_spark,False,,,,adamw,0.05,0.001,,0,200,448,8,600,600,,,,8.0,,,3.9713,8.0,6.5,,,4.3397,22.2644,4.3984,16.3944,24.8588,24.8588,
gpu,55,soylocal,hiresnet50.in1k_spark,False,,,,sgd,0.0,0.003,,0,200,448,8,600,600,,,,19.5,,,3.5679,19.5,38.1667,,,3.2105,22.1672,4.3984,16.3944,24.8588,24.8588,
gpu,55,soylocal,hiresnet50.in1k_spark,False,,,,sgd,0.0,0.01,,0,200,448,8,600,600,,,,5.8333,,,7.326,5.833333333333333,41.1667,,,2.4274,22.053,4.3984,16.3944,24.8588,24.8588,
gpu,55,soylocal,hiresnet50.in1k_spark,False,,,,sgd,0.0,0.03,,0,200,448,8,600,600,,,,12.1667,,,3.8827,12.166666666666666,13.6667,,,3.6449,22.0092,4.3984,16.3944,24.8588,24.8588,
gpu,55,soylocal,hiresnet50.in1k_spark,False,,,,sgd,0.0,0.1,,0,200,448,8,600,600,,,,6.6667,,,3.9791,6.666666666666667,7.5,,,4.3929,21.3714,4.3984,16.3944,24.8588,24.8588,
gpu,55,soylocal,hiresnet50.in1k_supcon,False,,,,adamw,0.05,5e-06,,0,200,448,8,600,600,,,,41.1667,,,3.0064,41.166666666666664,97.6667,,,0.6335,22.2586,4.3984,16.3944,24.8588,24.8588,
gpu,55,soylocal,hiresnet50.in1k_supcon,False,,,,adamw,0.05,1e-05,,0,200,448,8,600,600,,,,43.3333,,,2.8691,43.333333333333336,99.6667,,,0.3037,22.2815,4.3984,16.3944,24.8588,24.8588,
gpu,55,soylocal,hiresnet50.in1k_supcon,False,,,,adamw,0.05,5e-05,,0,200,448,8,600,600,,,,55.5,,,1.9614,55.5,99.6667,,,0.0427,22.2742,4.3984,16.3944,24.8588,24.8588,
gpu,55,soylocal,hiresnet50.in1k_supcon,False,,,,adamw,0.05,0.0001,,0,200,448,8,600,600,,,,35.1667,,,2.5155,35.166666666666664,81.1667,,,1.0387,22.2034,4.3984,16.3944,24.8588,24.8588,
gpu,55,soylocal,hiresnet50.in1k_supcon,False,,,,adamw,0.05,0.0005,,0,200,448,8,600,600,,,,6.6667,,,4.0281,6.666666666666667,8.8333,,,4.0372,21.7478,4.3984,16.3944,24.8588,24.8588,
gpu,55,soylocal,hiresnet50.in1k_supcon,False,,,,adamw,0.05,0.001,,0,200,448,8,600,600,,,,8.0,,,3.9281,8.0,7.0,,,4.2543,21.6258,4.3984,16.3944,24.8588,24.8588,
gpu,55,soylocal,hiresnet50.in1k_supcon,False,,,,sgd,0.0,0.003,,0,200,448,8,600,600,,,,34.3333,,,3.225,34.333333333333336,80.6667,,,2.2196,21.5407,4.3984,16.3944,24.8588,24.8588,
gpu,55,soylocal,hiresnet50.in1k_supcon,False,,,,sgd,0.0,0.01,,0,200,448,8,600,600,,,,49.1667,,,2.368,49.166666666666664,98.8333,,,0.3859,21.6945,4.3984,16.3944,24.8588,24.8588,
gpu,55,soylocal,hiresnet50.in1k_supcon,False,,,,sgd,0.0,0.03,,0,200,448,8,600,600,,,,9.1667,,,4.2582,9.166666666666666,13.8333,,,3.6736,21.4831,4.3984,16.3944,24.8588,24.8588,
gpu,55,soylocal,hiresnet50.in1k_supcon,False,,,,sgd,0.0,0.1,,0,200,448,8,600,600,,,,4.5,,,4.052,4.5,4.5,,,4.352,20.9111,4.3984,16.3944,24.8588,24.8588,
gpu,55,soylocal,hiresnet50.in1k_swav,False,,,,adamw,0.05,5e-06,,0,200,448,8,600,600,,,,38.5,,,3.1582,38.5,84.6667,,,1.9403,22.0526,4.3984,16.3944,24.8588,24.8588,
gpu,55,soylocal,hiresnet50.in1k_swav,False,,,,adamw,0.05,1e-05,,0,200,448,8,600,600,,,,43.3333,,,2.8897,43.333333333333336,92.6667,,,1.3086,22.1536,4.3984,16.3944,24.8588,24.8588,
gpu,55,soylocal,hiresnet50.in1k_swav,False,,,,adamw,0.05,5e-05,,0,200,448,8,600,600,,,,57.5,,,1.8788,57.5,99.6667,,,0.0329,21.9284,4.3984,16.3944,24.8588,24.8588,
gpu,55,soylocal,hiresnet50.in1k_swav,False,,,,adamw,0.05,0.0001,,0,200,448,8,600,600,,,,63.5,,,1.4572,63.5,100.0,,,0.0015,21.9213,4.3984,16.3944,24.8588,24.8588,
gpu,55,soylocal,hiresnet50.in1k_swav,False,,,,adamw,0.05,0.0005,,0,200,448,8,600,600,,,,51.5,,,2.3607,51.5,97.1667,,,0.0983,22.1156,4.3984,16.3944,24.8588,24.8588,
gpu,55,soylocal,hiresnet50.in1k_swav,False,,,,adamw,0.05,0.001,,0,200,448,8,600,600,,,,10.3333,,,4.5035,10.333333333333334,29.5,,,2.6602,21.8655,4.3984,16.3944,24.8588,24.8588,
gpu,55,soylocal,hiresnet50.in1k_swav,False,,,,sgd,0.0,0.003,,0,200,448,8,600,600,,,,39.8333,,,2.8463,39.833333333333336,76.8333,,,1.9724,21.4562,4.3984,16.3944,24.8588,24.8588,
gpu,55,soylocal,hiresnet50.in1k_swav,False,,,,sgd,0.0,0.01,,0,200,448,8,600,600,,,,57.6667,,,1.5697,57.666666666666664,99.0,,,0.1814,21.398,4.3984,16.3944,24.8588,24.8588,
gpu,55,soylocal,hiresnet50.in1k_swav,False,,,,sgd,0.0,0.03,,0,200,448,8,600,600,,,,59.6667,,,1.5194,59.666666666666664,100.0,,,0.0019,21.4805,4.3984,16.3944,24.8588,24.8588,
gpu,55,soylocal,hiresnet50.in1k_swav,False,,,,sgd,0.0,0.1,,0,200,448,8,600,600,,,,47.6667,,,3.2881,47.666666666666664,97.1667,,,0.0491,21.3147,4.3984,16.3944,24.8588,24.8588,
gpu,55,soylocal,hiresnet50.in21k_miil,False,,,,adamw,0.05,5e-06,,0,200,448,8,600,600,,,,30.0,,,3.5681,30.0,76.8333,,,2.4508,21.9352,4.3984,16.3944,24.8588,24.8588,
gpu,55,soylocal,hiresnet50.in21k_miil,False,,,,adamw,0.05,1e-05,,0,200,448,8,600,600,,,,36.1667,,,3.313,36.166666666666664,88.1667,,,1.8409,21.9165,4.3984,16.3944,24.8588,24.8588,
gpu,55,soylocal,hiresnet50.in21k_miil,False,,,,adamw,0.05,5e-05,,0,200,448,8,600,600,,,,51.8333,,,2.354,51.833333333333336,99.3333,,,0.1064,21.8124,4.3984,16.3944,24.8588,24.8588,
gpu,55,soylocal,hiresnet50.in21k_miil,False,,,,adamw,0.05,0.0001,,0,200,448,8,600,600,,,,57.8333,,,2.0189,57.833333333333336,100.0,,,0.0012,21.8791,4.3984,16.3944,24.8588,24.8588,
gpu,55,soylocal,hiresnet50.in21k_miil,False,,,,adamw,0.05,0.0005,,0,200,448,8,600,600,,,,39.3333,,,2.497,39.333333333333336,91.1667,,,0.4256,21.8442,4.3984,16.3944,24.8588,24.8588,
gpu,55,soylocal,hiresnet50.in21k_miil,False,,,,adamw,0.05,0.001,,0,200,448,8,600,600,,,,10.0,,,4.0387,10.0,15.6667,,,3.9185,21.7443,4.3984,16.3944,24.8588,24.8588,
gpu,55,soylocal,hiresnet50.in21k_miil,False,,,,sgd,0.0,0.003,,0,200,448,8,600,600,,,,31.5,,,3.1557,31.5,68.0,,,2.4092,21.2507,4.3984,16.3944,24.8588,24.8588,
gpu,55,soylocal,hiresnet50.in21k_miil,False,,,,sgd,0.0,0.01,,0,200,448,8,600,600,,,,48.6667,,,2.2873,48.666666666666664,95.6667,,,0.4633,21.3366,4.3984,16.3944,24.8588,24.8588,
gpu,55,soylocal,hiresnet50.in21k_miil,False,,,,sgd,0.0,0.03,,0,200,448,8,600,600,,,,45.0,,,2.5486,45.0,99.6667,,,0.0088,21.1875,4.3984,16.3944,24.8588,24.8588,
gpu,55,soylocal,hiresnet50.in21k_miil,False,,,,sgd,0.0,0.1,,0,200,448,8,600,600,,,,24.3333,,,3.6417,24.333333333333332,46.8333,,,2.1243,21.0697,4.3984,16.3944,24.8588,24.8588,
camel.ee.nctu.edu.tw,55,soylocal,hiresnet50.tv2_in1k,False,,,,adamw,0.05,5e-06,,0,200,448,8,600,600,,,,33.1667,,,3.2973,33.166666666666664,90.0,,,1.7911,16.5127,4.3984,16.3944,24.8588,24.8588,
camel.ee.nctu.edu.tw,55,soylocal,hiresnet50.tv2_in1k,False,,,,adamw,0.05,1e-05,,0,200,448,8,600,600,,,,41.8333,,,3.0105,41.833333333333336,95.8333,,,0.9901,16.571,4.3984,16.3944,24.8588,24.8588,
camel.ee.nctu.edu.tw,55,soylocal,hiresnet50.tv2_in1k,False,,,,adamw,0.05,5e-05,,0,200,448,8,600,600,,,,56.0,,,2.2213,56.0,100.0,,,0.0051,16.5012,4.3984,16.3944,24.8588,24.8588,
camel.ee.nctu.edu.tw,55,soylocal,hiresnet50.tv2_in1k,False,,,,adamw,0.05,0.0001,,0,200,448,8,600,600,,,,58.3333,,,1.6738,58.333333333333336,100.0,,,0.0007,16.597,4.3984,16.3944,24.8588,24.8588,
camel.ee.nctu.edu.tw,55,soylocal,hiresnet50.tv2_in1k,False,,,,adamw,0.05,0.0005,,0,200,448,8,600,600,,,,5.6667,,,5.1328,5.666666666666667,8.6667,,,4.1658,16.5209,4.3984,16.3944,24.8588,24.8588,
camel.ee.nctu.edu.tw,55,soylocal,hiresnet50.tv2_in1k,False,,,,adamw,0.05,0.001,,0,200,448,8,600,600,,,,7.8333,,,4.4541,7.833333333333333,9.6667,,,4.1352,16.4314,4.3984,16.3944,24.8588,24.8588,
camel.ee.nctu.edu.tw,55,soylocal,hiresnet50.tv2_in1k,False,,,,sgd,0.0,0.003,,0,200,448,8,600,600,,,,28.0,,,3.4577,28.0,62.6667,,,2.8279,15.6587,4.3984,16.3944,24.8588,24.8588,
camel.ee.nctu.edu.tw,55,soylocal,hiresnet50.tv2_in1k,False,,,,sgd,0.0,0.01,,0,200,448,8,600,600,,,,45.3333,,,2.2152,45.333333333333336,96.6667,,,0.4356,15.6129,4.3984,16.3944,24.8588,24.8588,
camel.ee.nctu.edu.tw,55,soylocal,hiresnet50.tv2_in1k,False,,,,sgd,0.0,0.03,,0,200,448,8,600,600,,,,54.0,,,2.2463,54.0,99.3333,,,0.0167,15.6111,4.3984,16.3944,24.8588,24.8588,
camel.ee.nctu.edu.tw,55,soylocal,hiresnet50.tv2_in1k,False,,,,sgd,0.0,0.1,,0,200,448,8,600,600,,,,5.8333,,,4.4497,5.833333333333333,11.5,,,4.0091,15.432,4.3984,16.3944,24.8588,24.8588,
camel.ee.nctu.edu.tw,55,soylocal,hiresnet50.tv_in1k,False,,,,adamw,0.05,5e-06,,0,200,448,8,600,600,,,,38.8333,,,3.0691,38.833333333333336,97.6667,,,0.6817,16.4942,4.3984,16.3944,24.8588,24.8588,
camel.ee.nctu.edu.tw,55,soylocal,hiresnet50.tv_in1k,False,,,,adamw,0.05,1e-05,,0,200,448,8,600,600,,,,43.8333,,,2.8524,43.833333333333336,98.6667,,,0.3671,16.6318,4.3984,16.3944,24.8588,24.8588,
camel.ee.nctu.edu.tw,55,soylocal,hiresnet50.tv_in1k,False,,,,adamw,0.05,5e-05,,0,200,448,8,600,600,,,,54.5,,,1.9425,54.5,100.0,,,0.0198,16.7519,4.3984,16.3944,24.8588,24.8588,
camel.ee.nctu.edu.tw,55,soylocal,hiresnet50.tv_in1k,False,,,,adamw,0.05,0.0001,,0,200,448,8,600,600,,,,39.8333,,,2.4416,39.833333333333336,89.5,,,0.7439,16.6944,4.3984,16.3944,24.8588,24.8588,
camel.ee.nctu.edu.tw,55,soylocal,hiresnet50.tv_in1k,False,,,,adamw,0.05,0.0005,,0,200,448,8,600,600,,,,11.8333,,,3.7686,11.833333333333334,12.5,,,3.6157,16.5169,4.3984,16.3944,24.8588,24.8588,
camel.ee.nctu.edu.tw,55,soylocal,hiresnet50.tv_in1k,False,,,,adamw,0.05,0.001,,0,200,448,8,600,600,,,,7.6667,,,4.0489,7.666666666666667,8.6667,,,4.035,16.4351,4.3984,16.3944,24.8588,24.8588,
camel.ee.nctu.edu.tw,55,soylocal,hiresnet50.tv_in1k,False,,,,sgd,0.0,0.003,,0,200,448,8,600,600,,,,40.6667,,,3.0275,40.666666666666664,90.3333,,,1.5707,15.7205,4.3984,16.3944,24.8588,24.8588,
camel.ee.nctu.edu.tw,55,soylocal,hiresnet50.tv_in1k,False,,,,sgd,0.0,0.01,,0,200,448,8,600,600,,,,54.0,,,1.977,54.0,99.3333,,,0.1442,15.7676,4.3984,16.3944,24.8588,24.8588,
camel.ee.nctu.edu.tw,55,soylocal,hiresnet50.tv_in1k,False,,,,sgd,0.0,0.03,,0,200,448,8,600,600,,,,33.5,,,2.5775,33.5,81.8333,,,0.774,15.7324,4.3984,16.3944,24.8588,24.8588,
camel.ee.nctu.edu.tw,55,soylocal,hiresnet50.tv_in1k,False,,,,sgd,0.0,0.1,,0,200,448,8,600,600,,,,5.1667,,,4.0687,5.166666666666667,4.5,,,4.3052,15.6864,4.3984,16.3944,24.8588,24.8588,
vsplab,55,soylocal,hivit_base_patch16_224.dino,False,,,,adamw,0.05,5e-06,,0,200,448,8,600,600,,,,60.0,,,1.8581,60.0,100.0,,,0.0006,63.6608,0.8047,78.5173,86.833,86.833,
vsplab,55,soylocal,hivit_base_patch16_224.dino,False,,,,adamw,0.05,1e-05,,0,200,448,8,600,600,,,,55.3333,,,1.9778,55.333333333333336,100.0,,,0.0003,62.6611,0.8047,78.5173,86.833,86.833,
vsplab,55,soylocal,hivit_base_patch16_224.dino,False,,,,adamw,0.05,5e-05,,0,200,448,8,600,600,,,,49.0,,,2.709,49.0,100.0,,,0.0,62.0496,0.8047,78.5173,86.833,86.833,
vsplab,55,soylocal,hivit_base_patch16_224.dino,False,,,,adamw,0.05,0.0001,,0,200,448,8,600,600,,,,50.3333,,,3.2439,50.333333333333336,100.0,,,0.0,61.8212,0.8047,78.5173,86.833,86.833,
vsplab,55,soylocal,hivit_base_patch16_224.dino,False,,,,adamw,0.05,0.0005,,0,200,448,8,600,600,,,,33.5,,,2.8007,33.5,83.8333,,,0.6436,61.0771,0.8047,78.5173,86.833,86.833,
vsplab,55,soylocal,hivit_base_patch16_224.dino,False,,,,adamw,0.05,0.001,,0,200,448,8,600,600,,,,7.5,,,4.1192,7.5,13.6667,,,3.7629,60.8783,0.8047,78.5173,86.833,86.833,
vsplab,55,soylocal,hivit_base_patch16_224.dino,False,,,,sgd,0.0,0.003,,0,200,448,8,600,600,,,,58.1667,,,1.9588,58.166666666666664,100.0,,,0.013,55.8085,0.8047,78.5173,86.833,86.833,
vsplab,55,soylocal,hivit_base_patch16_224.dino,False,,,,sgd,0.0,0.01,,0,200,448,8,600,600,,,,53.5,,,1.9568,53.5,100.0,,,0.0009,57.6632,0.8047,78.5173,86.833,86.833,
vsplab,55,soylocal,hivit_base_patch16_224.dino,False,,,,sgd,0.0,0.03,,0,200,448,8,600,600,,,,7.3333,,,4.1605,7.333333333333333,6.0,,,4.4551,51.3085,0.8047,78.5173,86.833,86.833,
vsplab,55,soylocal,hivit_base_patch16_224.dino,False,,,,sgd,0.0,0.1,,0,200,448,8,600,600,,,,,,,,,,,,,,,,,,
vsplab,55,soylocal,hivit_base_patch16_224.in1k_mocov3,False,,,,adamw,0.05,5e-06,,0,200,448,8,600,600,,,,45.0,,,3.1388,45.0,97.3333,,,1.2893,64.4721,0.8047,78.5173,86.833,86.833,
vsplab,55,soylocal,hivit_base_patch16_224.in1k_mocov3,False,,,,adamw,0.05,1e-05,,0,200,448,8,600,600,,,,44.1667,,,2.983,44.166666666666664,99.0,,,0.6604,64.1993,0.8047,78.5173,86.833,86.833,
vsplab,55,soylocal,hivit_base_patch16_224.in1k_mocov3,False,,,,adamw,0.05,5e-05,,0,200,448,8,600,600,,,,47.1667,,,2.5793,47.166666666666664,100.0,,,0.0175,63.0883,0.8047,78.5173,86.833,86.833,
vsplab,55,soylocal,hivit_base_patch16_224.in1k_mocov3,False,,,,adamw,0.05,0.0001,,0,200,448,8,600,600,,,,16.0,,,3.4779,16.0,21.0,,,3.2922,63.0991,0.8047,78.5173,86.833,86.833,
vsplab,55,soylocal,hivit_base_patch16_224.in1k_mocov3,False,,,,adamw,0.05,0.0005,,0,200,448,8,600,600,,,,16.6667,,,3.4286,16.666666666666668,23.0,,,3.194,60.7352,0.8047,78.5173,86.833,86.833,
vsplab,55,soylocal,hivit_base_patch16_224.in1k_mocov3,False,,,,adamw,0.05,0.001,,0,200,448,8,600,600,,,,11.1667,,,3.757,11.166666666666666,14.1667,,,3.7851,60.0638,0.8047,78.5173,86.833,86.833,
vsplab,55,soylocal,hivit_base_patch16_224.in1k_mocov3,False,,,,sgd,0.0,0.003,,0,200,448,8,600,600,,,,34.3333,,,3.0877,34.333333333333336,82.5,,,1.847,54.9201,0.8047,78.5173,86.833,86.833,
vsplab,55,soylocal,hivit_base_patch16_224.in1k_mocov3,False,,,,sgd,0.0,0.01,,0,200,448,8,600,600,,,,44.6667,,,2.4681,44.666666666666664,97.8333,,,0.2322,54.8223,0.8047,78.5173,86.833,86.833,
vsplab,55,soylocal,hivit_base_patch16_224.in1k_mocov3,False,,,,sgd,0.0,0.03,,0,200,448,8,600,600,,,,19.6667,,,3.3985,19.666666666666668,27.5,,,3.1443,59.5382,0.8047,78.5173,86.833,86.833,
vsplab,55,soylocal,hivit_base_patch16_224.in1k_mocov3,False,,,,sgd,0.0,0.1,,0,200,448,8,600,600,,,,5.1667,,,4.2493,5.166666666666667,5.1667,,,4.3924,83.0796,0.8047,78.5173,86.833,86.833,
pc427-08,55,soylocal,hivit_base_patch16_224.mae,False,,,,adamw,0.05,5e-06,,0,200,448,8,600,600,,,,58.0,,,1.9369,58.0,100.0,,,0.0018,50.4803,0.8047,78.5173,86.833,86.833,
pc427-08,55,soylocal,hivit_base_patch16_224.mae,False,,,,adamw,0.05,1e-05,,0,200,448,8,600,600,,,,56.5,,,1.9113,56.5,100.0,,,0.0007,50.5127,0.8047,78.5173,86.833,86.833,
pc427-08,55,soylocal,hivit_base_patch16_224.mae,False,,,,adamw,0.05,5e-05,,0,200,448,8,600,600,,,,54.0,,,2.0719,54.0,100.0,,,0.0001,50.4784,0.8047,78.5173,86.833,86.833,
pc427-08,55,soylocal,hivit_base_patch16_224.mae,False,,,,adamw,0.05,0.0001,,0,200,448,8,600,600,,,,58.8333,,,1.6733,58.833333333333336,100.0,,,0.0001,50.4225,0.8047,78.5173,86.833,86.833,
pc427-08,55,soylocal,hivit_base_patch16_224.mae,False,,,,adamw,0.05,0.0005,,0,200,448,8,600,600,,,,32.1667,,,3.2884,32.166666666666664,95.6667,,,0.2555,50.1612,0.8047,78.5173,86.833,86.833,
pc427-08,55,soylocal,hivit_base_patch16_224.mae,False,,,,adamw,0.05,0.001,,0,200,448,8,600,600,,,,34.3333,,,3.1486,34.333333333333336,90.3333,,,0.3404,49.8797,0.8047,78.5173,86.833,86.833,
pc427-08,55,soylocal,hivit_base_patch16_224.mae,False,,,,sgd,0.0,0.003,,0,200,448,8,600,600,,,,55.0,,,2.1161,55.0,100.0,,,0.3164,47.2483,0.8047,78.5173,86.833,86.833,
pc427-08,55,soylocal,hivit_base_patch16_224.mae,False,,,,sgd,0.0,0.01,,0,200,448,8,600,600,,,,53.5,,,1.9211,53.5,100.0,,,0.0017,47.1152,0.8047,78.5173,86.833,86.833,
pc427-08,55,soylocal,hivit_base_patch16_224.mae,False,,,,sgd,0.0,0.03,,0,200,448,8,600,600,,,,48.3333,,,2.4256,48.333333333333336,100.0,,,0.0099,47.1234,0.8047,78.5173,86.833,86.833,
pc427-08,55,soylocal,hivit_base_patch16_224.mae,False,,,,sgd,0.0,0.1,,0,200,448,8,600,600,,,,35.0,,,3.2849,35.0,83.8333,,,0.5064,46.9631,0.8047,78.5173,86.833,86.833,
pc427-08,55,soylocal,hivit_base_patch16_224.orig_in21k,False,,,,adamw,0.05,5e-06,,0,200,448,8,600,600,,,,44.1667,,,3.2314,44.166666666666664,92.6667,,,1.589,85.1703,0.8047,78.5173,86.833,86.833,
pc427-08,55,soylocal,hivit_base_patch16_224.orig_in21k,False,,,,adamw,0.05,1e-05,,0,200,448,8,600,600,,,,48.1667,,,2.9046,48.166666666666664,98.0,,,0.917,86.8254,0.8047,78.5173,86.833,86.833,
pc427-08,55,soylocal,hivit_base_patch16_224.orig_in21k,False,,,,adamw,0.05,5e-05,,0,200,448,8,600,600,,,,48.1667,,,2.4492,48.166666666666664,99.8333,,,0.1024,86.7088,0.8047,78.5173,86.833,86.833,
pc427-08,55,soylocal,hivit_base_patch16_224.orig_in21k,False,,,,adamw,0.05,0.0001,,0,200,448,8,600,600,,,,52.1667,,,2.1966,52.166666666666664,95.3333,,,0.5371,86.6608,0.8047,78.5173,86.833,86.833,
pc427-08,55,soylocal,hivit_base_patch16_224.orig_in21k,False,,,,adamw,0.05,0.0005,,0,200,448,8,600,600,,,,13.1667,,,3.6046,13.166666666666666,19.8333,,,3.4734,85.9181,0.8047,78.5173,86.833,86.833,
pc427-08,55,soylocal,hivit_base_patch16_224.orig_in21k,False,,,,adamw,0.05,0.001,,0,200,448,8,600,600,,,,12.0,,,3.7133,12.0,18.8333,,,3.5498,85.5181,0.8047,78.5173,86.833,86.833,
pc427-08,55,soylocal,hivit_base_patch16_224.orig_in21k,False,,,,sgd,0.0,0.003,,0,200,448,8,600,600,,,,38.3333,,,3.0133,38.333333333333336,80.6667,,,1.839,85.3852,0.8047,78.5173,86.833,86.833,
pc427-08,55,soylocal,hivit_base_patch16_224.orig_in21k,False,,,,sgd,0.0,0.01,,0,200,448,8,600,600,,,,50.8333,,,2.1501,50.833333333333336,97.6667,,,0.2172,82.4919,0.8047,78.5173,86.833,86.833,
pc427-08,55,soylocal,hivit_base_patch16_224.orig_in21k,False,,,,sgd,0.0,0.03,,0,200,448,8,600,600,,,,49.8333,,,2.5765,49.833333333333336,99.5,,,0.0191,82.2487,0.8047,78.5173,86.833,86.833,
pc427-08,55,soylocal,hivit_base_patch16_224.orig_in21k,False,,,,sgd,0.0,0.1,,0,200,448,8,600,600,,,,6.1667,,,3.9693,6.166666666666667,9.3333,,,4.0657,81.9277,0.8047,78.5173,86.833,86.833,
pc427-08,55,soylocal,hivit_base_patch16_224_miil.in21k,False,,,,adamw,0.05,5e-06,,0,200,448,8,600,600,,,,41.3333,,,3.0983,41.333333333333336,79.8333,,,2.2606,83.707,0.8047,78.5173,86.8054,86.8054,
pc427-08,55,soylocal,hivit_base_patch16_224_miil.in21k,False,,,,adamw,0.05,1e-05,,0,200,448,8,600,600,,,,42.3333,,,2.8665,42.333333333333336,92.0,,,1.5056,86.275,0.8047,78.5173,86.8054,86.8054,
pc427-08,55,soylocal,hivit_base_patch16_224_miil.in21k,False,,,,adamw,0.05,5e-05,,0,200,448,8,600,600,,,,50.1667,,,2.3175,50.166666666666664,98.6667,,,0.3684,86.0002,0.8047,78.5173,86.8054,86.8054,
pc427-08,55,soylocal,hivit_base_patch16_224_miil.in21k,False,,,,adamw,0.05,0.0001,,0,200,448,8,600,600,,,,51.8333,,,2.0937,51.833333333333336,93.0,,,0.6331,86.1688,0.8047,78.5173,86.8054,86.8054,
pc427-08,55,soylocal,hivit_base_patch16_224_miil.in21k,False,,,,adamw,0.05,0.0005,,0,200,448,8,600,600,,,,13.5,,,3.5018,13.5,18.3333,,,3.4199,85.574,0.8047,78.5173,86.8054,86.8054,
pc427-08,55,soylocal,hivit_base_patch16_224_miil.in21k,False,,,,adamw,0.05,0.001,,0,200,448,8,600,600,,,,8.3333,,,4.3168,8.333333333333334,14.6667,,,3.5845,85.6571,0.8047,78.5173,86.8054,86.8054,
pc427-08,55,soylocal,hivit_base_patch16_224_miil.in21k,False,,,,sgd,0.0,0.003,,0,200,448,8,600,600,,,,36.8333,,,2.8941,36.833333333333336,62.1667,,,2.2807,83.3341,0.8047,78.5173,86.8054,86.8054,
pc427-08,55,soylocal,hivit_base_patch16_224_miil.in21k,False,,,,sgd,0.0,0.01,,0,200,448,8,600,600,,,,52.8333,,,2.017,52.833333333333336,92.0,,,0.4741,82.2984,0.8047,78.5173,86.8054,86.8054,
pc427-08,55,soylocal,hivit_base_patch16_224_miil.in21k,False,,,,sgd,0.0,0.03,,0,200,448,8,600,600,,,,53.8333,,,2.2238,53.833333333333336,98.5,,,0.0451,82.1979,0.8047,78.5173,86.8054,86.8054,
pc427-08,55,soylocal,hivit_base_patch16_224_miil.in21k,False,,,,sgd,0.0,0.1,,0,200,448,8,600,600,,,,11.6667,,,3.7181,11.666666666666666,15.0,,,3.7741,81.5706,0.8047,78.5173,86.8054,86.8054,
pc427-08,55,soylocal,hivit_base_patch16_clip_224.laion2b,False,,,,adamw,0.05,5e-06,,0,200,448,8,600,600,,,,58.8333,,,1.8832,58.833333333333336,100.0,,,0.0005,50.5296,0.8047,78.5179,86.8338,86.8338,
pc427-08,55,soylocal,hivit_base_patch16_clip_224.laion2b,False,,,,adamw,0.05,1e-05,,0,200,448,8,600,600,,,,56.1667,,,2.0569,56.166666666666664,100.0,,,0.0003,50.4488,0.8047,78.5179,86.8338,86.8338,
pc427-08,55,soylocal,hivit_base_patch16_clip_224.laion2b,False,,,,adamw,0.05,5e-05,,0,200,448,8,600,600,,,,56.1667,,,1.8916,56.166666666666664,100.0,,,0.0001,50.0954,0.8047,78.5179,86.8338,86.8338,
pc427-08,55,soylocal,hivit_base_patch16_clip_224.laion2b,False,,,,adamw,0.05,0.0001,,0,200,448,8,600,600,,,,42.1667,,,2.5172,42.166666666666664,100.0,,,0.0071,50.2455,0.8047,78.5179,86.8338,86.8338,
pc427-08,55,soylocal,hivit_base_patch16_clip_224.laion2b,False,,,,adamw,0.05,0.0005,,0,200,448,8,600,600,,,,30.8333,,,3.2766,30.833333333333332,91.0,,,0.4158,50.0744,0.8047,78.5179,86.8338,86.8338,
pc427-08,55,soylocal,hivit_base_patch16_clip_224.laion2b,False,,,,adamw,0.05,0.001,,0,200,448,8,600,600,,,,28.1667,,,3.4102,28.166666666666668,81.8333,,,0.7246,50.13,0.8047,78.5179,86.8338,86.8338,
pc427-08,55,soylocal,hivit_base_patch16_clip_224.laion2b,False,,,,sgd,0.0,0.003,,0,200,448,8,600,600,,,,49.6667,,,2.4124,49.666666666666664,100.0,,,0.0461,47.1842,0.8047,78.5179,86.8338,86.8338,
pc427-08,55,soylocal,hivit_base_patch16_clip_224.laion2b,False,,,,sgd,0.0,0.01,,0,200,448,8,600,600,,,,40.0,,,2.4803,40.0,99.8333,,,0.1794,47.1333,0.8047,78.5179,86.8338,86.8338,
pc427-08,55,soylocal,hivit_base_patch16_clip_224.laion2b,False,,,,sgd,0.0,0.03,,0,200,448,8,600,600,,,,40.3333,,,2.6541,40.333333333333336,97.3333,,,0.1384,47.1269,0.8047,78.5179,86.8338,86.8338,
pc427-08,55,soylocal,hivit_base_patch16_clip_224.laion2b,False,,,,sgd,0.0,0.1,,0,200,448,8,600,600,,,,32.0,,,3.597,32.0,88.3333,,,0.3652,47.0468,0.8047,78.5179,86.8338,86.8338,
vsplab,55,soylocal,hivit_base_patch16_siglip_224.v2_webli,False,,,,adamw,0.05,5e-06,,0,200,448,8,600,600,,,,46.5,,,2.7748,46.5,100.0,,,0.0007,53.9075,0.8633,79.3353,93.9186,93.9186,
vsplab,55,soylocal,hivit_base_patch16_siglip_224.v2_webli,False,,,,adamw,0.05,1e-05,,0,200,448,8,600,600,,,,50.5,,,2.4595,50.5,100.0,,,0.0004,57.0278,0.8633,79.3353,93.9186,93.9186,
vsplab,55,soylocal,hivit_base_patch16_siglip_224.v2_webli,False,,,,adamw,0.05,5e-05,,0,200,448,8,600,600,,,,53.3333,,,1.9949,53.333333333333336,100.0,,,0.0001,60.1925,0.8633,79.3353,93.9186,93.9186,
vsplab,55,soylocal,hivit_base_patch16_siglip_224.v2_webli,False,,,,adamw,0.05,0.0001,,0,200,448,8,600,600,,,,36.1667,,,2.4666,36.166666666666664,93.1667,,,0.5817,56.8026,0.8633,79.3353,93.9186,93.9186,
vsplab,55,soylocal,hivit_base_patch16_siglip_224.v2_webli,False,,,,adamw,0.05,0.0005,,0,200,448,8,600,600,,,,15.0,,,3.6136,15.0,32.3333,,,2.5377,54.9252,0.8633,79.3353,93.9186,93.9186,
vsplab,55,soylocal,hivit_base_patch16_siglip_224.v2_webli,False,,,,adamw,0.05,0.001,,0,200,448,8,600,600,,,,,,,,,,,,,,,,,,
vsplab,55,soylocal,hivit_base_patch16_siglip_224.v2_webli,False,,,,sgd,0.0,0.003,,0,200,448,8,600,600,,,,52.0,,,2.2847,52.0,100.0,,,0.0235,53.3069,0.8633,79.3353,93.9186,93.9186,
vsplab,55,soylocal,hivit_base_patch16_siglip_224.v2_webli,False,,,,sgd,0.0,0.01,,0,200,448,8,600,600,,,,54.0,,,1.8658,54.0,100.0,,,0.0021,53.7703,0.8633,79.3353,93.9186,93.9186,
vsplab,55,soylocal,hivit_base_patch16_siglip_224.v2_webli,False,,,,sgd,0.0,0.03,,0,200,448,8,600,600,,,,44.3333,,,2.5361,44.333333333333336,99.6667,,,0.062,56.6344,0.8633,79.3353,93.9186,93.9186,
vsplab,55,soylocal,hivit_base_patch16_siglip_224.v2_webli,False,,,,sgd,0.0,0.1,,0,200,448,8,600,600,,,,24.5,,,3.2106,24.5,38.1667,,,2.1661,61.4605,0.8633,79.3353,93.9186,93.9186,
camel.ee.nctu.edu.tw,83,cotton,hideit_base_patch16_224.fb_in1k,False,,,,adamw,0.05,5e-06,,0,50,448,8,240,240,,,,60.4167,,,2.3388,60.416666666666664,100.0,,,0.4908,3.7839,0.4121,78.51,86.7609,86.7609,
camel.ee.nctu.edu.tw,83,cotton,hideit_base_patch16_224.fb_in1k,False,,,,adamw,0.05,1e-05,,0,50,448,8,240,240,,,,65.0,,,2.1118,65.0,100.0,,,0.2377,3.7248,0.4121,78.51,86.7609,86.7609,
camel.ee.nctu.edu.tw,83,cotton,hideit_base_patch16_224.fb_in1k,False,,,,adamw,0.05,5e-05,,0,50,448,8,240,240,,,,69.1667,,,1.5851,69.16666666666667,100.0,,,0.0111,3.7799,0.4121,78.51,86.7609,86.7609,
camel.ee.nctu.edu.tw,83,cotton,hideit_base_patch16_224.fb_in1k,False,,,,adamw,0.05,0.0001,,0,50,448,8,240,240,,,,68.3333,,,1.4236,68.33333333333333,100.0,,,0.0045,3.7415,0.4121,78.51,86.7609,86.7609,
camel.ee.nctu.edu.tw,83,cotton,hideit_base_patch16_224.fb_in1k,False,,,,adamw,0.05,0.0005,,0,50,448,8,240,240,,,,56.25,,,1.5863,56.25,100.0,,,0.001,3.731,0.4121,78.51,86.7609,86.7609,
camel.ee.nctu.edu.tw,83,cotton,hideit_base_patch16_224.fb_in1k,False,,,,adamw,0.05,0.001,,0,50,448,8,240,240,,,,54.5833,,,2.02,54.583333333333336,100.0,,,0.006,3.732,0.4121,78.51,86.7609,86.7609,
camel.ee.nctu.edu.tw,83,cotton,hideit_base_patch16_224.fb_in1k,False,,,,sgd,0.0,0.003,,0,50,448,8,240,240,,,,48.3333,,,2.5582,48.333333333333336,96.25,,,1.3809,3.6171,0.4121,78.51,86.7609,86.7609,
camel.ee.nctu.edu.tw,83,cotton,hideit_base_patch16_224.fb_in1k,False,,,,sgd,0.0,0.01,,0,50,448,8,240,240,,,,63.3333,,,1.5508,63.333333333333336,100.0,,,0.0454,3.5806,0.4121,78.51,86.7609,86.7609,
camel.ee.nctu.edu.tw,83,cotton,hideit_base_patch16_224.fb_in1k,False,,,,sgd,0.0,0.03,,0,50,448,8,240,240,,,,67.0833,,,1.2563,67.08333333333333,100.0,,,0.0019,3.6044,0.4121,78.51,86.7609,86.7609,
camel.ee.nctu.edu.tw,83,cotton,hideit_base_patch16_224.fb_in1k,False,,,,sgd,0.0,0.1,,0,50,448,8,240,240,,,,60.8333,,,1.5602,60.833333333333336,100.0,,,0.0004,3.5798,0.4121,78.51,86.7609,86.7609,
camel.ee.nctu.edu.tw,83,cotton,hivit_base_patch16_224.orig_in21k,False,,,,adamw,0.05,5e-06,,0,50,448,8,240,240,,,,53.75,,,2.6159,53.75,100.0,,,0.8064,3.7548,0.4121,78.51,86.7609,86.7609,
camel.ee.nctu.edu.tw,83,cotton,hivit_base_patch16_224.orig_in21k,False,,,,adamw,0.05,1e-05,,0,50,448,8,240,240,,,,55.8333,,,2.4033,55.833333333333336,100.0,,,0.4538,3.7717,0.4121,78.51,86.7609,86.7609,
camel.ee.nctu.edu.tw,83,cotton,hivit_base_patch16_224.orig_in21k,False,,,,adamw,0.05,5e-05,,0,50,448,8,240,240,,,,63.75,,,1.6948,63.75,100.0,,,0.0161,3.7339,0.4121,78.51,86.7609,86.7609,
camel.ee.nctu.edu.tw,83,cotton,hivit_base_patch16_224.orig_in21k,False,,,,adamw,0.05,0.0001,,0,50,448,8,240,240,,,,65.0,,,1.4826,65.0,100.0,,,0.006,3.7433,0.4121,78.51,86.7609,86.7609,
camel.ee.nctu.edu.tw,83,cotton,hivit_base_patch16_224.orig_in21k,False,,,,adamw,0.05,0.0005,,0,50,448,8,240,240,,,,58.3333,,,1.5126,58.333333333333336,100.0,,,0.0009,3.7474,0.4121,78.51,86.7609,86.7609,
camel.ee.nctu.edu.tw,83,cotton,hivit_base_patch16_224.orig_in21k,False,,,,adamw,0.05,0.001,,0,50,448,8,240,240,,,,50.4167,,,2.0228,50.416666666666664,100.0,,,0.0038,3.7447,0.4121,78.51,86.7609,86.7609,
camel.ee.nctu.edu.tw,83,cotton,hivit_base_patch16_224.orig_in21k,False,,,,sgd,0.0,0.003,,0,50,448,8,240,240,,,,42.9167,,,2.6559,42.916666666666664,95.0,,,1.4185,3.5921,0.4121,78.51,86.7609,86.7609,
camel.ee.nctu.edu.tw,83,cotton,hivit_base_patch16_224.orig_in21k,False,,,,sgd,0.0,0.01,,0,50,448,8,240,240,,,,52.9167,,,1.8012,52.916666666666664,100.0,,,0.0557,3.6178,0.4121,78.51,86.7609,86.7609,
camel.ee.nctu.edu.tw,83,cotton,hivit_base_patch16_224.orig_in21k,False,,,,sgd,0.0,0.03,,0,50,448,8,240,240,,,,58.75,,,1.4998,58.75,100.0,,,0.0023,3.5964,0.4121,78.51,86.7609,86.7609,
camel.ee.nctu.edu.tw,83,cotton,hivit_base_patch16_224.orig_in21k,False,,,,sgd,0.0,0.1,,0,50,448,8,240,240,,,,66.25,,,1.3456,66.25,100.0,,,0.0005,3.6196,0.4121,78.51,86.7609,86.7609,
camel.ee.nctu.edu.tw,83,soyageing,hideit_base_patch16_224.fb_in1k,False,,,,adamw,0.05,5e-06,,0,50,448,8,4950,4950,,,,84.7677,,,0.6213,84.7676767615116,99.8584,,,0.0131,68.5886,0.4121,78.51,86.8318,86.8318,
camel.ee.nctu.edu.tw,83,soyageing,hideit_base_patch16_224.fb_in1k,False,,,,adamw,0.05,1e-05,,0,50,448,8,4950,4950,,,,81.9192,,,0.7902,81.91919191302675,99.8786,,,0.006,68.7628,0.4121,78.51,86.8318,86.8318,
camel.ee.nctu.edu.tw,83,soyageing,hideit_base_patch16_224.fb_in1k,False,,,,adamw,0.05,5e-05,,0,50,448,8,4950,4950,,,,84.9899,,,0.7868,84.98989898373382,99.8989,,,0.0035,68.4242,0.4121,78.51,86.8318,86.8318,
camel.ee.nctu.edu.tw,83,soyageing,hideit_base_patch16_224.fb_in1k,False,,,,adamw,0.05,0.0001,,0,50,448,8,4950,4950,,,,88.1616,,,0.5714,88.161616155451,100.0,,,0.0001,68.8927,0.4121,78.51,86.8318,86.8318,
camel.ee.nctu.edu.tw,83,soyageing,hideit_base_patch16_224.fb_in1k,False,,,,adamw,0.05,0.0005,,0,50,448,8,4950,4950,,,,61.0707,,,1.4763,61.070707069936425,78.2767,,,0.8377,68.4733,0.4121,78.51,86.8318,86.8318,
camel.ee.nctu.edu.tw,83,soyageing,hideit_base_patch16_224.fb_in1k,False,,,,sgd,0.0,0.003,,0,50,448,8,4950,4950,,,,80.7475,,,0.9328,80.74747474439216,95.4693,,,0.5241,65.7658,0.4121,78.51,86.8318,86.8318,
camel.ee.nctu.edu.tw,83,soyageing,hideit_base_patch16_224.fb_in1k,False,,,,sgd,0.0,0.01,,0,50,448,8,4950,4950,,,,87.2525,,,0.5039,87.25252525252525,100.0,,,0.0028,65.779,0.4121,78.51,86.8318,86.8318,
camel.ee.nctu.edu.tw,83,soyageing,hideit_base_patch16_224.fb_in1k,False,,,,sgd,0.0,0.03,,0,50,448,8,4950,4950,,,,88.7475,,,0.4876,88.74747474130957,100.0,,,0.0013,65.6678,0.4121,78.51,86.8318,86.8318,
camel.ee.nctu.edu.tw,83,soyageing,hideit_base_patch16_224.fb_in1k,False,,,,sgd,0.0,0.1,,0,50,448,8,4950,4950,,,,84.0606,,,0.7301,84.06060605752347,99.5752,,,0.0171,65.6058,0.4121,78.51,86.8318,86.8318,
camel.ee.nctu.edu.tw,83,soyageing,hivit_base_patch16_224.orig_in21k,False,,,,adamw,0.05,5e-06,,0,50,448,8,4950,4950,,,,80.9697,,,0.7487,80.9696969635318,99.9393,,,0.029,68.7748,0.4121,78.51,86.8318,86.8318,
camel.ee.nctu.edu.tw,83,soyageing,hivit_base_patch16_224.orig_in21k,False,,,,adamw,0.05,1e-05,,0,50,448,8,4950,4950,,,,81.7374,,,0.7848,81.73737373737374,99.9393,,,0.0046,68.6141,0.4121,78.51,86.8318,86.8318,
camel.ee.nctu.edu.tw,83,soyageing,hivit_base_patch16_224.orig_in21k,False,,,,adamw,0.05,5e-05,,0,50,448,8,4950,4950,,,,84.2626,,,0.847,84.26262625646109,100.0,,,0.0001,68.7084,0.4121,78.51,86.8318,86.8318,
camel.ee.nctu.edu.tw,83,soyageing,hivit_base_patch16_224.orig_in21k,False,,,,adamw,0.05,0.0001,,0,50,448,8,4950,4950,,,,84.8687,,,0.712,84.86868686560429,99.9798,,,0.0011,68.4561,0.4121,78.51,86.8318,86.8318,
camel.ee.nctu.edu.tw,83,soyageing,hivit_base_patch16_224.orig_in21k,False,,,,adamw,0.05,0.0005,,0,50,448,8,4950,4950,,,,79.6566,,,0.7592,79.6565656504005,94.3366,,,0.2168,68.6894,0.4121,78.51,86.8318,86.8318,
camel.ee.nctu.edu.tw,83,soyageing,hivit_base_patch16_224.orig_in21k,False,,,,adamw,0.05,0.001,,0,50,448,8,4950,4950,,,,25.9798,,,2.9805,25.979797979027335,30.9871,,,2.7617,68.5609,0.4121,78.51,86.8318,86.8318,
camel.ee.nctu.edu.tw,83,soyageing,hivit_base_patch16_224.orig_in21k,False,,,,sgd,0.0,0.003,,0,50,448,8,4950,4950,,,,75.5758,,,1.1212,75.57575757575758,92.5364,,,0.66,65.9723,0.4121,78.51,86.8318,86.8318,
camel.ee.nctu.edu.tw,83,soyageing,hivit_base_patch16_224.orig_in21k,False,,,,sgd,0.0,0.01,,0,50,448,8,4950,4950,,,,85.1919,,,0.5875,85.1919191919192,100.0,,,0.0055,65.9114,0.4121,78.51,86.8318,86.8318,
camel.ee.nctu.edu.tw,83,soyageing,hivit_base_patch16_224.orig_in21k,False,,,,sgd,0.0,0.03,,0,50,448,8,4950,4950,,,,87.5758,,,0.5297,87.57575757575758,99.9798,,,0.0026,65.8248,0.4121,78.51,86.8318,86.8318,
camel.ee.nctu.edu.tw,83,soyageing,hivit_base_patch16_224.orig_in21k,False,,,,sgd,0.0,0.1,,0,50,448,8,4950,4950,,,,83.4545,,,0.7791,83.45454544838029,99.0696,,,0.0334,65.8892,0.4121,78.51,86.8318,86.8318,
camel.ee.nctu.edu.tw,83,soyageing_r1,hideit_base_patch16_224.fb_in1k,False,,,,adamw,0.05,5e-06,,0,50,448,8,990,990,,,,83.1313,,,1.1004,83.13131310048729,99.8984,,,0.3064,14.1661,0.4121,78.51,86.8318,86.8318,
camel.ee.nctu.edu.tw,83,soyageing_r1,hideit_base_patch16_224.fb_in1k,False,,,,adamw,0.05,1e-05,,0,50,448,8,990,990,,,,84.7475,,,0.7865,84.74747471664891,100.0,,,0.0757,14.1661,0.4121,78.51,86.8318,86.8318,
camel.ee.nctu.edu.tw,83,soyageing_r1,hideit_base_patch16_224.fb_in1k,False,,,,adamw,0.05,5e-05,,0,50,448,8,990,990,,,,87.3737,,,0.5284,87.37373734291154,100.0,,,0.0022,14.0973,0.4121,78.51,86.8318,86.8318,
camel.ee.nctu.edu.tw,83,soyageing_r1,hideit_base_patch16_224.fb_in1k,False,,,,adamw,0.05,0.0001,,0,50,448,8,990,990,,,,85.4545,,,0.6113,85.45454542371962,100.0,,,0.001,14.2413,0.4121,78.51,86.8318,86.8318,
camel.ee.nctu.edu.tw,83,soyageing_r1,hideit_base_patch16_224.fb_in1k,False,,,,adamw,0.05,0.0005,,0,50,448,8,990,990,,,,84.2424,,,0.5989,84.2424242115984,99.8984,,,0.0117,14.1529,0.4121,78.51,86.8318,86.8318,
camel.ee.nctu.edu.tw,83,soyageing_r1,hideit_base_patch16_224.fb_in1k,False,,,,adamw,0.05,0.001,,0,50,448,8,990,990,,,,58.6869,,,1.487,58.686868686868685,79.9797,,,0.6852,14.1372,0.4121,78.51,86.8318,86.8318,
camel.ee.nctu.edu.tw,83,soyageing_r1,hideit_base_patch16_224.fb_in1k,False,,,,sgd,0.0,0.003,,0,50,448,8,990,990,,,,76.4646,,,1.5686,76.46464644923354,96.748,,,1.0023,13.512,0.4121,78.51,86.8318,86.8318,
camel.ee.nctu.edu.tw,83,soyageing_r1,hideit_base_patch16_224.fb_in1k,False,,,,sgd,0.0,0.01,,0,50,448,8,990,990,,,,84.7475,,,0.5564,84.74747471664891,100.0,,,0.0129,13.6166,0.4121,78.51,86.8318,86.8318,
camel.ee.nctu.edu.tw,83,soyageing_r1,hideit_base_patch16_224.fb_in1k,False,,,,sgd,0.0,0.03,,0,50,448,8,990,990,,,,86.5657,,,0.5258,86.56565656565657,100.0,,,0.0012,13.479,0.4121,78.51,86.8318,86.8318,
camel.ee.nctu.edu.tw,83,soyageing_r1,hideit_base_patch16_224.fb_in1k,False,,,,sgd,0.0,0.1,,0,50,448,8,990,990,,,,84.5455,,,0.7141,84.54545451462872,100.0,,,0.0029,13.5655,0.4121,78.51,86.8318,86.8318,
camel.ee.nctu.edu.tw,83,soyageing_r1,hivit_base_patch16_224.orig_in21k,False,,,,adamw,0.05,5e-06,,0,50,448,8,990,990,,,,78.8889,,,1.3665,78.88888885806305,99.4919,,,0.5528,14.219,0.4121,78.51,86.8318,86.8318,
camel.ee.nctu.edu.tw,83,soyageing_r1,hivit_base_patch16_224.orig_in21k,False,,,,adamw,0.05,1e-05,,0,50,448,8,990,990,,,,80.404,,,1.0364,80.40404037321457,100.0,,,0.1757,14.1512,0.4121,78.51,86.8318,86.8318,
camel.ee.nctu.edu.tw,83,soyageing_r1,hivit_base_patch16_224.orig_in21k,False,,,,adamw,0.05,5e-05,,0,50,448,8,990,990,,,,82.1212,,,0.742,82.12121209038628,100.0,,,0.0031,14.1848,0.4121,78.51,86.8318,86.8318,
camel.ee.nctu.edu.tw,83,soyageing_r1,hivit_base_patch16_224.orig_in21k,False,,,,adamw,0.05,0.0001,,0,50,448,8,990,990,,,,81.8182,,,0.7862,81.81818178735598,100.0,,,0.0013,14.2431,0.4121,78.51,86.8318,86.8318,
camel.ee.nctu.edu.tw,83,soyageing_r1,hivit_base_patch16_224.orig_in21k,False,,,,adamw,0.05,0.0005,,0,50,448,8,990,990,,,,82.9293,,,0.6478,82.92929291388,100.0,,,0.0083,14.2139,0.4121,78.51,86.8318,86.8318,
camel.ee.nctu.edu.tw,83,soyageing_r1,hivit_base_patch16_224.orig_in21k,False,,,,adamw,0.05,0.001,,0,50,448,8,990,990,,,,73.1313,,,1.0433,73.13131312360667,95.3252,,,0.1938,14.2524,0.4121,78.51,86.8318,86.8318,
camel.ee.nctu.edu.tw,83,soyageing_r1,hivit_base_patch16_224.orig_in21k,False,,,,sgd,0.0,0.003,,0,50,448,8,990,990,,,,71.6162,,,1.6465,71.61616158533577,93.5976,,,1.0581,13.6512,0.4121,78.51,86.8318,86.8318,
camel.ee.nctu.edu.tw,83,soyageing_r1,hivit_base_patch16_224.orig_in21k,False,,,,sgd,0.0,0.01,,0,50,448,8,990,990,,,,80.0,,,0.7649,79.99999996917417,100.0,,,0.0218,13.6222,0.4121,78.51,86.8318,86.8318,
camel.ee.nctu.edu.tw,83,soyageing_r1,hivit_base_patch16_224.orig_in21k,False,,,,sgd,0.0,0.03,,0,50,448,8,990,990,,,,83.3333,,,0.6586,83.3333333025075,100.0,,,0.0013,13.6423,0.4121,78.51,86.8318,86.8318,
camel.ee.nctu.edu.tw,83,soyageing_r1,hivit_base_patch16_224.orig_in21k,False,,,,sgd,0.0,0.1,,0,50,448,8,990,990,,,,84.7475,,,0.7308,84.74747473206183,99.8984,,,0.0037,13.6118,0.4121,78.51,86.8318,86.8318,
camel.ee.nctu.edu.tw,83,soygene,hideit_base_patch16_224.fb_in1k,False,,,,adamw,0.05,5e-06,,0,50,448,8,12763,11143,,,,77.6182,,,0.9018,77.6182356650147,99.9451,,,0.0084,175.1222,0.4121,78.5106,87.3799,87.3799,
camel.ee.nctu.edu.tw,83,soygene,hideit_base_patch16_224.fb_in1k,False,,,,adamw,0.05,1e-05,,0,50,448,8,12763,11143,,,,76.4336,,,0.9724,76.43363546689665,99.9451,,,0.003,174.7437,0.4121,78.5106,87.3799,87.3799,
camel.ee.nctu.edu.tw,83,soygene,hideit_base_patch16_224.fb_in1k,False,,,,adamw,0.05,5e-05,,0,50,448,8,12763,11143,,,,76.6311,,,1.1435,76.63106883382022,99.9922,,,0.0003,175.1417,0.4121,78.5106,87.3799,87.3799,
camel.ee.nctu.edu.tw,83,soygene,hideit_base_patch16_224.fb_in1k,False,,,,adamw,0.05,0.0001,,0,50,448,8,12763,11143,,,,79.0362,,,0.8767,79.03616620436676,100.0,,,0.0004,175.3153,0.4121,78.5106,87.3799,87.3799,
camel.ee.nctu.edu.tw,83,soygene,hideit_base_patch16_224.fb_in1k,False,,,,adamw,0.05,0.0005,,0,50,448,8,12763,11143,,,,1.5436,,,10.8824,1.543569954231356,25.6897,,,3.419,174.7965,0.4121,78.5106,87.3799,87.3799,
camel.ee.nctu.edu.tw,83,soygene,hideit_base_patch16_224.fb_in1k,False,,,,adamw,0.05,0.001,,0,50,448,8,12763,11143,,,,9.7191,,,4.6539,9.719106165305574,17.6724,,,3.9242,176.1171,0.4121,78.5106,87.3799,87.3799,
camel.ee.nctu.edu.tw,83,soygene,hideit_base_patch16_224.fb_in1k,False,,,,sgd,0.0,0.003,,0,50,448,8,12763,11143,,,,69.6132,,,1.727,69.61321008773484,91.6301,,,1.141,167.7702,0.4121,78.5106,87.3799,87.3799,
camel.ee.nctu.edu.tw,83,soygene,hideit_base_patch16_224.fb_in1k,False,,,,sgd,0.0,0.01,,0,50,448,8,12763,11143,,,,79.3592,,,0.7969,79.35923898480027,100.0,,,0.0054,167.3911,0.4121,78.5106,87.3799,87.3799,
camel.ee.nctu.edu.tw,83,soygene,hideit_base_patch16_224.fb_in1k,False,,,,sgd,0.0,0.03,,0,50,448,8,12763,11143,,,,80.3105,,,0.821,80.31050884031494,100.0,,,0.0015,168.0336,0.4121,78.5106,87.3799,87.3799,
camel.ee.nctu.edu.tw,83,soygene,hideit_base_patch16_224.fb_in1k,False,,,,sgd,0.0,0.1,,0,50,448,8,12763,11143,,,,44.7276,,,2.4306,44.72763169685835,66.3245,,,1.2351,168.1662,0.4121,78.5106,87.3799,87.3799,
camel.ee.nctu.edu.tw,83,soygene,hivit_base_patch16_224.orig_in21k,False,,,,adamw,0.05,5e-06,,0,50,448,8,12763,11143,,,,61.4018,,,1.7988,61.40177690098083,99.6944,,,0.1675,175.2869,0.4121,78.5106,87.3799,87.3799,
camel.ee.nctu.edu.tw,83,soygene,hivit_base_patch16_224.orig_in21k,False,,,,adamw,0.05,1e-05,,0,50,448,8,12763,11143,,,,61.671,,,1.7233,61.67100421857932,99.9843,,,0.0041,174.9564,0.4121,78.5106,87.3799,87.3799,
camel.ee.nctu.edu.tw,83,soygene,hivit_base_patch16_224.orig_in21k,False,,,,adamw,0.05,5e-05,,0,50,448,8,12763,11143,,,,70.1427,,,1.4365,70.14269047798486,99.9843,,,0.0008,175.2642,0.4121,78.5106,87.3799,87.3799,
camel.ee.nctu.edu.tw,83,soygene,hivit_base_patch16_224.orig_in21k,False,,,,adamw,0.05,0.0001,,0,50,448,8,12763,11143,,,,75.6708,,,1.0809,75.67082473370093,100.0,,,0.0002,175.1838,0.4121,78.5106,87.3799,87.3799,
camel.ee.nctu.edu.tw,83,soygene,hivit_base_patch16_224.orig_in21k,False,,,,adamw,0.05,0.0005,,0,50,448,8,12763,11143,,,,6.0307,,,6.2562,6.030691914206228,39.6473,,,2.5866,175.1,0.4121,78.5106,87.3799,87.3799,
camel.ee.nctu.edu.tw,83,soygene,hivit_base_patch16_224.orig_in21k,False,,,,adamw,0.05,0.001,,0,50,448,8,12763,11143,,,,3.7153,,,7.6756,3.7153369828591942,24.6552,,,3.4448,174.8398,0.4121,78.5106,87.3799,87.3799,
camel.ee.nctu.edu.tw,83,soygene,hivit_base_patch16_224.orig_in21k,False,,,,sgd,0.0,0.003,,0,50,448,8,12763,11143,,,,40.0072,,,3.0859,40.0071793954783,58.9734,,,2.6103,167.8043,0.4121,78.5106,87.3799,87.3799,
camel.ee.nctu.edu.tw,83,soygene,hivit_base_patch16_224.orig_in21k,False,,,,sgd,0.0,0.01,,0,50,448,8,12763,11143,,,,70.6183,,,1.186,70.6183254057422,99.7571,,,0.0946,167.9256,0.4121,78.5106,87.3799,87.3799,
camel.ee.nctu.edu.tw,83,soygene,hivit_base_patch16_224.orig_in21k,False,,,,sgd,0.0,0.03,,0,50,448,8,12763,11143,,,,77.2413,,,0.9859,77.24131742037682,100.0,,,0.0037,167.2631,0.4121,78.5106,87.3799,87.3799,
camel.ee.nctu.edu.tw,83,soygene,hivit_base_patch16_224.orig_in21k,False,,,,sgd,0.0,0.1,,0,50,448,8,12763,11143,,,,5.923,,,5.0653,5.923000987166831,5.5956,,,5.1487,165.1028,0.4121,78.5106,87.3799,87.3799,
camel.ee.nctu.edu.tw,83,soyglobal,hideit_base_patch16_224.fb_in1k,False,,,,adamw,0.05,5e-06,,0,50,448,8,5814,5814,,,,48.5036,,,4.3019,48.503611971104235,99.8106,,,1.8482,80.7277,0.4121,78.5111,87.8776,87.8776,
camel.ee.nctu.edu.tw,83,soyglobal,hideit_base_patch16_224.fb_in1k,False,,,,adamw,0.05,1e-05,,0,50,448,8,5814,5814,,,,52.9928,,,3.6938,52.992776057135416,100.0,,,0.4589,80.6406,0.4121,78.5111,87.8776,87.8776,
camel.ee.nctu.edu.tw,83,soyglobal,hideit_base_patch16_224.fb_in1k,False,,,,adamw,0.05,5e-05,,0,50,448,8,5814,5814,,,,64.7747,,,1.8059,64.77468180254559,100.0,,,0.0007,80.8608,0.4121,78.5111,87.8776,87.8776,
camel.ee.nctu.edu.tw,83,soyglobal,hideit_base_patch16_224.fb_in1k,False,,,,adamw,0.05,0.0001,,0,50,448,8,5814,5814,,,,67.6299,,,1.4646,67.62985895981606,100.0,,,0.0009,80.6228,0.4121,78.5111,87.8776,87.8776,
camel.ee.nctu.edu.tw,83,soyglobal,hideit_base_patch16_224.fb_in1k,False,,,,adamw,0.05,0.0005,,0,50,448,8,5814,5814,,,,19.1434,,,4.244,19.14344684980069,63.6536,,,1.6839,80.6406,0.4121,78.5111,87.8776,87.8776,
camel.ee.nctu.edu.tw,83,soyglobal,hideit_base_patch16_224.fb_in1k,False,,,,adamw,0.05,0.001,,0,50,448,8,5814,5814,,,,11.3863,,,4.8017,11.386308909528724,40.2376,,,2.737,80.638,0.4121,78.5111,87.8776,87.8776,
camel.ee.nctu.edu.tw,83,soyglobal,hideit_base_patch16_224.fb_in1k,False,,,,sgd,0.0,0.003,,0,50,448,8,5814,5814,,,,30.2718,,,4.8751,30.271757824625148,72.6412,,,4.1273,77.3114,0.4121,78.5111,87.8776,87.8776,
camel.ee.nctu.edu.tw,83,soyglobal,hideit_base_patch16_224.fb_in1k,False,,,,sgd,0.0,0.01,,0,50,448,8,5814,5814,,,,60.0275,,,2.2104,60.02751977852952,100.0,,,0.1292,77.1451,0.4121,78.5111,87.8776,87.8776,
camel.ee.nctu.edu.tw,83,soyglobal,hideit_base_patch16_224.fb_in1k,False,,,,sgd,0.0,0.03,,0,50,448,8,5814,5814,,,,63.5879,,,1.5827,63.58789129686963,100.0,,,0.0016,77.4276,0.4121,78.5111,87.8776,87.8776,
camel.ee.nctu.edu.tw,83,soyglobal,hideit_base_patch16_224.fb_in1k,False,,,,sgd,0.0,0.1,,0,50,448,8,5814,5814,,,,30.805,,,4.2357,30.804953557747027,93.0269,,,0.2816,77.4753,0.4121,78.5111,87.8776,87.8776,
camel.ee.nctu.edu.tw,83,soyglobal,hivit_base_patch16_224.orig_in21k,False,,,,adamw,0.05,5e-06,,0,50,448,8,5814,5814,,,,36.7045,,,4.7652,36.70450636263684,99.1219,,,2.2603,80.7289,0.4121,78.5111,87.8776,87.8776,
camel.ee.nctu.edu.tw,83,soyglobal,hivit_base_patch16_224.orig_in21k,False,,,,adamw,0.05,1e-05,,0,50,448,8,5814,5814,,,,43.7564,,,4.0691,43.75644994708816,99.9828,,,0.8682,80.5918,0.4121,78.5111,87.8776,87.8776,
camel.ee.nctu.edu.tw,83,soyglobal,hivit_base_patch16_224.orig_in21k,False,,,,adamw,0.05,5e-05,,0,50,448,8,5814,5814,,,,57.8603,,,2.0728,57.86033711467857,100.0,,,0.0001,80.7988,0.4121,78.5111,87.8776,87.8776,
camel.ee.nctu.edu.tw,83,soyglobal,hivit_base_patch16_224.orig_in21k,False,,,,adamw,0.05,0.0001,,0,50,448,8,5814,5814,,,,62.3323,,,1.7133,62.332301338964776,100.0,,,0.0002,80.7677,0.4121,78.5111,87.8776,87.8776,
camel.ee.nctu.edu.tw,83,soyglobal,hivit_base_patch16_224.orig_in21k,False,,,,adamw,0.05,0.0005,,0,50,448,8,5814,5814,,,,26.8318,,,3.6142,26.831785344404988,79.0117,,,1.0311,80.6374,0.4121,78.5111,87.8776,87.8776,
camel.ee.nctu.edu.tw,83,soyglobal,hivit_base_patch16_224.orig_in21k,False,,,,adamw,0.05,0.001,,0,50,448,8,5814,5814,,,,7.1379,,,6.0891,7.137942895144583,47.5379,,,2.4032,80.6035,0.4121,78.5111,87.8776,87.8776,
camel.ee.nctu.edu.tw,83,soyglobal,hivit_base_patch16_224.orig_in21k,False,,,,sgd,0.0,0.003,,0,50,448,8,5814,5814,,,,25.5418,,,4.9372,25.54179566497855,68.3023,,,4.0658,77.185,0.4121,78.5111,87.8776,87.8776,
camel.ee.nctu.edu.tw,83,soyglobal,hivit_base_patch16_224.orig_in21k,False,,,,sgd,0.0,0.01,,0,50,448,8,5814,5814,,,,50.3612,,,2.5846,50.36119711042311,100.0,,,0.1818,77.4289,0.4121,78.5111,87.8776,87.8776,
camel.ee.nctu.edu.tw,83,soyglobal,hivit_base_patch16_224.orig_in21k,False,,,,sgd,0.0,0.03,,0,50,448,8,5814,5814,,,,63.1923,,,1.612,63.19229446164431,100.0,,,0.0018,77.229,0.4121,78.5111,87.8776,87.8776,
camel.ee.nctu.edu.tw,83,soyglobal,hivit_base_patch16_224.orig_in21k,False,,,,sgd,0.0,0.1,,0,50,448,8,5814,5814,,,,51.3416,,,2.7943,51.34158926728586,99.8623,,,0.0079,77.3176,0.4121,78.5111,87.8776,87.8776,
camel.ee.nctu.edu.tw,86,cotton,hideit_base_patch16_224.fb_in1k,False,,,,adamw,0.05,5e-06,,0,50,448,8,240,240,70.0,-1.0,hideit_base_patch16_224.fb_in1k,55.4167,,,3.1487,55.416666666666664,100.0,,,3.3207,4.2674,0.4121,78.51,86.7706,86.7706,
camel.ee.nctu.edu.tw,86,cotton,hideit_base_patch16_224.fb_in1k,False,,,,adamw,0.05,5e-06,,0,50,448,8,240,240,90.0,-1.0,hideit_base_patch16_224.fb_in1k,54.5833,,,3.1583,54.583333333333336,99.5833,,,3.7841,4.2268,0.4121,78.51,86.7802,86.7802,
camel.ee.nctu.edu.tw,86,cotton,hideit_base_patch16_224.fb_in1k,False,,,,adamw,0.05,1e-05,,0,50,448,8,240,240,70.0,-1.0,hideit_base_patch16_224.fb_in1k,62.5,,,2.9696,62.5,100.0,,,2.5349,4.2335,0.4121,78.51,86.7706,86.7706,
camel.ee.nctu.edu.tw,86,cotton,hideit_base_patch16_224.fb_in1k,False,,,,adamw,0.05,1e-05,,0,50,448,8,240,240,90.0,-1.0,hideit_base_patch16_224.fb_in1k,59.5833,,,3.0198,59.583333333333336,99.5833,,,2.9942,4.2071,0.4121,78.51,86.7802,86.7802,
camel.ee.nctu.edu.tw,86,cotton,hideit_base_patch16_224.fb_in1k,False,,,,adamw,0.05,5e-05,,0,50,448,8,240,240,70.0,-1.0,hideit_base_patch16_224.fb_in1k,67.9167,,,2.1432,67.91666666666667,100.0,,,0.3243,4.2296,0.4121,78.51,86.7706,86.7706,
camel.ee.nctu.edu.tw,86,cotton,hideit_base_patch16_224.fb_in1k,False,,,,adamw,0.05,5e-05,,0,50,448,8,240,240,90.0,-1.0,hideit_base_patch16_224.fb_in1k,71.25,,,2.1181,71.25,100.0,,,0.3628,4.2074,0.4121,78.51,86.7802,86.7802,
camel.ee.nctu.edu.tw,86,cotton,hideit_base_patch16_224.fb_in1k,False,,,,adamw,0.05,0.0001,,0,50,448,8,240,240,70.0,-1.0,hideit_base_patch16_224.fb_in1k,62.9167,,,1.6286,62.916666666666664,100.0,,,0.0582,4.2462,0.4121,78.51,86.7706,86.7706,
camel.ee.nctu.edu.tw,86,cotton,hideit_base_patch16_224.fb_in1k,False,,,,adamw,0.05,0.0001,,0,50,448,8,240,240,90.0,-1.0,hideit_base_patch16_224.fb_in1k,72.5,,,1.5298,72.5,100.0,,,0.0603,4.2007,0.4121,78.51,86.7802,86.7802,
camel.ee.nctu.edu.tw,86,cotton,hideit_base_patch16_224.fb_in1k,False,,,,adamw,0.05,0.0005,,0,50,448,8,240,240,70.0,-1.0,hideit_base_patch16_224.fb_in1k,55.8333,,,1.6422,55.833333333333336,100.0,,,0.0042,4.2086,0.4121,78.51,86.7706,86.7706,
camel.ee.nctu.edu.tw,86,cotton,hideit_base_patch16_224.fb_in1k,False,,,,adamw,0.05,0.0005,,0,50,448,8,240,240,90.0,-1.0,hideit_base_patch16_224.fb_in1k,59.1667,,,1.5195,59.166666666666664,100.0,,,0.0038,4.2452,0.4121,78.51,86.7802,86.7802,
camel.ee.nctu.edu.tw,86,cotton,hideit_base_patch16_224.fb_in1k,False,,,,adamw,0.05,0.001,,0,50,448,8,240,240,70.0,-1.0,hideit_base_patch16_224.fb_in1k,52.9167,,,1.7782,52.916666666666664,100.0,,,0.0232,4.2215,0.4121,78.51,86.7706,86.7706,
camel.ee.nctu.edu.tw,86,cotton,hideit_base_patch16_224.fb_in1k,False,,,,adamw,0.05,0.001,,0,50,448,8,240,240,90.0,-1.0,hideit_base_patch16_224.fb_in1k,54.5833,,,1.7932,54.583333333333336,100.0,,,0.0159,4.2201,0.4121,78.51,86.7802,86.7802,
camel.ee.nctu.edu.tw,86,cotton,hideit_base_patch16_224.fb_in1k,False,,,,sgd,0.0,0.003,,0,50,448,8,240,240,70.0,-1.0,hideit_base_patch16_224.fb_in1k,42.5,,,3.2966,42.5,86.6667,,,4.4554,4.1682,0.4121,78.51,86.7706,86.7706,
camel.ee.nctu.edu.tw,86,cotton,hideit_base_patch16_224.fb_in1k,False,,,,sgd,0.0,0.003,,0,50,448,8,240,240,90.0,-1.0,hideit_base_patch16_224.fb_in1k,37.0833,,,3.2926,37.083333333333336,81.6667,,,4.8506,4.0466,0.4121,78.51,86.7802,86.7802,
camel.ee.nctu.edu.tw,86,cotton,hideit_base_patch16_224.fb_in1k,False,,,,sgd,0.0,0.01,,0,50,448,8,240,240,70.0,-1.0,hideit_base_patch16_224.fb_in1k,63.3333,,,2.1089,63.333333333333336,100.0,,,0.824,4.046,0.4121,78.51,86.7706,86.7706,
camel.ee.nctu.edu.tw,86,cotton,hideit_base_patch16_224.fb_in1k,False,,,,sgd,0.0,0.01,,0,50,448,8,240,240,90.0,-1.0,hideit_base_patch16_224.fb_in1k,61.6667,,,2.1321,61.666666666666664,100.0,,,1.0012,4.0887,0.4121,78.51,86.7802,86.7802,
camel.ee.nctu.edu.tw,86,cotton,hideit_base_patch16_224.fb_in1k,False,,,,sgd,0.0,0.03,,0,50,448,8,240,240,70.0,-1.0,hideit_base_patch16_224.fb_in1k,69.1667,,,1.225,69.16666666666667,100.0,,,0.0105,4.0727,0.4121,78.51,86.7706,86.7706,
camel.ee.nctu.edu.tw,86,cotton,hideit_base_patch16_224.fb_in1k,False,,,,sgd,0.0,0.03,,0,50,448,8,240,240,90.0,-1.0,hideit_base_patch16_224.fb_in1k,70.0,,,1.1644,70.0,100.0,,,0.0116,4.102,0.4121,78.51,86.7802,86.7802,
camel.ee.nctu.edu.tw,86,cotton,hideit_base_patch16_224.fb_in1k,False,,,,sgd,0.0,0.1,,0,50,448,8,240,240,70.0,-1.0,hideit_base_patch16_224.fb_in1k,63.3333,,,1.2771,63.333333333333336,100.0,,,0.0016,4.0818,0.4121,78.51,86.7706,86.7706,
camel.ee.nctu.edu.tw,86,cotton,hideit_base_patch16_224.fb_in1k,False,,,,sgd,0.0,0.1,,0,50,448,8,240,240,90.0,-1.0,hideit_base_patch16_224.fb_in1k,65.0,,,1.1905,65.0,100.0,,,0.0016,4.048,0.4121,78.51,86.7802,86.7802,
camel.ee.nctu.edu.tw,86,cotton,hivit_base_patch16_224.orig_in21k,False,,,,adamw,0.05,5e-06,,0,50,448,8,240,240,70.0,-1.0,hivit_base_patch16_224.orig_in21k,47.5,,,3.3094,47.5,99.5833,,,3.8055,4.2345,0.4121,78.51,86.7706,86.7706,
camel.ee.nctu.edu.tw,86,cotton,hivit_base_patch16_224.orig_in21k,False,,,,adamw,0.05,5e-06,,0,50,448,8,240,240,90.0,-1.0,hivit_base_patch16_224.orig_in21k,45.8333,,,3.3216,45.833333333333336,99.5833,,,4.2457,4.3109,0.4121,78.51,86.7802,86.7802,
camel.ee.nctu.edu.tw,86,cotton,hivit_base_patch16_224.orig_in21k,False,,,,adamw,0.05,1e-05,,0,50,448,8,240,240,70.0,-1.0,hivit_base_patch16_224.orig_in21k,53.3333,,,3.1515,53.333333333333336,100.0,,,3.0589,4.1781,0.4121,78.51,86.7706,86.7706,
camel.ee.nctu.edu.tw,86,cotton,hivit_base_patch16_224.orig_in21k,False,,,,adamw,0.05,1e-05,,0,50,448,8,240,240,90.0,-1.0,hivit_base_patch16_224.orig_in21k,50.4167,,,3.1656,50.416666666666664,100.0,,,3.4653,4.3204,0.4121,78.51,86.7802,86.7802,
camel.ee.nctu.edu.tw,86,cotton,hivit_base_patch16_224.orig_in21k,False,,,,adamw,0.05,5e-05,,0,50,448,8,240,240,70.0,-1.0,hivit_base_patch16_224.orig_in21k,66.25,,,2.2982,66.25,100.0,,,0.4568,4.2436,0.4121,78.51,86.7706,86.7706,
camel.ee.nctu.edu.tw,86,cotton,hivit_base_patch16_224.orig_in21k,False,,,,adamw,0.05,5e-05,,0,50,448,8,240,240,90.0,-1.0,hivit_base_patch16_224.orig_in21k,67.0833,,,2.3169,67.08333333333333,100.0,,,0.5337,4.3162,0.4121,78.51,86.7802,86.7802,
camel.ee.nctu.edu.tw,86,cotton,hivit_base_patch16_224.orig_in21k,False,,,,adamw,0.05,0.0001,,0,50,448,8,240,240,70.0,-1.0,hivit_base_patch16_224.orig_in21k,68.3333,,,1.7132,68.33333333333333,100.0,,,0.0726,4.2369,0.4121,78.51,86.7706,86.7706,
camel.ee.nctu.edu.tw,86,cotton,hivit_base_patch16_224.orig_in21k,False,,,,adamw,0.05,0.0001,,0,50,448,8,240,240,90.0,-1.0,hivit_base_patch16_224.orig_in21k,65.8333,,,1.726,65.83333333333333,100.0,,,0.0796,4.2891,0.4121,78.51,86.7802,86.7802,
camel.ee.nctu.edu.tw,86,cotton,hivit_base_patch16_224.orig_in21k,False,,,,adamw,0.05,0.0005,,0,50,448,8,240,240,70.0,-1.0,hivit_base_patch16_224.orig_in21k,58.3333,,,1.5772,58.333333333333336,100.0,,,0.0041,4.2367,0.4121,78.51,86.7706,86.7706,
camel.ee.nctu.edu.tw,86,cotton,hivit_base_patch16_224.orig_in21k,False,,,,adamw,0.05,0.0005,,0,50,448,8,240,240,90.0,-1.0,hivit_base_patch16_224.orig_in21k,61.25,,,1.4803,61.25,100.0,,,0.004,4.256,0.4121,78.51,86.7802,86.7802,
camel.ee.nctu.edu.tw,86,cotton,hivit_base_patch16_224.orig_in21k,False,,,,adamw,0.05,0.001,,0,50,448,8,240,240,70.0,-1.0,hivit_base_patch16_224.orig_in21k,55.4167,,,1.7907,55.416666666666664,100.0,,,0.0101,4.2125,0.4121,78.51,86.7706,86.7706,
camel.ee.nctu.edu.tw,86,cotton,hivit_base_patch16_224.orig_in21k,False,,,,adamw,0.05,0.001,,0,50,448,8,240,240,90.0,-1.0,hivit_base_patch16_224.orig_in21k,58.75,,,1.6011,58.75,100.0,,,0.0087,4.3079,0.4121,78.51,86.7802,86.7802,
camel.ee.nctu.edu.tw,86,cotton,hivit_base_patch16_224.orig_in21k,False,,,,sgd,0.0,0.003,,0,50,448,8,240,240,70.0,-1.0,hivit_base_patch16_224.orig_in21k,32.5,,,3.3194,32.5,80.8333,,,4.2945,4.0789,0.4121,78.51,86.7706,86.7706,
camel.ee.nctu.edu.tw,86,cotton,hivit_base_patch16_224.orig_in21k,False,,,,sgd,0.0,0.003,,0,50,448,8,240,240,90.0,-1.0,hivit_base_patch16_224.orig_in21k,36.6667,,,3.3127,36.666666666666664,82.9167,,,4.6471,4.1344,0.4121,78.51,86.7802,86.7802,
camel.ee.nctu.edu.tw,86,cotton,hivit_base_patch16_224.orig_in21k,False,,,,sgd,0.0,0.01,,0,50,448,8,240,240,70.0,-1.0,hivit_base_patch16_224.orig_in21k,56.25,,,2.1751,56.25,100.0,,,0.7621,4.0599,0.4121,78.51,86.7706,86.7706,
camel.ee.nctu.edu.tw,86,cotton,hivit_base_patch16_224.orig_in21k,False,,,,sgd,0.0,0.01,,0,50,448,8,240,240,90.0,-1.0,hivit_base_patch16_224.orig_in21k,56.25,,,2.1784,56.25,100.0,,,0.8536,4.2241,0.4121,78.51,86.7802,86.7802,
camel.ee.nctu.edu.tw,86,cotton,hivit_base_patch16_224.orig_in21k,False,,,,sgd,0.0,0.03,,0,50,448,8,240,240,70.0,-1.0,hivit_base_patch16_224.orig_in21k,64.1667,,,1.4214,64.16666666666667,100.0,,,0.0112,4.0701,0.4121,78.51,86.7706,86.7706,
camel.ee.nctu.edu.tw,86,cotton,hivit_base_patch16_224.orig_in21k,False,,,,sgd,0.0,0.03,,0,50,448,8,240,240,90.0,-1.0,hivit_base_patch16_224.orig_in21k,65.8333,,,1.3602,65.83333333333333,100.0,,,0.0118,4.1203,0.4121,78.51,86.7802,86.7802,
camel.ee.nctu.edu.tw,86,cotton,hivit_base_patch16_224.orig_in21k,False,,,,sgd,0.0,0.1,,0,50,448,8,240,240,70.0,-1.0,hivit_base_patch16_224.orig_in21k,64.1667,,,1.3172,64.16666666666667,100.0,,,0.002,4.0667,0.4121,78.51,86.7706,86.7706,
camel.ee.nctu.edu.tw,86,cotton,hivit_base_patch16_224.orig_in21k,False,,,,sgd,0.0,0.1,,0,50,448,8,240,240,90.0,-1.0,hivit_base_patch16_224.orig_in21k,67.5,,,1.2412,67.5,100.0,,,0.0019,4.202,0.4121,78.51,86.7802,86.7802,
camel.ee.nctu.edu.tw,86,soyageing,hideit_base_patch16_224.fb_in1k,False,,,,adamw,0.05,5e-06,,0,50,448,8,4944,4950,70.0,-1.0,hideit_base_patch16_224.fb_in1k,81.4141,,,0.8408,81.41414140797625,99.6359,,,0.2055,72.2546,0.4141,78.5101,86.856,86.856,
camel.ee.nctu.edu.tw,86,soyageing,hideit_base_patch16_224.fb_in1k,False,,,,adamw,0.05,5e-06,,0,50,448,8,4944,4950,90.0,-1.0,hideit_base_patch16_224.fb_in1k,82.1414,,,0.8061,82.14141413524898,99.7371,,,0.1869,72.277,0.4141,78.5101,86.8794,86.8794,
camel.ee.nctu.edu.tw,86,soyageing,hideit_base_patch16_224.fb_in1k,False,,,,adamw,0.05,1e-05,,0,50,448,8,4944,4950,70.0,-1.0,hideit_base_patch16_224.fb_in1k,83.1717,,,0.752,83.17171716863459,99.9595,,,0.0127,72.3915,0.4141,78.5101,86.856,86.856,
camel.ee.nctu.edu.tw,86,soyageing,hideit_base_patch16_224.fb_in1k,False,,,,adamw,0.05,1e-05,,0,50,448,8,4944,4950,90.0,-1.0,hideit_base_patch16_224.fb_in1k,84.1818,,,0.6874,84.18181817565302,99.8786,,,0.0194,72.0237,0.4141,78.5101,86.8794,86.8794,
camel.ee.nctu.edu.tw,86,soyageing,hideit_base_patch16_224.fb_in1k,False,,,,adamw,0.05,5e-05,,0,50,448,8,4944,4950,70.0,-1.0,hideit_base_patch16_224.fb_in1k,81.2525,,,1.1386,81.25252525252525,99.9393,,,0.0086,72.3973,0.4141,78.5101,86.856,86.856,
camel.ee.nctu.edu.tw,86,soyageing,hideit_base_patch16_224.fb_in1k,False,,,,adamw,0.05,5e-05,,0,50,448,8,4944,4950,90.0,-1.0,hideit_base_patch16_224.fb_in1k,81.3535,,,1.1208,81.35353535045277,99.9595,,,0.0054,71.8927,0.4141,78.5101,86.8794,86.8794,
camel.ee.nctu.edu.tw,86,soyageing,hideit_base_patch16_224.fb_in1k,False,,,,adamw,0.05,0.0001,,0,50,448,8,4944,4950,70.0,-1.0,hideit_base_patch16_224.fb_in1k,84.4444,,,0.9213,84.44444443827928,100.0,,,0.0002,72.4311,0.4141,78.5101,86.856,86.856,
camel.ee.nctu.edu.tw,86,soyageing,hideit_base_patch16_224.fb_in1k,False,,,,adamw,0.05,0.0001,,0,50,448,8,4944,4950,90.0,-1.0,hideit_base_patch16_224.fb_in1k,83.7172,,,0.9592,83.71717171100654,99.9595,,,0.0044,72.4397,0.4141,78.5101,86.8794,86.8794,
camel.ee.nctu.edu.tw,86,soyageing,hideit_base_patch16_224.fb_in1k,False,,,,adamw,0.05,0.0005,,0,50,448,8,4944,4950,70.0,-1.0,hideit_base_patch16_224.fb_in1k,68.101,,,1.1826,68.10101009484494,82.949,,,1.4249,72.5375,0.4141,78.5101,86.856,86.856,
camel.ee.nctu.edu.tw,86,soyageing,hideit_base_patch16_224.fb_in1k,False,,,,adamw,0.05,0.0005,,0,50,448,8,4944,4950,90.0,-1.0,hideit_base_patch16_224.fb_in1k,66.1616,,,1.2673,66.16161616161617,82.4838,,,1.3703,71.9266,0.4141,78.5101,86.8794,86.8794,
camel.ee.nctu.edu.tw,86,soyageing,hideit_base_patch16_224.fb_in1k,False,,,,adamw,0.05,0.001,,0,50,448,8,4944,4950,70.0,-1.0,hideit_base_patch16_224.fb_in1k,24.101,,,3.1281,24.1010101010101,31.3714,,,5.3673,72.4535,0.4141,78.5101,86.856,86.856,
camel.ee.nctu.edu.tw,86,soyageing,hideit_base_patch16_224.fb_in1k,False,,,,adamw,0.05,0.001,,0,50,448,8,4944,4950,90.0,-1.0,hideit_base_patch16_224.fb_in1k,29.798,,,2.7881,29.797979794897213,38.3293,,,4.8231,72.1217,0.4141,78.5101,86.8794,86.8794,
camel.ee.nctu.edu.tw,86,soyageing,hideit_base_patch16_224.fb_in1k,False,,,,sgd,0.0,0.003,,0,50,448,8,4944,4950,70.0,-1.0,hideit_base_patch16_224.fb_in1k,69.7778,,,1.7884,69.7777777746952,81.9984,,,2.4192,69.5479,0.4141,78.5101,86.856,86.856,
camel.ee.nctu.edu.tw,86,soyageing,hideit_base_patch16_224.fb_in1k,False,,,,sgd,0.0,0.003,,0,50,448,8,4944,4950,90.0,-1.0,hideit_base_patch16_224.fb_in1k,71.7778,,,1.687,71.77777777777777,84.0413,,,2.4362,69.4414,0.4141,78.5101,86.8794,86.8794,
camel.ee.nctu.edu.tw,86,soyageing,hideit_base_patch16_224.fb_in1k,False,,,,sgd,0.0,0.01,,0,50,448,8,4944,4950,70.0,-1.0,hideit_base_patch16_224.fb_in1k,85.4545,,,0.582,85.45454544838029,99.9595,,,0.0192,69.5356,0.4141,78.5101,86.856,86.856,
camel.ee.nctu.edu.tw,86,soyageing,hideit_base_patch16_224.fb_in1k,False,,,,sgd,0.0,0.01,,0,50,448,8,4944,4950,90.0,-1.0,hideit_base_patch16_224.fb_in1k,86.0606,,,0.5457,86.0606060544409,100.0,,,0.0148,69.5503,0.4141,78.5101,86.8794,86.8794,
camel.ee.nctu.edu.tw,86,soyageing,hideit_base_patch16_224.fb_in1k,False,,,,sgd,0.0,0.03,,0,50,448,8,4944,4950,70.0,-1.0,hideit_base_patch16_224.fb_in1k,88.1616,,,0.504,88.16161616161617,100.0,,,0.0014,69.2275,0.4141,78.5101,86.856,86.856,
camel.ee.nctu.edu.tw,86,soyageing,hideit_base_patch16_224.fb_in1k,False,,,,sgd,0.0,0.03,,0,50,448,8,4944,4950,90.0,-1.0,hideit_base_patch16_224.fb_in1k,87.8182,,,0.5261,87.81818181201665,100.0,,,0.0013,69.5915,0.4141,78.5101,86.8794,86.8794,
camel.ee.nctu.edu.tw,86,soyageing,hideit_base_patch16_224.fb_in1k,False,,,,sgd,0.0,0.1,,0,50,448,8,4944,4950,70.0,-1.0,hideit_base_patch16_224.fb_in1k,85.4141,,,0.6411,85.41414140797625,99.8989,,,0.0297,69.0625,0.4141,78.5101,86.856,86.856,
camel.ee.nctu.edu.tw,86,soyageing,hideit_base_patch16_224.fb_in1k,False,,,,sgd,0.0,0.1,,0,50,448,8,4944,4950,90.0,-1.0,hideit_base_patch16_224.fb_in1k,85.0303,,,0.6609,85.03030302413787,99.6764,,,0.0273,69.2149,0.4141,78.5101,86.8794,86.8794,
camel.ee.nctu.edu.tw,86,soyageing,hivit_base_patch16_224.orig_in21k,False,,,,adamw,0.05,5e-06,,0,50,448,8,4944,4950,70.0,-1.0,hivit_base_patch16_224.orig_in21k,76.1414,,,1.1074,76.14141413524898,99.0291,,,0.4134,72.3021,0.4141,78.5101,86.856,86.856,
camel.ee.nctu.edu.tw,86,soyageing,hivit_base_patch16_224.orig_in21k,False,,,,adamw,0.05,5e-06,,0,50,448,8,4944,4950,90.0,-1.0,hivit_base_patch16_224.orig_in21k,77.8586,,,1.0632,77.85858585550328,99.3325,,,0.4214,72.6798,0.4141,78.5101,86.8794,86.8794,
camel.ee.nctu.edu.tw,86,soyageing,hivit_base_patch16_224.orig_in21k,False,,,,adamw,0.05,1e-05,,0,50,448,8,4944,4950,70.0,-1.0,hivit_base_patch16_224.orig_in21k,81.596,,,0.7678,81.59595958979443,99.9798,,,0.0255,72.5901,0.4141,78.5101,86.856,86.856,
camel.ee.nctu.edu.tw,86,soyageing,hivit_base_patch16_224.orig_in21k,False,,,,adamw,0.05,1e-05,,0,50,448,8,4944,4950,90.0,-1.0,hivit_base_patch16_224.orig_in21k,82.0404,,,0.7586,82.04040403423888,99.9595,,,0.0254,72.9055,0.4141,78.5101,86.8794,86.8794,
camel.ee.nctu.edu.tw,86,soyageing,hivit_base_patch16_224.orig_in21k,False,,,,adamw,0.05,5e-05,,0,50,448,8,4944,4950,70.0,-1.0,hivit_base_patch16_224.orig_in21k,81.0707,,,1.169,81.0707070645419,99.9798,,,0.0016,72.3184,0.4141,78.5101,86.856,86.856,
camel.ee.nctu.edu.tw,86,soyageing,hivit_base_patch16_224.orig_in21k,False,,,,adamw,0.05,5e-05,,0,50,448,8,4944,4950,90.0,-1.0,hivit_base_patch16_224.orig_in21k,81.9394,,,1.0909,81.93939393322877,100.0,,,0.0001,72.6125,0.4141,78.5101,86.8794,86.8794,
camel.ee.nctu.edu.tw,86,soyageing,hivit_base_patch16_224.orig_in21k,False,,,,adamw,0.05,0.0001,,0,50,448,8,4944,4950,70.0,-1.0,hivit_base_patch16_224.orig_in21k,80.9697,,,1.1535,80.9696969635318,100.0,,,0.0001,72.0873,0.4141,78.5101,86.856,86.856,
camel.ee.nctu.edu.tw,86,soyageing,hivit_base_patch16_224.orig_in21k,False,,,,adamw,0.05,0.0001,,0,50,448,8,4944,4950,90.0,-1.0,hivit_base_patch16_224.orig_in21k,83.1919,,,1.0007,83.19191918575403,100.0,,,0.0001,72.7524,0.4141,78.5101,86.8794,86.8794,
camel.ee.nctu.edu.tw,86,soyageing,hivit_base_patch16_224.orig_in21k,False,,,,adamw,0.05,0.0005,,0,50,448,8,4944,4950,70.0,-1.0,hivit_base_patch16_224.orig_in21k,78.8081,,,0.7946,78.80808080499823,92.3746,,,0.7332,72.2987,0.4141,78.5101,86.856,86.856,
camel.ee.nctu.edu.tw,86,soyageing,hivit_base_patch16_224.orig_in21k,False,,,,adamw,0.05,0.0005,,0,50,448,8,4944,4950,90.0,-1.0,hivit_base_patch16_224.orig_in21k,76.303,,,0.9025,76.30303029686513,86.9539,,,0.9484,72.9028,0.4141,78.5101,86.8794,86.8794,
camel.ee.nctu.edu.tw,86,soyageing,hivit_base_patch16_224.orig_in21k,False,,,,adamw,0.05,0.001,,0,50,448,8,4944,4950,70.0,-1.0,hivit_base_patch16_224.orig_in21k,31.6364,,,2.7047,31.636363634822345,39.4417,,,4.6808,72.5271,0.4141,78.5101,86.856,86.856,
camel.ee.nctu.edu.tw,86,soyageing,hivit_base_patch16_224.orig_in21k,False,,,,adamw,0.05,0.001,,0,50,448,8,4944,4950,90.0,-1.0,hivit_base_patch16_224.orig_in21k,15.8182,,,3.6235,15.818181818181818,23.4426,,,6.1329,72.9242,0.4141,78.5101,86.8794,86.8794,
camel.ee.nctu.edu.tw,86,soyageing,hivit_base_patch16_224.orig_in21k,False,,,,sgd,0.0,0.003,,0,50,448,8,4944,4950,70.0,-1.0,hivit_base_patch16_224.orig_in21k,64.101,,,1.9454,64.10101009792751,77.8924,,,2.7378,69.5084,0.4141,78.5101,86.856,86.856,
camel.ee.nctu.edu.tw,86,soyageing,hivit_base_patch16_224.orig_in21k,False,,,,sgd,0.0,0.003,,0,50,448,8,4944,4950,90.0,-1.0,hivit_base_patch16_224.orig_in21k,65.4949,,,1.8688,65.4949494918669,77.771,,,2.7469,69.8617,0.4141,78.5101,86.8794,86.8794,
camel.ee.nctu.edu.tw,86,soyageing,hivit_base_patch16_224.orig_in21k,False,,,,sgd,0.0,0.01,,0,50,448,8,4944,4950,70.0,-1.0,hivit_base_patch16_224.orig_in21k,81.0101,,,0.7311,81.01010101010101,100.0,,,0.038,69.6512,0.4141,78.5101,86.856,86.856,
camel.ee.nctu.edu.tw,86,soyageing,hivit_base_patch16_224.orig_in21k,False,,,,sgd,0.0,0.01,,0,50,448,8,4944,4950,90.0,-1.0,hivit_base_patch16_224.orig_in21k,82.5253,,,0.6736,82.52525251908736,100.0,,,0.0386,70.0597,0.4141,78.5101,86.8794,86.8794,
camel.ee.nctu.edu.tw,86,soyageing,hivit_base_patch16_224.orig_in21k,False,,,,sgd,0.0,0.03,,0,50,448,8,4944,4950,70.0,-1.0,hivit_base_patch16_224.orig_in21k,85.798,,,0.5776,85.79797979797979,100.0,,,0.0019,69.2998,0.4141,78.5101,86.856,86.856,
camel.ee.nctu.edu.tw,86,soyageing,hivit_base_patch16_224.orig_in21k,False,,,,sgd,0.0,0.03,,0,50,448,8,4944,4950,90.0,-1.0,hivit_base_patch16_224.orig_in21k,87.5354,,,0.5337,87.53535352918837,100.0,,,0.0022,70.1226,0.4141,78.5101,86.8794,86.8794,
camel.ee.nctu.edu.tw,86,soyageing,hivit_base_patch16_224.orig_in21k,False,,,,sgd,0.0,0.1,,0,50,448,8,4944,4950,70.0,-1.0,hivit_base_patch16_224.orig_in21k,84.3636,,,0.6669,84.36363636363636,99.4539,,,0.062,69.3646,0.4141,78.5101,86.856,86.856,
camel.ee.nctu.edu.tw,86,soyageing,hivit_base_patch16_224.orig_in21k,False,,,,sgd,0.0,0.1,,0,50,448,8,4944,4950,90.0,-1.0,hivit_base_patch16_224.orig_in21k,85.4343,,,0.6401,85.43434343434343,99.6966,,,0.0325,69.9125,0.4141,78.5101,86.8794,86.8794,
camel.ee.nctu.edu.tw,86,soyageing_r1,hideit_base_patch16_224.fb_in1k,False,,,,adamw,0.05,5e-06,,0,50,448,8,4944,990,70.0,-1.0,hideit_base_patch16_224.fb_in1k,80.0,,,0.8687,79.99999996917417,99.6157,,,0.2061,69.0415,0.4141,78.5101,86.856,86.856,
camel.ee.nctu.edu.tw,86,soyageing_r1,hideit_base_patch16_224.fb_in1k,False,,,,adamw,0.05,5e-06,,0,50,448,8,984,990,90.0,-1.0,hideit_base_patch16_224.fb_in1k,78.7879,,,2.4547,78.78787877246587,97.9675,,,3.1013,15.2342,0.4141,78.5101,86.8794,86.8794,
camel.ee.nctu.edu.tw,86,soyageing_r1,hideit_base_patch16_224.fb_in1k,False,,,,adamw,0.05,1e-05,,0,50,448,8,4944,990,70.0,-1.0,hideit_base_patch16_224.fb_in1k,83.0303,,,0.7156,83.0303029994772,100.0,,,0.0113,69.2406,0.4141,78.5101,86.856,86.856,
camel.ee.nctu.edu.tw,86,soyageing_r1,hideit_base_patch16_224.fb_in1k,False,,,,adamw,0.05,1e-05,,0,50,448,8,984,990,90.0,-1.0,hideit_base_patch16_224.fb_in1k,83.5354,,,1.9234,83.53535351994061,99.8984,,,1.8206,15.2142,0.4141,78.5101,86.8794,86.8794,
camel.ee.nctu.edu.tw,86,soyageing_r1,hideit_base_patch16_224.fb_in1k,False,,,,adamw,0.05,5e-05,,0,50,448,8,4944,990,70.0,-1.0,hideit_base_patch16_224.fb_in1k,82.1212,,,1.0703,82.12121209038628,99.8584,,,0.0059,69.2335,0.4141,78.5101,86.856,86.856,
camel.ee.nctu.edu.tw,86,soyageing_r1,hideit_base_patch16_224.fb_in1k,False,,,,adamw,0.05,5e-05,,0,50,448,8,984,990,90.0,-1.0,hideit_base_patch16_224.fb_in1k,86.1616,,,0.5795,86.16161613079032,100.0,,,0.0223,15.1465,0.4141,78.5101,86.8794,86.8794,
camel.ee.nctu.edu.tw,86,soyageing_r1,hideit_base_patch16_224.fb_in1k,False,,,,adamw,0.05,0.0001,,0,50,448,8,4944,990,70.0,-1.0,hideit_base_patch16_224.fb_in1k,86.7677,,,0.7468,86.76767673685093,100.0,,,0.0001,69.1501,0.4141,78.5101,86.856,86.856,
camel.ee.nctu.edu.tw,86,soyageing_r1,hideit_base_patch16_224.fb_in1k,False,,,,adamw,0.05,0.0001,,0,50,448,8,984,990,90.0,-1.0,hideit_base_patch16_224.fb_in1k,85.6566,,,0.618,85.65656564115274,100.0,,,0.0053,15.1778,0.4141,78.5101,86.8794,86.8794,
camel.ee.nctu.edu.tw,86,soyageing_r1,hideit_base_patch16_224.fb_in1k,False,,,,adamw,0.05,0.0005,,0,50,448,8,4944,990,70.0,-1.0,hideit_base_patch16_224.fb_in1k,66.0606,,,1.2732,66.06060606060606,76.1125,,,1.908,69.0609,0.4141,78.5101,86.856,86.856,
camel.ee.nctu.edu.tw,86,soyageing_r1,hideit_base_patch16_224.fb_in1k,False,,,,adamw,0.05,0.0005,,0,50,448,8,984,990,90.0,-1.0,hideit_base_patch16_224.fb_in1k,83.6364,,,0.6025,83.63636362095072,99.8984,,,0.0157,15.3137,0.4141,78.5101,86.8794,86.8794,
camel.ee.nctu.edu.tw,86,soyageing_r1,hideit_base_patch16_224.fb_in1k,False,,,,adamw,0.05,0.001,,0,50,448,8,4944,990,70.0,-1.0,hideit_base_patch16_224.fb_in1k,32.1212,,,2.6467,32.121212121212125,38.5316,,,4.8695,69.261,0.4141,78.5101,86.856,86.856,
camel.ee.nctu.edu.tw,86,soyageing_r1,hideit_base_patch16_224.fb_in1k,False,,,,adamw,0.05,0.001,,0,50,448,8,984,990,90.0,-1.0,hideit_base_patch16_224.fb_in1k,56.1616,,,1.6093,56.161616157762936,74.3902,,,1.7158,15.1809,0.4141,78.5101,86.8794,86.8794,
camel.ee.nctu.edu.tw,86,soyageing_r1,hideit_base_patch16_224.fb_in1k,False,,,,sgd,0.0,0.003,,0,50,448,8,4944,990,70.0,-1.0,hideit_base_patch16_224.fb_in1k,68.7879,,,1.8301,68.78787875705295,82.1804,,,2.4187,66.5682,0.4141,78.5101,86.856,86.856,
camel.ee.nctu.edu.tw,86,soyageing_r1,hideit_base_patch16_224.fb_in1k,False,,,,sgd,0.0,0.003,,0,50,448,8,984,990,90.0,-1.0,hideit_base_patch16_224.fb_in1k,65.1515,,,2.6445,65.15151515151516,83.9431,,,3.9525,14.658,0.4141,78.5101,86.8794,86.8794,
camel.ee.nctu.edu.tw,86,soyageing_r1,hideit_base_patch16_224.fb_in1k,False,,,,sgd,0.0,0.01,,0,50,448,8,4944,990,70.0,-1.0,hideit_base_patch16_224.fb_in1k,86.2626,,,0.5578,86.26262623180043,99.9798,,,0.0182,66.4533,0.4141,78.5101,86.856,86.856,
camel.ee.nctu.edu.tw,86,soyageing_r1,hideit_base_patch16_224.fb_in1k,False,,,,sgd,0.0,0.01,,0,50,448,8,984,990,90.0,-1.0,hideit_base_patch16_224.fb_in1k,83.9394,,,0.8019,83.9393939085681,100.0,,,0.2535,14.6261,0.4141,78.5101,86.8794,86.8794,
camel.ee.nctu.edu.tw,86,soyageing_r1,hideit_base_patch16_224.fb_in1k,False,,,,sgd,0.0,0.03,,0,50,448,8,4944,990,70.0,-1.0,hideit_base_patch16_224.fb_in1k,89.596,,,0.4734,89.59595956513375,99.9798,,,0.0017,66.2673,0.4141,78.5101,86.856,86.856,
camel.ee.nctu.edu.tw,86,soyageing_r1,hideit_base_patch16_224.fb_in1k,False,,,,sgd,0.0,0.03,,0,50,448,8,984,990,90.0,-1.0,hideit_base_patch16_224.fb_in1k,84.9495,,,0.5363,84.94949491866912,100.0,,,0.0037,14.5919,0.4141,78.5101,86.8794,86.8794,
camel.ee.nctu.edu.tw,86,soyageing_r1,hideit_base_patch16_224.fb_in1k,False,,,,sgd,0.0,0.1,,0,50,448,8,4944,990,70.0,-1.0,hideit_base_patch16_224.fb_in1k,84.0404,,,0.6576,84.04040402499112,99.8786,,,0.0308,66.1666,0.4141,78.5101,86.856,86.856,
camel.ee.nctu.edu.tw,86,soyageing_r1,hideit_base_patch16_224.fb_in1k,False,,,,sgd,0.0,0.1,,0,50,448,8,984,990,90.0,-1.0,hideit_base_patch16_224.fb_in1k,85.2525,,,0.5716,85.25252522169941,100.0,,,0.0038,14.6792,0.4141,78.5101,86.8794,86.8794,
camel.ee.nctu.edu.tw,86,soyageing_r1,hivit_base_patch16_224.orig_in21k,False,,,,adamw,0.05,5e-06,,0,50,448,8,4944,990,70.0,-1.0,hivit_base_patch16_224.orig_in21k,76.1616,,,1.0941,76.16161614620324,98.9078,,,0.4199,69.4358,0.4141,78.5101,86.856,86.856,
camel.ee.nctu.edu.tw,86,soyageing_r1,hivit_base_patch16_224.orig_in21k,False,,,,adamw,0.05,5e-06,,0,50,448,8,984,990,90.0,-1.0,hivit_base_patch16_224.orig_in21k,72.5253,,,2.7352,72.5252525098396,96.6463,,,3.7918,15.4023,0.4141,78.5101,86.8794,86.8794,
camel.ee.nctu.edu.tw,86,soyageing_r1,hivit_base_patch16_224.orig_in21k,False,,,,adamw,0.05,1e-05,,0,50,448,8,4944,990,70.0,-1.0,hivit_base_patch16_224.orig_in21k,81.2121,,,0.7658,81.2121211967083,99.9393,,,0.028,69.1149,0.4141,78.5101,86.856,86.856,
camel.ee.nctu.edu.tw,86,soyageing_r1,hivit_base_patch16_224.orig_in21k,False,,,,adamw,0.05,1e-05,,0,50,448,8,984,990,90.0,-1.0,hivit_base_patch16_224.orig_in21k,76.7677,,,2.3057,76.76767675226385,99.0854,,,2.4846,15.4859,0.4141,78.5101,86.8794,86.8794,
camel.ee.nctu.edu.tw,86,soyageing_r1,hivit_base_patch16_224.orig_in21k,False,,,,adamw,0.05,5e-05,,0,50,448,8,4944,990,70.0,-1.0,hivit_base_patch16_224.orig_in21k,81.0101,,,1.1637,81.01010097927518,99.9798,,,0.0019,69.2002,0.4141,78.5101,86.856,86.856,
camel.ee.nctu.edu.tw,86,soyageing_r1,hivit_base_patch16_224.orig_in21k,False,,,,adamw,0.05,5e-05,,0,50,448,8,984,990,90.0,-1.0,hivit_base_patch16_224.orig_in21k,83.3333,,,0.7753,83.3333333025075,100.0,,,0.0321,15.3528,0.4141,78.5101,86.8794,86.8794,
camel.ee.nctu.edu.tw,86,soyageing_r1,hivit_base_patch16_224.orig_in21k,False,,,,adamw,0.05,0.0001,,0,50,448,8,4944,990,70.0,-1.0,hivit_base_patch16_224.orig_in21k,82.1212,,,1.0636,82.12121209038628,100.0,,,0.0001,69.369,0.4141,78.5101,86.856,86.856,
camel.ee.nctu.edu.tw,86,soyageing_r1,hivit_base_patch16_224.orig_in21k,False,,,,adamw,0.05,0.0001,,0,50,448,8,984,990,90.0,-1.0,hivit_base_patch16_224.orig_in21k,81.8182,,,0.7974,81.81818178735598,100.0,,,0.0065,15.365,0.4141,78.5101,86.8794,86.8794,
camel.ee.nctu.edu.tw,86,soyageing_r1,hivit_base_patch16_224.orig_in21k,False,,,,adamw,0.05,0.0005,,0,50,448,8,4944,990,70.0,-1.0,hivit_base_patch16_224.orig_in21k,81.6162,,,0.7099,81.61616158533577,93.4466,,,0.6845,69.4956,0.4141,78.5101,86.856,86.856,
camel.ee.nctu.edu.tw,86,soyageing_r1,hivit_base_patch16_224.orig_in21k,False,,,,adamw,0.05,0.0005,,0,50,448,8,984,990,90.0,-1.0,hivit_base_patch16_224.orig_in21k,84.1414,,,0.6245,84.1414141105883,100.0,,,0.0073,15.5089,0.4141,78.5101,86.8794,86.8794,
camel.ee.nctu.edu.tw,86,soyageing_r1,hivit_base_patch16_224.orig_in21k,False,,,,adamw,0.05,0.001,,0,50,448,8,4944,990,70.0,-1.0,hivit_base_patch16_224.orig_in21k,19.4949,,,3.3857,19.494949494949495,32.0388,,,5.2434,69.2808,0.4141,78.5101,86.856,86.856,
camel.ee.nctu.edu.tw,86,soyageing_r1,hivit_base_patch16_224.orig_in21k,False,,,,adamw,0.05,0.001,,0,50,448,8,984,990,90.0,-1.0,hivit_base_patch16_224.orig_in21k,73.1313,,,1.0243,73.13131313131314,95.122,,,0.4758,15.4462,0.4141,78.5101,86.8794,86.8794,
camel.ee.nctu.edu.tw,86,soyageing_r1,hivit_base_patch16_224.orig_in21k,False,,,,sgd,0.0,0.003,,0,50,448,8,4944,990,70.0,-1.0,hivit_base_patch16_224.orig_in21k,62.3232,,,1.9672,62.32323229240649,77.5081,,,2.7478,66.6375,0.4141,78.5101,86.856,86.856,
camel.ee.nctu.edu.tw,86,soyageing_r1,hivit_base_patch16_224.orig_in21k,False,,,,sgd,0.0,0.003,,0,50,448,8,984,990,90.0,-1.0,hivit_base_patch16_224.orig_in21k,60.9091,,,2.6913,60.90909087826507,80.9959,,,4.0296,14.7855,0.4141,78.5101,86.8794,86.8794,
camel.ee.nctu.edu.tw,86,soyageing_r1,hivit_base_patch16_224.orig_in21k,False,,,,sgd,0.0,0.01,,0,50,448,8,4944,990,70.0,-1.0,hivit_base_patch16_224.orig_in21k,81.1111,,,0.7606,81.11111108028527,100.0,,,0.0372,66.5469,0.4141,78.5101,86.856,86.856,
camel.ee.nctu.edu.tw,86,soyageing_r1,hivit_base_patch16_224.orig_in21k,False,,,,sgd,0.0,0.01,,0,50,448,8,984,990,90.0,-1.0,hivit_base_patch16_224.orig_in21k,78.0808,,,1.0106,78.08080804998224,100.0,,,0.3795,14.7542,0.4141,78.5101,86.8794,86.8794,
camel.ee.nctu.edu.tw,86,soyageing_r1,hivit_base_patch16_224.orig_in21k,False,,,,sgd,0.0,0.03,,0,50,448,8,4944,990,70.0,-1.0,hivit_base_patch16_224.orig_in21k,86.2626,,,0.5765,86.26262623180043,100.0,,,0.0016,66.4803,0.4141,78.5101,86.856,86.856,
camel.ee.nctu.edu.tw,86,soyageing_r1,hivit_base_patch16_224.orig_in21k,False,,,,sgd,0.0,0.03,,0,50,448,8,984,990,90.0,-1.0,hivit_base_patch16_224.orig_in21k,83.3333,,,0.6734,83.3333333025075,100.0,,,0.0044,14.8249,0.4141,78.5101,86.8794,86.8794,
camel.ee.nctu.edu.tw,86,soyageing_r1,hivit_base_patch16_224.orig_in21k,False,,,,sgd,0.0,0.1,,0,50,448,8,4944,990,70.0,-1.0,hivit_base_patch16_224.orig_in21k,85.0505,,,0.6532,85.0505050196792,99.6359,,,0.0465,66.4485,0.4141,78.5101,86.856,86.856,
camel.ee.nctu.edu.tw,86,soyageing_r1,hivit_base_patch16_224.orig_in21k,False,,,,sgd,0.0,0.1,,0,50,448,8,984,990,90.0,-1.0,hivit_base_patch16_224.orig_in21k,84.2424,,,0.6207,84.2424242115984,100.0,,,0.0049,14.8505,0.4141,78.5101,86.8794,86.8794,
camel.ee.nctu.edu.tw,86,soygene,hideit_base_patch16_224.fb_in1k,False,,,,adamw,0.05,5e-06,,0,50,448,8,12760,11143,70.0,-1.0,hideit_base_patch16_224.fb_in1k,73.9298,,,1.3,73.92982141391535,99.6787,,,0.2929,184.4842,0.4121,78.5107,87.5139,87.5139,
camel.ee.nctu.edu.tw,86,soygene,hideit_base_patch16_224.fb_in1k,False,,,,adamw,0.05,5e-06,,0,50,448,8,12760,11143,90.0,-1.0,hideit_base_patch16_224.fb_in1k,76.3439,,,1.196,76.34389302838184,99.7492,,,0.2654,184.1222,0.4121,78.5109,87.6473,87.6473,
camel.ee.nctu.edu.tw,86,soygene,hideit_base_patch16_224.fb_in1k,False,,,,adamw,0.05,1e-05,,0,50,448,8,12760,11143,70.0,-1.0,hideit_base_patch16_224.fb_in1k,76.4785,,,0.9779,76.47850668718108,99.9608,,,0.0118,184.5209,0.4121,78.5107,87.5139,87.5139,
camel.ee.nctu.edu.tw,86,soygene,hideit_base_patch16_224.fb_in1k,False,,,,adamw,0.05,1e-05,,0,50,448,8,12760,11143,90.0,-1.0,hideit_base_patch16_224.fb_in1k,77.8336,,,0.9236,77.8336175190935,99.9608,,,0.0096,182.9852,0.4121,78.5109,87.6473,87.6473,
camel.ee.nctu.edu.tw,86,soygene,hideit_base_patch16_224.fb_in1k,False,,,,adamw,0.05,5e-05,,0,50,448,8,12760,11143,70.0,-1.0,hideit_base_patch16_224.fb_in1k,72.8439,,,1.4399,72.84393789960143,99.9373,,,0.004,185.6595,0.4121,78.5107,87.5139,87.5139,
camel.ee.nctu.edu.tw,86,soygene,hideit_base_patch16_224.fb_in1k,False,,,,adamw,0.05,5e-05,,0,50,448,8,12760,11143,90.0,-1.0,hideit_base_patch16_224.fb_in1k,75.7247,,,1.2194,75.72467019653594,99.9451,,,0.0042,184.0769,0.4121,78.5109,87.6473,87.6473,
camel.ee.nctu.edu.tw,86,soygene,hideit_base_patch16_224.fb_in1k,False,,,,adamw,0.05,0.0001,,0,50,448,8,12760,11143,70.0,-1.0,hideit_base_patch16_224.fb_in1k,73.3196,,,1.3685,73.31957282735877,99.9765,,,0.0026,183.5155,0.4121,78.5107,87.5139,87.5139,
camel.ee.nctu.edu.tw,86,soygene,hideit_base_patch16_224.fb_in1k,False,,,,adamw,0.05,0.0001,,0,50,448,8,12760,11143,90.0,-1.0,hideit_base_patch16_224.fb_in1k,79.6644,,,0.8459,79.66436327773621,100.0,,,0.0005,184.8155,0.4121,78.5109,87.6473,87.6473,
camel.ee.nctu.edu.tw,86,soygene,hideit_base_patch16_224.fb_in1k,False,,,,adamw,0.05,0.0005,,0,50,448,8,12760,11143,70.0,-1.0,hideit_base_patch16_224.fb_in1k,2.5128,,,9.2464,2.5127882975859284,31.9122,,,5.9292,184.4337,0.4121,78.5107,87.5139,87.5139,
camel.ee.nctu.edu.tw,86,soygene,hideit_base_patch16_224.fb_in1k,False,,,,adamw,0.05,0.0005,,0,50,448,8,12760,11143,90.0,-1.0,hideit_base_patch16_224.fb_in1k,1.7231,,,12.7269,1.723054832630351,33.605,,,5.7723,182.6474,0.4121,78.5109,87.6473,87.6473,
camel.ee.nctu.edu.tw,86,soygene,hideit_base_patch16_224.fb_in1k,False,,,,adamw,0.05,0.001,,0,50,448,8,12760,11143,70.0,-1.0,hideit_base_patch16_224.fb_in1k,13.9819,,,4.3758,13.981872027196117,17.2022,,,7.7963,183.8458,0.4121,78.5107,87.5139,87.5139,
camel.ee.nctu.edu.tw,86,soygene,hideit_base_patch16_224.fb_in1k,False,,,,adamw,0.05,0.001,,0,50,448,8,12760,11143,90.0,-1.0,hideit_base_patch16_224.fb_in1k,6.5422,,,5.4567,6.542223817643364,23.8793,,,6.9594,183.8555,0.4121,78.5109,87.6473,87.6473,
camel.ee.nctu.edu.tw,86,soygene,hideit_base_patch16_224.fb_in1k,False,,,,sgd,0.0,0.003,,0,50,448,8,12760,11143,70.0,-1.0,hideit_base_patch16_224.fb_in1k,52.7147,,,3.0842,52.71470878715416,69.5533,,,4.295,176.3724,0.4121,78.5107,87.5139,87.5139,
camel.ee.nctu.edu.tw,86,soygene,hideit_base_patch16_224.fb_in1k,False,,,,sgd,0.0,0.003,,0,50,448,8,12760,11143,90.0,-1.0,hideit_base_patch16_224.fb_in1k,55.2185,,,2.8933,55.21852283910844,72.6646,,,4.3077,176.0439,0.4121,78.5109,87.6473,87.6473,
camel.ee.nctu.edu.tw,86,soygene,hideit_base_patch16_224.fb_in1k,False,,,,sgd,0.0,0.01,,0,50,448,8,12760,11143,70.0,-1.0,hideit_base_patch16_224.fb_in1k,78.6413,,,0.8388,78.64129947120429,100.0,,,0.032,176.6536,0.4121,78.5107,87.5139,87.5139,
camel.ee.nctu.edu.tw,86,soygene,hideit_base_patch16_224.fb_in1k,False,,,,sgd,0.0,0.01,,0,50,448,8,12760,11143,90.0,-1.0,hideit_base_patch16_224.fb_in1k,78.8118,,,0.8289,78.81181010568334,100.0,,,0.0312,176.1326,0.4121,78.5109,87.6473,87.6473,
camel.ee.nctu.edu.tw,86,soygene,hideit_base_patch16_224.fb_in1k,False,,,,sgd,0.0,0.03,,0,50,448,8,12760,11143,70.0,-1.0,hideit_base_patch16_224.fb_in1k,79.3951,,,0.8271,79.39513596048006,100.0,,,0.0012,177.2625,0.4121,78.5107,87.5139,87.5139,
camel.ee.nctu.edu.tw,86,soygene,hideit_base_patch16_224.fb_in1k,False,,,,sgd,0.0,0.03,,0,50,448,8,12760,11143,90.0,-1.0,hideit_base_patch16_224.fb_in1k,81.2259,,,0.7421,81.22588172014981,100.0,,,0.0023,175.9168,0.4121,78.5109,87.6473,87.6473,
camel.ee.nctu.edu.tw,86,soygene,hideit_base_patch16_224.fb_in1k,False,,,,sgd,0.0,0.1,,0,50,448,8,12760,11143,70.0,-1.0,hideit_base_patch16_224.fb_in1k,57.9287,,,2.0058,57.92874450361794,93.1034,,,0.8075,177.1045,0.4121,78.5107,87.5139,87.5139,
camel.ee.nctu.edu.tw,86,soygene,hideit_base_patch16_224.fb_in1k,False,,,,sgd,0.0,0.1,,0,50,448,8,12760,11143,90.0,-1.0,hideit_base_patch16_224.fb_in1k,55.757,,,2.1824,55.75697747430542,93.1583,,,0.5159,179.5769,0.4121,78.5109,87.6473,87.6473,
camel.ee.nctu.edu.tw,86,soygene,hivit_base_patch16_224.orig_in21k,False,,,,adamw,0.05,5e-06,,0,50,448,8,12760,11143,70.0,-1.0,hivit_base_patch16_224.orig_in21k,51.4852,,,2.7134,51.48523737012104,94.2868,,,1.7964,184.7755,0.4121,78.5107,87.5139,87.5139,
camel.ee.nctu.edu.tw,86,soygene,hivit_base_patch16_224.orig_in21k,False,,,,adamw,0.05,5e-06,,0,50,448,8,12760,11143,90.0,-1.0,hivit_base_patch16_224.orig_in21k,53.0647,,,2.6206,53.0647043000322,94.0047,,,1.8394,183.7386,0.4121,78.5109,87.6473,87.6473,
camel.ee.nctu.edu.tw,86,soygene,hivit_base_patch16_224.orig_in21k,False,,,,adamw,0.05,1e-05,,0,50,448,8,12760,11143,70.0,-1.0,hivit_base_patch16_224.orig_in21k,57.6954,,,2.0438,57.69541416101457,99.8981,,,0.2042,185.304,0.4121,78.5107,87.5139,87.5139,
camel.ee.nctu.edu.tw,86,soygene,hivit_base_patch16_224.orig_in21k,False,,,,adamw,0.05,1e-05,,0,50,448,8,12760,11143,90.0,-1.0,hivit_base_patch16_224.orig_in21k,61.0428,,,1.868,61.04280714315582,99.7884,,,0.277,185.5081,0.4121,78.5109,87.6473,87.6473,
camel.ee.nctu.edu.tw,86,soygene,hivit_base_patch16_224.orig_in21k,False,,,,adamw,0.05,5e-05,,0,50,448,8,12760,11143,70.0,-1.0,hivit_base_patch16_224.orig_in21k,62.1377,,,2.07,62.13766490310139,99.9687,,,0.0055,185.0304,0.4121,78.5107,87.5139,87.5139,
camel.ee.nctu.edu.tw,86,soygene,hivit_base_patch16_224.orig_in21k,False,,,,adamw,0.05,5e-05,,0,50,448,8,12760,11143,90.0,-1.0,hivit_base_patch16_224.orig_in21k,63.8517,,,1.9585,63.85174549010009,99.9608,,,0.0031,183.9872,0.4121,78.5109,87.6473,87.6473,
camel.ee.nctu.edu.tw,86,soygene,hivit_base_patch16_224.orig_in21k,False,,,,adamw,0.05,0.0001,,0,50,448,8,12760,11143,70.0,-1.0,hivit_base_patch16_224.orig_in21k,66.7504,,,1.8174,66.75042627795555,99.9765,,,0.0042,184.3181,0.4121,78.5107,87.5139,87.5139,
camel.ee.nctu.edu.tw,86,soygene,hivit_base_patch16_224.orig_in21k,False,,,,adamw,0.05,0.0001,,0,50,448,8,12760,11143,90.0,-1.0,hivit_base_patch16_224.orig_in21k,71.7491,,,1.361,71.74908014068289,99.9922,,,0.0005,184.0036,0.4121,78.5109,87.6473,87.6473,
camel.ee.nctu.edu.tw,86,soygene,hivit_base_patch16_224.orig_in21k,False,,,,adamw,0.05,0.0005,,0,50,448,8,12760,11143,70.0,-1.0,hivit_base_patch16_224.orig_in21k,35.5739,,,2.8006,35.5739028985952,55.8699,,,3.8273,183.9274,0.4121,78.5107,87.5139,87.5139,
camel.ee.nctu.edu.tw,86,soygene,hivit_base_patch16_224.orig_in21k,False,,,,adamw,0.05,0.0005,,0,50,448,8,12760,11143,90.0,-1.0,hivit_base_patch16_224.orig_in21k,40.6354,,,2.5238,40.635376469874785,61.442,,,3.0872,183.1993,0.4121,78.5109,87.6473,87.6473,
camel.ee.nctu.edu.tw,86,soygene,hivit_base_patch16_224.orig_in21k,False,,,,adamw,0.05,0.001,,0,50,448,8,12760,11143,70.0,-1.0,hivit_base_patch16_224.orig_in21k,1.6782,,,7.0443,1.678183612859432,12.9232,,,8.4858,184.4341,0.4121,78.5107,87.5139,87.5139,
camel.ee.nctu.edu.tw,86,soygene,hivit_base_patch16_224.orig_in21k,False,,,,adamw,0.05,0.001,,0,50,448,8,12760,11143,90.0,-1.0,hivit_base_patch16_224.orig_in21k,6.3538,,,5.9867,6.353764695324419,34.1693,,,5.7764,183.7697,0.4121,78.5109,87.6473,87.6473,
camel.ee.nctu.edu.tw,86,soygene,hivit_base_patch16_224.orig_in21k,False,,,,sgd,0.0,0.003,,0,50,448,8,12760,11143,70.0,-1.0,hivit_base_patch16_224.orig_in21k,28.7535,,,4.0,28.75347751986132,42.4765,,,6.2534,177.6916,0.4121,78.5107,87.5139,87.5139,
camel.ee.nctu.edu.tw,86,soygene,hivit_base_patch16_224.orig_in21k,False,,,,sgd,0.0,0.003,,0,50,448,8,12760,11143,90.0,-1.0,hivit_base_patch16_224.orig_in21k,27.1022,,,4.0187,27.102216638077056,38.1818,,,6.8047,175.6693,0.4121,78.5109,87.6473,87.6473,
camel.ee.nctu.edu.tw,86,soygene,hivit_base_patch16_224.orig_in21k,False,,,,sgd,0.0,0.01,,0,50,448,8,12760,11143,70.0,-1.0,hivit_base_patch16_224.orig_in21k,66.9299,,,1.4056,66.92991115635455,99.6708,,,0.3116,176.5356,0.4121,78.5107,87.5139,87.5139,
camel.ee.nctu.edu.tw,86,soygene,hivit_base_patch16_224.orig_in21k,False,,,,sgd,0.0,0.01,,0,50,448,8,12760,11143,90.0,-1.0,hivit_base_patch16_224.orig_in21k,65.8171,,,1.4656,65.81710490959611,98.7696,,,0.4691,176.1181,0.4121,78.5109,87.6473,87.6473,
camel.ee.nctu.edu.tw,86,soygene,hivit_base_patch16_224.orig_in21k,False,,,,sgd,0.0,0.03,,0,50,448,8,12760,11143,70.0,-1.0,hivit_base_patch16_224.orig_in21k,74.6926,,,1.0611,74.69263214711108,99.9843,,,0.0069,176.8892,0.4121,78.5107,87.5139,87.5139,
camel.ee.nctu.edu.tw,86,soygene,hivit_base_patch16_224.orig_in21k,False,,,,sgd,0.0,0.03,,0,50,448,8,12760,11143,90.0,-1.0,hivit_base_patch16_224.orig_in21k,74.7555,,,1.0461,74.75545185455073,99.9922,,,0.0056,177.2098,0.4121,78.5109,87.6473,87.6473,
camel.ee.nctu.edu.tw,86,soygene,hivit_base_patch16_224.orig_in21k,False,,,,sgd,0.0,0.1,,0,50,448,8,12760,11143,70.0,-1.0,hivit_base_patch16_224.orig_in21k,,,,,,,,,,,,,,,
camel.ee.nctu.edu.tw,86,soygene,hivit_base_patch16_224.orig_in21k,False,,,,sgd,0.0,0.1,,0,50,448,8,12760,11143,90.0,-1.0,hivit_base_patch16_224.orig_in21k,60.0915,,,1.9138,60.091537287641145,93.4248,,,0.454,176.4881,0.4121,78.5109,87.6473,87.6473,
camel.ee.nctu.edu.tw,86,soyglobal,hideit_base_patch16_224.fb_in1k,False,,,,adamw,0.05,5e-06,,0,50,448,8,5808,5814,90.0,-1.0,hideit_base_patch16_224.fb_in1k,37.1861,,,5.6516,37.186102509867666,96.7803,,,7.34,86.3767,0.4121,78.5115,88.3443,88.3443,
camel.ee.nctu.edu.tw,86,soyglobal,hideit_base_patch16_224.fb_in1k,False,,,,adamw,0.05,1e-05,,0,50,448,8,5808,5814,90.0,-1.0,hideit_base_patch16_224.fb_in1k,41.0561,,,5.1585,41.056071551427586,99.5523,,,4.8476,85.9685,0.4121,78.5115,88.3443,88.3443,
camel.ee.nctu.edu.tw,86,soyglobal,hideit_base_patch16_224.fb_in1k,False,,,,adamw,0.05,5e-05,,0,50,448,8,5808,5814,90.0,-1.0,hideit_base_patch16_224.fb_in1k,60.2511,,,2.5284,60.25111799105607,100.0,,,0.0223,85.7958,0.4121,78.5115,88.3443,88.3443,
camel.ee.nctu.edu.tw,86,soyglobal,hideit_base_patch16_224.fb_in1k,False,,,,adamw,0.05,0.0001,,0,50,448,8,5808,5814,90.0,-1.0,hideit_base_patch16_224.fb_in1k,60.9563,,,1.9896,60.9563123495012,100.0,,,0.1196,85.5247,0.4121,78.5115,88.3443,88.3443,
camel.ee.nctu.edu.tw,86,soyglobal,hideit_base_patch16_224.fb_in1k,False,,,,adamw,0.05,0.0005,,0,50,448,8,5808,5814,90.0,-1.0,hideit_base_patch16_224.fb_in1k,22.9102,,,3.8899,22.910216716954007,68.1818,,,2.9243,85.2999,0.4121,78.5115,88.3443,88.3443,
camel.ee.nctu.edu.tw,86,soyglobal,hideit_base_patch16_224.fb_in1k,False,,,,adamw,0.05,0.001,,0,50,448,8,5808,5814,70.0,-1.0,hideit_base_patch16_224.fb_in1k,,,,,,,,,,,,,,,
camel.ee.nctu.edu.tw,86,soyglobal,hideit_base_patch16_224.fb_in1k,False,,,,adamw,0.05,0.001,,0,50,448,8,5808,5814,90.0,-1.0,hideit_base_patch16_224.fb_in1k,14.0523,,,4.5283,14.052287581043224,37.6894,,,5.8104,85.4599,0.4121,78.5115,88.3443,88.3443,
camel.ee.nctu.edu.tw,86,soyglobal,hideit_base_patch16_224.fb_in1k,False,,,,sgd,0.0,0.003,,0,50,448,8,5808,5814,70.0,-1.0,hideit_base_patch16_224.fb_in1k,15.4627,,,5.9435,15.462676297933488,37.655,,,9.8016,82.3801,0.4121,78.5113,88.1117,88.1117,
camel.ee.nctu.edu.tw,86,soyglobal,hideit_base_patch16_224.fb_in1k,False,,,,sgd,0.0,0.003,,0,50,448,8,5808,5814,90.0,-1.0,hideit_base_patch16_224.fb_in1k,15.3079,,,5.9124,15.307877536979705,37.0868,,,10.2651,82.2414,0.4121,78.5115,88.3443,88.3443,
camel.ee.nctu.edu.tw,86,soyglobal,hideit_base_patch16_224.fb_in1k,False,,,,sgd,0.0,0.01,,0,50,448,8,5808,5814,70.0,-1.0,hideit_base_patch16_224.fb_in1k,44.4788,,,3.5325,44.4788441679344,98.7431,,,2.1517,82.2118,0.4121,78.5113,88.1117,88.1117,
camel.ee.nctu.edu.tw,86,soyglobal,hideit_base_patch16_224.fb_in1k,False,,,,sgd,0.0,0.01,,0,50,448,8,5808,5814,90.0,-1.0,hideit_base_patch16_224.fb_in1k,47.8844,,,3.3884,47.884416924664606,99.0014,,,2.065,82.7418,0.4121,78.5115,88.3443,88.3443,
camel.ee.nctu.edu.tw,86,soyglobal,hideit_base_patch16_224.fb_in1k,False,,,,sgd,0.0,0.03,,0,50,448,8,5808,5814,70.0,-1.0,hideit_base_patch16_224.fb_in1k,59.5631,,,1.8233,59.56312348976306,100.0,,,0.0039,82.3157,0.4121,78.5113,88.1117,88.1117,
camel.ee.nctu.edu.tw,86,soyglobal,hideit_base_patch16_224.fb_in1k,False,,,,sgd,0.0,0.03,,0,50,448,8,5808,5814,90.0,-1.0,hideit_base_patch16_224.fb_in1k,63.8459,,,1.6242,63.84588922763716,100.0,,,0.0052,82.773,0.4121,78.5115,88.3443,88.3443,
camel.ee.nctu.edu.tw,86,soyglobal,hideit_base_patch16_224.fb_in1k,False,,,,sgd,0.0,0.1,,0,50,448,8,5808,5814,70.0,-1.0,hideit_base_patch16_224.fb_in1k,56.3639,,,2.1859,56.36394908709504,99.9483,,,0.0266,82.1775,0.4121,78.5113,88.1117,88.1117,
camel.ee.nctu.edu.tw,86,soyglobal,hideit_base_patch16_224.fb_in1k,False,,,,sgd,0.0,0.1,,0,50,448,8,5808,5814,90.0,-1.0,hideit_base_patch16_224.fb_in1k,36.7561,,,3.4938,36.75610595115239,96.9869,,,0.315,82.1222,0.4121,78.5115,88.3443,88.3443,
camel.ee.nctu.edu.tw,86,soyglobal,hivit_base_patch16_224.orig_in21k,False,,,,adamw,0.05,5e-06,,0,50,448,8,5808,5814,90.0,-1.0,hivit_base_patch16_224.orig_in21k,29.2226,,,5.771,29.222566218158,90.8919,,,8.0167,86.7462,0.4121,78.5115,88.3443,88.3443,
camel.ee.nctu.edu.tw,86,soyglobal,hivit_base_patch16_224.orig_in21k,False,,,,adamw,0.05,1e-05,,0,50,448,8,5808,5814,90.0,-1.0,hivit_base_patch16_224.orig_in21k,38.2009,,,5.2169,38.20089439284486,97.5034,,,5.9305,86.1196,0.4121,78.5115,88.3443,88.3443,
camel.ee.nctu.edu.tw,86,soyglobal,hivit_base_patch16_224.orig_in21k,False,,,,adamw,0.05,5e-05,,0,50,448,8,5808,5814,90.0,-1.0,hivit_base_patch16_224.orig_in21k,58.3591,,,2.4149,58.35913312562274,100.0,,,0.0043,86.0905,0.4121,78.5115,88.3443,88.3443,
camel.ee.nctu.edu.tw,86,soyglobal,hivit_base_patch16_224.orig_in21k,False,,,,adamw,0.05,0.0001,,0,50,448,8,5808,5814,90.0,-1.0,hivit_base_patch16_224.orig_in21k,60.7671,,,1.855,60.767113857840116,100.0,,,0.0003,85.832,0.4121,78.5115,88.3443,88.3443,
camel.ee.nctu.edu.tw,86,soyglobal,hivit_base_patch16_224.orig_in21k,False,,,,adamw,0.05,0.0005,,0,50,448,8,5808,5814,90.0,-1.0,hivit_base_patch16_224.orig_in21k,27.7606,,,3.4406,27.76057791406443,70.2824,,,2.7036,85.8804,0.4121,78.5115,88.3443,88.3443,
camel.ee.nctu.edu.tw,86,soyglobal,hivit_base_patch16_224.orig_in21k,False,,,,adamw,0.05,0.001,,0,50,448,8,5808,5814,90.0,-1.0,hivit_base_patch16_224.orig_in21k,2.5456,,,6.9423,2.545579635362917,20.7989,,,7.7138,86.3076,0.4121,78.5115,88.3443,88.3443,
camel.ee.nctu.edu.tw,86,soyglobal,hivit_base_patch16_224.orig_in21k,False,,,,sgd,0.0,0.003,,0,50,448,8,5808,5814,90.0,-1.0,hivit_base_patch16_224.orig_in21k,15.1359,,,5.8796,15.135878912312574,37.8616,,,10.0951,82.3982,0.4121,78.5115,88.3443,88.3443,
camel.ee.nctu.edu.tw,86,soyglobal,hivit_base_patch16_224.orig_in21k,False,,,,sgd,0.0,0.01,,0,50,448,8,5808,5814,90.0,-1.0,hivit_base_patch16_224.orig_in21k,48.452,,,3.2517,48.45201238390093,98.4676,,,2.0868,82.7607,0.4121,78.5115,88.3443,88.3443,
camel.ee.nctu.edu.tw,86,soyglobal,hivit_base_patch16_224.orig_in21k,False,,,,sgd,0.0,0.03,,0,50,448,8,5808,5814,90.0,-1.0,hivit_base_patch16_224.orig_in21k,63.4847,,,1.5999,63.48469211983853,100.0,,,0.0065,82.712,0.4121,78.5115,88.3443,88.3443,
camel.ee.nctu.edu.tw,86,soyglobal,hivit_base_patch16_224.orig_in21k,False,,,,sgd,0.0,0.1,,0,50,448,8,5808,5814,90.0,-1.0,hivit_base_patch16_224.orig_in21k,54.902,,,2.3276,54.90196078300148,99.9828,,,0.0075,82.0826,0.4121,78.5115,88.3443,88.3443,
fae-G493-ZB3-AAP1-000,90,cotton,hideit_base_patch16_224.fb_in1k,False,,,,adamw,0.05,5e-06,,0,50,448,8,240,240,90.0,-1.0,hideit_base_patch16_224.fb_in1k,56.25,,,3.3854,56.25,98.75,,,4.3599,6.4849,0.3926,78.51,86.7802,86.7802,
fae-G493-ZB3-AAP1-000,90,cotton,hideit_base_patch16_224.fb_in1k,False,,,,adamw,0.05,1e-05,,0,50,448,8,240,240,90.0,-1.0,hideit_base_patch16_224.fb_in1k,58.75,,,3.2666,58.75,99.5833,,,3.6582,6.532,0.3926,78.51,86.7802,86.7802,
fae-G493-ZB3-AAP1-000,90,cotton,hideit_base_patch16_224.fb_in1k,False,,,,adamw,0.05,5e-05,,0,50,448,8,240,240,90.0,-1.0,hideit_base_patch16_224.fb_in1k,67.5,,,2.6638,67.5,100.0,,,1.6662,6.4503,0.3926,78.51,86.7802,86.7802,
fae-G493-ZB3-AAP1-000,90,cotton,hideit_base_patch16_224.fb_in1k,False,,,,adamw,0.05,0.0001,,0,50,448,8,240,240,90.0,-1.0,hideit_base_patch16_224.fb_in1k,65.8333,,,2.3865,65.83333333333333,100.0,,,1.4622,6.168,0.3926,78.51,86.7802,86.7802,
fae-G493-ZB3-AAP1-000,90,cotton,hideit_base_patch16_224.fb_in1k,False,,,,adamw,0.05,0.0005,,0,50,448,8,240,240,90.0,-1.0,hideit_base_patch16_224.fb_in1k,60.4167,,,2.6691,60.416666666666664,100.0,,,1.4212,6.5181,0.3926,78.51,86.7802,86.7802,
fae-G493-ZB3-AAP1-000,90,cotton,hideit_base_patch16_224.fb_in1k,False,,,,adamw,0.05,0.001,,0,50,448,8,240,240,90.0,-1.0,hideit_base_patch16_224.fb_in1k,58.3333,,,3.016,58.333333333333336,98.75,,,1.5246,6.7651,0.3926,78.51,86.7802,86.7802,
fae-G493-ZB3-AAP1-000,90,cotton,hideit_base_patch16_224.fb_in1k,False,,,,sgd,0.0,0.003,,0,50,448,8,240,240,90.0,-1.0,hideit_base_patch16_224.fb_in1k,39.5833,,,3.4762,39.583333333333336,81.6667,,,5.3619,6.4472,0.3926,78.51,86.7802,86.7802,
fae-G493-ZB3-AAP1-000,90,cotton,hideit_base_patch16_224.fb_in1k,False,,,,sgd,0.0,0.01,,0,50,448,8,240,240,90.0,-1.0,hideit_base_patch16_224.fb_in1k,59.5833,,,2.6598,59.583333333333336,100.0,,,2.1335,6.1405,0.3926,78.51,86.7802,86.7802,
fae-G493-ZB3-AAP1-000,90,cotton,hideit_base_patch16_224.fb_in1k,False,,,,sgd,0.0,0.03,,0,50,448,8,240,240,90.0,-1.0,hideit_base_patch16_224.fb_in1k,66.25,,,2.4197,66.25,100.0,,,1.4389,6.676,0.3926,78.51,86.7802,86.7802,
fae-G493-ZB3-AAP1-000,90,cotton,hideit_base_patch16_224.fb_in1k,False,,,,sgd,0.0,0.1,,0,50,448,8,240,240,90.0,-1.0,hideit_base_patch16_224.fb_in1k,64.5833,,,2.7713,64.58333333333333,100.0,,,1.443,6.5604,0.3926,78.51,86.7802,86.7802,
fae-G493-ZB3-AAP1-000,90,cotton,hivit_base_patch16_224.orig_in21k,False,,,,adamw,0.05,5e-06,,0,50,448,8,240,240,90.0,-1.0,hivit_base_patch16_224.orig_in21k,50.8333,,,3.5172,50.833333333333336,98.75,,,4.7589,6.4632,0.3926,78.51,86.7802,86.7802,
fae-G493-ZB3-AAP1-000,90,cotton,hivit_base_patch16_224.orig_in21k,False,,,,adamw,0.05,1e-05,,0,50,448,8,240,240,90.0,-1.0,hivit_base_patch16_224.orig_in21k,50.0,,,3.4046,50.0,99.5833,,,4.087,5.9545,0.3926,78.51,86.7802,86.7802,
fae-G493-ZB3-AAP1-000,90,cotton,hivit_base_patch16_224.orig_in21k,False,,,,adamw,0.05,5e-05,,0,50,448,8,240,240,90.0,-1.0,hivit_base_patch16_224.orig_in21k,62.9167,,,2.8018,62.916666666666664,100.0,,,1.7849,6.6836,0.3926,78.51,86.7802,86.7802,
fae-G493-ZB3-AAP1-000,90,cotton,hivit_base_patch16_224.orig_in21k,False,,,,adamw,0.05,0.0001,,0,50,448,8,240,240,90.0,-1.0,hivit_base_patch16_224.orig_in21k,66.25,,,2.4577,66.25,100.0,,,1.4814,6.0663,0.3926,78.51,86.7802,86.7802,
fae-G493-ZB3-AAP1-000,90,cotton,hivit_base_patch16_224.orig_in21k,False,,,,adamw,0.05,0.0005,,0,50,448,8,240,240,90.0,-1.0,hivit_base_patch16_224.orig_in21k,57.9167,,,2.7178,57.916666666666664,100.0,,,1.4248,6.469,0.3926,78.51,86.7802,86.7802,
fae-G493-ZB3-AAP1-000,90,cotton,hivit_base_patch16_224.orig_in21k,False,,,,adamw,0.05,0.001,,0,50,448,8,240,240,90.0,-1.0,hivit_base_patch16_224.orig_in21k,57.9167,,,3.0291,57.916666666666664,100.0,,,1.5188,5.1916,0.3926,78.51,86.7802,86.7802,
fae-G493-ZB3-AAP1-000,90,cotton,hivit_base_patch16_224.orig_in21k,False,,,,sgd,0.0,0.003,,0,50,448,8,240,240,90.0,-1.0,hivit_base_patch16_224.orig_in21k,38.3333,,,3.5019,38.333333333333336,85.8333,,,5.1893,5.656,0.3926,78.51,86.7802,86.7802,
fae-G493-ZB3-AAP1-000,90,cotton,hivit_base_patch16_224.orig_in21k,False,,,,sgd,0.0,0.01,,0,50,448,8,240,240,90.0,-1.0,hivit_base_patch16_224.orig_in21k,53.3333,,,2.7558,53.333333333333336,99.1667,,,2.0517,5.2874,0.3926,78.51,86.7802,86.7802,
fae-G493-ZB3-AAP1-000,90,cotton,hivit_base_patch16_224.orig_in21k,False,,,,sgd,0.0,0.03,,0,50,448,8,240,240,90.0,-1.0,hivit_base_patch16_224.orig_in21k,63.3333,,,2.5651,63.333333333333336,99.5833,,,1.4498,5.3033,0.3926,78.51,86.7802,86.7802,
fae-G493-ZB3-AAP1-000,90,cotton,hivit_base_patch16_224.orig_in21k,False,,,,sgd,0.0,0.1,,0,50,448,8,240,240,90.0,-1.0,hivit_base_patch16_224.orig_in21k,61.25,,,2.9306,61.25,100.0,,,1.4619,5.6504,0.3926,78.51,86.7802,86.7802,
camel.ee.nctu.edu.tw,90,soylocal,hideit_base_patch16_224.fb_in1k,False,,,,adamw,0.05,5e-06,,0,50,448,8,600,600,90.0,-1.0,hideit_base_patch16_224.fb_in1k,48.3333,,,4.2061,48.333333333333336,96.6667,,,6.1101,9.4821,0.4141,78.5101,86.8812,86.8812,
camel.ee.nctu.edu.tw,90,soylocal,hideit_base_patch16_224.fb_in1k,False,,,,adamw,0.05,1e-05,,0,50,448,8,600,600,90.0,-1.0,hideit_base_patch16_224.fb_in1k,52.3333,,,4.0626,52.333333333333336,98.5,,,5.0869,9.3906,0.4141,78.5101,86.8812,86.8812,
camel.ee.nctu.edu.tw,90,soylocal,hideit_base_patch16_224.fb_in1k,False,,,,adamw,0.05,5e-05,,0,50,448,8,600,600,90.0,-1.0,hideit_base_patch16_224.fb_in1k,57.6667,,,3.1978,57.666666666666664,100.0,,,1.8229,9.4396,0.4141,78.5101,86.8812,86.8812,
camel.ee.nctu.edu.tw,90,soylocal,hideit_base_patch16_224.fb_in1k,False,,,,adamw,0.05,0.0001,,0,50,448,8,600,600,90.0,-1.0,hideit_base_patch16_224.fb_in1k,54.8333,,,2.9866,54.833333333333336,100.0,,,1.64,9.511,0.4141,78.5101,86.8812,86.8812,
camel.ee.nctu.edu.tw,90,soylocal,hideit_base_patch16_224.fb_in1k,False,,,,adamw,0.05,0.0005,,0,50,448,8,600,600,90.0,-1.0,hideit_base_patch16_224.fb_in1k,53.6667,,,3.4219,53.666666666666664,99.3333,,,1.842,9.4599,0.4141,78.5101,86.8812,86.8812,
camel.ee.nctu.edu.tw,90,soylocal,hideit_base_patch16_224.fb_in1k,False,,,,adamw,0.05,0.001,,0,50,448,8,600,600,90.0,-1.0,hideit_base_patch16_224.fb_in1k,27.6667,,,4.1668,27.666666666666668,47.3333,,,5.271,9.3757,0.4141,78.5101,86.8812,86.8812,
camel.ee.nctu.edu.tw,90,soylocal,hideit_base_patch16_224.fb_in1k,False,,,,sgd,0.0,0.003,,0,50,448,8,600,600,90.0,-1.0,hideit_base_patch16_224.fb_in1k,32.3333,,,4.2492,32.333333333333336,63.5,,,7.1407,9.0583,0.4141,78.5101,86.8812,86.8812,
camel.ee.nctu.edu.tw,90,soylocal,hideit_base_patch16_224.fb_in1k,False,,,,sgd,0.0,0.01,,0,50,448,8,600,600,90.0,-1.0,hideit_base_patch16_224.fb_in1k,51.3333,,,3.2872,51.333333333333336,98.5,,,3.048,9.0318,0.4141,78.5101,86.8812,86.8812,
camel.ee.nctu.edu.tw,90,soylocal,hideit_base_patch16_224.fb_in1k,False,,,,sgd,0.0,0.03,,0,50,448,8,600,600,90.0,-1.0,hideit_base_patch16_224.fb_in1k,52.6667,,,3.1834,52.666666666666664,99.8333,,,1.67,9.053,0.4141,78.5101,86.8812,86.8812,
camel.ee.nctu.edu.tw,90,soylocal,hideit_base_patch16_224.fb_in1k,False,,,,sgd,0.0,0.1,,0,50,448,8,600,600,90.0,-1.0,hideit_base_patch16_224.fb_in1k,51.1667,,,3.8775,51.166666666666664,99.6667,,,1.7086,9.1039,0.4141,78.5101,86.8812,86.8812,
camel.ee.nctu.edu.tw,90,soylocal,hivit_base_patch16_224.orig_in21k,False,,,,adamw,0.05,5e-06,,0,50,448,8,600,600,90.0,-1.0,hivit_base_patch16_224.orig_in21k,38.6667,,,4.3853,38.666666666666664,92.6667,,,6.7094,9.4963,0.4141,78.5101,86.8812,86.8812,
camel.ee.nctu.edu.tw,90,soylocal,hivit_base_patch16_224.orig_in21k,False,,,,adamw,0.05,1e-05,,0,50,448,8,600,600,90.0,-1.0,hivit_base_patch16_224.orig_in21k,41.3333,,,4.2394,41.333333333333336,97.3333,,,5.8042,9.3857,0.4141,78.5101,86.8812,86.8812,
camel.ee.nctu.edu.tw,90,soylocal,hivit_base_patch16_224.orig_in21k,False,,,,adamw,0.05,5e-05,,0,50,448,8,600,600,90.0,-1.0,hivit_base_patch16_224.orig_in21k,55.1667,,,3.4251,55.166666666666664,100.0,,,2.0367,9.4585,0.4141,78.5101,86.8812,86.8812,
camel.ee.nctu.edu.tw,90,soylocal,hivit_base_patch16_224.orig_in21k,False,,,,adamw,0.05,0.0001,,0,50,448,8,600,600,90.0,-1.0,hivit_base_patch16_224.orig_in21k,51.8333,,,3.0825,51.833333333333336,100.0,,,1.6579,9.3246,0.4141,78.5101,86.8812,86.8812,
camel.ee.nctu.edu.tw,90,soylocal,hivit_base_patch16_224.orig_in21k,False,,,,adamw,0.05,0.0005,,0,50,448,8,600,600,90.0,-1.0,hivit_base_patch16_224.orig_in21k,45.3333,,,3.5911,45.333333333333336,99.6667,,,1.8195,9.2422,0.4141,78.5101,86.8812,86.8812,
camel.ee.nctu.edu.tw,90,soylocal,hivit_base_patch16_224.orig_in21k,False,,,,adamw,0.05,0.001,,0,50,448,8,600,600,90.0,-1.0,hivit_base_patch16_224.orig_in21k,24.0,,,4.308,24.0,44.3333,,,5.4888,9.4354,0.4141,78.5101,86.8812,86.8812,
camel.ee.nctu.edu.tw,90,soylocal,hivit_base_patch16_224.orig_in21k,False,,,,sgd,0.0,0.003,,0,50,448,8,600,600,90.0,-1.0,hivit_base_patch16_224.orig_in21k,27.0,,,4.2655,27.0,60.3333,,,7.0714,9.0262,0.4141,78.5101,86.8812,86.8812,
camel.ee.nctu.edu.tw,90,soylocal,hivit_base_patch16_224.orig_in21k,False,,,,sgd,0.0,0.01,,0,50,448,8,600,600,90.0,-1.0,hivit_base_patch16_224.orig_in21k,46.0,,,3.4148,46.0,97.8333,,,3.2871,9.0804,0.4141,78.5101,86.8812,86.8812,
camel.ee.nctu.edu.tw,90,soylocal,hivit_base_patch16_224.orig_in21k,False,,,,sgd,0.0,0.03,,0,50,448,8,600,600,90.0,-1.0,hivit_base_patch16_224.orig_in21k,56.0,,,3.2061,56.0,99.8333,,,1.6849,9.0806,0.4141,78.5101,86.8812,86.8812,
camel.ee.nctu.edu.tw,90,soylocal,hivit_base_patch16_224.orig_in21k,False,,,,sgd,0.0,0.1,,0,50,448,8,600,600,90.0,-1.0,hivit_base_patch16_224.orig_in21k,50.3333,,,4.0205,50.333333333333336,99.8333,,,1.7184,8.9634,0.4141,78.5101,86.8812,86.8812,
fae-G493-ZB3-AAP1-000,91,cotton,hideit_base_patch16_224.fb_in1k,False,,,,adamw,0.05,5e-06,,0,50,448,8,240,240,90.0,-1.0,hideit_base_patch16_224.fb_in1k,62.0833,,,2.9793,62.083333333333336,95.2083,,,4.2108,10.0047,0.3926,78.51,86.7802,86.7802,
fae-G493-ZB3-AAP1-000,91,cotton,hideit_base_patch16_224.fb_in1k,False,,,,adamw,0.05,1e-05,,0,50,448,8,240,240,90.0,-1.0,hideit_base_patch16_224.fb_in1k,63.3333,,,2.7706,63.333333333333336,96.25,,,3.4355,10.0415,0.3926,78.51,86.7802,86.7802,
fae-G493-ZB3-AAP1-000,91,cotton,hideit_base_patch16_224.fb_in1k,False,,,,adamw,0.05,5e-05,,0,50,448,8,240,240,90.0,-1.0,hideit_base_patch16_224.fb_in1k,69.1667,,,1.9106,69.16666666666667,92.0833,,,1.4797,10.017,0.3926,78.51,86.7802,86.7802,
fae-G493-ZB3-AAP1-000,91,cotton,hideit_base_patch16_224.fb_in1k,False,,,,adamw,0.05,0.0001,,0,50,448,8,240,240,90.0,-1.0,hideit_base_patch16_224.fb_in1k,69.1667,,,1.4192,69.16666666666667,98.125,,,0.8604,9.9947,0.3926,78.51,86.7802,86.7802,
fae-G493-ZB3-AAP1-000,91,cotton,hideit_base_patch16_224.fb_in1k,False,,,,adamw,0.05,0.0005,,0,50,448,8,240,240,90.0,-1.0,hideit_base_patch16_224.fb_in1k,60.8333,,,1.5318,60.833333333333336,89.375,,,0.5441,9.9322,0.3926,78.51,86.7802,86.7802,
fae-G493-ZB3-AAP1-000,91,cotton,hideit_base_patch16_224.fb_in1k,False,,,,adamw,0.05,0.001,,0,50,448,8,240,240,90.0,-1.0,hideit_base_patch16_224.fb_in1k,61.6667,,,1.504,61.666666666666664,93.75,,,0.9456,10.172,0.3926,78.51,86.7802,86.7802,
fae-G493-ZB3-AAP1-000,91,cotton,hideit_base_patch16_224.fb_in1k,False,,,,sgd,0.0,0.003,,0,50,448,8,240,240,90.0,-1.0,hideit_base_patch16_224.fb_in1k,43.3333,,,3.1809,43.333333333333336,67.9167,,,5.2879,10.4953,0.3926,78.51,86.7802,86.7802,
fae-G493-ZB3-AAP1-000,91,cotton,hideit_base_patch16_224.fb_in1k,False,,,,sgd,0.0,0.01,,0,50,448,8,240,240,90.0,-1.0,hideit_base_patch16_224.fb_in1k,66.25,,,1.9329,66.25,96.875,,,1.7792,10.9269,0.3926,78.51,86.7802,86.7802,
fae-G493-ZB3-AAP1-000,91,cotton,hideit_base_patch16_224.fb_in1k,False,,,,sgd,0.0,0.03,,0,50,448,8,240,240,90.0,-1.0,hideit_base_patch16_224.fb_in1k,70.0,,,1.188,70.0,96.6667,,,0.696,10.6822,0.3926,78.51,86.7802,86.7802,
fae-G493-ZB3-AAP1-000,91,cotton,hideit_base_patch16_224.fb_in1k,False,,,,sgd,0.0,0.1,,0,50,448,8,240,240,90.0,-1.0,hideit_base_patch16_224.fb_in1k,71.25,,,1.1671,71.25,85.8333,,,0.6856,11.5533,0.3926,78.51,86.7802,86.7802,
fae-G493-ZB3-AAP1-000,91,cotton,hivit_base_patch16_224.orig_in21k,False,,,,adamw,0.05,5e-06,,0,50,448,8,240,240,90.0,-1.0,hivit_base_patch16_224.orig_in21k,50.0,,,3.1411,50.0,89.5833,,,4.6311,11.2092,0.3926,78.51,86.7802,86.7802,
fae-G493-ZB3-AAP1-000,91,cotton,hivit_base_patch16_224.orig_in21k,False,,,,adamw,0.05,1e-05,,0,50,448,8,240,240,90.0,-1.0,hivit_base_patch16_224.orig_in21k,57.5,,,2.9352,57.5,87.9167,,,4.4043,11.0346,0.3926,78.51,86.7802,86.7802,
fae-G493-ZB3-AAP1-000,91,cotton,hivit_base_patch16_224.orig_in21k,False,,,,adamw,0.05,5e-05,,0,50,448,8,240,240,90.0,-1.0,hivit_base_patch16_224.orig_in21k,66.6667,,,2.0741,66.66666666666667,96.0417,,,1.8075,11.0115,0.3926,78.51,86.7802,86.7802,
fae-G493-ZB3-AAP1-000,91,cotton,hivit_base_patch16_224.orig_in21k,False,,,,adamw,0.05,0.0001,,0,50,448,8,240,240,90.0,-1.0,hivit_base_patch16_224.orig_in21k,65.0,,,1.6179,65.0,92.9167,,,1.2902,10.9875,0.3926,78.51,86.7802,86.7802,
fae-G493-ZB3-AAP1-000,91,cotton,hivit_base_patch16_224.orig_in21k,False,,,,adamw,0.05,0.0005,,0,50,448,8,240,240,90.0,-1.0,hivit_base_patch16_224.orig_in21k,60.8333,,,1.4756,60.833333333333336,86.6667,,,1.162,11.1509,0.3926,78.51,86.7802,86.7802,
fae-G493-ZB3-AAP1-000,91,cotton,hivit_base_patch16_224.orig_in21k,False,,,,adamw,0.05,0.001,,0,50,448,8,240,240,90.0,-1.0,hivit_base_patch16_224.orig_in21k,57.9167,,,1.6511,57.916666666666664,87.5,,,1.586,10.9357,0.3926,78.51,86.7802,86.7802,
fae-G493-ZB3-AAP1-000,91,cotton,hivit_base_patch16_224.orig_in21k,False,,,,sgd,0.0,0.003,,0,50,448,8,240,240,90.0,-1.0,hivit_base_patch16_224.orig_in21k,38.3333,,,3.1489,38.333333333333336,64.5833,,,5.31,11.5271,0.3926,78.51,86.7802,86.7802,
fae-G493-ZB3-AAP1-000,91,cotton,hivit_base_patch16_224.orig_in21k,False,,,,sgd,0.0,0.01,,0,50,448,8,240,240,90.0,-1.0,hivit_base_patch16_224.orig_in21k,59.5833,,,2.0127,59.583333333333336,77.9167,,,2.6579,10.9159,0.3926,78.51,86.7802,86.7802,
fae-G493-ZB3-AAP1-000,91,cotton,hivit_base_patch16_224.orig_in21k,False,,,,sgd,0.0,0.03,,0,50,448,8,240,240,90.0,-1.0,hivit_base_patch16_224.orig_in21k,68.3333,,,1.2946,68.33333333333333,93.9583,,,1.0213,11.139,0.3926,78.51,86.7802,86.7802,
fae-G493-ZB3-AAP1-000,91,cotton,hivit_base_patch16_224.orig_in21k,False,,,,sgd,0.0,0.1,,0,50,448,8,240,240,90.0,-1.0,hivit_base_patch16_224.orig_in21k,67.5,,,1.2331,67.5,94.5833,,,1.0177,11.2096,0.3926,78.51,86.7802,86.7802,
gpu,91,soylocal,hideit_base_patch16_224.fb_in1k,False,,,,adamw,0.05,5e-06,,0,50,448,8,600,600,90.0,-1.0,hideit_base_patch16_224.fb_in1k,50.1667,,,3.7893,50.166666666666664,91.75,,,5.7934,22.0082,0.4141,67.1518,86.8812,86.8812,
gpu,91,soylocal,hideit_base_patch16_224.fb_in1k,False,,,,adamw,0.05,1e-05,,0,50,448,8,600,600,90.0,-1.0,hideit_base_patch16_224.fb_in1k,54.6667,,,3.5541,54.666666666666664,89.9167,,,5.1969,22.0299,0.4141,67.1518,86.8812,86.8812,
gpu,91,soylocal,hideit_base_patch16_224.fb_in1k,False,,,,adamw,0.05,5e-05,,0,50,448,8,600,600,90.0,-1.0,hideit_base_patch16_224.fb_in1k,60.0,,,2.2419,60.0,95.5833,,,1.5477,22.0063,0.4141,67.1518,86.8812,86.8812,
gpu,91,soylocal,hideit_base_patch16_224.fb_in1k,False,,,,adamw,0.05,0.0001,,0,50,448,8,600,600,90.0,-1.0,hideit_base_patch16_224.fb_in1k,61.8333,,,1.7244,61.833333333333336,92.75,,,0.8699,21.9871,0.4141,67.1518,86.8812,86.8812,
gpu,91,soylocal,hideit_base_patch16_224.fb_in1k,False,,,,adamw,0.05,0.0005,,0,50,448,8,600,600,90.0,-1.0,hideit_base_patch16_224.fb_in1k,60.5,,,1.6862,60.5,86.25,,,1.4169,21.9249,0.4141,67.1518,86.8812,86.8812,
gpu,91,soylocal,hideit_base_patch16_224.fb_in1k,False,,,,adamw,0.05,0.001,,0,50,448,8,600,600,90.0,-1.0,hideit_base_patch16_224.fb_in1k,50.0,,,1.9879,50.0,77.5,,,2.7674,21.9205,0.4141,67.1518,86.8812,86.8812,
gpu,91,soylocal,hideit_base_patch16_224.fb_in1k,False,,,,sgd,0.0,0.003,,0,50,448,8,600,600,90.0,-1.0,hideit_base_patch16_224.fb_in1k,33.6667,,,3.8969,33.666666666666664,48.9167,,,7.0494,21.5815,0.4141,67.1518,86.8812,86.8812,
gpu,91,soylocal,hideit_base_patch16_224.fb_in1k,False,,,,sgd,0.0,0.01,,0,50,448,8,600,600,90.0,-1.0,hideit_base_patch16_224.fb_in1k,53.5,,,2.5094,53.5,91.3333,,,3.0183,21.5897,0.4141,67.1518,86.8812,86.8812,
gpu,91,soylocal,hideit_base_patch16_224.fb_in1k,False,,,,sgd,0.0,0.03,,0,50,448,8,600,600,90.0,-1.0,hideit_base_patch16_224.fb_in1k,60.5,,,1.5972,60.5,92.25,,,0.9134,21.5848,0.4141,67.1518,86.8812,86.8812,
gpu,91,soylocal,hideit_base_patch16_224.fb_in1k,False,,,,sgd,0.0,0.1,,0,50,448,8,600,600,90.0,-1.0,hideit_base_patch16_224.fb_in1k,59.5,,,1.6002,59.5,90.1667,,,0.958,21.4746,0.4141,67.1518,86.8812,86.8812,
gpu,91,soylocal,hivit_base_patch16_224.orig_in21k,False,,,,adamw,0.05,5e-06,,0,50,448,8,600,600,90.0,-1.0,hivit_base_patch16_224.orig_in21k,43.8333,,,3.9721,43.833333333333336,71.9167,,,6.9613,22.1231,0.4141,67.1518,86.8812,86.8812,
gpu,91,soylocal,hivit_base_patch16_224.orig_in21k,False,,,,adamw,0.05,1e-05,,0,50,448,8,600,600,90.0,-1.0,hivit_base_patch16_224.orig_in21k,46.0,,,3.7525,46.0,69.1667,,,6.6246,22.041,0.4141,67.1518,86.8812,86.8812,
gpu,91,soylocal,hivit_base_patch16_224.orig_in21k,False,,,,adamw,0.05,5e-05,,0,50,448,8,600,600,90.0,-1.0,hivit_base_patch16_224.orig_in21k,57.5,,,2.5657,57.5,93.1667,,,1.9941,22.0509,0.4141,67.1518,86.8812,86.8812,
gpu,91,soylocal,hivit_base_patch16_224.orig_in21k,False,,,,adamw,0.05,0.0001,,0,50,448,8,600,600,90.0,-1.0,hivit_base_patch16_224.orig_in21k,59.3333,,,1.8761,59.333333333333336,93.5833,,,1.2069,22.0154,0.4141,67.1518,86.8812,86.8812,
gpu,91,soylocal,hivit_base_patch16_224.orig_in21k,False,,,,adamw,0.05,0.0005,,0,50,448,8,600,600,90.0,-1.0,hivit_base_patch16_224.orig_in21k,58.6667,,,1.7462,58.666666666666664,90.5833,,,1.2077,21.8906,0.4141,67.1518,86.8812,86.8812,
gpu,91,soylocal,hivit_base_patch16_224.orig_in21k,False,,,,adamw,0.05,0.001,,0,50,448,8,600,600,90.0,-1.0,hivit_base_patch16_224.orig_in21k,50.6667,,,1.8964,50.666666666666664,77.5833,,,2.7423,21.8356,0.4141,67.1518,86.8812,86.8812,
gpu,91,soylocal,hivit_base_patch16_224.orig_in21k,False,,,,sgd,0.0,0.003,,0,50,448,8,600,600,90.0,-1.0,hivit_base_patch16_224.orig_in21k,26.5,,,3.8917,26.5,39.0,,,7.5342,21.5218,0.4141,67.1518,86.8812,86.8812,
gpu,91,soylocal,hivit_base_patch16_224.orig_in21k,False,,,,sgd,0.0,0.01,,0,50,448,8,600,600,90.0,-1.0,hivit_base_patch16_224.orig_in21k,48.8333,,,2.6697,48.833333333333336,73.25,,,4.1666,21.5159,0.4141,67.1518,86.8812,86.8812,
gpu,91,soylocal,hivit_base_patch16_224.orig_in21k,False,,,,sgd,0.0,0.03,,0,50,448,8,600,600,90.0,-1.0,hivit_base_patch16_224.orig_in21k,59.1667,,,1.7408,59.166666666666664,87.9167,,,1.593,21.5079,0.4141,67.1518,86.8812,86.8812,
gpu,91,soylocal,hivit_base_patch16_224.orig_in21k,False,,,,sgd,0.0,0.1,,0,50,448,8,600,600,90.0,-1.0,hivit_base_patch16_224.orig_in21k,59.1667,,,1.6746,59.166666666666664,83.3333,,,1.7364,21.2176,0.4141,67.1518,86.8812,86.8812,
,91,soylocal,hivit_base_patch16_224.orig_in21k,False,,,,sgd,0.0,0.1,,0,50,448,8,600,600,90.0,-1.0,hivit_base_patch16_224.orig_in21k,,,,,,,,,,,,,,,
camel.ee.nctu.edu.tw,92,cotton,hideit_base_patch16_224.fb_in1k,False,,,,adamw,0.05,5e-06,,0,50,448,8,240,240,90.0,-1.0,hideit_base_patch16_224.fb_in1k,56.25,,,3.3008,56.25,87.7083,,,5.1921,7.0774,0.4121,78.51,86.7802,86.7802,
fae-G493-ZB3-AAP1-000,92,cotton,hideit_base_patch16_224.fb_in1k,False,,,,adamw,0.05,5e-06,,0,50,448,8,240,240,90.0,-1.0,hideit_base_patch16_224.fb_in1k,55.0,,,3.3209,55.0,89.5833,,,4.8681,10.0908,0.3926,78.51,86.7802,86.7802,
camel.ee.nctu.edu.tw,92,cotton,hideit_base_patch16_224.fb_in1k,False,,,,adamw,0.05,1e-05,,0,50,448,8,240,240,90.0,-1.0,hideit_base_patch16_224.fb_in1k,59.1667,,,3.1625,59.166666666666664,86.6667,,,4.6344,7.0682,0.4121,78.51,86.7802,86.7802,
fae-G493-ZB3-AAP1-000,92,cotton,hideit_base_patch16_224.fb_in1k,False,,,,adamw,0.05,1e-05,,0,50,448,8,240,240,90.0,-1.0,hideit_base_patch16_224.fb_in1k,62.0833,,,3.1664,62.083333333333336,92.0833,,,4.613,10.0092,0.3926,78.51,86.7802,86.7802,
camel.ee.nctu.edu.tw,92,cotton,hideit_base_patch16_224.fb_in1k,False,,,,adamw,0.05,5e-05,,0,50,448,8,240,240,90.0,-1.0,hideit_base_patch16_224.fb_in1k,62.9167,,,2.6076,62.916666666666664,90.2083,,,3.2484,7.0151,0.4121,78.51,86.7802,86.7802,
fae-G493-ZB3-AAP1-000,92,cotton,hideit_base_patch16_224.fb_in1k,False,,,,adamw,0.05,5e-05,,0,50,448,8,240,240,90.0,-1.0,hideit_base_patch16_224.fb_in1k,65.4167,,,2.6122,65.41666666666667,88.9583,,,3.4368,10.0498,0.3926,78.51,86.7802,86.7802,
camel.ee.nctu.edu.tw,92,cotton,hideit_base_patch16_224.fb_in1k,False,,,,adamw,0.05,0.0001,,0,50,448,8,240,240,90.0,-1.0,hideit_base_patch16_224.fb_in1k,64.1667,,,2.3909,64.16666666666667,92.2917,,,2.8285,7.0652,0.4121,78.51,86.7802,86.7802,
fae-G493-ZB3-AAP1-000,92,cotton,hideit_base_patch16_224.fb_in1k,False,,,,adamw,0.05,0.0001,,0,50,448,8,240,240,90.0,-1.0,hideit_base_patch16_224.fb_in1k,66.6667,,,2.3954,66.66666666666667,92.0833,,,2.5895,10.1034,0.3926,78.51,86.7802,86.7802,
camel.ee.nctu.edu.tw,92,cotton,hideit_base_patch16_224.fb_in1k,False,,,,adamw,0.05,0.0005,,0,50,448,8,240,240,90.0,-1.0,hideit_base_patch16_224.fb_in1k,52.9167,,,2.7236,52.916666666666664,86.875,,,2.4919,6.9933,0.4121,78.51,86.7802,86.7802,
fae-G493-ZB3-AAP1-000,92,cotton,hideit_base_patch16_224.fb_in1k,False,,,,adamw,0.05,0.0005,,0,50,448,8,240,240,90.0,-1.0,hideit_base_patch16_224.fb_in1k,55.4167,,,2.6102,55.416666666666664,88.125,,,2.6461,9.5448,0.3926,78.51,86.7802,86.7802,
camel.ee.nctu.edu.tw,92,cotton,hideit_base_patch16_224.fb_in1k,False,,,,adamw,0.05,0.001,,0,50,448,8,240,240,90.0,-1.0,hideit_base_patch16_224.fb_in1k,55.0,,,2.6507,55.0,80.4167,,,3.6614,7.0204,0.4121,78.51,86.7802,86.7802,
fae-G493-ZB3-AAP1-000,92,cotton,hideit_base_patch16_224.fb_in1k,False,,,,adamw,0.05,0.001,,0,50,448,8,240,240,90.0,-1.0,hideit_base_patch16_224.fb_in1k,54.1667,,,2.6715,54.166666666666664,88.9583,,,2.657,9.5191,0.3926,78.51,86.7802,86.7802,
camel.ee.nctu.edu.tw,92,cotton,hideit_base_patch16_224.fb_in1k,False,,,,sgd,0.0,0.003,,0,50,448,8,240,240,90.0,-1.0,hideit_base_patch16_224.fb_in1k,42.5,,,3.4751,42.5,66.6667,,,5.9127,6.9494,0.4121,78.51,86.7802,86.7802,
fae-G493-ZB3-AAP1-000,92,cotton,hideit_base_patch16_224.fb_in1k,False,,,,sgd,0.0,0.003,,0,50,448,8,240,240,90.0,-1.0,hideit_base_patch16_224.fb_in1k,47.9167,,,3.3909,47.916666666666664,66.4583,,,5.9853,9.8415,0.3926,78.51,86.7802,86.7802,
camel.ee.nctu.edu.tw,92,cotton,hideit_base_patch16_224.fb_in1k,False,,,,sgd,0.0,0.01,,0,50,448,8,240,240,90.0,-1.0,hideit_base_patch16_224.fb_in1k,62.5,,,2.6798,62.5,90.8333,,,3.3559,6.9411,0.4121,78.51,86.7802,86.7802,
fae-G493-ZB3-AAP1-000,92,cotton,hideit_base_patch16_224.fb_in1k,False,,,,sgd,0.0,0.01,,0,50,448,8,240,240,90.0,-1.0,hideit_base_patch16_224.fb_in1k,63.3333,,,2.655,63.333333333333336,93.5417,,,3.3207,9.8167,0.3926,78.51,86.7802,86.7802,
camel.ee.nctu.edu.tw,92,cotton,hideit_base_patch16_224.fb_in1k,False,,,,sgd,0.0,0.03,,0,50,448,8,240,240,90.0,-1.0,hideit_base_patch16_224.fb_in1k,64.5833,,,2.3842,64.58333333333333,90.4167,,,3.0763,6.9597,0.4121,78.51,86.7802,86.7802,
fae-G493-ZB3-AAP1-000,92,cotton,hideit_base_patch16_224.fb_in1k,False,,,,sgd,0.0,0.03,,0,50,448,8,240,240,90.0,-1.0,hideit_base_patch16_224.fb_in1k,67.0833,,,2.4452,67.08333333333333,90.2083,,,2.7718,9.3998,0.3926,78.51,86.7802,86.7802,
camel.ee.nctu.edu.tw,92,cotton,hideit_base_patch16_224.fb_in1k,False,,,,sgd,0.0,0.1,,0,50,448,8,240,240,90.0,-1.0,hideit_base_patch16_224.fb_in1k,64.5833,,,2.4596,64.58333333333333,87.0833,,,2.7166,6.9401,0.4121,78.51,86.7802,86.7802,
fae-G493-ZB3-AAP1-000,92,cotton,hideit_base_patch16_224.fb_in1k,False,,,,sgd,0.0,0.1,,0,50,448,8,240,240,90.0,-1.0,hideit_base_patch16_224.fb_in1k,62.0833,,,2.4793,62.083333333333336,90.0,,,2.7298,9.9311,0.3926,78.51,86.7802,86.7802,
camel.ee.nctu.edu.tw,92,cotton,hivit_base_patch16_224.orig_in21k,False,,,,adamw,0.05,5e-06,,0,50,448,8,240,240,90.0,-1.0,hivit_base_patch16_224.orig_in21k,49.1667,,,3.403,49.166666666666664,76.875,,,5.6925,7.045,0.4121,78.51,86.7802,86.7802,
fae-G493-ZB3-AAP1-000,92,cotton,hivit_base_patch16_224.orig_in21k,False,,,,adamw,0.05,5e-06,,0,50,448,8,240,240,90.0,-1.0,hivit_base_patch16_224.orig_in21k,46.25,,,3.433,46.25,75.625,,,5.7247,10.0554,0.3926,78.51,86.7802,86.7802,
camel.ee.nctu.edu.tw,92,cotton,hivit_base_patch16_224.orig_in21k,False,,,,adamw,0.05,1e-05,,0,50,448,8,240,240,90.0,-1.0,hivit_base_patch16_224.orig_in21k,55.4167,,,3.2765,55.416666666666664,78.5417,,,5.2665,7.0439,0.4121,78.51,86.7802,86.7802,
fae-G493-ZB3-AAP1-000,92,cotton,hivit_base_patch16_224.orig_in21k,False,,,,adamw,0.05,1e-05,,0,50,448,8,240,240,90.0,-1.0,hivit_base_patch16_224.orig_in21k,53.75,,,3.2721,53.75,76.4583,,,5.4856,10.0761,0.3926,78.51,86.7802,86.7802,
camel.ee.nctu.edu.tw,92,cotton,hivit_base_patch16_224.orig_in21k,False,,,,adamw,0.05,5e-05,,0,50,448,8,240,240,90.0,-1.0,hivit_base_patch16_224.orig_in21k,62.9167,,,2.7393,62.916666666666664,86.875,,,3.1729,6.9997,0.4121,78.51,86.7802,86.7802,
fae-G493-ZB3-AAP1-000,92,cotton,hivit_base_patch16_224.orig_in21k,False,,,,adamw,0.05,5e-05,,0,50,448,8,240,240,90.0,-1.0,hivit_base_patch16_224.orig_in21k,62.9167,,,2.7181,62.916666666666664,86.0417,,,3.2761,9.6677,0.3926,78.51,86.7802,86.7802,
camel.ee.nctu.edu.tw,92,cotton,hivit_base_patch16_224.orig_in21k,False,,,,adamw,0.05,0.0001,,0,50,448,8,240,240,90.0,-1.0,hivit_base_patch16_224.orig_in21k,67.0833,,,2.4752,67.08333333333333,92.9167,,,2.6009,7.0736,0.4121,78.51,86.7802,86.7802,
fae-G493-ZB3-AAP1-000,92,cotton,hivit_base_patch16_224.orig_in21k,False,,,,adamw,0.05,0.0001,,0,50,448,8,240,240,90.0,-1.0,hivit_base_patch16_224.orig_in21k,68.3333,,,2.4692,68.33333333333333,91.0417,,,2.7438,10.1216,0.3926,78.51,86.7802,86.7802,
camel.ee.nctu.edu.tw,92,cotton,hivit_base_patch16_224.orig_in21k,False,,,,adamw,0.05,0.0005,,0,50,448,8,240,240,90.0,-1.0,hivit_base_patch16_224.orig_in21k,59.5833,,,2.5509,59.583333333333336,91.875,,,2.7588,7.0573,0.4121,78.51,86.7802,86.7802,
fae-G493-ZB3-AAP1-000,92,cotton,hivit_base_patch16_224.orig_in21k,False,,,,adamw,0.05,0.0005,,0,50,448,8,240,240,90.0,-1.0,hivit_base_patch16_224.orig_in21k,61.25,,,2.5265,61.25,87.5,,,2.8272,9.9897,0.3926,78.51,86.7802,86.7802,
camel.ee.nctu.edu.tw,92,cotton,hivit_base_patch16_224.orig_in21k,False,,,,adamw,0.05,0.001,,0,50,448,8,240,240,90.0,-1.0,hivit_base_patch16_224.orig_in21k,53.75,,,2.6761,53.75,81.0417,,,3.6352,7.0318,0.4121,78.51,86.7802,86.7802,
fae-G493-ZB3-AAP1-000,92,cotton,hivit_base_patch16_224.orig_in21k,False,,,,adamw,0.05,0.001,,0,50,448,8,240,240,90.0,-1.0,hivit_base_patch16_224.orig_in21k,55.4167,,,2.6943,55.416666666666664,89.1667,,,2.8126,9.6131,0.3926,78.51,86.7802,86.7802,
camel.ee.nctu.edu.tw,92,cotton,hivit_base_patch16_224.orig_in21k,False,,,,sgd,0.0,0.003,,0,50,448,8,240,240,90.0,-1.0,hivit_base_patch16_224.orig_in21k,39.1667,,,3.4499,39.166666666666664,58.9583,,,6.1026,6.9324,0.4121,78.51,86.7802,86.7802,
fae-G493-ZB3-AAP1-000,92,cotton,hivit_base_patch16_224.orig_in21k,False,,,,sgd,0.0,0.003,,0,50,448,8,240,240,90.0,-1.0,hivit_base_patch16_224.orig_in21k,38.3333,,,3.4187,38.333333333333336,63.3333,,,5.789,9.9029,0.3926,78.51,86.7802,86.7802,
camel.ee.nctu.edu.tw,92,cotton,hivit_base_patch16_224.orig_in21k,False,,,,sgd,0.0,0.01,,0,50,448,8,240,240,90.0,-1.0,hivit_base_patch16_224.orig_in21k,57.5,,,2.7306,57.5,77.9167,,,4.0523,6.9032,0.4121,78.51,86.7802,86.7802,
fae-G493-ZB3-AAP1-000,92,cotton,hivit_base_patch16_224.orig_in21k,False,,,,sgd,0.0,0.01,,0,50,448,8,240,240,90.0,-1.0,hivit_base_patch16_224.orig_in21k,58.75,,,2.7133,58.75,81.875,,,3.9492,9.8889,0.3926,78.51,86.7802,86.7802,
camel.ee.nctu.edu.tw,92,cotton,hivit_base_patch16_224.orig_in21k,False,,,,sgd,0.0,0.03,,0,50,448,8,240,240,90.0,-1.0,hivit_base_patch16_224.orig_in21k,64.1667,,,2.4728,64.16666666666667,78.75,,,3.5171,6.9547,0.4121,78.51,86.7802,86.7802,
fae-G493-ZB3-AAP1-000,92,cotton,hivit_base_patch16_224.orig_in21k,False,,,,sgd,0.0,0.03,,0,50,448,8,240,240,90.0,-1.0,hivit_base_patch16_224.orig_in21k,63.3333,,,2.4381,63.333333333333336,82.5,,,3.3711,9.955,0.3926,78.51,86.7802,86.7802,
camel.ee.nctu.edu.tw,92,cotton,hivit_base_patch16_224.orig_in21k,False,,,,sgd,0.0,0.1,,0,50,448,8,240,240,90.0,-1.0,hivit_base_patch16_224.orig_in21k,66.6667,,,2.4572,66.66666666666667,89.7917,,,2.8177,6.889,0.4121,78.51,86.7802,86.7802,
fae-G493-ZB3-AAP1-000,92,cotton,hivit_base_patch16_224.orig_in21k,False,,,,sgd,0.0,0.1,,0,50,448,8,240,240,90.0,-1.0,hivit_base_patch16_224.orig_in21k,65.0,,,2.4491,65.0,86.25,,,3.2603,9.9467,0.3926,78.51,86.7802,86.7802,
camel.ee.nctu.edu.tw,92,soylocal,hideit_base_patch16_224.fb_in1k,False,,,,adamw,0.05,5e-06,,0,50,448,8,600,600,90.0,-1.0,hideit_base_patch16_224.fb_in1k,49.8333,,,4.1355,49.833333333333336,80.1667,,,6.9633,15.9557,0.4141,78.5101,86.8812,86.8812,
camel.ee.nctu.edu.tw,92,soylocal,hideit_base_patch16_224.fb_in1k,False,,,,adamw,0.05,1e-05,,0,50,448,8,600,600,90.0,-1.0,hideit_base_patch16_224.fb_in1k,52.6667,,,3.9752,52.666666666666664,84.1667,,,6.2518,15.9079,0.4141,78.5101,86.8812,86.8812,
camel.ee.nctu.edu.tw,92,soylocal,hideit_base_patch16_224.fb_in1k,False,,,,adamw,0.05,5e-05,,0,50,448,8,600,600,90.0,-1.0,hideit_base_patch16_224.fb_in1k,59.8333,,,3.09,59.833333333333336,91.3333,,,3.178,15.9443,0.4141,78.5101,86.8812,86.8812,
camel.ee.nctu.edu.tw,92,soylocal,hideit_base_patch16_224.fb_in1k,False,,,,adamw,0.05,0.0001,,0,50,448,8,600,600,90.0,-1.0,hideit_base_patch16_224.fb_in1k,59.1667,,,2.9117,59.166666666666664,87.5,,,2.9915,15.9357,0.4141,78.5101,86.8812,86.8812,
camel.ee.nctu.edu.tw,92,soylocal,hideit_base_patch16_224.fb_in1k,False,,,,adamw,0.05,0.0005,,0,50,448,8,600,600,90.0,-1.0,hideit_base_patch16_224.fb_in1k,56.0,,,3.1005,56.0,80.9167,,,3.9987,15.9485,0.4141,78.5101,86.8812,86.8812,
camel.ee.nctu.edu.tw,92,soylocal,hideit_base_patch16_224.fb_in1k,False,,,,adamw,0.05,0.001,,0,50,448,8,600,600,90.0,-1.0,hideit_base_patch16_224.fb_in1k,42.3333,,,3.5226,42.333333333333336,58.9167,,,5.9194,15.9575,0.4141,78.5101,86.8812,86.8812,
camel.ee.nctu.edu.tw,92,soylocal,hideit_base_patch16_224.fb_in1k,False,,,,sgd,0.0,0.003,,0,50,448,8,600,600,90.0,-1.0,hideit_base_patch16_224.fb_in1k,31.8333,,,4.2289,31.833333333333332,48.4167,,,7.7954,15.5749,0.4141,78.5101,86.8812,86.8812,
camel.ee.nctu.edu.tw,92,soylocal,hideit_base_patch16_224.fb_in1k,False,,,,sgd,0.0,0.01,,0,50,448,8,600,600,90.0,-1.0,hideit_base_patch16_224.fb_in1k,54.5,,,3.2818,54.5,81.5833,,,4.7049,15.6489,0.4141,78.5101,86.8812,86.8812,
camel.ee.nctu.edu.tw,92,soylocal,hideit_base_patch16_224.fb_in1k,False,,,,sgd,0.0,0.03,,0,50,448,8,600,600,90.0,-1.0,hideit_base_patch16_224.fb_in1k,57.8333,,,2.9286,57.833333333333336,83.1667,,,3.4687,15.5955,0.4141,78.5101,86.8812,86.8812,
camel.ee.nctu.edu.tw,92,soylocal,hideit_base_patch16_224.fb_in1k,False,,,,sgd,0.0,0.1,,0,50,448,8,600,600,90.0,-1.0,hideit_base_patch16_224.fb_in1k,53.5,,,3.1246,53.5,86.3333,,,3.6475,15.6616,0.4141,78.5101,86.8812,86.8812,
camel.ee.nctu.edu.tw,92,soylocal,hivit_base_patch16_224.orig_in21k,False,,,,adamw,0.05,5e-06,,0,50,448,8,600,600,90.0,-1.0,hivit_base_patch16_224.orig_in21k,39.8333,,,4.2877,39.833333333333336,58.8333,,,7.8726,15.9316,0.4141,78.5101,86.8812,86.8812,
camel.ee.nctu.edu.tw,92,soylocal,hivit_base_patch16_224.orig_in21k,False,,,,adamw,0.05,1e-05,,0,50,448,8,600,600,90.0,-1.0,hivit_base_patch16_224.orig_in21k,42.1667,,,4.1532,42.166666666666664,71.1667,,,6.9939,15.9153,0.4141,78.5101,86.8812,86.8812,
camel.ee.nctu.edu.tw,92,soylocal,hivit_base_patch16_224.orig_in21k,False,,,,adamw,0.05,5e-05,,0,50,448,8,600,600,90.0,-1.0,hivit_base_patch16_224.orig_in21k,56.0,,,3.2919,56.0,81.8333,,,4.3981,15.9428,0.4141,78.5101,86.8812,86.8812,
camel.ee.nctu.edu.tw,92,soylocal,hivit_base_patch16_224.orig_in21k,False,,,,adamw,0.05,0.0001,,0,50,448,8,600,600,90.0,-1.0,hivit_base_patch16_224.orig_in21k,56.8333,,,2.9753,56.833333333333336,83.0,,,3.4077,15.9249,0.4141,78.5101,86.8812,86.8812,
camel.ee.nctu.edu.tw,92,soylocal,hivit_base_patch16_224.orig_in21k,False,,,,adamw,0.05,0.0005,,0,50,448,8,600,600,90.0,-1.0,hivit_base_patch16_224.orig_in21k,54.1667,,,3.1187,54.166666666666664,83.3333,,,3.7036,15.908,0.4141,78.5101,86.8812,86.8812,
camel.ee.nctu.edu.tw,92,soylocal,hivit_base_patch16_224.orig_in21k,False,,,,adamw,0.05,0.001,,0,50,448,8,600,600,90.0,-1.0,hivit_base_patch16_224.orig_in21k,49.6667,,,3.3175,49.666666666666664,66.0,,,5.1805,15.9118,0.4141,78.5101,86.8812,86.8812,
camel.ee.nctu.edu.tw,92,soylocal,hivit_base_patch16_224.orig_in21k,False,,,,sgd,0.0,0.003,,0,50,448,8,600,600,90.0,-1.0,hivit_base_patch16_224.orig_in21k,27.0,,,4.2407,27.0,42.25,,,7.9029,15.5557,0.4141,78.5101,86.8812,86.8812,
camel.ee.nctu.edu.tw,92,soylocal,hivit_base_patch16_224.orig_in21k,False,,,,sgd,0.0,0.01,,0,50,448,8,600,600,90.0,-1.0,hivit_base_patch16_224.orig_in21k,48.0,,,3.3829,48.0,63.6667,,,5.7153,15.6082,0.4141,78.5101,86.8812,86.8812,
camel.ee.nctu.edu.tw,92,soylocal,hivit_base_patch16_224.orig_in21k,False,,,,sgd,0.0,0.03,,0,50,448,8,600,600,90.0,-1.0,hivit_base_patch16_224.orig_in21k,55.0,,,3.0229,55.0,79.8333,,,4.2324,15.5855,0.4141,78.5101,86.8812,86.8812,
camel.ee.nctu.edu.tw,92,soylocal,hivit_base_patch16_224.orig_in21k,False,,,,sgd,0.0,0.1,,0,50,448,8,600,600,90.0,-1.0,hivit_base_patch16_224.orig_in21k,56.5,,,3.1048,56.5,78.5833,,,3.9115,15.5054,0.4141,78.5101,86.8812,86.8812,
camel.ee.nctu.edu.tw,93,cotton,hideit_base_patch16_224.fb_in1k,False,,,,adamw,0.05,5e-06,,0,50,448,8,240,240,90.0,-1.0,hideit_base_patch16_224.fb_in1k,58.75,,,3.2728,58.75,98.3333,,,4.9779,7.0378,0.4121,78.51,86.7802,86.7802,
camel.ee.nctu.edu.tw,93,cotton,hideit_base_patch16_224.fb_in1k,False,,,,adamw,0.05,1e-05,,0,50,448,8,240,240,90.0,-1.0,hideit_base_patch16_224.fb_in1k,62.0833,,,3.1287,62.083333333333336,95.2083,,,4.6395,7.0184,0.4121,78.51,86.7802,86.7802,
camel.ee.nctu.edu.tw,93,cotton,hideit_base_patch16_224.fb_in1k,False,,,,adamw,0.05,5e-05,,0,50,448,8,240,240,90.0,-1.0,hideit_base_patch16_224.fb_in1k,68.75,,,2.5163,68.75,98.75,,,2.6402,7.0877,0.4121,78.51,86.7802,86.7802,
camel.ee.nctu.edu.tw,93,cotton,hideit_base_patch16_224.fb_in1k,False,,,,adamw,0.05,0.0001,,0,50,448,8,240,240,90.0,-1.0,hideit_base_patch16_224.fb_in1k,67.9167,,,2.3207,67.91666666666667,97.2917,,,2.7203,7.0417,0.4121,78.51,86.7802,86.7802,
camel.ee.nctu.edu.tw,93,cotton,hideit_base_patch16_224.fb_in1k,False,,,,adamw,0.05,0.0005,,0,50,448,8,240,240,90.0,-1.0,hideit_base_patch16_224.fb_in1k,56.25,,,2.6931,56.25,92.7083,,,2.462,7.0565,0.4121,78.51,86.7802,86.7802,
camel.ee.nctu.edu.tw,93,cotton,hideit_base_patch16_224.fb_in1k,False,,,,adamw,0.05,0.001,,0,50,448,8,240,240,90.0,-1.0,hideit_base_patch16_224.fb_in1k,54.1667,,,2.7172,54.166666666666664,93.3333,,,3.2217,6.9985,0.4121,78.51,86.7802,86.7802,
camel.ee.nctu.edu.tw,93,cotton,hideit_base_patch16_224.fb_in1k,False,,,,sgd,0.0,0.003,,0,50,448,8,240,240,90.0,-1.0,hideit_base_patch16_224.fb_in1k,47.9167,,,3.4067,47.916666666666664,71.6667,,,5.854,6.9086,0.4121,78.51,86.7802,86.7802,
camel.ee.nctu.edu.tw,93,cotton,hideit_base_patch16_224.fb_in1k,False,,,,sgd,0.0,0.01,,0,50,448,8,240,240,90.0,-1.0,hideit_base_patch16_224.fb_in1k,65.8333,,,2.5885,65.83333333333333,94.1667,,,3.3071,6.9433,0.4121,78.51,86.7802,86.7802,
camel.ee.nctu.edu.tw,93,cotton,hideit_base_patch16_224.fb_in1k,False,,,,sgd,0.0,0.03,,0,50,448,8,240,240,90.0,-1.0,hideit_base_patch16_224.fb_in1k,66.6667,,,2.3478,66.66666666666667,91.0417,,,3.0916,6.9872,0.4121,78.51,86.7802,86.7802,
camel.ee.nctu.edu.tw,93,cotton,hideit_base_patch16_224.fb_in1k,False,,,,sgd,0.0,0.1,,0,50,448,8,240,240,90.0,-1.0,hideit_base_patch16_224.fb_in1k,66.6667,,,2.3587,66.66666666666667,90.0,,,2.7882,6.8949,0.4121,78.51,86.7802,86.7802,
camel.ee.nctu.edu.tw,93,cotton,hivit_base_patch16_224.orig_in21k,False,,,,adamw,0.05,5e-06,,0,50,448,8,240,240,90.0,-1.0,hivit_base_patch16_224.orig_in21k,52.5,,,3.3637,52.5,86.6667,,,5.677,7.0167,0.4121,78.51,86.7802,86.7802,
camel.ee.nctu.edu.tw,93,cotton,hivit_base_patch16_224.orig_in21k,False,,,,adamw,0.05,1e-05,,0,50,448,8,240,240,90.0,-1.0,hivit_base_patch16_224.orig_in21k,53.75,,,3.2719,53.75,87.7083,,,4.9194,7.0621,0.4121,78.51,86.7802,86.7802,
camel.ee.nctu.edu.tw,93,cotton,hivit_base_patch16_224.orig_in21k,False,,,,adamw,0.05,5e-05,,0,50,448,8,240,240,90.0,-1.0,hivit_base_patch16_224.orig_in21k,66.6667,,,2.6632,66.66666666666667,84.5833,,,3.64,7.0381,0.4121,78.51,86.7802,86.7802,
camel.ee.nctu.edu.tw,93,cotton,hivit_base_patch16_224.orig_in21k,False,,,,adamw,0.05,0.0001,,0,50,448,8,240,240,90.0,-1.0,hivit_base_patch16_224.orig_in21k,65.4167,,,2.428,65.41666666666667,95.625,,,2.6352,7.0428,0.4121,78.51,86.7802,86.7802,
camel.ee.nctu.edu.tw,93,cotton,hivit_base_patch16_224.orig_in21k,False,,,,adamw,0.05,0.0005,,0,50,448,8,240,240,90.0,-1.0,hivit_base_patch16_224.orig_in21k,56.6667,,,2.5927,56.666666666666664,93.125,,,2.744,7.1017,0.4121,78.51,86.7802,86.7802,
camel.ee.nctu.edu.tw,93,cotton,hivit_base_patch16_224.orig_in21k,False,,,,adamw,0.05,0.001,,0,50,448,8,240,240,90.0,-1.0,hivit_base_patch16_224.orig_in21k,56.6667,,,2.6411,56.666666666666664,89.5833,,,2.9108,7.1107,0.4121,78.51,86.7802,86.7802,
camel.ee.nctu.edu.tw,93,cotton,hivit_base_patch16_224.orig_in21k,False,,,,sgd,0.0,0.003,,0,50,448,8,240,240,90.0,-1.0,hivit_base_patch16_224.orig_in21k,40.4167,,,3.4201,40.416666666666664,70.2083,,,5.819,6.8758,0.4121,78.51,86.7802,86.7802,
camel.ee.nctu.edu.tw,93,cotton,hivit_base_patch16_224.orig_in21k,False,,,,sgd,0.0,0.01,,0,50,448,8,240,240,90.0,-1.0,hivit_base_patch16_224.orig_in21k,58.75,,,2.6811,58.75,86.4583,,,3.5827,6.8972,0.4121,78.51,86.7802,86.7802,
camel.ee.nctu.edu.tw,93,cotton,hivit_base_patch16_224.orig_in21k,False,,,,sgd,0.0,0.03,,0,50,448,8,240,240,90.0,-1.0,hivit_base_patch16_224.orig_in21k,69.1667,,,2.3342,69.16666666666667,87.7083,,,3.456,6.8419,0.4121,78.51,86.7802,86.7802,
camel.ee.nctu.edu.tw,93,cotton,hivit_base_patch16_224.orig_in21k,False,,,,sgd,0.0,0.1,,0,50,448,8,240,240,90.0,-1.0,hivit_base_patch16_224.orig_in21k,67.9167,,,2.3723,67.91666666666667,91.0417,,,3.0311,6.8749,0.4121,78.51,86.7802,86.7802,
camel.ee.nctu.edu.tw,93,soylocal,hideit_base_patch16_224.fb_in1k,False,,,,adamw,0.05,5e-06,,0,50,448,8,600,600,90.0,-1.0,hideit_base_patch16_224.fb_in1k,51.0,,,4.1029,51.0,87.0,,,6.7048,15.952,0.4141,78.5101,86.8812,86.8812,
camel.ee.nctu.edu.tw,93,soylocal,hideit_base_patch16_224.fb_in1k,False,,,,adamw,0.05,1e-05,,0,50,448,8,600,600,90.0,-1.0,hideit_base_patch16_224.fb_in1k,57.3333,,,3.9202,57.333333333333336,92.8333,,,5.8956,15.9877,0.4141,78.5101,86.8812,86.8812,
camel.ee.nctu.edu.tw,93,soylocal,hideit_base_patch16_224.fb_in1k,False,,,,adamw,0.05,5e-05,,0,50,448,8,600,600,90.0,-1.0,hideit_base_patch16_224.fb_in1k,59.3333,,,3.0327,59.333333333333336,97.6667,,,3.0814,16.0063,0.4141,78.5101,86.8812,86.8812,
camel.ee.nctu.edu.tw,93,soylocal,hideit_base_patch16_224.fb_in1k,False,,,,adamw,0.05,0.0001,,0,50,448,8,600,600,90.0,-1.0,hideit_base_patch16_224.fb_in1k,58.0,,,2.8892,58.0,93.9167,,,2.9816,15.9997,0.4141,78.5101,86.8812,86.8812,
camel.ee.nctu.edu.tw,93,soylocal,hideit_base_patch16_224.fb_in1k,False,,,,adamw,0.05,0.0005,,0,50,448,8,600,600,90.0,-1.0,hideit_base_patch16_224.fb_in1k,57.1667,,,3.0241,57.166666666666664,89.4167,,,3.5906,15.9837,0.4141,78.5101,86.8812,86.8812,
camel.ee.nctu.edu.tw,93,soylocal,hideit_base_patch16_224.fb_in1k,False,,,,adamw,0.05,0.001,,0,50,448,8,600,600,90.0,-1.0,hideit_base_patch16_224.fb_in1k,49.3333,,,3.337,49.333333333333336,71.3333,,,5.1656,15.9631,0.4141,78.5101,86.8812,86.8812,
camel.ee.nctu.edu.tw,93,soylocal,hideit_base_patch16_224.fb_in1k,False,,,,sgd,0.0,0.003,,0,50,448,8,600,600,90.0,-1.0,hideit_base_patch16_224.fb_in1k,32.6667,,,4.188,32.666666666666664,50.0,,,7.7613,15.5891,0.4141,78.5101,86.8812,86.8812,
camel.ee.nctu.edu.tw,93,soylocal,hideit_base_patch16_224.fb_in1k,False,,,,sgd,0.0,0.01,,0,50,448,8,600,600,90.0,-1.0,hideit_base_patch16_224.fb_in1k,57.8333,,,3.2027,57.833333333333336,89.5,,,4.3979,15.5471,0.4141,78.5101,86.8812,86.8812,
camel.ee.nctu.edu.tw,93,soylocal,hideit_base_patch16_224.fb_in1k,False,,,,sgd,0.0,0.03,,0,50,448,8,600,600,90.0,-1.0,hideit_base_patch16_224.fb_in1k,58.1667,,,2.9398,58.166666666666664,93.3333,,,2.8696,15.5652,0.4141,78.5101,86.8812,86.8812,
camel.ee.nctu.edu.tw,93,soylocal,hideit_base_patch16_224.fb_in1k,False,,,,sgd,0.0,0.1,,0,50,448,8,600,600,90.0,-1.0,hideit_base_patch16_224.fb_in1k,56.1667,,,3.0003,56.166666666666664,88.8333,,,3.2361,15.5932,0.4141,78.5101,86.8812,86.8812,
camel.ee.nctu.edu.tw,93,soylocal,hivit_base_patch16_224.orig_in21k,False,,,,adamw,0.05,5e-06,,0,50,448,8,600,600,90.0,-1.0,hivit_base_patch16_224.orig_in21k,39.8333,,,4.2643,39.833333333333336,69.75,,,7.7114,15.8884,0.4141,78.5101,86.8812,86.8812,
camel.ee.nctu.edu.tw,93,soylocal,hivit_base_patch16_224.orig_in21k,False,,,,adamw,0.05,1e-05,,0,50,448,8,600,600,90.0,-1.0,hivit_base_patch16_224.orig_in21k,45.3333,,,4.1219,45.333333333333336,78.9167,,,6.885,15.9824,0.4141,78.5101,86.8812,86.8812,
camel.ee.nctu.edu.tw,93,soylocal,hivit_base_patch16_224.orig_in21k,False,,,,adamw,0.05,5e-05,,0,50,448,8,600,600,90.0,-1.0,hivit_base_patch16_224.orig_in21k,58.0,,,3.3123,58.0,87.75,,,4.0239,15.935,0.4141,78.5101,86.8812,86.8812,
camel.ee.nctu.edu.tw,93,soylocal,hivit_base_patch16_224.orig_in21k,False,,,,adamw,0.05,0.0001,,0,50,448,8,600,600,90.0,-1.0,hivit_base_patch16_224.orig_in21k,56.3333,,,2.9377,56.333333333333336,86.0833,,,3.7245,16.0105,0.4141,78.5101,86.8812,86.8812,
camel.ee.nctu.edu.tw,93,soylocal,hivit_base_patch16_224.orig_in21k,False,,,,adamw,0.05,0.0005,,0,50,448,8,600,600,90.0,-1.0,hivit_base_patch16_224.orig_in21k,56.1667,,,3.0546,56.166666666666664,89.75,,,3.5612,15.9902,0.4141,78.5101,86.8812,86.8812,
camel.ee.nctu.edu.tw,93,soylocal,hivit_base_patch16_224.orig_in21k,False,,,,adamw,0.05,0.001,,0,50,448,8,600,600,90.0,-1.0,hivit_base_patch16_224.orig_in21k,51.0,,,3.3023,51.0,82.0,,,4.1537,15.8944,0.4141,78.5101,86.8812,86.8812,
camel.ee.nctu.edu.tw,93,soylocal,hivit_base_patch16_224.orig_in21k,False,,,,sgd,0.0,0.003,,0,50,448,8,600,600,90.0,-1.0,hivit_base_patch16_224.orig_in21k,31.1667,,,4.2062,31.166666666666668,41.8333,,,7.9792,15.5931,0.4141,78.5101,86.8812,86.8812,
camel.ee.nctu.edu.tw,93,soylocal,hivit_base_patch16_224.orig_in21k,False,,,,sgd,0.0,0.01,,0,50,448,8,600,600,90.0,-1.0,hivit_base_patch16_224.orig_in21k,50.8333,,,3.3441,50.833333333333336,73.4167,,,5.4391,15.6355,0.4141,78.5101,86.8812,86.8812,
camel.ee.nctu.edu.tw,93,soylocal,hivit_base_patch16_224.orig_in21k,False,,,,sgd,0.0,0.03,,0,50,448,8,600,600,90.0,-1.0,hivit_base_patch16_224.orig_in21k,58.3333,,,2.9517,58.333333333333336,83.4167,,,4.0532,15.6721,0.4141,78.5101,86.8812,86.8812,
camel.ee.nctu.edu.tw,93,soylocal,hivit_base_patch16_224.orig_in21k,False,,,,sgd,0.0,0.1,,0,50,448,8,600,600,90.0,-1.0,hivit_base_patch16_224.orig_in21k,58.6667,,,3.0392,58.666666666666664,82.5,,,4.0456,15.577,0.4141,78.5101,86.8812,86.8812,
camel.ee.nctu.edu.tw,94,cotton,hideit_base_patch16_224.fb_in1k,False,,,,adamw,0.05,5e-06,,0,50,448,8,240,240,,,,60.0,,,2.8971,60.0,100.0,,,1.5102,4.2455,0.4121,78.51,86.7609,86.7609,
camel.ee.nctu.edu.tw,94,cotton,hideit_base_patch16_224.fb_in1k,False,,,,adamw,0.05,1e-05,,0,50,448,8,240,240,,,,62.5,,,2.8086,62.5,100.0,,,1.4209,4.1398,0.4121,78.51,86.7609,86.7609,
camel.ee.nctu.edu.tw,94,cotton,hideit_base_patch16_224.fb_in1k,False,,,,adamw,0.05,5e-05,,0,50,448,8,240,240,,,,64.1667,,,2.7564,64.16666666666667,100.0,,,1.3871,4.178,0.4121,78.51,86.7609,86.7609,
camel.ee.nctu.edu.tw,94,cotton,hideit_base_patch16_224.fb_in1k,False,,,,adamw,0.05,0.0001,,0,50,448,8,240,240,,,,63.75,,,2.7189,63.75,100.0,,,1.3844,4.2863,0.4121,78.51,86.7609,86.7609,
camel.ee.nctu.edu.tw,94,cotton,hideit_base_patch16_224.fb_in1k,False,,,,adamw,0.05,0.0005,,0,50,448,8,240,240,,,,57.9167,,,2.8913,57.916666666666664,100.0,,,1.4212,4.1723,0.4121,78.51,86.7609,86.7609,
camel.ee.nctu.edu.tw,94,cotton,hideit_base_patch16_224.fb_in1k,False,,,,adamw,0.05,0.001,,0,50,448,8,240,240,,,,53.3333,,,2.8841,53.333333333333336,100.0,,,1.4883,4.2094,0.4121,78.51,86.7609,86.7609,
camel.ee.nctu.edu.tw,94,cotton,hideit_base_patch16_224.fb_in1k,False,,,,sgd,0.0,0.003,,0,50,448,8,240,240,,,,50.0,,,3.0573,50.0,98.3333,,,2.1319,4.1032,0.4121,78.51,86.7609,86.7609,
camel.ee.nctu.edu.tw,94,cotton,hideit_base_patch16_224.fb_in1k,False,,,,sgd,0.0,0.01,,0,50,448,8,240,240,,,,60.4167,,,2.6954,60.416666666666664,100.0,,,1.4338,4.0639,0.4121,78.51,86.7609,86.7609,
camel.ee.nctu.edu.tw,94,cotton,hideit_base_patch16_224.fb_in1k,False,,,,sgd,0.0,0.03,,0,50,448,8,240,240,,,,60.4167,,,2.7624,60.416666666666664,100.0,,,1.406,4.0335,0.4121,78.51,86.7609,86.7609,
camel.ee.nctu.edu.tw,94,cotton,hideit_base_patch16_224.fb_in1k,False,,,,sgd,0.0,0.1,,0,50,448,8,240,240,,,,58.75,,,2.7998,58.75,100.0,,,1.4213,4.137,0.4121,78.51,86.7609,86.7609,
camel.ee.nctu.edu.tw,94,cotton,hivit_base_patch16_224.orig_in21k,False,,,,adamw,0.05,5e-06,,0,50,448,8,240,240,,,,53.3333,,,3.0937,53.333333333333336,100.0,,,1.7139,4.2809,0.4121,78.51,86.7609,86.7609,
camel.ee.nctu.edu.tw,94,cotton,hivit_base_patch16_224.orig_in21k,False,,,,adamw,0.05,1e-05,,0,50,448,8,240,240,,,,57.0833,,,2.9667,57.083333333333336,100.0,,,1.5032,4.2281,0.4121,78.51,86.7609,86.7609,
camel.ee.nctu.edu.tw,94,cotton,hivit_base_patch16_224.orig_in21k,False,,,,adamw,0.05,5e-05,,0,50,448,8,240,240,,,,62.9167,,,2.7694,62.916666666666664,100.0,,,1.3898,4.239,0.4121,78.51,86.7609,86.7609,
camel.ee.nctu.edu.tw,94,cotton,hivit_base_patch16_224.orig_in21k,False,,,,adamw,0.05,0.0001,,0,50,448,8,240,240,,,,65.8333,,,2.6682,65.83333333333333,100.0,,,1.3861,4.2518,0.4121,78.51,86.7609,86.7609,
camel.ee.nctu.edu.tw,94,cotton,hivit_base_patch16_224.orig_in21k,False,,,,adamw,0.05,0.0005,,0,50,448,8,240,240,,,,57.0833,,,2.8823,57.083333333333336,100.0,,,1.4125,4.2117,0.4121,78.51,86.7609,86.7609,
camel.ee.nctu.edu.tw,94,cotton,hivit_base_patch16_224.orig_in21k,False,,,,adamw,0.05,0.001,,0,50,448,8,240,240,,,,55.0,,,2.832,55.0,100.0,,,1.4621,4.2826,0.4121,78.51,86.7609,86.7609,
camel.ee.nctu.edu.tw,94,cotton,hivit_base_patch16_224.orig_in21k,False,,,,sgd,0.0,0.003,,0,50,448,8,240,240,,,,42.9167,,,3.1343,42.916666666666664,96.25,,,2.1831,4.0664,0.4121,78.51,86.7609,86.7609,
camel.ee.nctu.edu.tw,94,cotton,hivit_base_patch16_224.orig_in21k,False,,,,sgd,0.0,0.01,,0,50,448,8,240,240,,,,55.4167,,,2.7794,55.416666666666664,100.0,,,1.4499,4.1219,0.4121,78.51,86.7609,86.7609,
camel.ee.nctu.edu.tw,94,cotton,hivit_base_patch16_224.orig_in21k,False,,,,sgd,0.0,0.03,,0,50,448,8,240,240,,,,59.1667,,,2.7306,59.166666666666664,100.0,,,1.4076,4.0874,0.4121,78.51,86.7609,86.7609,
camel.ee.nctu.edu.tw,94,cotton,hivit_base_patch16_224.orig_in21k,False,,,,sgd,0.0,0.1,,0,50,448,8,240,240,,,,66.6667,,,2.6773,66.66666666666667,100.0,,,1.4243,4.0975,0.4121,78.51,86.7609,86.7609,
camel.ee.nctu.edu.tw,94,soylocal,hideit_base_patch16_224.fb_in1k,False,,,,adamw,0.05,5e-06,,0,50,448,8,600,600,,,,56.8333,,,3.5666,56.833333333333336,99.8333,,,2.2068,9.4416,0.4121,78.51,86.833,86.833,
camel.ee.nctu.edu.tw,94,soylocal,hideit_base_patch16_224.fb_in1k,False,,,,adamw,0.05,1e-05,,0,50,448,8,600,600,,,,60.3333,,,3.3973,60.333333333333336,100.0,,,1.78,9.3745,0.4121,78.51,86.833,86.833,
camel.ee.nctu.edu.tw,94,soylocal,hideit_base_patch16_224.fb_in1k,False,,,,adamw,0.05,5e-05,,0,50,448,8,600,600,,,,55.3333,,,3.4272,55.333333333333336,100.0,,,1.5863,9.4576,0.4121,78.51,86.833,86.833,
camel.ee.nctu.edu.tw,94,soylocal,hideit_base_patch16_224.fb_in1k,False,,,,adamw,0.05,0.0001,,0,50,448,8,600,600,,,,52.3333,,,3.3877,52.333333333333336,100.0,,,1.5837,9.4601,0.4121,78.51,86.833,86.833,
camel.ee.nctu.edu.tw,94,soylocal,hideit_base_patch16_224.fb_in1k,False,,,,adamw,0.05,0.0005,,0,50,448,8,600,600,,,,51.5,,,3.2631,51.5,100.0,,,1.809,9.4003,0.4121,78.51,86.833,86.833,
camel.ee.nctu.edu.tw,94,soylocal,hideit_base_patch16_224.fb_in1k,False,,,,adamw,0.05,0.001,,0,50,448,8,600,600,,,,19.8333,,,4.1181,19.833333333333332,39.5,,,3.5696,9.3976,0.4121,78.51,86.833,86.833,
camel.ee.nctu.edu.tw,94,soylocal,hideit_base_patch16_224.fb_in1k,False,,,,sgd,0.0,0.003,,0,50,448,8,600,600,,,,41.3333,,,3.8129,41.333333333333336,85.5,,,3.1397,9.0545,0.4121,78.51,86.833,86.833,
camel.ee.nctu.edu.tw,94,soylocal,hideit_base_patch16_224.fb_in1k,False,,,,sgd,0.0,0.01,,0,50,448,8,600,600,,,,56.3333,,,3.1369,56.333333333333336,100.0,,,1.6835,9.055,0.4121,78.51,86.833,86.833,
camel.ee.nctu.edu.tw,94,soylocal,hideit_base_patch16_224.fb_in1k,False,,,,sgd,0.0,0.03,,0,50,448,8,600,600,,,,53.3333,,,3.4175,53.333333333333336,100.0,,,1.6268,9.0247,0.4121,78.51,86.833,86.833,
camel.ee.nctu.edu.tw,94,soylocal,hideit_base_patch16_224.fb_in1k,False,,,,sgd,0.0,0.1,,0,50,448,8,600,600,,,,49.5,,,3.4929,49.5,100.0,,,1.6694,8.9954,0.4121,78.51,86.833,86.833,
camel.ee.nctu.edu.tw,94,soylocal,hivit_base_patch16_224.orig_in21k,False,,,,adamw,0.05,5e-06,,0,50,448,8,600,600,,,,47.1667,,,3.7998,47.166666666666664,98.6667,,,2.5697,9.3737,0.4121,78.51,86.833,86.833,
camel.ee.nctu.edu.tw,94,soylocal,hivit_base_patch16_224.orig_in21k,False,,,,adamw,0.05,1e-05,,0,50,448,8,600,600,,,,51.6667,,,3.6028,51.666666666666664,100.0,,,2.0994,9.3967,0.4121,78.51,86.833,86.833,
camel.ee.nctu.edu.tw,94,soylocal,hivit_base_patch16_224.orig_in21k,False,,,,adamw,0.05,5e-05,,0,50,448,8,600,600,,,,50.5,,,3.4627,50.5,100.0,,,1.5955,9.4076,0.4121,78.51,86.833,86.833,
camel.ee.nctu.edu.tw,94,soylocal,hivit_base_patch16_224.orig_in21k,False,,,,adamw,0.05,0.0001,,0,50,448,8,600,600,,,,54.0,,,3.412,54.0,100.0,,,1.5907,9.3588,0.4121,78.51,86.833,86.833,
camel.ee.nctu.edu.tw,94,soylocal,hivit_base_patch16_224.orig_in21k,False,,,,adamw,0.05,0.0005,,0,50,448,8,600,600,,,,47.5,,,3.4538,47.5,100.0,,,1.7127,9.3728,0.4121,78.51,86.833,86.833,
camel.ee.nctu.edu.tw,94,soylocal,hivit_base_patch16_224.orig_in21k,False,,,,adamw,0.05,0.001,,0,50,448,8,600,600,,,,33.8333,,,3.7581,33.833333333333336,74.1667,,,2.7971,9.385,0.4121,78.51,86.833,86.833,
camel.ee.nctu.edu.tw,94,soylocal,hivit_base_patch16_224.orig_in21k,False,,,,sgd,0.0,0.003,,0,50,448,8,600,600,,,,35.3333,,,3.8606,35.333333333333336,81.3333,,,3.1349,9.0684,0.4121,78.51,86.833,86.833,
camel.ee.nctu.edu.tw,94,soylocal,hivit_base_patch16_224.orig_in21k,False,,,,sgd,0.0,0.01,,0,50,448,8,600,600,,,,51.6667,,,3.2148,51.666666666666664,100.0,,,1.7235,9.005,0.4121,78.51,86.833,86.833,
camel.ee.nctu.edu.tw,94,soylocal,hivit_base_patch16_224.orig_in21k,False,,,,sgd,0.0,0.03,,0,50,448,8,600,600,,,,54.3333,,,3.3676,54.333333333333336,100.0,,,1.6382,9.0729,0.4121,78.51,86.833,86.833,
camel.ee.nctu.edu.tw,94,soylocal,hivit_base_patch16_224.orig_in21k,False,,,,sgd,0.0,0.1,,0,50,448,8,600,600,,,,51.0,,,3.3818,51.0,100.0,,,1.6748,9.0358,0.4121,78.51,86.833,86.833,
gpu,95,cotton,hideit_base_patch16_224.fb_in1k,False,,,,adamw,0.05,5e-06,,0,50,448,8,240,240,,,,,,,,,,,,,,,,,,
gpu,95,cotton,hideit_base_patch16_224.fb_in1k,False,,,,adamw,0.05,1e-05,,0,50,448,8,240,240,,,,,,,,,,,,,,,,,,
gpu,95,cotton,hideit_base_patch16_224.fb_in1k,False,,,,adamw,0.05,5e-05,,0,50,448,8,240,240,,,,,,,,,,,,,,,,,,
gpu,95,cotton,hideit_base_patch16_224.fb_in1k,False,,,,adamw,0.05,0.0001,,0,50,448,8,240,240,,,,,,,,,,,,,,,,,,
gpu,95,cotton,hideit_base_patch16_224.fb_in1k,False,,,,adamw,0.05,0.0005,,0,50,448,8,240,240,,,,,,,,,,,,,,,,,,
gpu,95,cotton,hideit_base_patch16_224.fb_in1k,False,,,,adamw,0.05,0.001,,0,50,448,8,240,240,,,,,,,,,,,,,,,,,,
gpu,95,cotton,hideit_base_patch16_224.fb_in1k,False,,,,sgd,0.0,0.003,,0,50,448,8,240,240,,,,,,,,,,,,,,,,,,
gpu,95,cotton,hideit_base_patch16_224.fb_in1k,False,,,,sgd,0.0,0.01,,0,50,448,8,240,240,,,,,,,,,,,,,,,,,,
gpu,95,cotton,hideit_base_patch16_224.fb_in1k,False,,,,sgd,0.0,0.03,,0,50,448,8,240,240,,,,,,,,,,,,,,,,,,
gpu,95,cotton,hideit_base_patch16_224.fb_in1k,False,,,,sgd,0.0,0.1,,0,50,448,8,240,240,,,,,,,,,,,,,,,,,,
gpu,95,cotton,hivit_base_patch16_224.orig_in21k,False,,,,adamw,0.05,5e-06,,0,50,448,8,240,240,,,,,,,,,,,,,,,,,,
gpu,95,cotton,hivit_base_patch16_224.orig_in21k,False,,,,adamw,0.05,1e-05,,0,50,448,8,240,240,,,,,,,,,,,,,,,,,,
gpu,95,cotton,hivit_base_patch16_224.orig_in21k,False,,,,adamw,0.05,5e-05,,0,50,448,8,240,240,,,,,,,,,,,,,,,,,,
gpu,95,cotton,hivit_base_patch16_224.orig_in21k,False,,,,adamw,0.05,0.0001,,0,50,448,8,240,240,,,,,,,,,,,,,,,,,,
gpu,95,cotton,hivit_base_patch16_224.orig_in21k,False,,,,adamw,0.05,0.0005,,0,50,448,8,240,240,,,,,,,,,,,,,,,,,,
gpu,95,cotton,hivit_base_patch16_224.orig_in21k,False,,,,adamw,0.05,0.001,,0,50,448,8,240,240,,,,,,,,,,,,,,,,,,
gpu,95,cotton,hivit_base_patch16_224.orig_in21k,False,,,,sgd,0.0,0.003,,0,50,448,8,240,240,,,,,,,,,,,,,,,,,,
gpu,95,cotton,hivit_base_patch16_224.orig_in21k,False,,,,sgd,0.0,0.01,,0,50,448,8,240,240,,,,,,,,,,,,,,,,,,
gpu,95,cotton,hivit_base_patch16_224.orig_in21k,False,,,,sgd,0.0,0.03,,0,50,448,8,240,240,,,,,,,,,,,,,,,,,,
gpu,95,cotton,hivit_base_patch16_224.orig_in21k,False,,,,sgd,0.0,0.1,,0,50,448,8,240,240,,,,,,,,,,,,,,,,,,
gpu,95,soylocal,hideit_base_patch16_224.fb_in1k,False,,,,adamw,0.05,5e-06,,0,50,448,8,600,600,,,,,,,,,,,,,,,,,,
gpu,95,soylocal,hideit_base_patch16_224.fb_in1k,False,,,,adamw,0.05,1e-05,,0,50,448,8,600,600,,,,,,,,,,,,,,,,,,
gpu,95,soylocal,hideit_base_patch16_224.fb_in1k,False,,,,adamw,0.05,5e-05,,0,50,448,8,600,600,,,,,,,,,,,,,,,,,,
gpu,95,soylocal,hideit_base_patch16_224.fb_in1k,False,,,,adamw,0.05,0.0001,,0,50,448,8,600,600,,,,,,,,,,,,,,,,,,
gpu,95,soylocal,hideit_base_patch16_224.fb_in1k,False,,,,adamw,0.05,0.0005,,0,50,448,8,600,600,,,,,,,,,,,,,,,,,,
gpu,95,soylocal,hideit_base_patch16_224.fb_in1k,False,,,,adamw,0.05,0.001,,0,50,448,8,600,600,,,,,,,,,,,,,,,,,,
gpu,95,soylocal,hideit_base_patch16_224.fb_in1k,False,,,,sgd,0.0,0.003,,0,50,448,8,600,600,,,,,,,,,,,,,,,,,,
gpu,95,soylocal,hideit_base_patch16_224.fb_in1k,False,,,,sgd,0.0,0.01,,0,50,448,8,600,600,,,,,,,,,,,,,,,,,,
gpu,95,soylocal,hideit_base_patch16_224.fb_in1k,False,,,,sgd,0.0,0.03,,0,50,448,8,600,600,,,,,,,,,,,,,,,,,,
gpu,95,soylocal,hideit_base_patch16_224.fb_in1k,False,,,,sgd,0.0,0.1,,0,50,448,8,600,600,,,,,,,,,,,,,,,,,,
gpu,95,soylocal,hivit_base_patch16_224.orig_in21k,False,,,,adamw,0.05,5e-06,,0,50,448,8,600,600,,,,,,,,,,,,,,,,,,
gpu,95,soylocal,hivit_base_patch16_224.orig_in21k,False,,,,adamw,0.05,1e-05,,0,50,448,8,600,600,,,,,,,,,,,,,,,,,,
gpu,95,soylocal,hivit_base_patch16_224.orig_in21k,False,,,,adamw,0.05,5e-05,,0,50,448,8,600,600,,,,,,,,,,,,,,,,,,
gpu,95,soylocal,hivit_base_patch16_224.orig_in21k,False,,,,adamw,0.05,0.0001,,0,50,448,8,600,600,,,,,,,,,,,,,,,,,,
gpu,95,soylocal,hivit_base_patch16_224.orig_in21k,False,,,,adamw,0.05,0.0005,,0,50,448,8,600,600,,,,,,,,,,,,,,,,,,
gpu,95,soylocal,hivit_base_patch16_224.orig_in21k,False,,,,adamw,0.05,0.001,,0,50,448,8,600,600,,,,,,,,,,,,,,,,,,
gpu,95,soylocal,hivit_base_patch16_224.orig_in21k,False,,,,sgd,0.0,0.003,,0,50,448,8,600,600,,,,,,,,,,,,,,,,,,
gpu,95,soylocal,hivit_base_patch16_224.orig_in21k,False,,,,sgd,0.0,0.01,,0,50,448,8,600,600,,,,,,,,,,,,,,,,,,
gpu,95,soylocal,hivit_base_patch16_224.orig_in21k,False,,,,sgd,0.0,0.03,,0,50,448,8,600,600,,,,,,,,,,,,,,,,,,
gpu,95,soylocal,hivit_base_patch16_224.orig_in21k,False,,,,sgd,0.0,0.1,,0,50,448,8,600,600,,,,,,,,,,,,,,,,,,
