host,serial,dataset_name,model_name,freeze_backbone,classifier,adapter,prompt,opt,weight_decay,lr,base_lr,seed,epochs,image_size,batch_size,num_images_train,num_images_val,n_cluster_ratio,extractor_layer,model_name_extractor,img_per_class,val_acc_level1,val_acc_level2,val_acc_level3,val_loss,ap_w,train_acc_level1,train_acc_level2,train_acc_level3,train_loss,time_total,max_memory,flops,no_params,no_params_trainable,throughput
camel.ee.nctu.edu.tw,102,aircraft_baseline,hideit3_base_patch16_224.fb_in1k,False,,,,adamw,0.05,5e-06,,0,200,448,8,100,3333,,,,,10.7411,,,4.2314,10.74107410741074,100.0,,,0.0133,19.3579,0.4121,78.5244,86.7906,86.7906,
camel.ee.nctu.edu.tw,102,aircraft_baseline,hideit3_base_patch16_224.fb_in1k,False,,,,adamw,0.05,5e-06,,0,200,448,8,300,3333,,,,3.0,27.6028,,,3.3308,27.602760276027603,100.0,,,0.0032,31.9935,0.4121,78.5244,86.7906,86.7906,
gpu,102,aircraft_baseline,hideit3_base_patch16_224.fb_in1k,False,,,,adamw,0.05,5e-06,,0,200,448,8,500,3333,,,,5.0,39.724,,,2.7089,39.72397239723973,100.0,,,0.0035,47.4772,0.4121,67.1662,86.7906,86.7906,
camel.ee.nctu.edu.tw,102,aircraft_baseline,hideit3_base_patch16_224.fb_in1k,False,,,,adamw,0.05,1e-05,,0,200,448,8,100,3333,,,,,11.0411,,,4.221,11.04110411041104,100.0,,,0.0094,19.4082,0.4121,78.5244,86.7906,86.7906,
camel.ee.nctu.edu.tw,102,aircraft_baseline,hideit3_base_patch16_224.fb_in1k,False,,,,adamw,0.05,1e-05,,0,200,448,8,300,3333,,,,3.0,28.7129,,,3.2663,28.712871287128714,100.0,,,0.0017,31.9509,0.4121,78.5244,86.7906,86.7906,
gpu,102,aircraft_baseline,hideit3_base_patch16_224.fb_in1k,False,,,,adamw,0.05,1e-05,,0,200,448,8,500,3333,,,,5.0,42.9643,,,2.5516,42.96429642964296,100.0,,,0.0005,47.4714,0.4121,67.1662,86.7906,86.7906,
camel.ee.nctu.edu.tw,102,aircraft_baseline,hideit3_base_patch16_224.fb_in1k,False,,,,adamw,0.05,5e-05,,0,200,448,8,100,3333,,,,,11.7912,,,4.1647,11.791179117911792,100.0,,,0.0028,19.4348,0.4121,78.5244,86.7906,86.7906,
camel.ee.nctu.edu.tw,102,aircraft_baseline,hideit3_base_patch16_224.fb_in1k,False,,,,adamw,0.05,5e-05,,0,200,448,8,300,3333,,,,3.0,32.0732,,,3.073,32.073207320732074,100.0,,,0.0003,32.1504,0.4121,78.5244,86.7906,86.7906,
gpu,102,aircraft_baseline,hideit3_base_patch16_224.fb_in1k,False,,,,adamw,0.05,5e-05,,0,200,448,8,500,3333,,,,5.0,45.4545,,,2.4835,45.45454545454545,100.0,,,0.0001,47.4116,0.4121,67.1662,86.7906,86.7906,
camel.ee.nctu.edu.tw,102,aircraft_baseline,hideit3_base_patch16_224.fb_in1k,False,,,,adamw,0.05,0.0001,,0,200,448,8,100,3333,,,,,12.6013,,,4.1482,12.6012601260126,100.0,,,0.0015,19.5328,0.4121,78.5244,86.7906,86.7906,
camel.ee.nctu.edu.tw,102,aircraft_baseline,hideit3_base_patch16_224.fb_in1k,False,,,,adamw,0.05,0.0001,,0,200,448,8,300,3333,,,,3.0,33.3933,,,3.0465,33.39333933393339,100.0,,,0.0002,31.7464,0.4121,78.5244,86.7906,86.7906,
gpu,102,aircraft_baseline,hideit3_base_patch16_224.fb_in1k,False,,,,adamw,0.05,0.0001,,0,200,448,8,500,3333,,,,5.0,46.6247,,,2.467,46.624662466246626,100.0,,,0.0,47.3281,0.4121,67.1662,86.7906,86.7906,
camel.ee.nctu.edu.tw,102,aircraft_baseline,hideit3_base_patch16_224.fb_in1k,False,,,,adamw,0.05,0.0005,,0,200,448,8,100,3333,,,,,14.1314,,,4.3399,14.131413141314132,100.0,,,0.0003,19.4587,0.4121,78.5244,86.7906,86.7906,
camel.ee.nctu.edu.tw,102,aircraft_baseline,hideit3_base_patch16_224.fb_in1k,False,,,,adamw,0.05,0.0005,,0,200,448,8,300,3333,,,,3.0,18.5719,,,6.7235,18.57185718571857,100.0,,,0.0,31.7974,0.4121,78.5244,86.7906,86.7906,
gpu,102,aircraft_baseline,hideit3_base_patch16_224.fb_in1k,False,,,,adamw,0.05,0.0005,,0,200,448,8,500,3333,,,,5.0,22.5023,,,6.847,22.502250225022504,100.0,,,0.0,47.2302,0.4121,67.1662,86.7906,86.7906,
camel.ee.nctu.edu.tw,102,aircraft_baseline,hideit3_base_patch16_224.fb_in1k,False,,,,adamw,0.05,0.001,,0,200,448,8,100,3333,,,,,6.0006,,,7.6185,6.0006000600060005,100.0,,,0.0001,19.1265,0.4121,78.5244,86.7906,86.7906,
camel.ee.nctu.edu.tw,102,aircraft_baseline,hideit3_base_patch16_224.fb_in1k,False,,,,adamw,0.05,0.001,,0,200,448,8,300,3333,,,,3.0,5.6106,,,10.6888,5.6105610561056105,100.0,,,0.0071,31.8593,0.4121,78.5244,86.7906,86.7906,
gpu,102,aircraft_baseline,hideit3_base_patch16_224.fb_in1k,False,,,,adamw,0.05,0.001,,0,200,448,8,500,3333,,,,5.0,5.9706,,,6.8659,5.9705970597059705,82.6613,,,0.7116,47.0777,0.4121,67.1662,86.7906,86.7906,
camel.ee.nctu.edu.tw,102,aircraft_baseline,hideit3_base_patch16_224.fb_in1k,False,,,,sgd,0.0,0.003,,0,200,448,8,100,3333,,,,,10.6511,,,4.1608,10.651065106510652,100.0,,,0.0257,19.0879,0.4121,78.5244,86.7906,86.7906,
camel.ee.nctu.edu.tw,102,aircraft_baseline,hideit3_base_patch16_224.fb_in1k,False,,,,sgd,0.0,0.003,,0,200,448,8,300,3333,,,,3.0,29.2829,,,3.1166,29.282928292829283,100.0,,,0.0055,30.9544,0.4121,78.5244,86.7906,86.7906,
gpu,102,aircraft_baseline,hideit3_base_patch16_224.fb_in1k,False,,,,sgd,0.0,0.003,,0,200,448,8,500,3333,,,,5.0,42.3642,,,2.3988,42.36423642364237,100.0,,,0.0034,46.0189,0.4121,67.1662,86.7906,86.7906,
camel.ee.nctu.edu.tw,102,aircraft_baseline,hideit3_base_patch16_224.fb_in1k,False,,,,sgd,0.0,0.01,,0,200,448,8,100,3333,,,,,11.5212,,,4.1917,11.52115211521152,100.0,,,0.0029,19.3393,0.4121,78.5244,86.7906,86.7906,
camel.ee.nctu.edu.tw,102,aircraft_baseline,hideit3_base_patch16_224.fb_in1k,False,,,,sgd,0.0,0.01,,0,200,448,8,300,3333,,,,3.0,31.1731,,,3.016,31.173117311731172,100.0,,,0.0009,31.0587,0.4121,78.5244,86.7906,86.7906,
gpu,102,aircraft_baseline,hideit3_base_patch16_224.fb_in1k,False,,,,sgd,0.0,0.01,,0,200,448,8,500,3333,,,,5.0,45.1245,,,2.3337,45.12451245124512,100.0,,,0.0007,45.8773,0.4121,67.1662,86.7906,86.7906,
camel.ee.nctu.edu.tw,102,aircraft_baseline,hideit3_base_patch16_224.fb_in1k,False,,,,sgd,0.0,0.03,,0,200,448,8,100,3333,,,,,12.3012,,,4.2189,12.3012301230123,100.0,,,0.0008,19.0287,0.4121,78.5244,86.7906,86.7906,
camel.ee.nctu.edu.tw,102,aircraft_baseline,hideit3_base_patch16_224.fb_in1k,False,,,,sgd,0.0,0.03,,0,200,448,8,300,3333,,,,3.0,32.9133,,,2.9865,32.91329132913291,100.0,,,0.0002,31.0104,0.4121,78.5244,86.7906,86.7906,
gpu,102,aircraft_baseline,hideit3_base_patch16_224.fb_in1k,False,,,,sgd,0.0,0.03,,0,200,448,8,500,3333,,,,5.0,47.4347,,,2.3174,47.434743474347435,100.0,,,0.0002,45.9141,0.4121,67.1662,86.7906,86.7906,
camel.ee.nctu.edu.tw,102,aircraft_baseline,hideit3_base_patch16_224.fb_in1k,False,,,,sgd,0.0,0.1,,0,200,448,8,100,3333,,,,,13.6514,,,4.2921,13.651365136513652,100.0,,,0.0002,19.4516,0.4121,78.5244,86.7906,86.7906,
camel.ee.nctu.edu.tw,102,aircraft_baseline,hideit3_base_patch16_224.fb_in1k,False,,,,sgd,0.0,0.1,,0,200,448,8,300,3333,,,,3.0,26.8227,,,4.3688,26.822682268226824,100.0,,,0.0,31.1148,0.4121,78.5244,86.7906,86.7906,
gpu,102,aircraft_baseline,hideit3_base_patch16_224.fb_in1k,False,,,,sgd,0.0,0.1,,0,200,448,8,500,3333,,,,5.0,37.3237,,,4.0734,37.32373237323733,100.0,,,0.0,45.5537,0.4121,67.1662,86.7906,86.7906,
camel.ee.nctu.edu.tw,102,aircraft_baseline,hideit3_base_patch16_224.fb_in22k_ft_in1k,False,,,,adamw,0.05,5e-06,,0,200,448,8,100,3333,,,,,10.051,,,4.2673,10.051005100510052,100.0,,,0.0134,19.4586,0.4121,78.5244,86.7906,86.7906,
camel.ee.nctu.edu.tw,102,aircraft_baseline,hideit3_base_patch16_224.fb_in22k_ft_in1k,False,,,,adamw,0.05,5e-06,,0,200,448,8,300,3333,,,,3.0,25.5926,,,3.3737,25.592559255925593,100.0,,,0.0033,31.9685,0.4121,78.5244,86.7906,86.7906,
gpu,102,aircraft_baseline,hideit3_base_patch16_224.fb_in22k_ft_in1k,False,,,,adamw,0.05,5e-06,,0,200,448,8,500,3333,,,,5.0,41.2241,,,2.6398,41.22412241224122,100.0,,,0.0011,47.3195,0.4121,67.1662,86.7906,86.7906,
camel.ee.nctu.edu.tw,102,aircraft_baseline,hideit3_base_patch16_224.fb_in22k_ft_in1k,False,,,,adamw,0.05,1e-05,,0,200,448,8,100,3333,,,,,10.471,,,4.2518,10.471047104710472,100.0,,,0.0094,19.5932,0.4121,78.5244,86.7906,86.7906,
camel.ee.nctu.edu.tw,102,aircraft_baseline,hideit3_base_patch16_224.fb_in22k_ft_in1k,False,,,,adamw,0.05,1e-05,,0,200,448,8,300,3333,,,,3.0,27.1827,,,3.277,27.182718271827184,100.0,,,0.0018,31.9387,0.4121,78.5244,86.7906,86.7906,
gpu,102,aircraft_baseline,hideit3_base_patch16_224.fb_in22k_ft_in1k,False,,,,adamw,0.05,1e-05,,0,200,448,8,500,3333,,,,5.0,41.7642,,,2.5934,41.76417641764176,100.0,,,0.0007,47.2824,0.4121,67.1662,86.7906,86.7906,
camel.ee.nctu.edu.tw,102,aircraft_baseline,hideit3_base_patch16_224.fb_in22k_ft_in1k,False,,,,adamw,0.05,5e-05,,0,200,448,8,100,3333,,,,,11.1011,,,4.2215,11.1011101110111,100.0,,,0.0027,19.3251,0.4121,78.5244,86.7906,86.7906,
camel.ee.nctu.edu.tw,102,aircraft_baseline,hideit3_base_patch16_224.fb_in22k_ft_in1k,False,,,,adamw,0.05,5e-05,,0,200,448,8,300,3333,,,,3.0,33.3333,,,3.0218,33.333333333333336,100.0,,,0.0003,31.8148,0.4121,78.5244,86.7906,86.7906,
gpu,102,aircraft_baseline,hideit3_base_patch16_224.fb_in22k_ft_in1k,False,,,,adamw,0.05,5e-05,,0,200,448,8,500,3333,,,,5.0,42.9043,,,2.7011,42.9042904290429,100.0,,,0.0009,47.2297,0.4121,67.1662,86.7906,86.7906,
camel.ee.nctu.edu.tw,102,aircraft_baseline,hideit3_base_patch16_224.fb_in22k_ft_in1k,False,,,,adamw,0.05,0.0001,,0,200,448,8,100,3333,,,,,12.7213,,,4.2199,12.72127212721272,100.0,,,0.0015,19.6106,0.4121,78.5244,86.7906,86.7906,
camel.ee.nctu.edu.tw,102,aircraft_baseline,hideit3_base_patch16_224.fb_in22k_ft_in1k,False,,,,adamw,0.05,0.0001,,0,200,448,8,300,3333,,,,3.0,36.4536,,,2.9853,36.453645364536456,100.0,,,0.0002,31.7766,0.4121,78.5244,86.7906,86.7906,
gpu,102,aircraft_baseline,hideit3_base_patch16_224.fb_in22k_ft_in1k,False,,,,adamw,0.05,0.0001,,0,200,448,8,500,3333,,,,5.0,49.1149,,,2.6282,49.114911491149115,100.0,,,0.0,47.1435,0.4121,67.1662,86.7906,86.7906,
camel.ee.nctu.edu.tw,102,aircraft_baseline,hideit3_base_patch16_224.fb_in22k_ft_in1k,False,,,,adamw,0.05,0.0005,,0,200,448,8,100,3333,,,,,8.2808,,,6.1524,8.28082808280828,100.0,,,0.0001,19.5022,0.4121,78.5244,86.7906,86.7906,
camel.ee.nctu.edu.tw,102,aircraft_baseline,hideit3_base_patch16_224.fb_in22k_ft_in1k,False,,,,adamw,0.05,0.0005,,0,200,448,8,300,3333,,,,3.0,17.6418,,,6.3098,17.64176417641764,100.0,,,0.0001,31.9384,0.4121,78.5244,86.7906,86.7906,
gpu,102,aircraft_baseline,hideit3_base_patch16_224.fb_in22k_ft_in1k,False,,,,adamw,0.05,0.0005,,0,200,448,8,500,3333,,,,5.0,24.0324,,,6.2333,24.032403240324033,100.0,,,0.0,47.1321,0.4121,67.1662,86.7906,86.7906,
camel.ee.nctu.edu.tw,102,aircraft_baseline,hideit3_base_patch16_224.fb_in22k_ft_in1k,False,,,,adamw,0.05,0.001,,0,200,448,8,100,3333,,,,,5.5506,,,8.1984,5.5505550555055505,100.0,,,0.0002,19.4565,0.4121,78.5244,86.7906,86.7906,
camel.ee.nctu.edu.tw,102,aircraft_baseline,hideit3_base_patch16_224.fb_in22k_ft_in1k,False,,,,adamw,0.05,0.001,,0,200,448,8,300,3333,,,,3.0,5.2505,,,10.6931,5.2505250525052505,100.0,,,0.0113,31.7507,0.4121,78.5244,86.7906,86.7906,
gpu,102,aircraft_baseline,hideit3_base_patch16_224.fb_in22k_ft_in1k,False,,,,adamw,0.05,0.001,,0,200,448,8,500,3333,,,,5.0,6.3306,,,9.4775,6.330633063306331,99.1935,,,0.0248,47.0655,0.4121,67.1662,86.7906,86.7906,
camel.ee.nctu.edu.tw,102,aircraft_baseline,hideit3_base_patch16_224.fb_in22k_ft_in1k,False,,,,sgd,0.0,0.003,,0,200,448,8,100,3333,,,,,10.471,,,4.1771,10.471047104710472,100.0,,,0.0228,19.2271,0.4121,78.5244,86.7906,86.7906,
camel.ee.nctu.edu.tw,102,aircraft_baseline,hideit3_base_patch16_224.fb_in22k_ft_in1k,False,,,,sgd,0.0,0.003,,0,200,448,8,300,3333,,,,3.0,27.6328,,,3.0713,27.632763276327633,100.0,,,0.0052,31.2639,0.4121,78.5244,86.7906,86.7906,
gpu,102,aircraft_baseline,hideit3_base_patch16_224.fb_in22k_ft_in1k,False,,,,sgd,0.0,0.003,,0,200,448,8,500,3333,,,,5.0,40.354,,,2.3636,40.35403540354035,100.0,,,0.0029,45.8734,0.4121,67.1662,86.7906,86.7906,
camel.ee.nctu.edu.tw,102,aircraft_baseline,hideit3_base_patch16_224.fb_in22k_ft_in1k,False,,,,sgd,0.0,0.01,,0,200,448,8,100,3333,,,,,11.2511,,,4.2429,11.251125112511252,100.0,,,0.0029,19.1476,0.4121,78.5244,86.7906,86.7906,
camel.ee.nctu.edu.tw,102,aircraft_baseline,hideit3_base_patch16_224.fb_in22k_ft_in1k,False,,,,sgd,0.0,0.01,,0,200,448,8,300,3333,,,,3.0,30.063,,,2.9833,30.063006300630065,100.0,,,0.0009,31.3716,0.4121,78.5244,86.7906,86.7906,
gpu,102,aircraft_baseline,hideit3_base_patch16_224.fb_in22k_ft_in1k,False,,,,sgd,0.0,0.01,,0,200,448,8,500,3333,,,,5.0,44.5845,,,2.2496,44.58445844584458,100.0,,,0.0006,45.7954,0.4121,67.1662,86.7906,86.7906,
camel.ee.nctu.edu.tw,102,aircraft_baseline,hideit3_base_patch16_224.fb_in22k_ft_in1k,False,,,,sgd,0.0,0.03,,0,200,448,8,100,3333,,,,,12.2712,,,4.3021,12.271227122712272,100.0,,,0.0008,19.2146,0.4121,78.5244,86.7906,86.7906,
camel.ee.nctu.edu.tw,102,aircraft_baseline,hideit3_base_patch16_224.fb_in22k_ft_in1k,False,,,,sgd,0.0,0.03,,0,200,448,8,300,3333,,,,3.0,32.5233,,,2.9666,32.52325232523253,100.0,,,0.0002,31.1321,0.4121,78.5244,86.7906,86.7906,
gpu,102,aircraft_baseline,hideit3_base_patch16_224.fb_in22k_ft_in1k,False,,,,sgd,0.0,0.03,,0,200,448,8,500,3333,,,,5.0,47.4347,,,2.209,47.434743474347435,100.0,,,0.0001,45.7586,0.4121,67.1662,86.7906,86.7906,
camel.ee.nctu.edu.tw,102,aircraft_baseline,hideit3_base_patch16_224.fb_in22k_ft_in1k,False,,,,sgd,0.0,0.1,,0,200,448,8,100,3333,,,,,12.9313,,,4.4187,12.931293129312932,100.0,,,0.0002,19.2294,0.4121,78.5244,86.7906,86.7906,
camel.ee.nctu.edu.tw,102,aircraft_baseline,hideit3_base_patch16_224.fb_in22k_ft_in1k,False,,,,sgd,0.0,0.1,,0,200,448,8,300,3333,,,,3.0,29.3129,,,4.37,29.312931293129314,100.0,,,0.0,31.1883,0.4121,78.5244,86.7906,86.7906,
gpu,102,aircraft_baseline,hideit3_base_patch16_224.fb_in22k_ft_in1k,False,,,,sgd,0.0,0.1,,0,200,448,8,500,3333,,,,5.0,37.4437,,,4.3499,37.44374437443744,100.0,,,0.0,45.6301,0.4121,67.1662,86.7906,86.7906,
camel.ee.nctu.edu.tw,102,aircraft_baseline,hideit_base_patch16_224.fb_in1k,False,,,,adamw,0.05,5e-06,,0,200,448,8,100,3333,,,,,8.3708,,,4.339,8.370837083708372,100.0,,,0.0171,19.3015,0.4121,78.51,86.7729,86.7729,
camel.ee.nctu.edu.tw,102,aircraft_baseline,hideit_base_patch16_224.fb_in1k,False,,,,adamw,0.05,5e-06,,0,200,448,8,300,3333,,,,3.0,20.5221,,,3.6565,20.52205220522052,100.0,,,0.0044,31.2326,0.4121,78.51,86.7729,86.7729,
gpu,102,aircraft_baseline,hideit_base_patch16_224.fb_in1k,False,,,,adamw,0.05,5e-06,,0,200,448,8,500,3333,,,,5.0,31.2631,,,3.0374,31.263126312631265,100.0,,,0.0012,45.8439,0.4121,67.1517,86.7729,86.7729,
camel.ee.nctu.edu.tw,102,aircraft_baseline,hideit_base_patch16_224.fb_in1k,False,,,,adamw,0.05,1e-05,,0,200,448,8,100,3333,,,,,8.7009,,,4.3347,8.7008700870087,100.0,,,0.0115,19.3526,0.4121,78.51,86.7729,86.7729,
camel.ee.nctu.edu.tw,102,aircraft_baseline,hideit_base_patch16_224.fb_in1k,False,,,,adamw,0.05,1e-05,,0,200,448,8,300,3333,,,,3.0,22.0222,,,3.5993,22.022202220222024,100.0,,,0.0022,31.0693,0.4121,78.51,86.7729,86.7729,
gpu,102,aircraft_baseline,hideit_base_patch16_224.fb_in1k,False,,,,adamw,0.05,1e-05,,0,200,448,8,500,3333,,,,5.0,31.7132,,,3.0817,31.71317131713171,100.0,,,0.0052,45.7641,0.4121,67.1517,86.7729,86.7729,
camel.ee.nctu.edu.tw,102,aircraft_baseline,hideit_base_patch16_224.fb_in1k,False,,,,adamw,0.05,5e-05,,0,200,448,8,100,3333,,,,,9.601,,,4.2907,9.6009600960096,100.0,,,0.0031,19.5679,0.4121,78.51,86.7729,86.7729,
camel.ee.nctu.edu.tw,102,aircraft_baseline,hideit_base_patch16_224.fb_in1k,False,,,,adamw,0.05,5e-05,,0,200,448,8,300,3333,,,,3.0,25.6226,,,3.4208,25.622562256225624,100.0,,,0.0004,31.2208,0.4121,78.51,86.7729,86.7729,
gpu,102,aircraft_baseline,hideit_base_patch16_224.fb_in1k,False,,,,adamw,0.05,5e-05,,0,200,448,8,500,3333,,,,5.0,39.784,,,2.7976,39.78397839783978,100.0,,,0.0001,45.6563,0.4121,67.1517,86.7729,86.7729,
camel.ee.nctu.edu.tw,102,aircraft_baseline,hideit_base_patch16_224.fb_in1k,False,,,,adamw,0.05,0.0001,,0,200,448,8,100,3333,,,,,9.961,,,4.2814,9.96099609960996,100.0,,,0.0017,19.2317,0.4121,78.51,86.7729,86.7729,
camel.ee.nctu.edu.tw,102,aircraft_baseline,hideit_base_patch16_224.fb_in1k,False,,,,adamw,0.05,0.0001,,0,200,448,8,300,3333,,,,3.0,27.6028,,,3.383,27.602760276027603,100.0,,,0.0002,31.2089,0.4121,78.51,86.7729,86.7729,
gpu,102,aircraft_baseline,hideit_base_patch16_224.fb_in1k,False,,,,adamw,0.05,0.0001,,0,200,448,8,500,3333,,,,5.0,42.5143,,,2.7778,42.51425142514251,100.0,,,0.0,45.5751,0.4121,67.1517,86.7729,86.7729,
camel.ee.nctu.edu.tw,102,aircraft_baseline,hideit_base_patch16_224.fb_in1k,False,,,,adamw,0.05,0.0005,,0,200,448,8,100,3333,,,,,10.9811,,,4.3501,10.98109810981098,100.0,,,0.0003,19.434,0.4121,78.51,86.7729,86.7729,
camel.ee.nctu.edu.tw,102,aircraft_baseline,hideit_base_patch16_224.fb_in1k,False,,,,adamw,0.05,0.0005,,0,200,448,8,300,3333,,,,3.0,15.6616,,,6.4301,15.66156615661566,100.0,,,0.0001,31.2221,0.4121,78.51,86.7729,86.7729,
gpu,102,aircraft_baseline,hideit_base_patch16_224.fb_in1k,False,,,,adamw,0.05,0.0005,,0,200,448,8,500,3333,,,,5.0,19.712,,,6.5512,19.711971197119713,100.0,,,0.0,45.4473,0.4121,67.1517,86.7729,86.7729,
camel.ee.nctu.edu.tw,102,aircraft_baseline,hideit_base_patch16_224.fb_in1k,False,,,,adamw,0.05,0.001,,0,200,448,8,100,3333,,,,,11.7312,,,4.4794,11.731173117311732,100.0,,,0.0002,19.1865,0.4121,78.51,86.7729,86.7729,
camel.ee.nctu.edu.tw,102,aircraft_baseline,hideit_base_patch16_224.fb_in1k,False,,,,adamw,0.05,0.001,,0,200,448,8,300,3333,,,,3.0,10.9811,,,8.7221,10.98109810981098,100.0,,,0.0018,31.1297,0.4121,78.51,86.7729,86.7729,
gpu,102,aircraft_baseline,hideit_base_patch16_224.fb_in1k,False,,,,adamw,0.05,0.001,,0,200,448,8,500,3333,,,,5.0,8.6409,,,10.1754,8.64086408640864,99.5968,,,0.0133,45.3419,0.4121,67.1517,86.7729,86.7729,
camel.ee.nctu.edu.tw,102,aircraft_baseline,hideit_base_patch16_224.fb_in1k,False,,,,sgd,0.0,0.003,,0,200,448,8,100,3333,,,,,9.2709,,,4.2389,9.270927092709272,100.0,,,0.0177,18.9842,0.4121,78.51,86.7729,86.7729,
camel.ee.nctu.edu.tw,102,aircraft_baseline,hideit_base_patch16_224.fb_in1k,False,,,,sgd,0.0,0.003,,0,200,448,8,300,3333,,,,3.0,22.1122,,,3.5246,22.112211221122113,100.0,,,0.006,29.8817,0.4121,78.51,86.7729,86.7729,
gpu,102,aircraft_baseline,hideit_base_patch16_224.fb_in1k,False,,,,sgd,0.0,0.003,,0,200,448,8,500,3333,,,,5.0,31.5632,,,2.9276,31.563156315631563,100.0,,,0.0039,44.2089,0.4121,67.1517,86.7729,86.7729,
camel.ee.nctu.edu.tw,102,aircraft_baseline,hideit_base_patch16_224.fb_in1k,False,,,,sgd,0.0,0.01,,0,200,448,8,100,3333,,,,,9.751,,,4.3182,9.750975097509752,100.0,,,0.0027,19.1837,0.4121,78.51,86.7729,86.7729,
camel.ee.nctu.edu.tw,102,aircraft_baseline,hideit_base_patch16_224.fb_in1k,False,,,,sgd,0.0,0.01,,0,200,448,8,300,3333,,,,3.0,24.0324,,,3.5241,24.032403240324033,100.0,,,0.001,29.9503,0.4121,78.51,86.7729,86.7729,
gpu,102,aircraft_baseline,hideit_base_patch16_224.fb_in1k,False,,,,sgd,0.0,0.01,,0,200,448,8,500,3333,,,,5.0,34.5035,,,2.8616,34.5034503450345,100.0,,,0.0007,44.1554,0.4121,67.1517,86.7729,86.7729,
camel.ee.nctu.edu.tw,102,aircraft_baseline,hideit_base_patch16_224.fb_in1k,False,,,,sgd,0.0,0.03,,0,200,448,8,100,3333,,,,,10.6211,,,4.3713,10.62106210621062,100.0,,,0.0008,18.8411,0.4121,78.51,86.7729,86.7729,
camel.ee.nctu.edu.tw,102,aircraft_baseline,hideit_base_patch16_224.fb_in1k,False,,,,sgd,0.0,0.03,,0,200,448,8,300,3333,,,,3.0,25.5326,,,3.4862,25.53255325532553,100.0,,,0.0003,30.3044,0.4121,78.51,86.7729,86.7729,
gpu,102,aircraft_baseline,hideit_base_patch16_224.fb_in1k,False,,,,sgd,0.0,0.03,,0,200,448,8,500,3333,,,,5.0,38.9739,,,2.7439,38.97389738973897,100.0,,,0.0002,44.145,0.4121,67.1517,86.7729,86.7729,
camel.ee.nctu.edu.tw,102,aircraft_baseline,hideit_base_patch16_224.fb_in1k,False,,,,sgd,0.0,0.1,,0,200,448,8,100,3333,,,,,11.1011,,,4.4492,11.1011101110111,100.0,,,0.0002,19.1664,0.4121,78.51,86.7729,86.7729,
camel.ee.nctu.edu.tw,102,aircraft_baseline,hideit_base_patch16_224.fb_in1k,False,,,,sgd,0.0,0.1,,0,200,448,8,300,3333,,,,3.0,25.8626,,,4.4043,25.862586258625864,100.0,,,0.0,30.3317,0.4121,78.51,86.7729,86.7729,
gpu,102,aircraft_baseline,hideit_base_patch16_224.fb_in1k,False,,,,sgd,0.0,0.1,,0,200,448,8,500,3333,,,,5.0,34.9535,,,4.057,34.953495349534954,100.0,,,0.0,43.9653,0.4121,67.1517,86.7729,86.7729,
camel.ee.nctu.edu.tw,102,aircraft_baseline,hiresnet50.a1_in1k,False,,,,adamw,0.05,5e-06,,0,200,448,8,100,3333,,,,,10.351,,,4.3204,10.351035103510352,100.0,,,0.3611,16.2634,4.3984,16.3943,24.7987,24.7987,
camel.ee.nctu.edu.tw,102,aircraft_baseline,hiresnet50.a1_in1k,False,,,,adamw,0.05,5e-06,,0,200,448,8,300,3333,,,,3.0,27.5728,,,3.2839,27.57275727572757,100.0,,,0.0906,22.7712,4.3984,16.3943,24.7987,24.7987,
gpu,102,aircraft_baseline,hiresnet50.a1_in1k,False,,,,adamw,0.05,5e-06,,0,200,448,8,500,3333,,,,5.0,38.6439,,,2.6042,38.64386438643864,100.0,,,0.0388,20.9789,4.3984,16.3943,24.7987,24.7987,
camel.ee.nctu.edu.tw,102,aircraft_baseline,hiresnet50.a1_in1k,False,,,,adamw,0.05,1e-05,,0,200,448,8,100,3333,,,,,11.5212,,,4.2417,11.52115211521152,100.0,,,0.1187,16.497,4.3984,16.3943,24.7987,24.7987,
camel.ee.nctu.edu.tw,102,aircraft_baseline,hiresnet50.a1_in1k,False,,,,adamw,0.05,1e-05,,0,200,448,8,300,3333,,,,3.0,29.1629,,,3.1548,29.162916291629163,100.0,,,0.0206,22.6376,4.3984,16.3943,24.7987,24.7987,
gpu,102,aircraft_baseline,hiresnet50.a1_in1k,False,,,,adamw,0.05,1e-05,,0,200,448,8,500,3333,,,,5.0,40.9541,,,2.5067,40.954095409540955,100.0,,,0.0091,20.9636,4.3984,16.3943,24.7987,24.7987,
camel.ee.nctu.edu.tw,102,aircraft_baseline,hiresnet50.a1_in1k,False,,,,adamw,0.05,5e-05,,0,200,448,8,100,3333,,,,,13.4413,,,4.0929,13.44134413441344,100.0,,,0.0036,16.467,4.3984,16.3943,24.7987,24.7987,
camel.ee.nctu.edu.tw,102,aircraft_baseline,hiresnet50.a1_in1k,False,,,,adamw,0.05,5e-05,,0,200,448,8,300,3333,,,,3.0,33.4233,,,3.0011,33.423342334233425,100.0,,,0.0007,22.6661,4.3984,16.3943,24.7987,24.7987,
gpu,102,aircraft_baseline,hiresnet50.a1_in1k,False,,,,adamw,0.05,5e-05,,0,200,448,8,500,3333,,,,5.0,44.7045,,,2.4097,44.704470447044706,100.0,,,0.0002,20.9863,4.3984,16.3943,24.7987,24.7987,
camel.ee.nctu.edu.tw,102,aircraft_baseline,hiresnet50.a1_in1k,False,,,,adamw,0.05,0.0001,,0,200,448,8,100,3333,,,,,14.1914,,,4.0988,14.191419141914192,100.0,,,0.0013,16.1837,4.3984,16.3943,24.7987,24.7987,
camel.ee.nctu.edu.tw,102,aircraft_baseline,hiresnet50.a1_in1k,False,,,,adamw,0.05,0.0001,,0,200,448,8,300,3333,,,,3.0,33.9634,,,2.9713,33.96339633963397,100.0,,,0.0002,22.6594,4.3984,16.3943,24.7987,24.7987,
gpu,102,aircraft_baseline,hiresnet50.a1_in1k,False,,,,adamw,0.05,0.0001,,0,200,448,8,500,3333,,,,5.0,46.3846,,,2.3991,46.384638463846386,100.0,,,0.0001,20.9396,4.3984,16.3943,24.7987,24.7987,
camel.ee.nctu.edu.tw,102,aircraft_baseline,hiresnet50.a1_in1k,False,,,,adamw,0.05,0.0005,,0,200,448,8,100,3333,,,,,14.9115,,,4.1031,14.911491149114912,100.0,,,0.0002,16.1806,4.3984,16.3943,24.7987,24.7987,
camel.ee.nctu.edu.tw,102,aircraft_baseline,hiresnet50.a1_in1k,False,,,,adamw,0.05,0.0005,,0,200,448,8,300,3333,,,,3.0,34.3834,,,3.2954,34.383438343834385,100.0,,,0.0,22.9198,4.3984,16.3943,24.7987,24.7987,
gpu,102,aircraft_baseline,hiresnet50.a1_in1k,False,,,,adamw,0.05,0.0005,,0,200,448,8,500,3333,,,,5.0,47.1947,,,2.8306,47.194719471947195,100.0,,,0.0,20.9461,4.3984,16.3943,24.7987,24.7987,
camel.ee.nctu.edu.tw,102,aircraft_baseline,hiresnet50.a1_in1k,False,,,,adamw,0.05,0.001,,0,200,448,8,100,3333,,,,,15.6616,,,4.0999,15.66156615661566,100.0,,,0.0001,16.2595,4.3984,16.3943,24.7987,24.7987,
camel.ee.nctu.edu.tw,102,aircraft_baseline,hiresnet50.a1_in1k,False,,,,adamw,0.05,0.001,,0,200,448,8,300,3333,,,,3.0,31.6532,,,4.1495,31.653165316531652,100.0,,,0.0,22.6352,4.3984,16.3943,24.7987,24.7987,
gpu,102,aircraft_baseline,hiresnet50.a1_in1k,False,,,,adamw,0.05,0.001,,0,200,448,8,500,3333,,,,5.0,44.0144,,,3.7411,44.01440144014401,100.0,,,0.0,20.7377,4.3984,16.3943,24.7987,24.7987,
camel.ee.nctu.edu.tw,102,aircraft_baseline,hiresnet50.a1_in1k,False,,,,sgd,0.0,0.003,,0,200,448,8,100,3333,,,,,8.7609,,,4.3902,8.76087608760876,100.0,,,0.3339,16.1711,4.3984,16.3943,24.7987,24.7987,
camel.ee.nctu.edu.tw,102,aircraft_baseline,hiresnet50.a1_in1k,False,,,,sgd,0.0,0.003,,0,200,448,8,300,3333,,,,3.0,22.1122,,,3.4814,22.112211221122113,100.0,,,0.0833,22.1953,4.3984,16.3943,24.7987,24.7987,
gpu,102,aircraft_baseline,hiresnet50.a1_in1k,False,,,,sgd,0.0,0.003,,0,200,448,8,500,3333,,,,5.0,34.3534,,,2.8372,34.35343534353435,100.0,,,0.0264,20.281,4.3984,16.3943,24.7987,24.7987,
camel.ee.nctu.edu.tw,102,aircraft_baseline,hiresnet50.a1_in1k,False,,,,sgd,0.0,0.01,,0,200,448,8,100,3333,,,,,11.6412,,,4.3778,11.64116411641164,100.0,,,0.0058,16.2168,4.3984,16.3943,24.7987,24.7987,
camel.ee.nctu.edu.tw,102,aircraft_baseline,hiresnet50.a1_in1k,False,,,,sgd,0.0,0.01,,0,200,448,8,300,3333,,,,3.0,25.9226,,,3.3506,25.92259225922592,100.0,,,0.0019,21.9962,4.3984,16.3943,24.7987,24.7987,
gpu,102,aircraft_baseline,hiresnet50.a1_in1k,False,,,,sgd,0.0,0.01,,0,200,448,8,500,3333,,,,5.0,37.1437,,,2.8431,37.14371437143714,100.0,,,0.0016,20.2112,4.3984,16.3943,24.7987,24.7987,
camel.ee.nctu.edu.tw,102,aircraft_baseline,hiresnet50.a1_in1k,False,,,,sgd,0.0,0.03,,0,200,448,8,100,3333,,,,,12.4812,,,4.4213,12.48124812481248,100.0,,,0.001,16.1752,4.3984,16.3943,24.7987,24.7987,
camel.ee.nctu.edu.tw,102,aircraft_baseline,hiresnet50.a1_in1k,False,,,,sgd,0.0,0.03,,0,200,448,8,300,3333,,,,3.0,29.553,,,3.434,29.552955295529554,100.0,,,0.0005,21.997,4.3984,16.3943,24.7987,24.7987,
gpu,102,aircraft_baseline,hiresnet50.a1_in1k,False,,,,sgd,0.0,0.03,,0,200,448,8,500,3333,,,,5.0,39.604,,,2.8659,39.6039603960396,100.0,,,0.0004,20.1151,4.3984,16.3943,24.7987,24.7987,
camel.ee.nctu.edu.tw,102,aircraft_baseline,hiresnet50.a1_in1k,False,,,,sgd,0.0,0.1,,0,200,448,8,100,3333,,,,,13.0813,,,4.6436,13.08130813081308,100.0,,,0.0002,16.3369,4.3984,16.3943,24.7987,24.7987,
camel.ee.nctu.edu.tw,102,aircraft_baseline,hiresnet50.a1_in1k,False,,,,sgd,0.0,0.1,,0,200,448,8,300,3333,,,,3.0,29.943,,,3.9766,29.942994299429945,100.0,,,0.0001,22.2358,4.3984,16.3943,24.7987,24.7987,
gpu,102,aircraft_baseline,hiresnet50.a1_in1k,False,,,,sgd,0.0,0.1,,0,200,448,8,500,3333,,,,5.0,35.9136,,,4.327,35.913591359135914,100.0,,,0.0001,20.047,4.3984,16.3943,24.7987,24.7987,
camel.ee.nctu.edu.tw,102,aircraft_baseline,hiresnet50.fb_ssl_yfcc100m_ft_in1k,False,,,,adamw,0.05,5e-06,,0,200,448,8,100,3333,,,,,19.1719,,,3.8836,19.17191719171917,100.0,,,0.0039,16.3072,4.3984,16.3943,24.7987,24.7987,
camel.ee.nctu.edu.tw,102,aircraft_baseline,hiresnet50.fb_ssl_yfcc100m_ft_in1k,False,,,,adamw,0.05,5e-06,,0,200,448,8,300,3333,,,,3.0,41.1941,,,2.7316,41.194119411941195,100.0,,,0.0014,22.6205,4.3984,16.3943,24.7987,24.7987,
gpu,102,aircraft_baseline,hiresnet50.fb_ssl_yfcc100m_ft_in1k,False,,,,adamw,0.05,5e-06,,0,200,448,8,500,3333,,,,5.0,52.2952,,,2.1208,52.2952295229523,100.0,,,0.0006,21.1544,4.3984,16.3943,24.7987,24.7987,
camel.ee.nctu.edu.tw,102,aircraft_baseline,hiresnet50.fb_ssl_yfcc100m_ft_in1k,False,,,,adamw,0.05,1e-05,,0,200,448,8,100,3333,,,,,19.4719,,,3.8679,19.471947194719473,100.0,,,0.0028,16.6689,4.3984,16.3943,24.7987,24.7987,
camel.ee.nctu.edu.tw,102,aircraft_baseline,hiresnet50.fb_ssl_yfcc100m_ft_in1k,False,,,,adamw,0.05,1e-05,,0,200,448,8,300,3333,,,,3.0,41.3441,,,2.6996,41.344134413441346,100.0,,,0.0008,22.5145,4.3984,16.3943,24.7987,24.7987,
gpu,102,aircraft_baseline,hiresnet50.fb_ssl_yfcc100m_ft_in1k,False,,,,adamw,0.05,1e-05,,0,200,448,8,500,3333,,,,5.0,52.7153,,,2.0805,52.71527152715272,100.0,,,0.0004,21.1901,4.3984,16.3943,24.7987,24.7987,
camel.ee.nctu.edu.tw,102,aircraft_baseline,hiresnet50.fb_ssl_yfcc100m_ft_in1k,False,,,,adamw,0.05,5e-05,,0,200,448,8,100,3333,,,,,20.6721,,,3.803,20.672067206720673,100.0,,,0.0009,16.2989,4.3984,16.3943,24.7987,24.7987,
camel.ee.nctu.edu.tw,102,aircraft_baseline,hiresnet50.fb_ssl_yfcc100m_ft_in1k,False,,,,adamw,0.05,5e-05,,0,200,448,8,300,3333,,,,3.0,43.8344,,,2.5507,43.834383438343835,100.0,,,0.0002,22.4839,4.3984,16.3943,24.7987,24.7987,
gpu,102,aircraft_baseline,hiresnet50.fb_ssl_yfcc100m_ft_in1k,False,,,,adamw,0.05,5e-05,,0,200,448,8,500,3333,,,,5.0,53.7954,,,2.0569,53.79537953795379,100.0,,,0.0001,21.1339,4.3984,16.3943,24.7987,24.7987,
camel.ee.nctu.edu.tw,102,aircraft_baseline,hiresnet50.fb_ssl_yfcc100m_ft_in1k,False,,,,adamw,0.05,0.0001,,0,200,448,8,100,3333,,,,,20.5221,,,3.7667,20.52205220522052,100.0,,,0.0005,16.5051,4.3984,16.3943,24.7987,24.7987,
camel.ee.nctu.edu.tw,102,aircraft_baseline,hiresnet50.fb_ssl_yfcc100m_ft_in1k,False,,,,adamw,0.05,0.0001,,0,200,448,8,300,3333,,,,3.0,43.5344,,,2.6339,43.53435343534353,100.0,,,0.0001,22.6992,4.3984,16.3943,24.7987,24.7987,
gpu,102,aircraft_baseline,hiresnet50.fb_ssl_yfcc100m_ft_in1k,False,,,,adamw,0.05,0.0001,,0,200,448,8,500,3333,,,,5.0,53.5254,,,2.0788,53.525352535253525,100.0,,,0.0,21.1127,4.3984,16.3943,24.7987,24.7987,
camel.ee.nctu.edu.tw,102,aircraft_baseline,hiresnet50.fb_ssl_yfcc100m_ft_in1k,False,,,,adamw,0.05,0.0005,,0,200,448,8,100,3333,,,,,13.3513,,,4.6863,13.351335133513352,100.0,,,0.0001,16.4961,4.3984,16.3943,24.7987,24.7987,
camel.ee.nctu.edu.tw,102,aircraft_baseline,hiresnet50.fb_ssl_yfcc100m_ft_in1k,False,,,,adamw,0.05,0.0005,,0,200,448,8,300,3333,,,,3.0,28.9229,,,4.1959,28.922892289228923,100.0,,,0.0,22.9674,4.3984,16.3943,24.7987,24.7987,
gpu,102,aircraft_baseline,hiresnet50.fb_ssl_yfcc100m_ft_in1k,False,,,,adamw,0.05,0.0005,,0,200,448,8,500,3333,,,,5.0,,,,,,,,,,,,,,,
camel.ee.nctu.edu.tw,102,aircraft_baseline,hiresnet50.fb_ssl_yfcc100m_ft_in1k,False,,,,adamw,0.05,0.001,,0,200,448,8,100,3333,,,,,8.6109,,,7.1512,8.610861086108612,100.0,,,0.0001,16.6079,4.3984,16.3943,24.7987,24.7987,
camel.ee.nctu.edu.tw,102,aircraft_baseline,hiresnet50.fb_ssl_yfcc100m_ft_in1k,False,,,,adamw,0.05,0.001,,0,200,448,8,300,3333,,,,3.0,23.2523,,,6.2324,23.25232523252325,100.0,,,0.0001,22.5661,4.3984,16.3943,24.7987,24.7987,
gpu,102,aircraft_baseline,hiresnet50.fb_ssl_yfcc100m_ft_in1k,False,,,,adamw,0.05,0.001,,0,200,448,8,500,3333,,,,5.0,30.003,,,5.6329,30.003000300030003,100.0,,,0.0003,20.9537,4.3984,16.3943,24.7987,24.7987,
camel.ee.nctu.edu.tw,102,aircraft_baseline,hiresnet50.fb_ssl_yfcc100m_ft_in1k,False,,,,sgd,0.0,0.003,,0,200,448,8,100,3333,,,,,17.7318,,,3.8945,17.73177317731773,100.0,,,0.0105,16.4406,4.3984,16.3943,24.7987,24.7987,
camel.ee.nctu.edu.tw,102,aircraft_baseline,hiresnet50.fb_ssl_yfcc100m_ft_in1k,False,,,,sgd,0.0,0.003,,0,200,448,8,300,3333,,,,3.0,39.874,,,2.7445,39.87398739873987,100.0,,,0.0036,22.1438,4.3984,16.3943,24.7987,24.7987,
gpu,102,aircraft_baseline,hiresnet50.fb_ssl_yfcc100m_ft_in1k,False,,,,sgd,0.0,0.003,,0,200,448,8,500,3333,,,,5.0,52.2052,,,2.043,52.20522052205221,100.0,,,0.0021,20.506,4.3984,16.3943,24.7987,24.7987,
camel.ee.nctu.edu.tw,102,aircraft_baseline,hiresnet50.fb_ssl_yfcc100m_ft_in1k,False,,,,sgd,0.0,0.01,,0,200,448,8,100,3333,,,,,18.9319,,,3.8316,18.93189318931893,100.0,,,0.0019,16.4493,4.3984,16.3943,24.7987,24.7987,
camel.ee.nctu.edu.tw,102,aircraft_baseline,hiresnet50.fb_ssl_yfcc100m_ft_in1k,False,,,,sgd,0.0,0.01,,0,200,448,8,300,3333,,,,3.0,41.5542,,,2.618,41.55415541554155,100.0,,,0.0007,22.3394,4.3984,16.3943,24.7987,24.7987,
gpu,102,aircraft_baseline,hiresnet50.fb_ssl_yfcc100m_ft_in1k,False,,,,sgd,0.0,0.01,,0,200,448,8,500,3333,,,,5.0,54.4554,,,1.9003,54.45544554455446,100.0,,,0.0004,20.5669,4.3984,16.3943,24.7987,24.7987,
camel.ee.nctu.edu.tw,102,aircraft_baseline,hiresnet50.fb_ssl_yfcc100m_ft_in1k,False,,,,sgd,0.0,0.03,,0,200,448,8,100,3333,,,,,19.1119,,,3.808,19.111911191119113,100.0,,,0.0006,16.248,4.3984,16.3943,24.7987,24.7987,
camel.ee.nctu.edu.tw,102,aircraft_baseline,hiresnet50.fb_ssl_yfcc100m_ft_in1k,False,,,,sgd,0.0,0.03,,0,200,448,8,300,3333,,,,3.0,42.8743,,,2.5073,42.874287428742875,100.0,,,0.0002,21.9881,4.3984,16.3943,24.7987,24.7987,
gpu,102,aircraft_baseline,hiresnet50.fb_ssl_yfcc100m_ft_in1k,False,,,,sgd,0.0,0.03,,0,200,448,8,500,3333,,,,5.0,55.6856,,,1.8534,55.685568556855685,100.0,,,0.0001,20.5199,4.3984,16.3943,24.7987,24.7987,
camel.ee.nctu.edu.tw,102,aircraft_baseline,hiresnet50.fb_ssl_yfcc100m_ft_in1k,False,,,,sgd,0.0,0.1,,0,200,448,8,100,3333,,,,,18.3618,,,3.9323,18.36183618361836,100.0,,,0.0001,16.3171,4.3984,16.3943,24.7987,24.7987,
camel.ee.nctu.edu.tw,102,aircraft_baseline,hiresnet50.fb_ssl_yfcc100m_ft_in1k,False,,,,sgd,0.0,0.1,,0,200,448,8,300,3333,,,,3.0,30.7531,,,4.3643,30.753075307530754,100.0,,,0.0,22.1964,4.3984,16.3943,24.7987,24.7987,
gpu,102,aircraft_baseline,hiresnet50.fb_ssl_yfcc100m_ft_in1k,False,,,,sgd,0.0,0.1,,0,200,448,8,500,3333,,,,5.0,46.4446,,,3.7368,46.44464446444645,100.0,,,0.0001,20.5132,4.3984,16.3943,24.7987,24.7987,
camel.ee.nctu.edu.tw,102,aircraft_baseline,hiresnet50.fb_swsl_ig1b_ft_in1k,False,,,,adamw,0.05,5e-06,,0,200,448,8,100,3333,,,,,20.9421,,,3.8351,20.942094209420944,100.0,,,0.0036,16.6122,4.3984,16.3943,24.7987,24.7987,
camel.ee.nctu.edu.tw,102,aircraft_baseline,hiresnet50.fb_swsl_ig1b_ft_in1k,False,,,,adamw,0.05,5e-06,,0,200,448,8,300,3333,,,,3.0,42.9643,,,2.6251,42.96429642964296,100.0,,,0.0014,22.7478,4.3984,16.3943,24.7987,24.7987,
gpu,102,aircraft_baseline,hiresnet50.fb_swsl_ig1b_ft_in1k,False,,,,adamw,0.05,5e-06,,0,200,448,8,500,3333,,,,5.0,53.9754,,,2.0615,53.97539753975398,100.0,,,0.0012,21.0922,4.3984,16.3943,24.7987,24.7987,
camel.ee.nctu.edu.tw,102,aircraft_baseline,hiresnet50.fb_swsl_ig1b_ft_in1k,False,,,,adamw,0.05,1e-05,,0,200,448,8,100,3333,,,,,21.0321,,,3.8183,21.032103210321033,100.0,,,0.0025,16.5348,4.3984,16.3943,24.7987,24.7987,
camel.ee.nctu.edu.tw,102,aircraft_baseline,hiresnet50.fb_swsl_ig1b_ft_in1k,False,,,,adamw,0.05,1e-05,,0,200,448,8,300,3333,,,,3.0,44.4644,,,2.5612,44.464446444644466,100.0,,,0.0008,22.9218,4.3984,16.3943,24.7987,24.7987,
gpu,102,aircraft_baseline,hiresnet50.fb_swsl_ig1b_ft_in1k,False,,,,adamw,0.05,1e-05,,0,200,448,8,500,3333,,,,5.0,56.1956,,,1.9549,56.19561956195619,100.0,,,0.0004,21.0641,4.3984,16.3943,24.7987,24.7987,
camel.ee.nctu.edu.tw,102,aircraft_baseline,hiresnet50.fb_swsl_ig1b_ft_in1k,False,,,,adamw,0.05,5e-05,,0,200,448,8,100,3333,,,,,21.7822,,,3.74,21.782178217821784,100.0,,,0.0008,16.4012,4.3984,16.3943,24.7987,24.7987,
camel.ee.nctu.edu.tw,102,aircraft_baseline,hiresnet50.fb_swsl_ig1b_ft_in1k,False,,,,adamw,0.05,5e-05,,0,200,448,8,300,3333,,,,3.0,46.3846,,,2.4508,46.384638463846386,100.0,,,0.0002,22.8176,4.3984,16.3943,24.7987,24.7987,
gpu,102,aircraft_baseline,hiresnet50.fb_swsl_ig1b_ft_in1k,False,,,,adamw,0.05,5e-05,,0,200,448,8,500,3333,,,,5.0,58.1758,,,1.8682,58.175817581758174,100.0,,,0.0,21.0843,4.3984,16.3943,24.7987,24.7987,
camel.ee.nctu.edu.tw,102,aircraft_baseline,hiresnet50.fb_swsl_ig1b_ft_in1k,False,,,,adamw,0.05,0.0001,,0,200,448,8,100,3333,,,,,21.6922,,,3.7233,21.69216921692169,100.0,,,0.0005,16.438,4.3984,16.3943,24.7987,24.7987,
camel.ee.nctu.edu.tw,102,aircraft_baseline,hiresnet50.fb_swsl_ig1b_ft_in1k,False,,,,adamw,0.05,0.0001,,0,200,448,8,300,3333,,,,3.0,46.7447,,,2.46,46.74467446744674,100.0,,,0.0001,22.5557,4.3984,16.3943,24.7987,24.7987,
gpu,102,aircraft_baseline,hiresnet50.fb_swsl_ig1b_ft_in1k,False,,,,adamw,0.05,0.0001,,0,200,448,8,500,3333,,,,5.0,56.8257,,,1.9778,56.82568256825682,100.0,,,0.0,21.0135,4.3984,16.3943,24.7987,24.7987,
camel.ee.nctu.edu.tw,102,aircraft_baseline,hiresnet50.fb_swsl_ig1b_ft_in1k,False,,,,adamw,0.05,0.0005,,0,200,448,8,100,3333,,,,,12.9313,,,4.8852,12.931293129312932,100.0,,,0.0001,16.5335,4.3984,16.3943,24.7987,24.7987,
camel.ee.nctu.edu.tw,102,aircraft_baseline,hiresnet50.fb_swsl_ig1b_ft_in1k,False,,,,adamw,0.05,0.0005,,0,200,448,8,300,3333,,,,3.0,30.063,,,4.1881,30.063006300630065,100.0,,,0.0,22.6656,4.3984,16.3943,24.7987,24.7987,
gpu,102,aircraft_baseline,hiresnet50.fb_swsl_ig1b_ft_in1k,False,,,,adamw,0.05,0.0005,,0,200,448,8,500,3333,,,,5.0,45.3945,,,3.433,45.39453945394539,100.0,,,0.0,21.0969,4.3984,16.3943,24.7987,24.7987,
camel.ee.nctu.edu.tw,102,aircraft_baseline,hiresnet50.fb_swsl_ig1b_ft_in1k,False,,,,adamw,0.05,0.001,,0,200,448,8,100,3333,,,,,7.6808,,,7.5405,7.680768076807681,100.0,,,0.0001,16.5829,4.3984,16.3943,24.7987,24.7987,
camel.ee.nctu.edu.tw,102,aircraft_baseline,hiresnet50.fb_swsl_ig1b_ft_in1k,False,,,,adamw,0.05,0.001,,0,200,448,8,300,3333,,,,3.0,23.4023,,,6.0777,23.4023402340234,100.0,,,0.0001,22.524,4.3984,16.3943,24.7987,24.7987,
gpu,102,aircraft_baseline,hiresnet50.fb_swsl_ig1b_ft_in1k,False,,,,adamw,0.05,0.001,,0,200,448,8,500,3333,,,,5.0,27.5128,,,6.038,27.512751275127513,100.0,,,0.0003,21.0139,4.3984,16.3943,24.7987,24.7987,
camel.ee.nctu.edu.tw,102,aircraft_baseline,hiresnet50.fb_swsl_ig1b_ft_in1k,False,,,,sgd,0.0,0.003,,0,200,448,8,100,3333,,,,,17.9418,,,3.8854,17.941794179417943,100.0,,,0.0118,15.9798,4.3984,16.3943,24.7987,24.7987,
camel.ee.nctu.edu.tw,102,aircraft_baseline,hiresnet50.fb_swsl_ig1b_ft_in1k,False,,,,sgd,0.0,0.003,,0,200,448,8,300,3333,,,,3.0,43.2643,,,2.6299,43.264326432643266,100.0,,,0.0038,22.376,4.3984,16.3943,24.7987,24.7987,
gpu,102,aircraft_baseline,hiresnet50.fb_swsl_ig1b_ft_in1k,False,,,,sgd,0.0,0.003,,0,200,448,8,500,3333,,,,5.0,57.0057,,,1.8728,57.00570057005701,100.0,,,0.0022,20.4842,4.3984,16.3943,24.7987,24.7987,
camel.ee.nctu.edu.tw,102,aircraft_baseline,hiresnet50.fb_swsl_ig1b_ft_in1k,False,,,,sgd,0.0,0.01,,0,200,448,8,100,3333,,,,,20.132,,,3.7817,20.13201320132013,100.0,,,0.0019,16.1919,4.3984,16.3943,24.7987,24.7987,
camel.ee.nctu.edu.tw,102,aircraft_baseline,hiresnet50.fb_swsl_ig1b_ft_in1k,False,,,,sgd,0.0,0.01,,0,200,448,8,300,3333,,,,3.0,46.1446,,,2.4396,46.144614461446146,100.0,,,0.0007,22.4298,4.3984,16.3943,24.7987,24.7987,
gpu,102,aircraft_baseline,hiresnet50.fb_swsl_ig1b_ft_in1k,False,,,,sgd,0.0,0.01,,0,200,448,8,500,3333,,,,5.0,57.9958,,,1.7561,57.995799579958,100.0,,,0.0004,20.5044,4.3984,16.3943,24.7987,24.7987,
camel.ee.nctu.edu.tw,102,aircraft_baseline,hiresnet50.fb_swsl_ig1b_ft_in1k,False,,,,sgd,0.0,0.03,,0,200,448,8,100,3333,,,,,20.312,,,3.7599,20.312031203120313,100.0,,,0.0005,15.9213,4.3984,16.3943,24.7987,24.7987,
camel.ee.nctu.edu.tw,102,aircraft_baseline,hiresnet50.fb_swsl_ig1b_ft_in1k,False,,,,sgd,0.0,0.03,,0,200,448,8,300,3333,,,,3.0,47.0447,,,2.3456,47.04470447044704,100.0,,,0.0002,22.2892,4.3984,16.3943,24.7987,24.7987,
gpu,102,aircraft_baseline,hiresnet50.fb_swsl_ig1b_ft_in1k,False,,,,sgd,0.0,0.03,,0,200,448,8,500,3333,,,,5.0,,,,,,,,,,,,,,,
camel.ee.nctu.edu.tw,102,aircraft_baseline,hiresnet50.fb_swsl_ig1b_ft_in1k,False,,,,sgd,0.0,0.1,,0,200,448,8,100,3333,,,,,15.3315,,,4.2691,15.331533153315332,100.0,,,0.0001,16.1352,4.3984,16.3943,24.7987,24.7987,
camel.ee.nctu.edu.tw,102,aircraft_baseline,hiresnet50.fb_swsl_ig1b_ft_in1k,False,,,,sgd,0.0,0.1,,0,200,448,8,300,3333,,,,3.0,32.3432,,,4.0953,32.34323432343234,100.0,,,0.0,22.1678,4.3984,16.3943,24.7987,24.7987,
gpu,102,aircraft_baseline,hiresnet50.fb_swsl_ig1b_ft_in1k,False,,,,sgd,0.0,0.1,,0,200,448,8,500,3333,,,,5.0,45.1245,,,3.6686,45.12451245124512,100.0,,,0.0,20.4209,4.3984,16.3943,24.7987,24.7987,
camel.ee.nctu.edu.tw,102,aircraft_baseline,hiresnet50.gluon_in1k,False,,,,adamw,0.05,5e-06,,0,200,448,8,100,3333,,,,,15.4815,,,4.0108,15.48154815481548,100.0,,,0.0076,16.4211,4.3984,16.3943,24.7987,24.7987,
camel.ee.nctu.edu.tw,102,aircraft_baseline,hiresnet50.gluon_in1k,False,,,,adamw,0.05,5e-06,,0,200,448,8,300,3333,,,,3.0,,,,,,,,,,,,,,,
gpu,102,aircraft_baseline,hiresnet50.gluon_in1k,False,,,,adamw,0.05,5e-06,,0,200,448,8,500,3333,,,,5.0,48.0048,,,2.3612,48.004800480048,100.0,,,0.001,20.322,4.3984,16.3943,24.7987,24.7987,
camel.ee.nctu.edu.tw,102,aircraft_baseline,hiresnet50.gluon_in1k,False,,,,adamw,0.05,1e-05,,0,200,448,8,100,3333,,,,,15.8716,,,3.9903,15.871587158715872,100.0,,,0.005,16.2855,4.3984,16.3943,24.7987,24.7987,
camel.ee.nctu.edu.tw,102,aircraft_baseline,hiresnet50.gluon_in1k,False,,,,adamw,0.05,1e-05,,0,200,448,8,300,3333,,,,3.0,36.5437,,,2.9111,36.543654365436545,100.0,,,0.0014,22.6482,4.3984,16.3943,24.7987,24.7987,
gpu,102,aircraft_baseline,hiresnet50.gluon_in1k,False,,,,adamw,0.05,1e-05,,0,200,448,8,500,3333,,,,5.0,48.2148,,,2.3284,48.21482148214822,100.0,,,0.0005,20.3132,4.3984,16.3943,24.7987,24.7987,
camel.ee.nctu.edu.tw,102,aircraft_baseline,hiresnet50.gluon_in1k,False,,,,adamw,0.05,5e-05,,0,200,448,8,100,3333,,,,,16.7417,,,3.9441,16.741674167416743,100.0,,,0.0014,16.4206,4.3984,16.3943,24.7987,24.7987,
camel.ee.nctu.edu.tw,102,aircraft_baseline,hiresnet50.gluon_in1k,False,,,,adamw,0.05,5e-05,,0,200,448,8,300,3333,,,,3.0,38.3138,,,2.8153,38.313831383138314,100.0,,,0.0003,22.861,4.3984,16.3943,24.7987,24.7987,
gpu,102,aircraft_baseline,hiresnet50.gluon_in1k,False,,,,adamw,0.05,5e-05,,0,200,448,8,500,3333,,,,5.0,48.7849,,,2.3912,48.784878487848786,100.0,,,0.0001,20.3643,4.3984,16.3943,24.7987,24.7987,
camel.ee.nctu.edu.tw,102,aircraft_baseline,hiresnet50.gluon_in1k,False,,,,adamw,0.05,0.0001,,0,200,448,8,100,3333,,,,,16.9517,,,3.9453,16.951695169516952,100.0,,,0.0008,16.3811,4.3984,16.3943,24.7987,24.7987,
camel.ee.nctu.edu.tw,102,aircraft_baseline,hiresnet50.gluon_in1k,False,,,,adamw,0.05,0.0001,,0,200,448,8,300,3333,,,,3.0,39.1239,,,2.7782,39.12391239123912,100.0,,,0.0001,22.6807,4.3984,16.3943,24.7987,24.7987,
gpu,102,aircraft_baseline,hiresnet50.gluon_in1k,False,,,,adamw,0.05,0.0001,,0,200,448,8,500,3333,,,,5.0,49.775,,,2.4617,49.774977497749774,100.0,,,0.0,20.1903,4.3984,16.3943,24.7987,24.7987,
camel.ee.nctu.edu.tw,102,aircraft_baseline,hiresnet50.gluon_in1k,False,,,,adamw,0.05,0.0005,,0,200,448,8,100,3333,,,,,11.7312,,,5.0447,11.731173117311732,100.0,,,0.0001,16.3236,4.3984,16.3943,24.7987,24.7987,
camel.ee.nctu.edu.tw,102,aircraft_baseline,hiresnet50.gluon_in1k,False,,,,adamw,0.05,0.0005,,0,200,448,8,300,3333,,,,3.0,29.853,,,4.1359,29.852985298529852,100.0,,,0.0,22.167,4.3984,16.3943,24.7987,24.7987,
gpu,102,aircraft_baseline,hiresnet50.gluon_in1k,False,,,,adamw,0.05,0.0005,,0,200,448,8,500,3333,,,,5.0,44.3744,,,3.5663,44.37443744374438,100.0,,,0.0,20.2756,4.3984,16.3943,24.7987,24.7987,
camel.ee.nctu.edu.tw,102,aircraft_baseline,hiresnet50.gluon_in1k,False,,,,adamw,0.05,0.001,,0,200,448,8,100,3333,,,,,8.7309,,,6.8203,8.730873087308732,100.0,,,0.0001,16.4621,4.3984,16.3943,24.7987,24.7987,
camel.ee.nctu.edu.tw,102,aircraft_baseline,hiresnet50.gluon_in1k,False,,,,adamw,0.05,0.001,,0,200,448,8,300,3333,,,,3.0,23.8524,,,5.9513,23.85238523852385,100.0,,,0.0001,22.5637,4.3984,16.3943,24.7987,24.7987,
gpu,102,aircraft_baseline,hiresnet50.gluon_in1k,False,,,,adamw,0.05,0.001,,0,200,448,8,500,3333,,,,5.0,36.7837,,,4.8137,36.783678367836785,100.0,,,0.0001,20.2059,4.3984,16.3943,24.7987,24.7987,
camel.ee.nctu.edu.tw,102,aircraft_baseline,hiresnet50.gluon_in1k,False,,,,sgd,0.0,0.003,,0,200,448,8,100,3333,,,,,12.9013,,,4.1018,12.9012901290129,100.0,,,0.0183,16.1465,4.3984,16.3943,24.7987,24.7987,
camel.ee.nctu.edu.tw,102,aircraft_baseline,hiresnet50.gluon_in1k,False,,,,sgd,0.0,0.003,,0,200,448,8,300,3333,,,,3.0,33.0033,,,3.0112,33.00330033003301,100.0,,,0.0056,22.3031,4.3984,16.3943,24.7987,24.7987,
gpu,102,aircraft_baseline,hiresnet50.gluon_in1k,False,,,,sgd,0.0,0.003,,0,200,448,8,500,3333,,,,5.0,45.6346,,,2.3528,45.63456345634563,100.0,,,0.0033,19.6057,4.3984,16.3943,24.7987,24.7987,
camel.ee.nctu.edu.tw,102,aircraft_baseline,hiresnet50.gluon_in1k,False,,,,sgd,0.0,0.01,,0,200,448,8,100,3333,,,,,14.3114,,,4.0672,14.311431143114312,100.0,,,0.0024,16.2093,4.3984,16.3943,24.7987,24.7987,
camel.ee.nctu.edu.tw,102,aircraft_baseline,hiresnet50.gluon_in1k,False,,,,sgd,0.0,0.01,,0,200,448,8,300,3333,,,,3.0,34.6835,,,2.919,34.68346834683469,100.0,,,0.0009,22.3359,4.3984,16.3943,24.7987,24.7987,
gpu,102,aircraft_baseline,hiresnet50.gluon_in1k,False,,,,sgd,0.0,0.01,,0,200,448,8,500,3333,,,,5.0,47.6748,,,2.2752,47.674767476747675,100.0,,,0.0005,19.5076,4.3984,16.3943,24.7987,24.7987,
camel.ee.nctu.edu.tw,102,aircraft_baseline,hiresnet50.gluon_in1k,False,,,,sgd,0.0,0.03,,0,200,448,8,100,3333,,,,,14.8215,,,4.079,14.82148214821482,100.0,,,0.0007,16.0163,4.3984,16.3943,24.7987,24.7987,
camel.ee.nctu.edu.tw,102,aircraft_baseline,hiresnet50.gluon_in1k,False,,,,sgd,0.0,0.03,,0,200,448,8,300,3333,,,,3.0,36.3936,,,2.8477,36.393639363936394,100.0,,,0.0002,21.9846,4.3984,16.3943,24.7987,24.7987,
gpu,102,aircraft_baseline,hiresnet50.gluon_in1k,False,,,,sgd,0.0,0.03,,0,200,448,8,500,3333,,,,5.0,49.4449,,,2.2495,49.444944494449445,100.0,,,0.0001,19.4815,4.3984,16.3943,24.7987,24.7987,
camel.ee.nctu.edu.tw,102,aircraft_baseline,hiresnet50.gluon_in1k,False,,,,sgd,0.0,0.1,,0,200,448,8,100,3333,,,,,16.2016,,,4.1134,16.2016201620162,100.0,,,0.0002,15.9548,4.3984,16.3943,24.7987,24.7987,
camel.ee.nctu.edu.tw,102,aircraft_baseline,hiresnet50.gluon_in1k,False,,,,sgd,0.0,0.1,,0,200,448,8,300,3333,,,,3.0,32.4632,,,3.9282,32.463246324632465,100.0,,,0.0,21.9551,4.3984,16.3943,24.7987,24.7987,
gpu,102,aircraft_baseline,hiresnet50.gluon_in1k,False,,,,sgd,0.0,0.1,,0,200,448,8,500,3333,,,,5.0,43.8644,,,3.5299,43.86438643864386,100.0,,,0.0,19.3161,4.3984,16.3943,24.7987,24.7987,
camel.ee.nctu.edu.tw,102,aircraft_baseline,hiresnet50.in1k_mocov3,False,,,,adamw,0.05,5e-06,,0,200,448,8,100,3333,,,,,15.6316,,,4.0294,15.631563156315632,100.0,,,0.0198,16.475,4.3984,16.3943,24.7987,24.7987,
camel.ee.nctu.edu.tw,102,aircraft_baseline,hiresnet50.in1k_mocov3,False,,,,adamw,0.05,5e-06,,0,200,448,8,300,3333,,,,3.0,35.1635,,,2.9761,35.16351635163517,100.0,,,0.008,22.6004,4.3984,16.3943,24.7987,24.7987,
gpu,102,aircraft_baseline,hiresnet50.in1k_mocov3,False,,,,adamw,0.05,5e-06,,0,200,448,8,500,3333,,,,5.0,46.3246,,,2.3379,46.32463246324632,100.0,,,0.0034,21.37,4.3984,16.3943,24.7987,24.7987,
camel.ee.nctu.edu.tw,102,aircraft_baseline,hiresnet50.in1k_mocov3,False,,,,adamw,0.05,1e-05,,0,200,448,8,100,3333,,,,,16.0816,,,4.01,16.08160816081608,100.0,,,0.0118,16.3291,4.3984,16.3943,24.7987,24.7987,
camel.ee.nctu.edu.tw,102,aircraft_baseline,hiresnet50.in1k_mocov3,False,,,,adamw,0.05,1e-05,,0,200,448,8,300,3333,,,,3.0,35.8836,,,2.9254,35.88358835883589,100.0,,,0.0036,22.6256,4.3984,16.3943,24.7987,24.7987,
gpu,102,aircraft_baseline,hiresnet50.in1k_mocov3,False,,,,adamw,0.05,1e-05,,0,200,448,8,500,3333,,,,5.0,47.3447,,,2.2894,47.344734473447346,100.0,,,0.0012,21.411,4.3984,16.3943,24.7987,24.7987,
camel.ee.nctu.edu.tw,102,aircraft_baseline,hiresnet50.in1k_mocov3,False,,,,adamw,0.05,5e-05,,0,200,448,8,100,3333,,,,,17.3117,,,3.9623,17.311731173117312,100.0,,,0.0025,16.3926,4.3984,16.3943,24.7987,24.7987,
camel.ee.nctu.edu.tw,102,aircraft_baseline,hiresnet50.in1k_mocov3,False,,,,adamw,0.05,5e-05,,0,200,448,8,300,3333,,,,3.0,38.0138,,,2.7972,38.01380138013801,100.0,,,0.0004,22.6218,4.3984,16.3943,24.7987,24.7987,
gpu,102,aircraft_baseline,hiresnet50.in1k_mocov3,False,,,,adamw,0.05,5e-05,,0,200,448,8,500,3333,,,,5.0,49.595,,,2.2039,49.594959495949595,100.0,,,0.0001,21.2993,4.3984,16.3943,24.7987,24.7987,
camel.ee.nctu.edu.tw,102,aircraft_baseline,hiresnet50.in1k_mocov3,False,,,,adamw,0.05,0.0001,,0,200,448,8,100,3333,,,,,17.3417,,,3.9475,17.341734173417343,100.0,,,0.0013,16.4028,4.3984,16.3943,24.7987,24.7987,
camel.ee.nctu.edu.tw,102,aircraft_baseline,hiresnet50.in1k_mocov3,False,,,,adamw,0.05,0.0001,,0,200,448,8,300,3333,,,,3.0,38.8239,,,2.7371,38.82388238823882,100.0,,,0.0002,22.8595,4.3984,16.3943,24.7987,24.7987,
gpu,102,aircraft_baseline,hiresnet50.in1k_mocov3,False,,,,adamw,0.05,0.0001,,0,200,448,8,500,3333,,,,5.0,50.5251,,,2.1709,50.52505250525053,100.0,,,0.0,21.3093,4.3984,16.3943,24.7987,24.7987,
camel.ee.nctu.edu.tw,102,aircraft_baseline,hiresnet50.in1k_mocov3,False,,,,adamw,0.05,0.0005,,0,200,448,8,100,3333,,,,,18.2418,,,3.9046,18.24182418241824,100.0,,,0.0003,16.2939,4.3984,16.3943,24.7987,24.7987,
camel.ee.nctu.edu.tw,102,aircraft_baseline,hiresnet50.in1k_mocov3,False,,,,adamw,0.05,0.0005,,0,200,448,8,300,3333,,,,3.0,40.084,,,2.6666,40.08400840084008,100.0,,,0.0,22.7977,4.3984,16.3943,24.7987,24.7987,
gpu,102,aircraft_baseline,hiresnet50.in1k_mocov3,False,,,,adamw,0.05,0.0005,,0,200,448,8,500,3333,,,,5.0,49.985,,,2.6412,49.984998499849986,100.0,,,0.0,21.2737,4.3984,16.3943,24.7987,24.7987,
camel.ee.nctu.edu.tw,102,aircraft_baseline,hiresnet50.in1k_mocov3,False,,,,adamw,0.05,0.001,,0,200,448,8,100,3333,,,,,18.0918,,,3.905,18.09180918091809,100.0,,,0.0001,16.3547,4.3984,16.3943,24.7987,24.7987,
camel.ee.nctu.edu.tw,102,aircraft_baseline,hiresnet50.in1k_mocov3,False,,,,adamw,0.05,0.001,,0,200,448,8,300,3333,,,,3.0,30.6931,,,4.4826,30.693069306930692,100.0,,,0.0,22.4907,4.3984,16.3943,24.7987,24.7987,
gpu,102,aircraft_baseline,hiresnet50.in1k_mocov3,False,,,,adamw,0.05,0.001,,0,200,448,8,500,3333,,,,5.0,45.8446,,,3.5919,45.84458445844584,100.0,,,0.0,21.1778,4.3984,16.3943,24.7987,24.7987,
camel.ee.nctu.edu.tw,102,aircraft_baseline,hiresnet50.in1k_mocov3,False,,,,sgd,0.0,0.003,,0,200,448,8,100,3333,,,,,14.4914,,,4.0902,14.491449144914492,100.0,,,0.0151,16.2006,4.3984,16.3943,24.7987,24.7987,
camel.ee.nctu.edu.tw,102,aircraft_baseline,hiresnet50.in1k_mocov3,False,,,,sgd,0.0,0.003,,0,200,448,8,300,3333,,,,3.0,32.3732,,,2.9612,32.373237323732376,100.0,,,0.0068,22.0466,4.3984,16.3943,24.7987,24.7987,
gpu,102,aircraft_baseline,hiresnet50.in1k_mocov3,False,,,,sgd,0.0,0.003,,0,200,448,8,500,3333,,,,5.0,43.5644,,,2.3597,43.56435643564357,100.0,,,0.0048,20.6814,4.3984,16.3943,24.7987,24.7987,
camel.ee.nctu.edu.tw,102,aircraft_baseline,hiresnet50.in1k_mocov3,False,,,,sgd,0.0,0.01,,0,200,448,8,100,3333,,,,,15.2115,,,4.0785,15.211521152115212,100.0,,,0.0027,16.4312,4.3984,16.3943,24.7987,24.7987,
camel.ee.nctu.edu.tw,102,aircraft_baseline,hiresnet50.in1k_mocov3,False,,,,sgd,0.0,0.01,,0,200,448,8,300,3333,,,,3.0,33.7534,,,2.9057,33.753375337533754,100.0,,,0.0012,22.1087,4.3984,16.3943,24.7987,24.7987,
gpu,102,aircraft_baseline,hiresnet50.in1k_mocov3,False,,,,sgd,0.0,0.01,,0,200,448,8,500,3333,,,,5.0,45.0045,,,2.3153,45.00450045004501,100.0,,,0.0009,20.678,4.3984,16.3943,24.7987,24.7987,
camel.ee.nctu.edu.tw,102,aircraft_baseline,hiresnet50.in1k_mocov3,False,,,,sgd,0.0,0.03,,0,200,448,8,100,3333,,,,,15.5716,,,4.0995,15.571557155715572,100.0,,,0.0008,16.3986,4.3984,16.3943,24.7987,24.7987,
camel.ee.nctu.edu.tw,102,aircraft_baseline,hiresnet50.in1k_mocov3,False,,,,sgd,0.0,0.03,,0,200,448,8,300,3333,,,,3.0,35.1635,,,2.8798,35.16351635163517,100.0,,,0.0003,22.4066,4.3984,16.3943,24.7987,24.7987,
gpu,102,aircraft_baseline,hiresnet50.in1k_mocov3,False,,,,sgd,0.0,0.03,,0,200,448,8,500,3333,,,,5.0,46.2346,,,2.3112,46.234623462346235,100.0,,,0.0003,20.6524,4.3984,16.3943,24.7987,24.7987,
camel.ee.nctu.edu.tw,102,aircraft_baseline,hiresnet50.in1k_mocov3,False,,,,sgd,0.0,0.1,,0,200,448,8,100,3333,,,,,16.2316,,,4.138,16.231623162316232,100.0,,,0.0003,16.221,4.3984,16.3943,24.7987,24.7987,
camel.ee.nctu.edu.tw,102,aircraft_baseline,hiresnet50.in1k_mocov3,False,,,,sgd,0.0,0.1,,0,200,448,8,300,3333,,,,3.0,36.2436,,,2.9066,36.24362436243624,100.0,,,0.0001,22.0078,4.3984,16.3943,24.7987,24.7987,
gpu,102,aircraft_baseline,hiresnet50.in1k_mocov3,False,,,,sgd,0.0,0.1,,0,200,448,8,500,3333,,,,5.0,46.7147,,,2.5681,46.714671467146715,100.0,,,0.0,20.6106,4.3984,16.3943,24.7987,24.7987,
camel.ee.nctu.edu.tw,102,aircraft_baseline,hiresnet50.in1k_spark,False,,,,adamw,0.05,5e-06,,0,200,448,8,100,3333,,,,,7.1107,,,4.5969,7.110711071107111,100.0,,,0.004,16.2714,4.3984,16.3943,24.7987,24.7987,
camel.ee.nctu.edu.tw,102,aircraft_baseline,hiresnet50.in1k_spark,False,,,,adamw,0.05,5e-06,,0,200,448,8,300,3333,,,,3.0,23.2823,,,3.5782,23.28232823282328,100.0,,,0.0015,22.9708,4.3984,16.3943,24.7987,24.7987,
gpu,102,aircraft_baseline,hiresnet50.in1k_spark,False,,,,adamw,0.05,5e-06,,0,200,448,8,500,3333,,,,5.0,34.4434,,,3.1046,34.44344434443445,100.0,,,0.0023,21.3871,4.3984,16.3943,24.7987,24.7987,
camel.ee.nctu.edu.tw,102,aircraft_baseline,hiresnet50.in1k_spark,False,,,,adamw,0.05,1e-05,,0,200,448,8,100,3333,,,,,7.6508,,,4.5718,7.650765076507651,100.0,,,0.0022,16.2838,4.3984,16.3943,24.7987,24.7987,
camel.ee.nctu.edu.tw,102,aircraft_baseline,hiresnet50.in1k_spark,False,,,,adamw,0.05,1e-05,,0,200,448,8,300,3333,,,,3.0,23.2823,,,3.5722,23.28232823282328,100.0,,,0.0009,22.5554,4.3984,16.3943,24.7987,24.7987,
gpu,102,aircraft_baseline,hiresnet50.in1k_spark,False,,,,adamw,0.05,1e-05,,0,200,448,8,500,3333,,,,5.0,35.0435,,,3.1184,35.04350435043504,100.0,,,0.0013,21.4261,4.3984,16.3943,24.7987,24.7987,
camel.ee.nctu.edu.tw,102,aircraft_baseline,hiresnet50.in1k_spark,False,,,,adamw,0.05,5e-05,,0,200,448,8,100,3333,,,,,9.721,,,4.5681,9.72097209720972,100.0,,,0.0005,16.1945,4.3984,16.3943,24.7987,24.7987,
camel.ee.nctu.edu.tw,102,aircraft_baseline,hiresnet50.in1k_spark,False,,,,adamw,0.05,5e-05,,0,200,448,8,300,3333,,,,3.0,27.2727,,,3.5099,27.272727272727273,100.0,,,0.0002,22.2584,4.3984,16.3943,24.7987,24.7987,
gpu,102,aircraft_baseline,hiresnet50.in1k_spark,False,,,,adamw,0.05,5e-05,,0,200,448,8,500,3333,,,,5.0,40.294,,,2.8229,40.294029402940296,100.0,,,0.0001,21.3903,4.3984,16.3943,24.7987,24.7987,
camel.ee.nctu.edu.tw,102,aircraft_baseline,hiresnet50.in1k_spark,False,,,,adamw,0.05,0.0001,,0,200,448,8,100,3333,,,,,9.3309,,,4.7085,9.330933093309332,100.0,,,0.0003,16.4123,4.3984,16.3943,24.7987,24.7987,
camel.ee.nctu.edu.tw,102,aircraft_baseline,hiresnet50.in1k_spark,False,,,,adamw,0.05,0.0001,,0,200,448,8,300,3333,,,,3.0,25.8626,,,3.7174,25.862586258625864,100.0,,,0.0001,22.2294,4.3984,16.3943,24.7987,24.7987,
gpu,102,aircraft_baseline,hiresnet50.in1k_spark,False,,,,adamw,0.05,0.0001,,0,200,448,8,500,3333,,,,5.0,39.664,,,3.1009,39.663966396639665,100.0,,,0.0001,21.4279,4.3984,16.3943,24.7987,24.7987,
camel.ee.nctu.edu.tw,102,aircraft_baseline,hiresnet50.in1k_spark,False,,,,adamw,0.05,0.0005,,0,200,448,8,100,3333,,,,,6.6607,,,6.4978,6.660666066606661,100.0,,,0.0001,16.3923,4.3984,16.3943,24.7987,24.7987,
camel.ee.nctu.edu.tw,102,aircraft_baseline,hiresnet50.in1k_spark,False,,,,adamw,0.05,0.0005,,0,200,448,8,300,3333,,,,3.0,14.5515,,,6.8178,14.551455145514552,100.0,,,0.0003,22.6935,4.3984,16.3943,24.7987,24.7987,
gpu,102,aircraft_baseline,hiresnet50.in1k_spark,False,,,,adamw,0.05,0.0005,,0,200,448,8,500,3333,,,,5.0,22.3522,,,6.2963,22.352235223522353,100.0,,,0.0004,21.2386,4.3984,16.3943,24.7987,24.7987,
camel.ee.nctu.edu.tw,102,aircraft_baseline,hiresnet50.in1k_spark,False,,,,adamw,0.05,0.001,,0,200,448,8,100,3333,,,,,5.7306,,,8.8852,5.7305730573057305,100.0,,,0.0001,16.3101,4.3984,16.3943,24.7987,24.7987,
camel.ee.nctu.edu.tw,102,aircraft_baseline,hiresnet50.in1k_spark,False,,,,adamw,0.05,0.001,,0,200,448,8,300,3333,,,,3.0,11.7312,,,8.6771,11.731173117311732,100.0,,,0.0016,22.5767,4.3984,16.3943,24.7987,24.7987,
gpu,102,aircraft_baseline,hiresnet50.in1k_spark,False,,,,adamw,0.05,0.001,,0,200,448,8,500,3333,,,,5.0,14.5215,,,7.1702,14.52145214521452,100.0,,,0.0053,21.2771,4.3984,16.3943,24.7987,24.7987,
camel.ee.nctu.edu.tw,102,aircraft_baseline,hiresnet50.in1k_spark,False,,,,sgd,0.0,0.003,,0,200,448,8,100,3333,,,,,3.9304,,,4.8313,3.9303930393039304,100.0,,,0.3724,16.2059,4.3984,16.3943,24.7987,24.7987,
camel.ee.nctu.edu.tw,102,aircraft_baseline,hiresnet50.in1k_spark,False,,,,sgd,0.0,0.003,,0,200,448,8,300,3333,,,,3.0,10.291,,,4.2844,10.291029102910292,100.0,,,0.0749,22.1676,4.3984,16.3943,24.7987,24.7987,
gpu,102,aircraft_baseline,hiresnet50.in1k_spark,False,,,,sgd,0.0,0.003,,0,200,448,8,500,3333,,,,5.0,19.682,,,3.7175,19.68196819681968,100.0,,,0.0249,20.8298,4.3984,16.3943,24.7987,24.7987,
camel.ee.nctu.edu.tw,102,aircraft_baseline,hiresnet50.in1k_spark,False,,,,sgd,0.0,0.01,,0,200,448,8,100,3333,,,,,5.2205,,,5.0529,5.2205220522052205,100.0,,,0.0035,16.3662,4.3984,16.3943,24.7987,24.7987,
camel.ee.nctu.edu.tw,102,aircraft_baseline,hiresnet50.in1k_spark,False,,,,sgd,0.0,0.01,,0,200,448,8,300,3333,,,,3.0,15.6016,,,4.2802,15.6015601560156,100.0,,,0.0013,22.2642,4.3984,16.3943,24.7987,24.7987,
gpu,102,aircraft_baseline,hiresnet50.in1k_spark,False,,,,sgd,0.0,0.01,,0,200,448,8,500,3333,,,,5.0,25.0825,,,3.6937,25.08250825082508,100.0,,,0.0007,20.7977,4.3984,16.3943,24.7987,24.7987,
camel.ee.nctu.edu.tw,102,aircraft_baseline,hiresnet50.in1k_spark,False,,,,sgd,0.0,0.03,,0,200,448,8,100,3333,,,,,5.7306,,,5.4455,5.7305730573057305,100.0,,,0.0007,16.1697,4.3984,16.3943,24.7987,24.7987,
camel.ee.nctu.edu.tw,102,aircraft_baseline,hiresnet50.in1k_spark,False,,,,sgd,0.0,0.03,,0,200,448,8,300,3333,,,,3.0,15.4815,,,5.123,15.48154815481548,100.0,,,0.0003,22.7093,4.3984,16.3943,24.7987,24.7987,
gpu,102,aircraft_baseline,hiresnet50.in1k_spark,False,,,,sgd,0.0,0.03,,0,200,448,8,500,3333,,,,5.0,23.1023,,,4.8046,23.102310231023104,100.0,,,0.0002,20.7736,4.3984,16.3943,24.7987,24.7987,
camel.ee.nctu.edu.tw,102,aircraft_baseline,hiresnet50.in1k_spark,False,,,,sgd,0.0,0.1,,0,200,448,8,100,3333,,,,,5.5506,,,8.5538,5.5505550555055505,100.0,,,0.0002,16.3799,4.3984,16.3943,24.7987,24.7987,
camel.ee.nctu.edu.tw,102,aircraft_baseline,hiresnet50.in1k_spark,False,,,,sgd,0.0,0.1,,0,200,448,8,300,3333,,,,3.0,9.0009,,,11.5499,9.000900090009,100.0,,,0.0007,22.0646,4.3984,16.3943,24.7987,24.7987,
gpu,102,aircraft_baseline,hiresnet50.in1k_spark,False,,,,sgd,0.0,0.1,,0,200,448,8,500,3333,,,,5.0,8.3408,,,10.7906,8.34083408340834,100.0,,,0.0058,20.8206,4.3984,16.3943,24.7987,24.7987,
camel.ee.nctu.edu.tw,102,aircraft_baseline,hiresnet50.in1k_supcon,False,,,,adamw,0.05,5e-06,,0,200,448,8,100,3333,,,,,18.5119,,,3.9634,18.511851185118513,100.0,,,0.0045,16.0741,4.3984,16.3943,24.7987,24.7987,
camel.ee.nctu.edu.tw,102,aircraft_baseline,hiresnet50.in1k_supcon,False,,,,adamw,0.05,5e-06,,0,200,448,8,300,3333,,,,3.0,39.4839,,,2.8464,39.48394839483949,100.0,,,0.0017,22.7429,4.3984,16.3943,24.7987,24.7987,
gpu,102,aircraft_baseline,hiresnet50.in1k_supcon,False,,,,adamw,0.05,5e-06,,0,200,448,8,500,3333,,,,5.0,50.6751,,,2.2259,50.67506750675067,100.0,,,0.0008,21.2708,4.3984,16.3943,24.7987,24.7987,
camel.ee.nctu.edu.tw,102,aircraft_baseline,hiresnet50.in1k_supcon,False,,,,adamw,0.05,1e-05,,0,200,448,8,100,3333,,,,,18.3918,,,3.9464,18.391839183918393,100.0,,,0.0031,15.8716,4.3984,16.3943,24.7987,24.7987,
camel.ee.nctu.edu.tw,102,aircraft_baseline,hiresnet50.in1k_supcon,False,,,,adamw,0.05,1e-05,,0,200,448,8,300,3333,,,,3.0,40.384,,,2.8039,40.384038403840385,100.0,,,0.001,22.6789,4.3984,16.3943,24.7987,24.7987,
gpu,102,aircraft_baseline,hiresnet50.in1k_supcon,False,,,,adamw,0.05,1e-05,,0,200,448,8,500,3333,,,,5.0,51.0351,,,2.1947,51.03510351035104,100.0,,,0.0004,21.2939,4.3984,16.3943,24.7987,24.7987,
camel.ee.nctu.edu.tw,102,aircraft_baseline,hiresnet50.in1k_supcon,False,,,,adamw,0.05,5e-05,,0,200,448,8,100,3333,,,,,19.742,,,3.8632,19.741974197419744,100.0,,,0.0009,15.8887,4.3984,16.3943,24.7987,24.7987,
camel.ee.nctu.edu.tw,102,aircraft_baseline,hiresnet50.in1k_supcon,False,,,,adamw,0.05,5e-05,,0,200,448,8,300,3333,,,,3.0,43.7444,,,2.6191,43.744374437443746,100.0,,,0.0002,22.5537,4.3984,16.3943,24.7987,24.7987,
gpu,102,aircraft_baseline,hiresnet50.in1k_supcon,False,,,,adamw,0.05,5e-05,,0,200,448,8,500,3333,,,,5.0,52.2652,,,2.2411,52.26522652265226,100.0,,,0.0002,21.2512,4.3984,16.3943,24.7987,24.7987,
camel.ee.nctu.edu.tw,102,aircraft_baseline,hiresnet50.in1k_supcon,False,,,,adamw,0.05,0.0001,,0,200,448,8,100,3333,,,,,19.892,,,3.8289,19.89198919891989,100.0,,,0.0005,15.9616,4.3984,16.3943,24.7987,24.7987,
camel.ee.nctu.edu.tw,102,aircraft_baseline,hiresnet50.in1k_supcon,False,,,,adamw,0.05,0.0001,,0,200,448,8,300,3333,,,,3.0,41.4041,,,2.7832,41.40414041404141,100.0,,,0.0001,22.4734,4.3984,16.3943,24.7987,24.7987,
gpu,102,aircraft_baseline,hiresnet50.in1k_supcon,False,,,,adamw,0.05,0.0001,,0,200,448,8,500,3333,,,,5.0,52.1452,,,2.2901,52.14521452145215,100.0,,,0.0,21.248,4.3984,16.3943,24.7987,24.7987,
camel.ee.nctu.edu.tw,102,aircraft_baseline,hiresnet50.in1k_supcon,False,,,,adamw,0.05,0.0005,,0,200,448,8,100,3333,,,,,13.0513,,,4.9739,13.051305130513052,100.0,,,0.0001,15.912,4.3984,16.3943,24.7987,24.7987,
camel.ee.nctu.edu.tw,102,aircraft_baseline,hiresnet50.in1k_supcon,False,,,,adamw,0.05,0.0005,,0,200,448,8,300,3333,,,,3.0,28.9229,,,4.3557,28.922892289228923,100.0,,,0.0,22.5791,4.3984,16.3943,24.7987,24.7987,
gpu,102,aircraft_baseline,hiresnet50.in1k_supcon,False,,,,adamw,0.05,0.0005,,0,200,448,8,500,3333,,,,5.0,43.8044,,,3.4717,43.80438043804381,100.0,,,0.0,21.146,4.3984,16.3943,24.7987,24.7987,
camel.ee.nctu.edu.tw,102,aircraft_baseline,hiresnet50.in1k_supcon,False,,,,adamw,0.05,0.001,,0,200,448,8,100,3333,,,,,7.8608,,,7.459,7.860786078607861,100.0,,,0.0001,15.8362,4.3984,16.3943,24.7987,24.7987,
camel.ee.nctu.edu.tw,102,aircraft_baseline,hiresnet50.in1k_supcon,False,,,,adamw,0.05,0.001,,0,200,448,8,300,3333,,,,3.0,22.4122,,,6.3583,22.41224122412241,100.0,,,0.0003,22.8847,4.3984,16.3943,24.7987,24.7987,
gpu,102,aircraft_baseline,hiresnet50.in1k_supcon,False,,,,adamw,0.05,0.001,,0,200,448,8,500,3333,,,,5.0,28.8029,,,5.8602,28.802880288028803,100.0,,,0.0008,21.1436,4.3984,16.3943,24.7987,24.7987,
camel.ee.nctu.edu.tw,102,aircraft_baseline,hiresnet50.in1k_supcon,False,,,,sgd,0.0,0.003,,0,200,448,8,100,3333,,,,,17.0717,,,3.9752,17.071707170717072,100.0,,,0.0132,15.7154,4.3984,16.3943,24.7987,24.7987,
camel.ee.nctu.edu.tw,102,aircraft_baseline,hiresnet50.in1k_supcon,False,,,,sgd,0.0,0.003,,0,200,448,8,300,3333,,,,3.0,38.2838,,,2.8007,38.28382838283829,100.0,,,0.0041,22.2772,4.3984,16.3943,24.7987,24.7987,
gpu,102,aircraft_baseline,hiresnet50.in1k_supcon,False,,,,sgd,0.0,0.003,,0,200,448,8,500,3333,,,,5.0,51.1851,,,2.1554,51.185118511851186,100.0,,,0.0025,20.6627,4.3984,16.3943,24.7987,24.7987,
camel.ee.nctu.edu.tw,102,aircraft_baseline,hiresnet50.in1k_supcon,False,,,,sgd,0.0,0.01,,0,200,448,8,100,3333,,,,,18.6619,,,3.8962,18.661866186618663,100.0,,,0.0021,15.7959,4.3984,16.3943,24.7987,24.7987,
camel.ee.nctu.edu.tw,102,aircraft_baseline,hiresnet50.in1k_supcon,False,,,,sgd,0.0,0.01,,0,200,448,8,300,3333,,,,3.0,41.5242,,,2.6148,41.52415241524152,100.0,,,0.0008,22.3415,4.3984,16.3943,24.7987,24.7987,
gpu,102,aircraft_baseline,hiresnet50.in1k_supcon,False,,,,sgd,0.0,0.01,,0,200,448,8,500,3333,,,,5.0,52.7153,,,2.0236,52.71527152715272,100.0,,,0.0005,20.6072,4.3984,16.3943,24.7987,24.7987,
camel.ee.nctu.edu.tw,102,aircraft_baseline,hiresnet50.in1k_supcon,False,,,,sgd,0.0,0.03,,0,200,448,8,100,3333,,,,,18.7519,,,3.8581,18.751875187518753,100.0,,,0.0006,15.7466,4.3984,16.3943,24.7987,24.7987,
camel.ee.nctu.edu.tw,102,aircraft_baseline,hiresnet50.in1k_supcon,False,,,,sgd,0.0,0.03,,0,200,448,8,300,3333,,,,3.0,44.5245,,,2.4705,44.52445244524453,100.0,,,0.0002,22.2403,4.3984,16.3943,24.7987,24.7987,
gpu,102,aircraft_baseline,hiresnet50.in1k_supcon,False,,,,sgd,0.0,0.03,,0,200,448,8,500,3333,,,,5.0,55.0255,,,1.9013,55.02550255025503,100.0,,,0.0001,20.6586,4.3984,16.3943,24.7987,24.7987,
camel.ee.nctu.edu.tw,102,aircraft_baseline,hiresnet50.in1k_supcon,False,,,,sgd,0.0,0.1,,0,200,448,8,100,3333,,,,,17.2817,,,4.0966,17.28172817281728,100.0,,,0.0001,15.6679,4.3984,16.3943,24.7987,24.7987,
camel.ee.nctu.edu.tw,102,aircraft_baseline,hiresnet50.in1k_supcon,False,,,,sgd,0.0,0.1,,0,200,448,8,300,3333,,,,3.0,32.1632,,,4.3065,32.16321632163216,100.0,,,0.0001,22.2419,4.3984,16.3943,24.7987,24.7987,
gpu,102,aircraft_baseline,hiresnet50.in1k_supcon,False,,,,sgd,0.0,0.1,,0,200,448,8,500,3333,,,,5.0,45.9946,,,3.8289,45.994599459945995,100.0,,,0.0001,20.6719,4.3984,16.3943,24.7987,24.7987,
camel.ee.nctu.edu.tw,102,aircraft_baseline,hiresnet50.in1k_swav,False,,,,adamw,0.05,5e-06,,0,200,448,8,100,3333,,,,,12.4512,,,4.1504,12.451245124512452,100.0,,,0.028,16.0394,4.3984,16.3943,24.7987,24.7987,
camel.ee.nctu.edu.tw,102,aircraft_baseline,hiresnet50.in1k_swav,False,,,,adamw,0.05,5e-06,,0,200,448,8,300,3333,,,,3.0,31.3831,,,3.0918,31.383138313831385,100.0,,,0.0099,22.6297,4.3984,16.3943,24.7987,24.7987,
gpu,102,aircraft_baseline,hiresnet50.in1k_swav,False,,,,adamw,0.05,5e-06,,0,200,448,8,500,3333,,,,5.0,43.9544,,,2.4344,43.95439543954395,100.0,,,0.0045,21.3852,4.3984,16.3943,24.7987,24.7987,
camel.ee.nctu.edu.tw,102,aircraft_baseline,hiresnet50.in1k_swav,False,,,,adamw,0.05,1e-05,,0,200,448,8,100,3333,,,,,12.8713,,,4.1295,12.871287128712872,100.0,,,0.016,15.9375,4.3984,16.3943,24.7987,24.7987,
camel.ee.nctu.edu.tw,102,aircraft_baseline,hiresnet50.in1k_swav,False,,,,adamw,0.05,1e-05,,0,200,448,8,300,3333,,,,3.0,32.2532,,,3.0436,32.25322532253225,100.0,,,0.0044,22.5801,4.3984,16.3943,24.7987,24.7987,
gpu,102,aircraft_baseline,hiresnet50.in1k_swav,False,,,,adamw,0.05,1e-05,,0,200,448,8,500,3333,,,,5.0,44.9445,,,2.3846,44.944494449444946,100.0,,,0.0015,21.3441,4.3984,16.3943,24.7987,24.7987,
camel.ee.nctu.edu.tw,102,aircraft_baseline,hiresnet50.in1k_swav,False,,,,adamw,0.05,5e-05,,0,200,448,8,100,3333,,,,,13.9214,,,4.0877,13.92139213921392,100.0,,,0.003,15.8078,4.3984,16.3943,24.7987,24.7987,
camel.ee.nctu.edu.tw,102,aircraft_baseline,hiresnet50.in1k_swav,False,,,,adamw,0.05,5e-05,,0,200,448,8,300,3333,,,,3.0,35.1935,,,2.9194,35.193519351935194,100.0,,,0.0005,22.7773,4.3984,16.3943,24.7987,24.7987,
gpu,102,aircraft_baseline,hiresnet50.in1k_swav,False,,,,adamw,0.05,5e-05,,0,200,448,8,500,3333,,,,5.0,46.1146,,,2.3239,46.11461146114611,100.0,,,0.0001,21.3841,4.3984,16.3943,24.7987,24.7987,
camel.ee.nctu.edu.tw,102,aircraft_baseline,hiresnet50.in1k_swav,False,,,,adamw,0.05,0.0001,,0,200,448,8,100,3333,,,,,14.0114,,,4.0744,14.011401140114012,100.0,,,0.0015,16.0635,4.3984,16.3943,24.7987,24.7987,
camel.ee.nctu.edu.tw,102,aircraft_baseline,hiresnet50.in1k_swav,False,,,,adamw,0.05,0.0001,,0,200,448,8,300,3333,,,,3.0,35.7636,,,2.8658,35.76357635763576,100.0,,,0.0002,22.8354,4.3984,16.3943,24.7987,24.7987,
gpu,102,aircraft_baseline,hiresnet50.in1k_swav,False,,,,adamw,0.05,0.0001,,0,200,448,8,500,3333,,,,5.0,47.6448,,,2.292,47.64476447644765,100.0,,,0.0,21.3361,4.3984,16.3943,24.7987,24.7987,
camel.ee.nctu.edu.tw,102,aircraft_baseline,hiresnet50.in1k_swav,False,,,,adamw,0.05,0.0005,,0,200,448,8,100,3333,,,,,14.8215,,,4.0718,14.82148214821482,100.0,,,0.0003,16.0354,4.3984,16.3943,24.7987,24.7987,
camel.ee.nctu.edu.tw,102,aircraft_baseline,hiresnet50.in1k_swav,False,,,,adamw,0.05,0.0005,,0,200,448,8,300,3333,,,,3.0,35.9436,,,2.855,35.94359435943594,100.0,,,0.0,22.2702,4.3984,16.3943,24.7987,24.7987,
gpu,102,aircraft_baseline,hiresnet50.in1k_swav,False,,,,adamw,0.05,0.0005,,0,200,448,8,500,3333,,,,5.0,48.0048,,,2.7547,48.004800480048,100.0,,,0.0,21.307,4.3984,16.3943,24.7987,24.7987,
camel.ee.nctu.edu.tw,102,aircraft_baseline,hiresnet50.in1k_swav,False,,,,adamw,0.05,0.001,,0,200,448,8,100,3333,,,,,14.8815,,,4.0773,14.88148814881488,100.0,,,0.0001,15.9819,4.3984,16.3943,24.7987,24.7987,
camel.ee.nctu.edu.tw,102,aircraft_baseline,hiresnet50.in1k_swav,False,,,,adamw,0.05,0.001,,0,200,448,8,300,3333,,,,3.0,29.913,,,4.5569,29.912991299129914,100.0,,,0.0001,22.5231,4.3984,16.3943,24.7987,24.7987,
gpu,102,aircraft_baseline,hiresnet50.in1k_swav,False,,,,adamw,0.05,0.001,,0,200,448,8,500,3333,,,,5.0,45.2145,,,3.6767,45.21452145214521,100.0,,,0.0,21.3743,4.3984,16.3943,24.7987,24.7987,
camel.ee.nctu.edu.tw,102,aircraft_baseline,hiresnet50.in1k_swav,False,,,,sgd,0.0,0.003,,0,200,448,8,100,3333,,,,,9.871,,,4.3629,9.870987098709872,100.0,,,0.023,15.6677,4.3984,16.3943,24.7987,24.7987,
camel.ee.nctu.edu.tw,102,aircraft_baseline,hiresnet50.in1k_swav,False,,,,sgd,0.0,0.003,,0,200,448,8,300,3333,,,,3.0,26.7627,,,3.2315,26.76267626762676,100.0,,,0.0082,22.4,4.3984,16.3943,24.7987,24.7987,
gpu,102,aircraft_baseline,hiresnet50.in1k_swav,False,,,,sgd,0.0,0.003,,0,200,448,8,500,3333,,,,5.0,38.7339,,,2.5938,38.73387338733873,100.0,,,0.0056,20.796,4.3984,16.3943,24.7987,24.7987,
camel.ee.nctu.edu.tw,102,aircraft_baseline,hiresnet50.in1k_swav,False,,,,sgd,0.0,0.01,,0,200,448,8,100,3333,,,,,11.0111,,,4.3903,11.011101110111012,100.0,,,0.0035,15.7865,4.3984,16.3943,24.7987,24.7987,
camel.ee.nctu.edu.tw,102,aircraft_baseline,hiresnet50.in1k_swav,False,,,,sgd,0.0,0.01,,0,200,448,8,300,3333,,,,3.0,28.4728,,,3.1944,28.472847284728473,100.0,,,0.0013,22.3856,4.3984,16.3943,24.7987,24.7987,
gpu,102,aircraft_baseline,hiresnet50.in1k_swav,False,,,,sgd,0.0,0.01,,0,200,448,8,500,3333,,,,5.0,41.0741,,,2.5643,41.07410741074107,100.0,,,0.0009,20.7649,4.3984,16.3943,24.7987,24.7987,
camel.ee.nctu.edu.tw,102,aircraft_baseline,hiresnet50.in1k_swav,False,,,,sgd,0.0,0.03,,0,200,448,8,100,3333,,,,,11.5812,,,4.4331,11.58115811581158,100.0,,,0.0011,15.6592,4.3984,16.3943,24.7987,24.7987,
camel.ee.nctu.edu.tw,102,aircraft_baseline,hiresnet50.in1k_swav,False,,,,sgd,0.0,0.03,,0,200,448,8,300,3333,,,,3.0,29.733,,,3.2151,29.732973297329732,100.0,,,0.0003,22.1197,4.3984,16.3943,24.7987,24.7987,
gpu,102,aircraft_baseline,hiresnet50.in1k_swav,False,,,,sgd,0.0,0.03,,0,200,448,8,500,3333,,,,5.0,42.6643,,,2.5784,42.66426642664266,100.0,,,0.0002,20.657,4.3984,16.3943,24.7987,24.7987,
camel.ee.nctu.edu.tw,102,aircraft_baseline,hiresnet50.in1k_swav,False,,,,sgd,0.0,0.1,,0,200,448,8,100,3333,,,,,12.0012,,,4.5182,12.001200120012,100.0,,,0.0003,15.8652,4.3984,16.3943,24.7987,24.7987,
camel.ee.nctu.edu.tw,102,aircraft_baseline,hiresnet50.in1k_swav,False,,,,sgd,0.0,0.1,,0,200,448,8,300,3333,,,,3.0,31.6232,,,3.4408,31.623162316231625,100.0,,,0.0001,22.5365,4.3984,16.3943,24.7987,24.7987,
gpu,102,aircraft_baseline,hiresnet50.in1k_swav,False,,,,sgd,0.0,0.1,,0,200,448,8,500,3333,,,,5.0,43.1143,,,3.1014,43.114311431143115,100.0,,,0.0001,20.7147,4.3984,16.3943,24.7987,24.7987,
camel.ee.nctu.edu.tw,102,aircraft_baseline,hiresnet50.in21k_miil,False,,,,adamw,0.05,5e-06,,0,200,448,8,100,3333,,,,,15.4515,,,4.0042,15.451545154515452,100.0,,,0.0447,16.3141,4.3984,16.3943,24.7987,24.7987,
camel.ee.nctu.edu.tw,102,aircraft_baseline,hiresnet50.in21k_miil,False,,,,adamw,0.05,5e-06,,0,200,448,8,300,3333,,,,3.0,32.6733,,,3.0048,32.67326732673267,100.0,,,0.0161,22.7906,4.3984,16.3943,24.7987,24.7987,
gpu,102,aircraft_baseline,hiresnet50.in21k_miil,False,,,,adamw,0.05,5e-06,,0,200,448,8,500,3333,,,,5.0,45.7546,,,2.3494,45.754575457545755,100.0,,,0.008,20.6919,4.3984,16.3943,24.7987,24.7987,
camel.ee.nctu.edu.tw,102,aircraft_baseline,hiresnet50.in21k_miil,False,,,,adamw,0.05,1e-05,,0,200,448,8,100,3333,,,,,15.9916,,,3.9848,15.991599159915992,100.0,,,0.0201,16.2243,4.3984,16.3943,24.7987,24.7987,
camel.ee.nctu.edu.tw,102,aircraft_baseline,hiresnet50.in21k_miil,False,,,,adamw,0.05,1e-05,,0,200,448,8,300,3333,,,,3.0,33.8434,,,2.9623,33.84338433843384,100.0,,,0.0064,22.621,4.3984,16.3943,24.7987,24.7987,
gpu,102,aircraft_baseline,hiresnet50.in21k_miil,False,,,,adamw,0.05,1e-05,,0,200,448,8,500,3333,,,,5.0,46.7447,,,2.315,46.74467446744674,100.0,,,0.0026,20.6832,4.3984,16.3943,24.7987,24.7987,
camel.ee.nctu.edu.tw,102,aircraft_baseline,hiresnet50.in21k_miil,False,,,,adamw,0.05,5e-05,,0,200,448,8,100,3333,,,,,17.2217,,,3.9445,17.221722172217223,100.0,,,0.0029,16.2714,4.3984,16.3943,24.7987,24.7987,
camel.ee.nctu.edu.tw,102,aircraft_baseline,hiresnet50.in21k_miil,False,,,,adamw,0.05,5e-05,,0,200,448,8,300,3333,,,,3.0,35.5236,,,2.8762,35.52355235523552,100.0,,,0.0005,22.5875,4.3984,16.3943,24.7987,24.7987,
gpu,102,aircraft_baseline,hiresnet50.in21k_miil,False,,,,adamw,0.05,5e-05,,0,200,448,8,500,3333,,,,5.0,48.4848,,,2.2875,48.48484848484848,100.0,,,0.0001,20.6654,4.3984,16.3943,24.7987,24.7987,
camel.ee.nctu.edu.tw,102,aircraft_baseline,hiresnet50.in21k_miil,False,,,,adamw,0.05,0.0001,,0,200,448,8,100,3333,,,,,16.6217,,,3.9525,16.621662166216623,100.0,,,0.0013,16.4091,4.3984,16.3943,24.7987,24.7987,
camel.ee.nctu.edu.tw,102,aircraft_baseline,hiresnet50.in21k_miil,False,,,,adamw,0.05,0.0001,,0,200,448,8,300,3333,,,,3.0,36.3636,,,2.8671,36.36363636363637,100.0,,,0.0002,22.5585,4.3984,16.3943,24.7987,24.7987,
gpu,102,aircraft_baseline,hiresnet50.in21k_miil,False,,,,adamw,0.05,0.0001,,0,200,448,8,500,3333,,,,5.0,49.3849,,,2.3137,49.38493849384938,100.0,,,0.0001,20.6644,4.3984,16.3943,24.7987,24.7987,
camel.ee.nctu.edu.tw,102,aircraft_baseline,hiresnet50.in21k_miil,False,,,,adamw,0.05,0.0005,,0,200,448,8,100,3333,,,,,17.4617,,,3.9622,17.461746174617463,100.0,,,0.0002,16.1604,4.3984,16.3943,24.7987,24.7987,
camel.ee.nctu.edu.tw,102,aircraft_baseline,hiresnet50.in21k_miil,False,,,,adamw,0.05,0.0005,,0,200,448,8,300,3333,,,,3.0,37.0237,,,3.1852,37.023702370237025,100.0,,,0.0001,22.6053,4.3984,16.3943,24.7987,24.7987,
gpu,102,aircraft_baseline,hiresnet50.in21k_miil,False,,,,adamw,0.05,0.0005,,0,200,448,8,500,3333,,,,5.0,50.5251,,,2.7254,50.52505250525053,100.0,,,0.0,20.5791,4.3984,16.3943,24.7987,24.7987,
camel.ee.nctu.edu.tw,102,aircraft_baseline,hiresnet50.in21k_miil,False,,,,adamw,0.05,0.001,,0,200,448,8,100,3333,,,,,18.2118,,,3.9866,18.21182118211821,100.0,,,0.0001,16.3291,4.3984,16.3943,24.7987,24.7987,
camel.ee.nctu.edu.tw,102,aircraft_baseline,hiresnet50.in21k_miil,False,,,,adamw,0.05,0.001,,0,200,448,8,300,3333,,,,3.0,32.7933,,,4.2736,32.793279327932794,100.0,,,0.0,22.4838,4.3984,16.3943,24.7987,24.7987,
gpu,102,aircraft_baseline,hiresnet50.in21k_miil,False,,,,adamw,0.05,0.001,,0,200,448,8,500,3333,,,,5.0,47.2847,,,3.5924,47.28472847284728,100.0,,,0.0003,20.5722,4.3984,16.3943,24.7987,24.7987,
camel.ee.nctu.edu.tw,102,aircraft_baseline,hiresnet50.in21k_miil,False,,,,sgd,0.0,0.003,,0,200,448,8,100,3333,,,,,14.0114,,,4.0989,14.011401140114012,100.0,,,0.0287,15.951,4.3984,16.3943,24.7987,24.7987,
camel.ee.nctu.edu.tw,102,aircraft_baseline,hiresnet50.in21k_miil,False,,,,sgd,0.0,0.003,,0,200,448,8,300,3333,,,,3.0,29.943,,,3.0629,29.942994299429945,100.0,,,0.01,22.1377,4.3984,16.3943,24.7987,24.7987,
gpu,102,aircraft_baseline,hiresnet50.in21k_miil,False,,,,sgd,0.0,0.003,,0,200,448,8,500,3333,,,,5.0,42.3942,,,2.4302,42.394239423942395,100.0,,,0.0076,19.913,4.3984,16.3943,24.7987,24.7987,
camel.ee.nctu.edu.tw,102,aircraft_baseline,hiresnet50.in21k_miil,False,,,,sgd,0.0,0.01,,0,200,448,8,100,3333,,,,,14.7315,,,4.128,14.731473147314732,100.0,,,0.0032,16.0438,4.3984,16.3943,24.7987,24.7987,
camel.ee.nctu.edu.tw,102,aircraft_baseline,hiresnet50.in21k_miil,False,,,,sgd,0.0,0.01,,0,200,448,8,300,3333,,,,3.0,31.3231,,,3.0436,31.323132313231323,100.0,,,0.0013,22.07,4.3984,16.3943,24.7987,24.7987,
gpu,102,aircraft_baseline,hiresnet50.in21k_miil,False,,,,sgd,0.0,0.01,,0,200,448,8,500,3333,,,,5.0,44.3744,,,2.4114,44.37443744374438,100.0,,,0.001,19.7726,4.3984,16.3943,24.7987,24.7987,
camel.ee.nctu.edu.tw,102,aircraft_baseline,hiresnet50.in21k_miil,False,,,,sgd,0.0,0.03,,0,200,448,8,100,3333,,,,,14.9715,,,4.1793,14.971497149714972,100.0,,,0.0009,16.0551,4.3984,16.3943,24.7987,24.7987,
camel.ee.nctu.edu.tw,102,aircraft_baseline,hiresnet50.in21k_miil,False,,,,sgd,0.0,0.03,,0,200,448,8,300,3333,,,,3.0,32.2232,,,3.1026,32.223222322232225,100.0,,,0.0003,21.9369,4.3984,16.3943,24.7987,24.7987,
gpu,102,aircraft_baseline,hiresnet50.in21k_miil,False,,,,sgd,0.0,0.03,,0,200,448,8,500,3333,,,,5.0,46.3546,,,2.4562,46.35463546354635,100.0,,,0.0003,19.8745,4.3984,16.3943,24.7987,24.7987,
camel.ee.nctu.edu.tw,102,aircraft_baseline,hiresnet50.in21k_miil,False,,,,sgd,0.0,0.1,,0,200,448,8,100,3333,,,,,15.0915,,,4.3095,15.091509150915092,100.0,,,0.0002,16.0049,4.3984,16.3943,24.7987,24.7987,
camel.ee.nctu.edu.tw,102,aircraft_baseline,hiresnet50.in21k_miil,False,,,,sgd,0.0,0.1,,0,200,448,8,300,3333,,,,3.0,32.9733,,,3.6437,32.97329732973297,100.0,,,0.0,22.2601,4.3984,16.3943,24.7987,24.7987,
gpu,102,aircraft_baseline,hiresnet50.in21k_miil,False,,,,sgd,0.0,0.1,,0,200,448,8,500,3333,,,,5.0,47.1347,,,2.9326,47.13471347134713,100.0,,,0.0,19.8152,4.3984,16.3943,24.7987,24.7987,
camel.ee.nctu.edu.tw,102,aircraft_baseline,hiresnet50.tv2_in1k,False,,,,adamw,0.05,5e-06,,0,200,448,8,100,3333,,,,,14.5815,,,4.0621,14.58145814581458,100.0,,,0.015,16.2152,4.3984,16.3943,24.7987,24.7987,
camel.ee.nctu.edu.tw,102,aircraft_baseline,hiresnet50.tv2_in1k,False,,,,adamw,0.05,5e-06,,0,200,448,8,300,3333,,,,3.0,33.7534,,,3.0244,33.753375337533754,100.0,,,0.0052,22.3277,4.3984,16.3943,24.7987,24.7987,
gpu,102,aircraft_baseline,hiresnet50.tv2_in1k,False,,,,adamw,0.05,5e-06,,0,200,448,8,500,3333,,,,5.0,46.7447,,,2.3394,46.74467446744674,100.0,,,0.0021,19.8702,4.3984,16.3943,24.7987,24.7987,
camel.ee.nctu.edu.tw,102,aircraft_baseline,hiresnet50.tv2_in1k,False,,,,adamw,0.05,1e-05,,0,200,448,8,100,3333,,,,,14.6415,,,4.0413,14.64146414641464,100.0,,,0.0087,16.0068,4.3984,16.3943,24.7987,24.7987,
camel.ee.nctu.edu.tw,102,aircraft_baseline,hiresnet50.tv2_in1k,False,,,,adamw,0.05,1e-05,,0,200,448,8,300,3333,,,,3.0,34.7435,,,2.9618,34.74347434743474,100.0,,,0.0024,22.1483,4.3984,16.3943,24.7987,24.7987,
gpu,102,aircraft_baseline,hiresnet50.tv2_in1k,False,,,,adamw,0.05,1e-05,,0,200,448,8,500,3333,,,,5.0,47.3147,,,2.3055,47.31473147314731,100.0,,,0.0008,19.8128,4.3984,16.3943,24.7987,24.7987,
camel.ee.nctu.edu.tw,102,aircraft_baseline,hiresnet50.tv2_in1k,False,,,,adamw,0.05,5e-05,,0,200,448,8,100,3333,,,,,15.5716,,,3.9948,15.571557155715572,100.0,,,0.0018,16.1701,4.3984,16.3943,24.7987,24.7987,
camel.ee.nctu.edu.tw,102,aircraft_baseline,hiresnet50.tv2_in1k,False,,,,adamw,0.05,5e-05,,0,200,448,8,300,3333,,,,3.0,36.3336,,,2.8831,36.33363336333633,100.0,,,0.0003,22.4877,4.3984,16.3943,24.7987,24.7987,
gpu,102,aircraft_baseline,hiresnet50.tv2_in1k,False,,,,adamw,0.05,5e-05,,0,200,448,8,500,3333,,,,5.0,49.505,,,2.216,49.504950495049506,100.0,,,0.0001,19.6291,4.3984,16.3943,24.7987,24.7987,
camel.ee.nctu.edu.tw,102,aircraft_baseline,hiresnet50.tv2_in1k,False,,,,adamw,0.05,0.0001,,0,200,448,8,100,3333,,,,,15.9616,,,3.9856,15.96159615961596,100.0,,,0.0009,16.1765,4.3984,16.3943,24.7987,24.7987,
camel.ee.nctu.edu.tw,102,aircraft_baseline,hiresnet50.tv2_in1k,False,,,,adamw,0.05,0.0001,,0,200,448,8,300,3333,,,,3.0,37.0837,,,2.8969,37.08370837083709,100.0,,,0.0001,22.6265,4.3984,16.3943,24.7987,24.7987,
gpu,102,aircraft_baseline,hiresnet50.tv2_in1k,False,,,,adamw,0.05,0.0001,,0,200,448,8,500,3333,,,,5.0,50.6751,,,2.2814,50.67506750675067,100.0,,,0.0,19.5111,4.3984,16.3943,24.7987,24.7987,
camel.ee.nctu.edu.tw,102,aircraft_baseline,hiresnet50.tv2_in1k,False,,,,adamw,0.05,0.0005,,0,200,448,8,100,3333,,,,,16.1116,,,3.9999,16.111611161116112,100.0,,,0.0002,16.092,4.3984,16.3943,24.7987,24.7987,
camel.ee.nctu.edu.tw,102,aircraft_baseline,hiresnet50.tv2_in1k,False,,,,adamw,0.05,0.0005,,0,200,448,8,300,3333,,,,3.0,34.0234,,,3.5433,34.02340234023402,100.0,,,0.0,22.5326,4.3984,16.3943,24.7987,24.7987,
gpu,102,aircraft_baseline,hiresnet50.tv2_in1k,False,,,,adamw,0.05,0.0005,,0,200,448,8,500,3333,,,,5.0,44.4044,,,3.3642,44.4044404440444,100.0,,,0.0,19.4948,4.3984,16.3943,24.7987,24.7987,
camel.ee.nctu.edu.tw,102,aircraft_baseline,hiresnet50.tv2_in1k,False,,,,adamw,0.05,0.001,,0,200,448,8,100,3333,,,,,15.4515,,,4.1429,15.451545154515452,100.0,,,0.0001,16.1009,4.3984,16.3943,24.7987,24.7987,
camel.ee.nctu.edu.tw,102,aircraft_baseline,hiresnet50.tv2_in1k,False,,,,adamw,0.05,0.001,,0,200,448,8,300,3333,,,,3.0,27.4827,,,5.3337,27.482748274827483,100.0,,,0.0,21.8913,4.3984,16.3943,24.7987,24.7987,
gpu,102,aircraft_baseline,hiresnet50.tv2_in1k,False,,,,adamw,0.05,0.001,,0,200,448,8,500,3333,,,,5.0,41.4641,,,4.3652,41.46414641464146,100.0,,,0.0001,19.1912,4.3984,16.3943,24.7987,24.7987,
camel.ee.nctu.edu.tw,102,aircraft_baseline,hiresnet50.tv2_in1k,False,,,,sgd,0.0,0.003,,0,200,448,8,100,3333,,,,,12.5113,,,4.1599,12.511251125112512,100.0,,,0.0291,15.7559,4.3984,16.3943,24.7987,24.7987,
camel.ee.nctu.edu.tw,102,aircraft_baseline,hiresnet50.tv2_in1k,False,,,,sgd,0.0,0.003,,0,200,448,8,300,3333,,,,3.0,30.6331,,,3.0748,30.633063306330634,100.0,,,0.0079,21.39,4.3984,16.3943,24.7987,24.7987,
gpu,102,aircraft_baseline,hiresnet50.tv2_in1k,False,,,,sgd,0.0,0.003,,0,200,448,8,500,3333,,,,5.0,43.7444,,,2.3744,43.744374437443746,100.0,,,0.0049,19.3124,4.3984,16.3943,24.7987,24.7987,
camel.ee.nctu.edu.tw,102,aircraft_baseline,hiresnet50.tv2_in1k,False,,,,sgd,0.0,0.01,,0,200,448,8,100,3333,,,,,13.2313,,,4.1523,13.231323132313232,100.0,,,0.0027,16.0325,4.3984,16.3943,24.7987,24.7987,
camel.ee.nctu.edu.tw,102,aircraft_baseline,hiresnet50.tv2_in1k,False,,,,sgd,0.0,0.01,,0,200,448,8,300,3333,,,,3.0,32.4932,,,3.033,32.49324932493249,100.0,,,0.0011,21.6419,4.3984,16.3943,24.7987,24.7987,
gpu,102,aircraft_baseline,hiresnet50.tv2_in1k,False,,,,sgd,0.0,0.01,,0,200,448,8,500,3333,,,,5.0,45.7846,,,2.3102,45.78457845784578,100.0,,,0.0007,19.2214,4.3984,16.3943,24.7987,24.7987,
camel.ee.nctu.edu.tw,102,aircraft_baseline,hiresnet50.tv2_in1k,False,,,,sgd,0.0,0.03,,0,200,448,8,100,3333,,,,,13.8614,,,4.1779,13.86138613861386,100.0,,,0.0008,15.8899,4.3984,16.3943,24.7987,24.7987,
camel.ee.nctu.edu.tw,102,aircraft_baseline,hiresnet50.tv2_in1k,False,,,,sgd,0.0,0.03,,0,200,448,8,300,3333,,,,3.0,33.9034,,,2.9821,33.903390339033905,100.0,,,0.0003,21.3923,4.3984,16.3943,24.7987,24.7987,
gpu,102,aircraft_baseline,hiresnet50.tv2_in1k,False,,,,sgd,0.0,0.03,,0,200,448,8,500,3333,,,,5.0,47.4347,,,2.2989,47.434743474347435,100.0,,,0.0004,19.0634,4.3984,16.3943,24.7987,24.7987,
camel.ee.nctu.edu.tw,102,aircraft_baseline,hiresnet50.tv2_in1k,False,,,,sgd,0.0,0.1,,0,200,448,8,100,3333,,,,,13.9214,,,4.2304,13.92139213921392,100.0,,,0.0002,15.8085,4.3984,16.3943,24.7987,24.7987,
camel.ee.nctu.edu.tw,102,aircraft_baseline,hiresnet50.tv2_in1k,False,,,,sgd,0.0,0.1,,0,200,448,8,300,3333,,,,3.0,34.0534,,,3.2807,34.053405340534056,100.0,,,0.0,21.6833,4.3984,16.3943,24.7987,24.7987,
gpu,102,aircraft_baseline,hiresnet50.tv2_in1k,False,,,,sgd,0.0,0.1,,0,200,448,8,500,3333,,,,5.0,46.7447,,,2.8831,46.74467446744674,100.0,,,0.0,18.8525,4.3984,16.3943,24.7987,24.7987,
camel.ee.nctu.edu.tw,102,aircraft_baseline,hiresnet50.tv_in1k,False,,,,adamw,0.05,5e-06,,0,200,448,8,100,3333,,,,,14.2214,,,4.0609,14.22142214221422,100.0,,,0.007,16.212,4.3984,16.3943,24.7987,24.7987,
camel.ee.nctu.edu.tw,102,aircraft_baseline,hiresnet50.tv_in1k,False,,,,adamw,0.05,5e-06,,0,200,448,8,300,3333,,,,3.0,34.5035,,,3.0225,34.5034503450345,100.0,,,0.0022,22.3133,4.3984,16.3943,24.7987,24.7987,
gpu,102,aircraft_baseline,hiresnet50.tv_in1k,False,,,,adamw,0.05,5e-06,,0,200,448,8,500,3333,,,,5.0,47.1047,,,2.4002,47.104710471047106,100.0,,,0.001,19.3487,4.3984,16.3943,24.7987,24.7987,
camel.ee.nctu.edu.tw,102,aircraft_baseline,hiresnet50.tv_in1k,False,,,,adamw,0.05,1e-05,,0,200,448,8,100,3333,,,,,15.2115,,,4.047,15.211521152115212,100.0,,,0.0048,16.0757,4.3984,16.3943,24.7987,24.7987,
camel.ee.nctu.edu.tw,102,aircraft_baseline,hiresnet50.tv_in1k,False,,,,adamw,0.05,1e-05,,0,200,448,8,300,3333,,,,3.0,34.9535,,,2.9819,34.953495349534954,100.0,,,0.0012,22.0958,4.3984,16.3943,24.7987,24.7987,
gpu,102,aircraft_baseline,hiresnet50.tv_in1k,False,,,,adamw,0.05,1e-05,,0,200,448,8,500,3333,,,,5.0,47.9448,,,2.3633,47.94479447944794,100.0,,,0.0005,19.2443,4.3984,16.3943,24.7987,24.7987,
camel.ee.nctu.edu.tw,102,aircraft_baseline,hiresnet50.tv_in1k,False,,,,adamw,0.05,5e-05,,0,200,448,8,100,3333,,,,,16.1416,,,4.0127,16.141614161416143,100.0,,,0.0014,16.1776,4.3984,16.3943,24.7987,24.7987,
camel.ee.nctu.edu.tw,102,aircraft_baseline,hiresnet50.tv_in1k,False,,,,adamw,0.05,5e-05,,0,200,448,8,300,3333,,,,3.0,36.1236,,,2.8754,36.12361236123613,100.0,,,0.0002,22.1628,4.3984,16.3943,24.7987,24.7987,
gpu,102,aircraft_baseline,hiresnet50.tv_in1k,False,,,,adamw,0.05,5e-05,,0,200,448,8,500,3333,,,,5.0,49.565,,,2.301,49.56495649564957,100.0,,,0.0001,19.1718,4.3984,16.3943,24.7987,24.7987,
camel.ee.nctu.edu.tw,102,aircraft_baseline,hiresnet50.tv_in1k,False,,,,adamw,0.05,0.0001,,0,200,448,8,100,3333,,,,,16.0516,,,3.9907,16.05160516051605,100.0,,,0.0008,16.133,4.3984,16.3943,24.7987,24.7987,
camel.ee.nctu.edu.tw,102,aircraft_baseline,hiresnet50.tv_in1k,False,,,,adamw,0.05,0.0001,,0,200,448,8,300,3333,,,,3.0,38.4038,,,2.842,38.4038403840384,100.0,,,0.0001,22.0258,4.3984,16.3943,24.7987,24.7987,
gpu,102,aircraft_baseline,hiresnet50.tv_in1k,False,,,,adamw,0.05,0.0001,,0,200,448,8,500,3333,,,,5.0,50.375,,,2.2945,50.37503750375038,100.0,,,0.0,19.0946,4.3984,16.3943,24.7987,24.7987,
camel.ee.nctu.edu.tw,102,aircraft_baseline,hiresnet50.tv_in1k,False,,,,adamw,0.05,0.0005,,0,200,448,8,100,3333,,,,,11.0111,,,5.0071,11.011101110111012,100.0,,,0.0001,16.0804,4.3984,16.3943,24.7987,24.7987,
camel.ee.nctu.edu.tw,102,aircraft_baseline,hiresnet50.tv_in1k,False,,,,adamw,0.05,0.0005,,0,200,448,8,300,3333,,,,3.0,28.9229,,,4.5455,28.922892289228923,100.0,,,0.0001,22.1095,4.3984,16.3943,24.7987,24.7987,
gpu,102,aircraft_baseline,hiresnet50.tv_in1k,False,,,,adamw,0.05,0.0005,,0,200,448,8,500,3333,,,,5.0,43.8944,,,3.717,43.8943894389439,100.0,,,0.0001,19.0872,4.3984,16.3943,24.7987,24.7987,
camel.ee.nctu.edu.tw,102,aircraft_baseline,hiresnet50.tv_in1k,False,,,,adamw,0.05,0.001,,0,200,448,8,100,3333,,,,,7.2607,,,7.6797,7.260726072607261,100.0,,,0.0002,16.1528,4.3984,16.3943,24.7987,24.7987,
camel.ee.nctu.edu.tw,102,aircraft_baseline,hiresnet50.tv_in1k,False,,,,adamw,0.05,0.001,,0,200,448,8,300,3333,,,,3.0,21.0621,,,6.7364,21.062106210621064,100.0,,,0.0001,21.8741,4.3984,16.3943,24.7987,24.7987,
gpu,102,aircraft_baseline,hiresnet50.tv_in1k,False,,,,adamw,0.05,0.001,,0,200,448,8,500,3333,,,,5.0,32.1932,,,5.339,32.19321932193219,100.0,,,0.0007,18.7417,4.3984,16.3943,24.7987,24.7987,
camel.ee.nctu.edu.tw,102,aircraft_baseline,hiresnet50.tv_in1k,False,,,,sgd,0.0,0.003,,0,200,448,8,100,3333,,,,,12.8113,,,4.1371,12.811281128112812,100.0,,,0.0127,16.1969,4.3984,16.3943,24.7987,24.7987,
camel.ee.nctu.edu.tw,102,aircraft_baseline,hiresnet50.tv_in1k,False,,,,sgd,0.0,0.003,,0,200,448,8,300,3333,,,,3.0,31.8632,,,3.0765,31.863186318631865,100.0,,,0.0043,21.6314,4.3984,16.3943,24.7987,24.7987,
gpu,102,aircraft_baseline,hiresnet50.tv_in1k,False,,,,sgd,0.0,0.003,,0,200,448,8,500,3333,,,,5.0,43.5044,,,2.427,43.504350435043506,100.0,,,0.003,18.1635,4.3984,16.3943,24.7987,24.7987,
camel.ee.nctu.edu.tw,102,aircraft_baseline,hiresnet50.tv_in1k,False,,,,sgd,0.0,0.01,,0,200,448,8,100,3333,,,,,13.8914,,,4.1237,13.891389138913892,100.0,,,0.0023,15.8561,4.3984,16.3943,24.7987,24.7987,
camel.ee.nctu.edu.tw,102,aircraft_baseline,hiresnet50.tv_in1k,False,,,,sgd,0.0,0.01,,0,200,448,8,300,3333,,,,3.0,33.5434,,,2.9748,33.54335433543354,100.0,,,0.0008,21.4417,4.3984,16.3943,24.7987,24.7987,
gpu,102,aircraft_baseline,hiresnet50.tv_in1k,False,,,,sgd,0.0,0.01,,0,200,448,8,500,3333,,,,5.0,45.6646,,,2.3101,45.664566456645666,100.0,,,0.0006,18.1197,4.3984,16.3943,24.7987,24.7987,
camel.ee.nctu.edu.tw,102,aircraft_baseline,hiresnet50.tv_in1k,False,,,,sgd,0.0,0.03,,0,200,448,8,100,3333,,,,,14.7915,,,4.1323,14.791479147914792,100.0,,,0.0007,15.9428,4.3984,16.3943,24.7987,24.7987,
camel.ee.nctu.edu.tw,102,aircraft_baseline,hiresnet50.tv_in1k,False,,,,sgd,0.0,0.03,,0,200,448,8,300,3333,,,,3.0,34.8035,,,2.9133,34.8034803480348,100.0,,,0.0002,21.5149,4.3984,16.3943,24.7987,24.7987,
gpu,102,aircraft_baseline,hiresnet50.tv_in1k,False,,,,sgd,0.0,0.03,,0,200,448,8,500,3333,,,,5.0,48.0648,,,2.2553,48.064806480648066,100.0,,,0.0002,17.9519,4.3984,16.3943,24.7987,24.7987,
camel.ee.nctu.edu.tw,102,aircraft_baseline,hiresnet50.tv_in1k,False,,,,sgd,0.0,0.1,,0,200,448,8,100,3333,,,,,14.8815,,,4.1909,14.88148814881488,100.0,,,0.0002,15.977,4.3984,16.3943,24.7987,24.7987,
camel.ee.nctu.edu.tw,102,aircraft_baseline,hiresnet50.tv_in1k,False,,,,sgd,0.0,0.1,,0,200,448,8,300,3333,,,,3.0,30.7831,,,4.6246,30.783078307830785,100.0,,,0.0,21.8233,4.3984,16.3943,24.7987,24.7987,
gpu,102,aircraft_baseline,hiresnet50.tv_in1k,False,,,,sgd,0.0,0.1,,0,200,448,8,500,3333,,,,5.0,43.9544,,,4.0607,43.95439543954395,100.0,,,0.0014,18.1718,4.3984,16.3943,24.7987,24.7987,
camel.ee.nctu.edu.tw,102,aircraft_baseline,hivit_base_patch16_224.dino,False,,,,adamw,0.05,5e-06,,0,200,448,8,100,3333,,,,,10.5911,,,4.247,10.591059105910592,100.0,,,0.0078,18.388,0.4121,78.51,86.7729,86.7729,
camel.ee.nctu.edu.tw,102,aircraft_baseline,hivit_base_patch16_224.dino,False,,,,adamw,0.05,5e-06,,0,200,448,8,300,3333,,,,3.0,27.9628,,,3.2996,27.962796279627963,100.0,,,0.0019,31.3905,0.4121,78.51,86.7729,86.7729,
gpu,102,aircraft_baseline,hivit_base_patch16_224.dino,False,,,,adamw,0.05,5e-06,,0,200,448,8,500,3333,,,,5.0,40.6541,,,2.7639,40.65406540654065,100.0,,,0.0018,45.6603,0.4121,67.1517,86.7729,86.7729,
camel.ee.nctu.edu.tw,102,aircraft_baseline,hivit_base_patch16_224.dino,False,,,,adamw,0.05,1e-05,,0,200,448,8,100,3333,,,,,11.2211,,,4.2372,11.22112211221122,100.0,,,0.0058,18.6735,0.4121,78.51,86.7729,86.7729,
camel.ee.nctu.edu.tw,102,aircraft_baseline,hivit_base_patch16_224.dino,False,,,,adamw,0.05,1e-05,,0,200,448,8,300,3333,,,,3.0,29.4929,,,3.2295,29.492949294929492,100.0,,,0.0011,31.0888,0.4121,78.51,86.7729,86.7729,
gpu,102,aircraft_baseline,hivit_base_patch16_224.dino,False,,,,adamw,0.05,1e-05,,0,200,448,8,500,3333,,,,5.0,40.5641,,,2.7886,40.56405640564056,100.0,,,0.0019,45.6495,0.4121,67.1517,86.7729,86.7729,
camel.ee.nctu.edu.tw,102,aircraft_baseline,hivit_base_patch16_224.dino,False,,,,adamw,0.05,5e-05,,0,200,448,8,100,3333,,,,,12.2712,,,4.2031,12.271227122712272,100.0,,,0.0019,18.6888,0.4121,78.51,86.7729,86.7729,
camel.ee.nctu.edu.tw,102,aircraft_baseline,hivit_base_patch16_224.dino,False,,,,adamw,0.05,5e-05,,0,200,448,8,300,3333,,,,3.0,32.5533,,,3.2199,32.553255325532554,100.0,,,0.0002,31.1155,0.4121,78.51,86.7729,86.7729,
gpu,102,aircraft_baseline,hivit_base_patch16_224.dino,False,,,,adamw,0.05,5e-05,,0,200,448,8,500,3333,,,,5.0,39.3039,,,3.0738,39.3039303930393,100.0,,,0.0009,45.5294,0.4121,67.1517,86.7729,86.7729,
camel.ee.nctu.edu.tw,102,aircraft_baseline,hivit_base_patch16_224.dino,False,,,,adamw,0.05,0.0001,,0,200,448,8,100,3333,,,,,12.8413,,,4.2033,12.84128412841284,100.0,,,0.001,18.7664,0.4121,78.51,86.7729,86.7729,
camel.ee.nctu.edu.tw,102,aircraft_baseline,hivit_base_patch16_224.dino,False,,,,adamw,0.05,0.0001,,0,200,448,8,300,3333,,,,3.0,32.0732,,,3.5,32.073207320732074,100.0,,,0.0001,30.7743,0.4121,78.51,86.7729,86.7729,
gpu,102,aircraft_baseline,hivit_base_patch16_224.dino,False,,,,adamw,0.05,0.0001,,0,200,448,8,500,3333,,,,5.0,41.0741,,,3.1426,41.07410741074107,100.0,,,0.0001,45.5842,0.4121,67.1517,86.7729,86.7729,
camel.ee.nctu.edu.tw,102,aircraft_baseline,hivit_base_patch16_224.dino,False,,,,adamw,0.05,0.0005,,0,200,448,8,100,3333,,,,,12.5713,,,4.6302,12.571257125712572,100.0,,,0.0002,18.6602,0.4121,78.51,86.7729,86.7729,
camel.ee.nctu.edu.tw,102,aircraft_baseline,hivit_base_patch16_224.dino,False,,,,adamw,0.05,0.0005,,0,200,448,8,300,3333,,,,3.0,6.6607,,,9.3241,6.660666066606661,99.6622,,,0.0154,31.1199,0.4121,78.51,86.7729,86.7729,
gpu,102,aircraft_baseline,hivit_base_patch16_224.dino,False,,,,adamw,0.05,0.0005,,0,200,448,8,500,3333,,,,5.0,6.2706,,,6.3543,6.270627062706271,86.2903,,,0.6704,45.4719,0.4121,67.1517,86.7729,86.7729,
camel.ee.nctu.edu.tw,102,aircraft_baseline,hivit_base_patch16_224.dino,False,,,,adamw,0.05,0.001,,0,200,448,8,100,3333,,,,,3.5104,,,11.4758,3.5103510351035103,100.0,,,0.0011,18.7571,0.4121,78.51,86.7729,86.7729,
camel.ee.nctu.edu.tw,102,aircraft_baseline,hivit_base_patch16_224.dino,False,,,,adamw,0.05,0.001,,0,200,448,8,300,3333,,,,3.0,3.4803,,,6.0467,3.4803480348034803,40.2027,,,2.3832,31.3394,0.4121,78.51,86.7729,86.7729,
gpu,102,aircraft_baseline,hivit_base_patch16_224.dino,False,,,,adamw,0.05,0.001,,0,200,448,8,500,3333,,,,5.0,3.3903,,,5.1956,3.3903390339033903,16.9355,,,3.3653,44.9507,0.4121,67.1517,86.7729,86.7729,
camel.ee.nctu.edu.tw,102,aircraft_baseline,hivit_base_patch16_224.dino,False,,,,sgd,0.0,0.003,,0,200,448,8,100,3333,,,,,8.6709,,,4.3534,8.670867086708672,100.0,,,0.0269,18.4519,0.4121,78.51,86.7729,86.7729,
camel.ee.nctu.edu.tw,102,aircraft_baseline,hivit_base_patch16_224.dino,False,,,,sgd,0.0,0.003,,0,200,448,8,300,3333,,,,3.0,19.3819,,,3.6252,19.381938193819384,100.0,,,0.0051,30.2227,0.4121,78.51,86.7729,86.7729,
gpu,102,aircraft_baseline,hivit_base_patch16_224.dino,False,,,,sgd,0.0,0.003,,0,200,448,8,500,3333,,,,5.0,32.7933,,,2.9219,32.793279327932794,100.0,,,0.0027,44.1636,0.4121,67.1517,86.7729,86.7729,
camel.ee.nctu.edu.tw,102,aircraft_baseline,hivit_base_patch16_224.dino,False,,,,sgd,0.0,0.01,,0,200,448,8,100,3333,,,,,8.8509,,,4.429,8.850885088508852,100.0,,,0.0026,18.4831,0.4121,78.51,86.7729,86.7729,
camel.ee.nctu.edu.tw,102,aircraft_baseline,hivit_base_patch16_224.dino,False,,,,sgd,0.0,0.01,,0,200,448,8,300,3333,,,,3.0,19.982,,,3.7279,19.981998199819984,100.0,,,0.0009,30.4964,0.4121,78.51,86.7729,86.7729,
gpu,102,aircraft_baseline,hivit_base_patch16_224.dino,False,,,,sgd,0.0,0.01,,0,200,448,8,500,3333,,,,5.0,27.6928,,,3.2464,27.69276927692769,100.0,,,0.0005,44.1406,0.4121,67.1517,86.7729,86.7729,
camel.ee.nctu.edu.tw,102,aircraft_baseline,hivit_base_patch16_224.dino,False,,,,sgd,0.0,0.03,,0,200,448,8,100,3333,,,,,8.3408,,,4.6013,8.34083408340834,100.0,,,0.0008,18.2545,0.4121,78.51,86.7729,86.7729,
camel.ee.nctu.edu.tw,102,aircraft_baseline,hivit_base_patch16_224.dino,False,,,,sgd,0.0,0.03,,0,200,448,8,300,3333,,,,3.0,19.1419,,,4.0374,19.141914191419144,100.0,,,0.0002,30.2309,0.4121,78.51,86.7729,86.7729,
gpu,102,aircraft_baseline,hivit_base_patch16_224.dino,False,,,,sgd,0.0,0.03,,0,200,448,8,500,3333,,,,5.0,25.9826,,,3.8949,25.982598259825984,100.0,,,0.0001,44.1022,0.4121,67.1517,86.7729,86.7729,
camel.ee.nctu.edu.tw,102,aircraft_baseline,hivit_base_patch16_224.dino,False,,,,sgd,0.0,0.1,,0,200,448,8,100,3333,,,,,7.7408,,,4.9315,7.740774077407741,100.0,,,0.0002,18.4728,0.4121,78.51,86.7729,86.7729,
camel.ee.nctu.edu.tw,102,aircraft_baseline,hivit_base_patch16_224.dino,False,,,,sgd,0.0,0.1,,0,200,448,8,300,3333,,,,3.0,5.2805,,,11.3352,5.2805280528052805,99.6622,,,0.0167,30.2939,0.4121,78.51,86.7729,86.7729,
gpu,102,aircraft_baseline,hivit_base_patch16_224.dino,False,,,,sgd,0.0,0.1,,0,200,448,8,500,3333,,,,5.0,5.4305,,,5.7889,5.4305430543054305,38.7097,,,2.3531,43.871,0.4121,67.1517,86.7729,86.7729,
camel.ee.nctu.edu.tw,102,aircraft_baseline,hivit_base_patch16_224.in1k_mocov3,False,,,,adamw,0.05,5e-06,,0,200,448,8,100,3333,,,,,5.6706,,,4.4934,5.6705670567056705,100.0,,,0.0178,19.5017,0.4121,78.51,86.7729,86.7729,
camel.ee.nctu.edu.tw,102,aircraft_baseline,hivit_base_patch16_224.in1k_mocov3,False,,,,adamw,0.05,5e-06,,0,200,448,8,300,3333,,,,3.0,15.4215,,,3.8885,15.42154215421542,100.0,,,0.0045,31.257,0.4121,78.51,86.7729,86.7729,
gpu,102,aircraft_baseline,hivit_base_patch16_224.in1k_mocov3,False,,,,adamw,0.05,5e-06,,0,200,448,8,500,3333,,,,5.0,28.6529,,,3.1659,28.65286528652865,100.0,,,0.0013,45.9351,0.4121,67.1517,86.7729,86.7729,
camel.ee.nctu.edu.tw,102,aircraft_baseline,hivit_base_patch16_224.in1k_mocov3,False,,,,adamw,0.05,1e-05,,0,200,448,8,100,3333,,,,,5.8206,,,4.4847,5.8205820582058205,100.0,,,0.0119,19.376,0.4121,78.51,86.7729,86.7729,
camel.ee.nctu.edu.tw,102,aircraft_baseline,hivit_base_patch16_224.in1k_mocov3,False,,,,adamw,0.05,1e-05,,0,200,448,8,300,3333,,,,3.0,17.2217,,,3.8162,17.221722172217223,100.0,,,0.0024,31.0654,0.4121,78.51,86.7729,86.7729,
gpu,102,aircraft_baseline,hivit_base_patch16_224.in1k_mocov3,False,,,,adamw,0.05,1e-05,,0,200,448,8,500,3333,,,,5.0,31.5032,,,3.0596,31.503150315031505,100.0,,,0.0008,45.8647,0.4121,67.1517,86.7729,86.7729,
camel.ee.nctu.edu.tw,102,aircraft_baseline,hivit_base_patch16_224.in1k_mocov3,False,,,,adamw,0.05,5e-05,,0,200,448,8,100,3333,,,,,7.4407,,,4.4668,7.440744074407441,100.0,,,0.0032,19.6781,0.4121,78.51,86.7729,86.7729,
camel.ee.nctu.edu.tw,102,aircraft_baseline,hivit_base_patch16_224.in1k_mocov3,False,,,,adamw,0.05,5e-05,,0,200,448,8,300,3333,,,,3.0,22.9823,,,3.5783,22.982298229822984,100.0,,,0.0004,31.0959,0.4121,78.51,86.7729,86.7729,
gpu,102,aircraft_baseline,hivit_base_patch16_224.in1k_mocov3,False,,,,adamw,0.05,5e-05,,0,200,448,8,500,3333,,,,5.0,38.4338,,,2.7815,38.43384338433843,100.0,,,0.0001,45.7839,0.4121,67.1517,86.7729,86.7729,
camel.ee.nctu.edu.tw,102,aircraft_baseline,hivit_base_patch16_224.in1k_mocov3,False,,,,adamw,0.05,0.0001,,0,200,448,8,100,3333,,,,,7.9208,,,4.4712,7.920792079207921,100.0,,,0.0017,19.5944,0.4121,78.51,86.7729,86.7729,
camel.ee.nctu.edu.tw,102,aircraft_baseline,hivit_base_patch16_224.in1k_mocov3,False,,,,adamw,0.05,0.0001,,0,200,448,8,300,3333,,,,3.0,26.0426,,,3.475,26.04260426042604,100.0,,,0.0002,30.9043,0.4121,78.51,86.7729,86.7729,
gpu,102,aircraft_baseline,hivit_base_patch16_224.in1k_mocov3,False,,,,adamw,0.05,0.0001,,0,200,448,8,500,3333,,,,5.0,39.1239,,,2.769,39.12391239123912,100.0,,,0.0,45.7219,0.4121,67.1517,86.7729,86.7729,
camel.ee.nctu.edu.tw,102,aircraft_baseline,hivit_base_patch16_224.in1k_mocov3,False,,,,adamw,0.05,0.0005,,0,200,448,8,100,3333,,,,,9.3309,,,4.5232,9.330933093309332,100.0,,,0.0003,18.8992,0.4121,78.51,86.7729,86.7729,
camel.ee.nctu.edu.tw,102,aircraft_baseline,hivit_base_patch16_224.in1k_mocov3,False,,,,adamw,0.05,0.0005,,0,200,448,8,300,3333,,,,3.0,17.9118,,,5.5112,17.911791179117913,100.0,,,0.0,31.1968,0.4121,78.51,86.7729,86.7729,
gpu,102,aircraft_baseline,hivit_base_patch16_224.in1k_mocov3,False,,,,adamw,0.05,0.0005,,0,200,448,8,500,3333,,,,5.0,21.1221,,,6.2566,21.12211221122112,100.0,,,0.0,45.6399,0.4121,67.1517,86.7729,86.7729,
camel.ee.nctu.edu.tw,102,aircraft_baseline,hivit_base_patch16_224.in1k_mocov3,False,,,,adamw,0.05,0.001,,0,200,448,8,100,3333,,,,,9.781,,,4.6456,9.78097809780978,100.0,,,0.0002,19.1422,0.4121,78.51,86.7729,86.7729,
camel.ee.nctu.edu.tw,102,aircraft_baseline,hivit_base_patch16_224.in1k_mocov3,False,,,,adamw,0.05,0.001,,0,200,448,8,300,3333,,,,3.0,10.231,,,8.8844,10.231023102310232,100.0,,,0.0002,31.2167,0.4121,78.51,86.7729,86.7729,
gpu,102,aircraft_baseline,hivit_base_patch16_224.in1k_mocov3,False,,,,adamw,0.05,0.001,,0,200,448,8,500,3333,,,,5.0,12.0012,,,8.9758,12.001200120012,100.0,,,0.0008,45.6362,0.4121,67.1517,86.7729,86.7729,
camel.ee.nctu.edu.tw,102,aircraft_baseline,hivit_base_patch16_224.in1k_mocov3,False,,,,sgd,0.0,0.003,,0,200,448,8,100,3333,,,,,6.9007,,,4.4932,6.900690069006901,100.0,,,0.0255,19.2333,0.4121,78.51,86.7729,86.7729,
camel.ee.nctu.edu.tw,102,aircraft_baseline,hivit_base_patch16_224.in1k_mocov3,False,,,,sgd,0.0,0.003,,0,200,448,8,300,3333,,,,3.0,19.892,,,3.6203,19.89198919891989,100.0,,,0.0083,30.2555,0.4121,78.51,86.7729,86.7729,
gpu,102,aircraft_baseline,hivit_base_patch16_224.in1k_mocov3,False,,,,sgd,0.0,0.003,,0,200,448,8,500,3333,,,,5.0,31.3531,,,2.9788,31.353135313531354,100.0,,,0.0052,44.4926,0.4121,67.1517,86.7729,86.7729,
camel.ee.nctu.edu.tw,102,aircraft_baseline,hivit_base_patch16_224.in1k_mocov3,False,,,,sgd,0.0,0.01,,0,200,448,8,100,3333,,,,,7.3807,,,4.621,7.380738073807381,100.0,,,0.003,19.2055,0.4121,78.51,86.7729,86.7729,
camel.ee.nctu.edu.tw,102,aircraft_baseline,hivit_base_patch16_224.in1k_mocov3,False,,,,sgd,0.0,0.01,,0,200,448,8,300,3333,,,,3.0,20.9121,,,3.675,20.912091209120913,100.0,,,0.0012,30.3657,0.4121,78.51,86.7729,86.7729,
gpu,102,aircraft_baseline,hivit_base_patch16_224.in1k_mocov3,False,,,,sgd,0.0,0.01,,0,200,448,8,500,3333,,,,5.0,32.9133,,,3.0022,32.91329132913291,100.0,,,0.0008,44.4472,0.4121,67.1517,86.7729,86.7729,
camel.ee.nctu.edu.tw,102,aircraft_baseline,hivit_base_patch16_224.in1k_mocov3,False,,,,sgd,0.0,0.03,,0,200,448,8,100,3333,,,,,8.1308,,,4.7357,8.130813081308132,100.0,,,0.0009,18.7911,0.4121,78.51,86.7729,86.7729,
camel.ee.nctu.edu.tw,102,aircraft_baseline,hivit_base_patch16_224.in1k_mocov3,False,,,,sgd,0.0,0.03,,0,200,448,8,300,3333,,,,3.0,22.7723,,,3.7531,22.77227722772277,100.0,,,0.0003,30.1504,0.4121,78.51,86.7729,86.7729,
gpu,102,aircraft_baseline,hivit_base_patch16_224.in1k_mocov3,False,,,,sgd,0.0,0.03,,0,200,448,8,500,3333,,,,5.0,33.4233,,,3.1455,33.423342334233425,100.0,,,0.0002,44.3519,0.4121,67.1517,86.7729,86.7729,
camel.ee.nctu.edu.tw,102,aircraft_baseline,hivit_base_patch16_224.in1k_mocov3,False,,,,sgd,0.0,0.1,,0,200,448,8,100,3333,,,,,8.2208,,,4.8775,8.22082208220822,100.0,,,0.0002,19.0015,0.4121,78.51,86.7729,86.7729,
camel.ee.nctu.edu.tw,102,aircraft_baseline,hivit_base_patch16_224.in1k_mocov3,False,,,,sgd,0.0,0.1,,0,200,448,8,300,3333,,,,3.0,19.652,,,5.4637,19.65196519651965,100.0,,,0.0,30.093,0.4121,78.51,86.7729,86.7729,
gpu,102,aircraft_baseline,hivit_base_patch16_224.in1k_mocov3,False,,,,sgd,0.0,0.1,,0,200,448,8,500,3333,,,,5.0,4.4104,,,7.5255,4.41044104410441,52.4194,,,1.6721,43.9329,0.4121,67.1517,86.7729,86.7729,
camel.ee.nctu.edu.tw,102,aircraft_baseline,hivit_base_patch16_224.mae,False,,,,adamw,0.05,5e-06,,0,200,448,8,100,3333,,,,,2.9703,,,4.8481,2.9702970297029703,100.0,,,0.0125,19.0712,0.4121,78.51,86.7729,86.7729,
camel.ee.nctu.edu.tw,102,aircraft_baseline,hivit_base_patch16_224.mae,False,,,,adamw,0.05,5e-06,,0,200,448,8,300,3333,,,,3.0,6.6607,,,4.7119,6.660666066606661,100.0,,,0.003,30.8226,0.4121,78.51,86.7729,86.7729,
gpu,102,aircraft_baseline,hivit_base_patch16_224.mae,False,,,,adamw,0.05,5e-06,,0,200,448,8,500,3333,,,,5.0,15.3315,,,4.1531,15.331533153315332,100.0,,,0.0178,45.8825,0.4121,67.1517,86.7729,86.7729,
camel.ee.nctu.edu.tw,102,aircraft_baseline,hivit_base_patch16_224.mae,False,,,,adamw,0.05,1e-05,,0,200,448,8,100,3333,,,,,3.1203,,,4.8491,3.1203120312031203,100.0,,,0.0082,19.377,0.4121,78.51,86.7729,86.7729,
camel.ee.nctu.edu.tw,102,aircraft_baseline,hivit_base_patch16_224.mae,False,,,,adamw,0.05,1e-05,,0,200,448,8,300,3333,,,,3.0,7.8908,,,4.592,7.890789078907891,100.0,,,0.0017,30.9103,0.4121,78.51,86.7729,86.7729,
gpu,102,aircraft_baseline,hivit_base_patch16_224.mae,False,,,,adamw,0.05,1e-05,,0,200,448,8,500,3333,,,,5.0,19.772,,,3.8146,19.77197719771977,100.0,,,0.0042,45.825,0.4121,67.1517,86.7729,86.7729,
camel.ee.nctu.edu.tw,102,aircraft_baseline,hivit_base_patch16_224.mae,False,,,,adamw,0.05,5e-05,,0,200,448,8,100,3333,,,,,4.1404,,,4.8811,4.14041404140414,100.0,,,0.0023,19.1922,0.4121,78.51,86.7729,86.7729,
camel.ee.nctu.edu.tw,102,aircraft_baseline,hivit_base_patch16_224.mae,False,,,,adamw,0.05,5e-05,,0,200,448,8,300,3333,,,,3.0,18.2418,,,3.927,18.24182418241824,100.0,,,0.0003,30.9576,0.4121,78.51,86.7729,86.7729,
gpu,102,aircraft_baseline,hivit_base_patch16_224.mae,False,,,,adamw,0.05,5e-05,,0,200,448,8,500,3333,,,,5.0,34.4734,,,3.1447,34.473447344734474,100.0,,,0.0001,45.7471,0.4121,67.1517,86.7729,86.7729,
camel.ee.nctu.edu.tw,102,aircraft_baseline,hivit_base_patch16_224.mae,False,,,,adamw,0.05,0.0001,,0,200,448,8,100,3333,,,,,5.5506,,,4.8572,5.5505550555055505,100.0,,,0.0012,18.9889,0.4121,78.51,86.7729,86.7729,
camel.ee.nctu.edu.tw,102,aircraft_baseline,hivit_base_patch16_224.mae,False,,,,adamw,0.05,0.0001,,0,200,448,8,300,3333,,,,3.0,23.7324,,,3.66,23.73237323732373,100.0,,,0.0002,30.9486,0.4121,78.51,86.7729,86.7729,
gpu,102,aircraft_baseline,hivit_base_patch16_224.mae,False,,,,adamw,0.05,0.0001,,0,200,448,8,500,3333,,,,5.0,40.264,,,3.131,40.26402640264026,100.0,,,0.0,45.6662,0.4121,67.1517,86.7729,86.7729,
camel.ee.nctu.edu.tw,102,aircraft_baseline,hivit_base_patch16_224.mae,False,,,,adamw,0.05,0.0005,,0,200,448,8,100,3333,,,,,7.4707,,,5.5902,7.470747074707471,100.0,,,0.0001,19.2624,0.4121,78.51,86.7729,86.7729,
camel.ee.nctu.edu.tw,102,aircraft_baseline,hivit_base_patch16_224.mae,False,,,,adamw,0.05,0.0005,,0,200,448,8,300,3333,,,,3.0,15.7816,,,6.0303,15.78157815781578,100.0,,,0.0,31.1541,0.4121,78.51,86.7729,86.7729,
gpu,102,aircraft_baseline,hivit_base_patch16_224.mae,False,,,,adamw,0.05,0.0005,,0,200,448,8,500,3333,,,,5.0,7.9208,,,9.5737,7.920792079207921,100.0,,,0.0033,45.6,0.4121,67.1517,86.7729,86.7729,
camel.ee.nctu.edu.tw,102,aircraft_baseline,hivit_base_patch16_224.mae,False,,,,adamw,0.05,0.001,,0,200,448,8,100,3333,,,,,4.3204,,,9.0014,4.32043204320432,100.0,,,0.0002,19.1107,0.4121,78.51,86.7729,86.7729,
camel.ee.nctu.edu.tw,102,aircraft_baseline,hivit_base_patch16_224.mae,False,,,,adamw,0.05,0.001,,0,200,448,8,300,3333,,,,3.0,5.1905,,,12.2291,5.1905190519051905,100.0,,,0.0079,30.9106,0.4121,78.51,86.7729,86.7729,
gpu,102,aircraft_baseline,hivit_base_patch16_224.mae,False,,,,adamw,0.05,0.001,,0,200,448,8,500,3333,,,,5.0,4.9505,,,7.097,4.9504950495049505,71.9758,,,1.1084,45.195,0.4121,67.1517,86.7729,86.7729,
camel.ee.nctu.edu.tw,102,aircraft_baseline,hivit_base_patch16_224.mae,False,,,,sgd,0.0,0.003,,0,200,448,8,100,3333,,,,,3.2403,,,4.8575,3.2403240324032403,100.0,,,0.3295,19.0853,0.4121,78.51,86.7729,86.7729,
camel.ee.nctu.edu.tw,102,aircraft_baseline,hivit_base_patch16_224.mae,False,,,,sgd,0.0,0.003,,0,200,448,8,300,3333,,,,3.0,7.4107,,,4.5629,7.410741074107411,100.0,,,0.0397,30.3811,0.4121,78.51,86.7729,86.7729,
gpu,102,aircraft_baseline,hivit_base_patch16_224.mae,False,,,,sgd,0.0,0.003,,0,200,448,8,500,3333,,,,5.0,13.5614,,,4.1072,13.56135613561356,100.0,,,0.0112,44.4783,0.4121,67.1517,86.7729,86.7729,
camel.ee.nctu.edu.tw,102,aircraft_baseline,hivit_base_patch16_224.mae,False,,,,sgd,0.0,0.01,,0,200,448,8,100,3333,,,,,3.1503,,,5.3986,3.1503150315031503,100.0,,,0.0039,18.8943,0.4121,78.51,86.7729,86.7729,
camel.ee.nctu.edu.tw,102,aircraft_baseline,hivit_base_patch16_224.mae,False,,,,sgd,0.0,0.01,,0,200,448,8,300,3333,,,,3.0,10.9211,,,4.6205,10.92109210921092,100.0,,,0.0012,30.3893,0.4121,78.51,86.7729,86.7729,
gpu,102,aircraft_baseline,hivit_base_patch16_224.mae,False,,,,sgd,0.0,0.01,,0,200,448,8,500,3333,,,,5.0,22.4722,,,3.7264,22.472247224722473,100.0,,,0.0007,44.3405,0.4121,67.1517,86.7729,86.7729,
camel.ee.nctu.edu.tw,102,aircraft_baseline,hivit_base_patch16_224.mae,False,,,,sgd,0.0,0.03,,0,200,448,8,100,3333,,,,,4.1404,,,5.5913,4.14041404140414,100.0,,,0.0008,18.6334,0.4121,78.51,86.7729,86.7729,
camel.ee.nctu.edu.tw,102,aircraft_baseline,hivit_base_patch16_224.mae,False,,,,sgd,0.0,0.03,,0,200,448,8,300,3333,,,,3.0,16.3516,,,4.5589,16.351635163516352,100.0,,,0.0003,30.2716,0.4121,78.51,86.7729,86.7729,
gpu,102,aircraft_baseline,hivit_base_patch16_224.mae,False,,,,sgd,0.0,0.03,,0,200,448,8,500,3333,,,,5.0,27.6028,,,3.6784,27.602760276027603,100.0,,,0.0002,44.2715,0.4121,67.1517,86.7729,86.7729,
camel.ee.nctu.edu.tw,102,aircraft_baseline,hivit_base_patch16_224.mae,False,,,,sgd,0.0,0.1,,0,200,448,8,100,3333,,,,,5.6106,,,6.1368,5.6105610561056105,100.0,,,0.0002,19.0176,0.4121,78.51,86.7729,86.7729,
camel.ee.nctu.edu.tw,102,aircraft_baseline,hivit_base_patch16_224.mae,False,,,,sgd,0.0,0.1,,0,200,448,8,300,3333,,,,3.0,12.8713,,,8.2834,12.871287128712872,100.0,,,0.0004,30.3389,0.4121,78.51,86.7729,86.7729,
gpu,102,aircraft_baseline,hivit_base_patch16_224.mae,False,,,,sgd,0.0,0.1,,0,200,448,8,500,3333,,,,5.0,6.9907,,,11.3492,6.990699069906991,100.0,,,0.0046,44.1824,0.4121,67.1517,86.7729,86.7729,
camel.ee.nctu.edu.tw,102,aircraft_baseline,hivit_base_patch16_224.orig_in21k,False,,,,adamw,0.05,5e-06,,0,200,448,8,100,3333,,,,,6.9307,,,4.416,6.930693069306931,100.0,,,0.0232,19.265,0.4121,78.51,86.7729,86.7729,
camel.ee.nctu.edu.tw,102,aircraft_baseline,hivit_base_patch16_224.orig_in21k,False,,,,adamw,0.05,5e-06,,0,200,448,8,300,3333,,,,3.0,13.9514,,,3.9922,13.951395139513952,100.0,,,0.0059,31.1936,0.4121,78.51,86.7729,86.7729,
gpu,102,aircraft_baseline,hivit_base_patch16_224.orig_in21k,False,,,,adamw,0.05,5e-06,,0,200,448,8,500,3333,,,,5.0,20.7921,,,3.5653,20.792079207920793,100.0,,,0.0017,45.5861,0.4121,67.1517,86.7729,86.7729,
camel.ee.nctu.edu.tw,102,aircraft_baseline,hivit_base_patch16_224.orig_in21k,False,,,,adamw,0.05,1e-05,,0,200,448,8,100,3333,,,,,7.0207,,,4.4246,7.020702070207021,100.0,,,0.015,19.2627,0.4121,78.51,86.7729,86.7729,
camel.ee.nctu.edu.tw,102,aircraft_baseline,hivit_base_patch16_224.orig_in21k,False,,,,adamw,0.05,1e-05,,0,200,448,8,300,3333,,,,3.0,14.3414,,,3.9757,14.34143414341434,100.0,,,0.0029,31.2261,0.4121,78.51,86.7729,86.7729,
gpu,102,aircraft_baseline,hivit_base_patch16_224.orig_in21k,False,,,,adamw,0.05,1e-05,,0,200,448,8,500,3333,,,,5.0,22.1122,,,3.5481,22.112211221122113,100.0,,,0.0012,45.5413,0.4121,67.1517,86.7729,86.7729,
camel.ee.nctu.edu.tw,102,aircraft_baseline,hivit_base_patch16_224.orig_in21k,False,,,,adamw,0.05,5e-05,,0,200,448,8,100,3333,,,,,7.8008,,,4.4273,7.800780078007801,100.0,,,0.0036,19.176,0.4121,78.51,86.7729,86.7729,
camel.ee.nctu.edu.tw,102,aircraft_baseline,hivit_base_patch16_224.orig_in21k,False,,,,adamw,0.05,5e-05,,0,200,448,8,300,3333,,,,3.0,17.6718,,,3.8519,17.671767176717672,100.0,,,0.0005,31.1073,0.4121,78.51,86.7729,86.7729,
gpu,102,aircraft_baseline,hivit_base_patch16_224.orig_in21k,False,,,,adamw,0.05,5e-05,,0,200,448,8,500,3333,,,,5.0,27.4227,,,3.3589,27.422742274227424,100.0,,,0.0008,45.5269,0.4121,67.1517,86.7729,86.7729,
camel.ee.nctu.edu.tw,102,aircraft_baseline,hivit_base_patch16_224.orig_in21k,False,,,,adamw,0.05,0.0001,,0,200,448,8,100,3333,,,,,8.7909,,,4.4328,8.790879087908792,100.0,,,0.0019,19.1529,0.4121,78.51,86.7729,86.7729,
camel.ee.nctu.edu.tw,102,aircraft_baseline,hivit_base_patch16_224.orig_in21k,False,,,,adamw,0.05,0.0001,,0,200,448,8,300,3333,,,,3.0,19.922,,,3.8171,19.92199219921992,100.0,,,0.0002,31.2842,0.4121,78.51,86.7729,86.7729,
gpu,102,aircraft_baseline,hivit_base_patch16_224.orig_in21k,False,,,,adamw,0.05,0.0001,,0,200,448,8,500,3333,,,,5.0,32.1332,,,3.2946,32.133213321332136,100.0,,,0.0,45.498,0.4121,67.1517,86.7729,86.7729,
camel.ee.nctu.edu.tw,102,aircraft_baseline,hivit_base_patch16_224.orig_in21k,False,,,,adamw,0.05,0.0005,,0,200,448,8,100,3333,,,,,9.0309,,,4.5346,9.030903090309032,100.0,,,0.0004,19.0974,0.4121,78.51,86.7729,86.7729,
camel.ee.nctu.edu.tw,102,aircraft_baseline,hivit_base_patch16_224.orig_in21k,False,,,,adamw,0.05,0.0005,,0,200,448,8,300,3333,,,,3.0,13.3213,,,6.628,13.32133213321332,100.0,,,0.0,31.2109,0.4121,78.51,86.7729,86.7729,
gpu,102,aircraft_baseline,hivit_base_patch16_224.orig_in21k,False,,,,adamw,0.05,0.0005,,0,200,448,8,500,3333,,,,5.0,16.2016,,,7.5051,16.2016201620162,100.0,,,0.0,45.3705,0.4121,67.1517,86.7729,86.7729,
camel.ee.nctu.edu.tw,102,aircraft_baseline,hivit_base_patch16_224.orig_in21k,False,,,,adamw,0.05,0.001,,0,200,448,8,100,3333,,,,,9.631,,,4.6904,9.630963096309632,100.0,,,0.0002,19.0912,0.4121,78.51,86.7729,86.7729,
camel.ee.nctu.edu.tw,102,aircraft_baseline,hivit_base_patch16_224.orig_in21k,False,,,,adamw,0.05,0.001,,0,200,448,8,300,3333,,,,3.0,10.141,,,8.8256,10.14101410141014,100.0,,,0.0002,31.1687,0.4121,78.51,86.7729,86.7729,
gpu,102,aircraft_baseline,hivit_base_patch16_224.orig_in21k,False,,,,adamw,0.05,0.001,,0,200,448,8,500,3333,,,,5.0,9.4809,,,9.8749,9.48094809480948,100.0,,,0.002,45.202,0.4121,67.1517,86.7729,86.7729,
camel.ee.nctu.edu.tw,102,aircraft_baseline,hivit_base_patch16_224.orig_in21k,False,,,,sgd,0.0,0.003,,0,200,448,8,100,3333,,,,,10.171,,,4.1932,10.171017101710172,100.0,,,0.0179,19.1835,0.4121,78.51,86.7729,86.7729,
camel.ee.nctu.edu.tw,102,aircraft_baseline,hivit_base_patch16_224.orig_in21k,False,,,,sgd,0.0,0.003,,0,200,448,8,300,3333,,,,3.0,19.1419,,,3.7408,19.141914191419144,100.0,,,0.0061,30.4079,0.4121,78.51,86.7729,86.7729,
gpu,102,aircraft_baseline,hivit_base_patch16_224.orig_in21k,False,,,,sgd,0.0,0.003,,0,200,448,8,500,3333,,,,5.0,26.2226,,,3.2833,26.222622262226224,100.0,,,0.004,44.1197,0.4121,67.1517,86.7729,86.7729,
camel.ee.nctu.edu.tw,102,aircraft_baseline,hivit_base_patch16_224.orig_in21k,False,,,,sgd,0.0,0.01,,0,200,448,8,100,3333,,,,,10.381,,,4.3034,10.38103810381038,100.0,,,0.0028,18.9035,0.4121,78.51,86.7729,86.7729,
camel.ee.nctu.edu.tw,102,aircraft_baseline,hivit_base_patch16_224.orig_in21k,False,,,,sgd,0.0,0.01,,0,200,448,8,300,3333,,,,3.0,19.922,,,3.8411,19.92199219921992,100.0,,,0.0011,30.4999,0.4121,78.51,86.7729,86.7729,
gpu,102,aircraft_baseline,hivit_base_patch16_224.orig_in21k,False,,,,sgd,0.0,0.01,,0,200,448,8,500,3333,,,,5.0,27.8128,,,3.3632,27.81278127812781,100.0,,,0.0007,44.0589,0.4121,67.1517,86.7729,86.7729,
camel.ee.nctu.edu.tw,102,aircraft_baseline,hivit_base_patch16_224.orig_in21k,False,,,,sgd,0.0,0.03,,0,200,448,8,100,3333,,,,,10.6211,,,4.3842,10.62106210621062,100.0,,,0.0008,18.684,0.4121,78.51,86.7729,86.7729,
camel.ee.nctu.edu.tw,102,aircraft_baseline,hivit_base_patch16_224.orig_in21k,False,,,,sgd,0.0,0.03,,0,200,448,8,300,3333,,,,3.0,21.0921,,,3.9121,21.09210921092109,100.0,,,0.0003,30.4181,0.4121,78.51,86.7729,86.7729,
gpu,102,aircraft_baseline,hivit_base_patch16_224.orig_in21k,False,,,,sgd,0.0,0.03,,0,200,448,8,500,3333,,,,5.0,31.0231,,,3.3508,31.023102310231025,100.0,,,0.0002,44.053,0.4121,67.1517,86.7729,86.7729,
camel.ee.nctu.edu.tw,102,aircraft_baseline,hivit_base_patch16_224.orig_in21k,False,,,,sgd,0.0,0.1,,0,200,448,8,100,3333,,,,,11.0411,,,4.5187,11.04110411041104,100.0,,,0.0002,18.8188,0.4121,78.51,86.7729,86.7729,
camel.ee.nctu.edu.tw,102,aircraft_baseline,hivit_base_patch16_224.orig_in21k,False,,,,sgd,0.0,0.1,,0,200,448,8,300,3333,,,,3.0,19.862,,,5.4783,19.861986198619864,100.0,,,0.0,30.5297,0.4121,78.51,86.7729,86.7729,
gpu,102,aircraft_baseline,hivit_base_patch16_224.orig_in21k,False,,,,sgd,0.0,0.1,,0,200,448,8,500,3333,,,,5.0,27.2727,,,5.4211,27.272727272727273,100.0,,,0.0,43.854,0.4121,67.1517,86.7729,86.7729,
camel.ee.nctu.edu.tw,102,aircraft_baseline,hivit_base_patch16_224_miil.in21k,False,,,,adamw,0.05,5e-06,,0,200,448,8,100,3333,,,,,4.0504,,,4.7089,4.05040504050405,100.0,,,0.0223,18.931,0.4121,78.51,86.7453,86.7453,
camel.ee.nctu.edu.tw,102,aircraft_baseline,hivit_base_patch16_224_miil.in21k,False,,,,adamw,0.05,5e-06,,0,200,448,8,300,3333,,,,3.0,7.8008,,,4.539,7.800780078007801,100.0,,,0.0057,31.1949,0.4121,78.51,86.7453,86.7453,
gpu,102,aircraft_baseline,hivit_base_patch16_224_miil.in21k,False,,,,adamw,0.05,5e-06,,0,200,448,8,500,3333,,,,5.0,13.2313,,,4.2926,13.231323132313232,100.0,,,0.0029,45.4126,0.4121,67.1517,86.7453,86.7453,
camel.ee.nctu.edu.tw,102,aircraft_baseline,hivit_base_patch16_224_miil.in21k,False,,,,adamw,0.05,1e-05,,0,200,448,8,100,3333,,,,,3.7204,,,4.7384,3.72037203720372,100.0,,,0.0146,19.1265,0.4121,78.51,86.7453,86.7453,
camel.ee.nctu.edu.tw,102,aircraft_baseline,hivit_base_patch16_224_miil.in21k,False,,,,adamw,0.05,1e-05,,0,200,448,8,300,3333,,,,3.0,8.0708,,,4.5669,8.070807080708072,100.0,,,0.0029,31.206,0.4121,78.51,86.7453,86.7453,
gpu,102,aircraft_baseline,hivit_base_patch16_224_miil.in21k,False,,,,adamw,0.05,1e-05,,0,200,448,8,500,3333,,,,5.0,14.2214,,,4.3222,14.22142214221422,100.0,,,0.0008,45.362,0.4121,67.1517,86.7453,86.7453,
camel.ee.nctu.edu.tw,102,aircraft_baseline,hivit_base_patch16_224_miil.in21k,False,,,,adamw,0.05,5e-05,,0,200,448,8,100,3333,,,,,4.3204,,,4.8631,4.32043204320432,100.0,,,0.0037,19.3924,0.4121,78.51,86.7453,86.7453,
camel.ee.nctu.edu.tw,102,aircraft_baseline,hivit_base_patch16_224_miil.in21k,False,,,,adamw,0.05,5e-05,,0,200,448,8,300,3333,,,,3.0,11.0111,,,4.6385,11.011101110111012,100.0,,,0.0005,30.8188,0.4121,78.51,86.7453,86.7453,
gpu,102,aircraft_baseline,hivit_base_patch16_224_miil.in21k,False,,,,adamw,0.05,5e-05,,0,200,448,8,500,3333,,,,5.0,20.6721,,,4.1586,20.672067206720673,100.0,,,0.0001,45.2966,0.4121,67.1517,86.7453,86.7453,
camel.ee.nctu.edu.tw,102,aircraft_baseline,hivit_base_patch16_224_miil.in21k,False,,,,adamw,0.05,0.0001,,0,200,448,8,100,3333,,,,,4.3804,,,4.9351,4.38043804380438,100.0,,,0.0019,18.9064,0.4121,78.51,86.7453,86.7453,
camel.ee.nctu.edu.tw,102,aircraft_baseline,hivit_base_patch16_224_miil.in21k,False,,,,adamw,0.05,0.0001,,0,200,448,8,300,3333,,,,3.0,13.2613,,,4.6596,13.26132613261326,100.0,,,0.0002,31.1147,0.4121,78.51,86.7453,86.7453,
gpu,102,aircraft_baseline,hivit_base_patch16_224_miil.in21k,False,,,,adamw,0.05,0.0001,,0,200,448,8,500,3333,,,,5.0,20.5521,,,4.1486,20.552055205520553,100.0,,,0.0001,45.2215,0.4121,67.1517,86.7453,86.7453,
camel.ee.nctu.edu.tw,102,aircraft_baseline,hivit_base_patch16_224_miil.in21k,False,,,,adamw,0.05,0.0005,,0,200,448,8,100,3333,,,,,5.9406,,,6.4215,5.9405940594059405,100.0,,,0.0002,19.1094,0.4121,78.51,86.7453,86.7453,
camel.ee.nctu.edu.tw,102,aircraft_baseline,hivit_base_patch16_224_miil.in21k,False,,,,adamw,0.05,0.0005,,0,200,448,8,300,3333,,,,3.0,13.2313,,,6.8427,13.231323132313232,100.0,,,0.0,30.9719,0.4121,78.51,86.7453,86.7453,
gpu,102,aircraft_baseline,hivit_base_patch16_224_miil.in21k,False,,,,adamw,0.05,0.0005,,0,200,448,8,500,3333,,,,5.0,18.3018,,,6.1838,18.301830183018303,100.0,,,0.0001,45.1469,0.4121,67.1517,86.7453,86.7453,
camel.ee.nctu.edu.tw,102,aircraft_baseline,hivit_base_patch16_224_miil.in21k,False,,,,adamw,0.05,0.001,,0,200,448,8,100,3333,,,,,5.3705,,,7.4108,5.3705370537053705,100.0,,,0.0001,19.2203,0.4121,78.51,86.7453,86.7453,
camel.ee.nctu.edu.tw,102,aircraft_baseline,hivit_base_patch16_224_miil.in21k,False,,,,adamw,0.05,0.001,,0,200,448,8,300,3333,,,,3.0,10.5911,,,8.397,10.591059105910592,100.0,,,0.0012,30.973,0.4121,78.51,86.7453,86.7453,
gpu,102,aircraft_baseline,hivit_base_patch16_224_miil.in21k,False,,,,adamw,0.05,0.001,,0,200,448,8,500,3333,,,,5.0,13.8614,,,8.3514,13.86138613861386,100.0,,,0.0003,45.1463,0.4121,67.1517,86.7453,86.7453,
camel.ee.nctu.edu.tw,102,aircraft_baseline,hivit_base_patch16_224_miil.in21k,False,,,,sgd,0.0,0.003,,0,200,448,8,100,3333,,,,,5.7306,,,4.8999,5.7305730573057305,100.0,,,0.0352,18.6325,0.4121,78.51,86.7453,86.7453,
camel.ee.nctu.edu.tw,102,aircraft_baseline,hivit_base_patch16_224_miil.in21k,False,,,,sgd,0.0,0.003,,0,200,448,8,300,3333,,,,3.0,11.6712,,,4.6016,11.671167116711672,100.0,,,0.0102,30.3438,0.4121,78.51,86.7453,86.7453,
gpu,102,aircraft_baseline,hivit_base_patch16_224_miil.in21k,False,,,,sgd,0.0,0.003,,0,200,448,8,500,3333,,,,5.0,16.2616,,,4.2335,16.261626162616263,100.0,,,0.0062,43.9484,0.4121,67.1517,86.7453,86.7453,
camel.ee.nctu.edu.tw,102,aircraft_baseline,hivit_base_patch16_224_miil.in21k,False,,,,sgd,0.0,0.01,,0,200,448,8,100,3333,,,,,5.8806,,,5.2266,5.8805880588058805,100.0,,,0.0033,18.788,0.4121,78.51,86.7453,86.7453,
camel.ee.nctu.edu.tw,102,aircraft_baseline,hivit_base_patch16_224_miil.in21k,False,,,,sgd,0.0,0.01,,0,200,448,8,300,3333,,,,3.0,12.5713,,,4.8531,12.571257125712572,100.0,,,0.0012,30.3779,0.4121,78.51,86.7453,86.7453,
gpu,102,aircraft_baseline,hivit_base_patch16_224_miil.in21k,False,,,,sgd,0.0,0.01,,0,200,448,8,500,3333,,,,5.0,19.2919,,,4.3434,19.29192919291929,100.0,,,0.0008,43.8719,0.4121,67.1517,86.7453,86.7453,
camel.ee.nctu.edu.tw,102,aircraft_baseline,hivit_base_patch16_224_miil.in21k,False,,,,sgd,0.0,0.03,,0,200,448,8,100,3333,,,,,6.0306,,,5.4344,6.0306030603060305,100.0,,,0.0009,18.8242,0.4121,78.51,86.7453,86.7453,
camel.ee.nctu.edu.tw,102,aircraft_baseline,hivit_base_patch16_224_miil.in21k,False,,,,sgd,0.0,0.03,,0,200,448,8,300,3333,,,,3.0,14.4614,,,5.0067,14.46144614461446,100.0,,,0.0003,30.4539,0.4121,78.51,86.7453,86.7453,
gpu,102,aircraft_baseline,hivit_base_patch16_224_miil.in21k,False,,,,sgd,0.0,0.03,,0,200,448,8,500,3333,,,,5.0,24.1524,,,4.1545,24.152415241524153,100.0,,,0.0002,43.8239,0.4121,67.1517,86.7453,86.7453,
camel.ee.nctu.edu.tw,102,aircraft_baseline,hivit_base_patch16_224_miil.in21k,False,,,,sgd,0.0,0.1,,0,200,448,8,100,3333,,,,,6.5107,,,5.705,6.510651065106511,100.0,,,0.0002,18.8909,0.4121,78.51,86.7453,86.7453,
camel.ee.nctu.edu.tw,102,aircraft_baseline,hivit_base_patch16_224_miil.in21k,False,,,,sgd,0.0,0.1,,0,200,448,8,300,3333,,,,3.0,15.6616,,,7.0029,15.66156615661566,100.0,,,0.0,30.8695,0.4121,78.51,86.7453,86.7453,
gpu,102,aircraft_baseline,hivit_base_patch16_224_miil.in21k,False,,,,sgd,0.0,0.1,,0,200,448,8,500,3333,,,,5.0,21.7522,,,6.7072,21.752175217521753,100.0,,,0.0,43.7307,0.4121,67.1517,86.7453,86.7453,
camel.ee.nctu.edu.tw,102,aircraft_baseline,hivit_base_patch16_clip_224.laion2b,False,,,,adamw,0.05,5e-06,,0,200,448,8,100,3333,,,,,10.141,,,4.2555,10.14101410141014,100.0,,,0.0057,19.4687,0.4121,78.5106,86.7737,86.7737,
camel.ee.nctu.edu.tw,102,aircraft_baseline,hivit_base_patch16_clip_224.laion2b,False,,,,adamw,0.05,5e-06,,0,200,448,8,300,3333,,,,3.0,32.4932,,,3.049,32.49324932493249,100.0,,,0.0013,30.9184,0.4121,78.5106,86.7737,86.7737,
gpu,102,aircraft_baseline,hivit_base_patch16_clip_224.laion2b,False,,,,adamw,0.05,5e-06,,0,200,448,8,500,3333,,,,5.0,47.6748,,,2.7567,47.674767476747675,100.0,,,0.0004,45.9161,0.4121,67.1523,86.7737,86.7737,
camel.ee.nctu.edu.tw,102,aircraft_baseline,hivit_base_patch16_clip_224.laion2b,False,,,,adamw,0.05,1e-05,,0,200,448,8,100,3333,,,,,10.7711,,,4.2335,10.771077107710772,100.0,,,0.0043,19.2072,0.4121,78.5106,86.7737,86.7737,
camel.ee.nctu.edu.tw,102,aircraft_baseline,hivit_base_patch16_clip_224.laion2b,False,,,,adamw,0.05,1e-05,,0,200,448,8,300,3333,,,,3.0,36.5137,,,2.9663,36.51365136513651,100.0,,,0.0007,31.0428,0.4121,78.5106,86.7737,86.7737,
gpu,102,aircraft_baseline,hivit_base_patch16_clip_224.laion2b,False,,,,adamw,0.05,1e-05,,0,200,448,8,500,3333,,,,5.0,40.264,,,3.2657,40.26402640264026,99.5968,,,0.0243,45.7874,0.4121,67.1523,86.7737,86.7737,
camel.ee.nctu.edu.tw,102,aircraft_baseline,hivit_base_patch16_clip_224.laion2b,False,,,,adamw,0.05,5e-05,,0,200,448,8,100,3333,,,,,13.0813,,,4.29,13.08130813081308,100.0,,,0.0013,19.2148,0.4121,78.5106,86.7737,86.7737,
camel.ee.nctu.edu.tw,102,aircraft_baseline,hivit_base_patch16_clip_224.laion2b,False,,,,adamw,0.05,5e-05,,0,200,448,8,300,3333,,,,3.0,37.8638,,,3.4565,37.86378637863786,100.0,,,0.0001,30.8677,0.4121,78.5106,86.7737,86.7737,
gpu,102,aircraft_baseline,hivit_base_patch16_clip_224.laion2b,False,,,,adamw,0.05,5e-05,,0,200,448,8,500,3333,,,,5.0,43.0843,,,4.1092,43.08430843084309,100.0,,,0.0,45.6529,0.4121,67.1523,86.7737,86.7737,
camel.ee.nctu.edu.tw,102,aircraft_baseline,hivit_base_patch16_clip_224.laion2b,False,,,,adamw,0.05,0.0001,,0,200,448,8,100,3333,,,,,13.2013,,,4.467,13.2013201320132,100.0,,,0.0007,19.0983,0.4121,78.5106,86.7737,86.7737,
camel.ee.nctu.edu.tw,102,aircraft_baseline,hivit_base_patch16_clip_224.laion2b,False,,,,adamw,0.05,0.0001,,0,200,448,8,300,3333,,,,3.0,19.892,,,6.066,19.89198919891989,100.0,,,0.0001,31.0083,0.4121,78.5106,86.7737,86.7737,
gpu,102,aircraft_baseline,hivit_base_patch16_clip_224.laion2b,False,,,,adamw,0.05,0.0001,,0,200,448,8,500,3333,,,,5.0,28.7129,,,5.6561,28.712871287128714,100.0,,,0.0,45.5709,0.4121,67.1523,86.7737,86.7737,
camel.ee.nctu.edu.tw,102,aircraft_baseline,hivit_base_patch16_clip_224.laion2b,False,,,,adamw,0.05,0.0005,,0,200,448,8,100,3333,,,,,3.2403,,,9.3814,3.2403240324032403,100.0,,,0.001,19.1149,0.4121,78.5106,86.7737,86.7737,
camel.ee.nctu.edu.tw,102,aircraft_baseline,hivit_base_patch16_clip_224.laion2b,False,,,,adamw,0.05,0.0005,,0,200,448,8,300,3333,,,,3.0,4.3204,,,10.422,4.32043204320432,100.0,,,0.0078,31.3442,0.4121,78.5106,86.7737,86.7737,
gpu,102,aircraft_baseline,hivit_base_patch16_clip_224.laion2b,False,,,,adamw,0.05,0.0005,,0,200,448,8,500,3333,,,,5.0,4.8605,,,7.1065,4.86048604860486,73.5887,,,1.049,45.1692,0.4121,67.1523,86.7737,86.7737,
camel.ee.nctu.edu.tw,102,aircraft_baseline,hivit_base_patch16_clip_224.laion2b,False,,,,adamw,0.05,0.001,,0,200,448,8,100,3333,,,,,2.7903,,,12.6209,2.7902790279027903,100.0,,,0.0028,19.3629,0.4121,78.5106,86.7737,86.7737,
camel.ee.nctu.edu.tw,102,aircraft_baseline,hivit_base_patch16_clip_224.laion2b,False,,,,adamw,0.05,0.001,,0,200,448,8,300,3333,,,,3.0,2.9703,,,6.8439,2.9702970297029703,60.8108,,,1.4638,30.9914,0.4121,78.5106,86.7737,86.7737,
gpu,102,aircraft_baseline,hivit_base_patch16_clip_224.laion2b,False,,,,adamw,0.05,0.001,,0,200,448,8,500,3333,,,,5.0,3.5104,,,5.1132,3.5103510351035103,17.1371,,,3.4581,45.1388,0.4121,67.1523,86.7737,86.7737,
camel.ee.nctu.edu.tw,102,aircraft_baseline,hivit_base_patch16_clip_224.laion2b,False,,,,sgd,0.0,0.003,,0,200,448,8,100,3333,,,,,3.4803,,,4.7204,3.4803480348034803,100.0,,,0.1854,18.809,0.4121,78.5106,86.7737,86.7737,
camel.ee.nctu.edu.tw,102,aircraft_baseline,hivit_base_patch16_clip_224.laion2b,False,,,,sgd,0.0,0.003,,0,200,448,8,300,3333,,,,3.0,9.0309,,,4.4649,9.030903090309032,100.0,,,0.0103,30.5316,0.4121,78.5106,86.7737,86.7737,
gpu,102,aircraft_baseline,hivit_base_patch16_clip_224.laion2b,False,,,,sgd,0.0,0.003,,0,200,448,8,500,3333,,,,5.0,8.8209,,,4.7648,8.82088208820882,100.0,,,0.0057,44.2326,0.4121,67.1523,86.7737,86.7737,
camel.ee.nctu.edu.tw,102,aircraft_baseline,hivit_base_patch16_clip_224.laion2b,False,,,,sgd,0.0,0.01,,0,200,448,8,100,3333,,,,,3.5404,,,5.4871,3.5403540354035403,100.0,,,0.0038,18.8786,0.4121,78.5106,86.7737,86.7737,
camel.ee.nctu.edu.tw,102,aircraft_baseline,hivit_base_patch16_clip_224.laion2b,False,,,,sgd,0.0,0.01,,0,200,448,8,300,3333,,,,3.0,8.7609,,,5.3498,8.76087608760876,100.0,,,0.0009,30.51,0.4121,78.5106,86.7737,86.7737,
gpu,102,aircraft_baseline,hivit_base_patch16_clip_224.laion2b,False,,,,sgd,0.0,0.01,,0,200,448,8,500,3333,,,,5.0,11.7612,,,5.1692,11.76117611761176,100.0,,,0.0006,44.1859,0.4121,67.1523,86.7737,86.7737,
camel.ee.nctu.edu.tw,102,aircraft_baseline,hivit_base_patch16_clip_224.laion2b,False,,,,sgd,0.0,0.03,,0,200,448,8,100,3333,,,,,4.3804,,,6.4515,4.38043804380438,100.0,,,0.0008,18.8406,0.4121,78.5106,86.7737,86.7737,
camel.ee.nctu.edu.tw,102,aircraft_baseline,hivit_base_patch16_clip_224.laion2b,False,,,,sgd,0.0,0.03,,0,200,448,8,300,3333,,,,3.0,8.4008,,,6.5459,8.4008400840084,100.0,,,0.0003,29.9553,0.4121,78.5106,86.7737,86.7737,
gpu,102,aircraft_baseline,hivit_base_patch16_clip_224.laion2b,False,,,,sgd,0.0,0.03,,0,200,448,8,500,3333,,,,5.0,10.7111,,,6.963,10.711071107110712,100.0,,,0.0007,44.1912,0.4121,67.1523,86.7737,86.7737,
camel.ee.nctu.edu.tw,102,aircraft_baseline,hivit_base_patch16_clip_224.laion2b,False,,,,sgd,0.0,0.1,,0,200,448,8,100,3333,,,,,3.2103,,,10.465,3.2103210321032103,100.0,,,0.0002,19.1379,0.4121,78.5106,86.7737,86.7737,
camel.ee.nctu.edu.tw,102,aircraft_baseline,hivit_base_patch16_clip_224.laion2b,False,,,,sgd,0.0,0.1,,0,200,448,8,300,3333,,,,3.0,5.2505,,,13.6201,5.2505250525052505,100.0,,,0.0063,30.3367,0.4121,78.5106,86.7737,86.7737,
gpu,102,aircraft_baseline,hivit_base_patch16_clip_224.laion2b,False,,,,sgd,0.0,0.1,,0,200,448,8,500,3333,,,,5.0,1.3201,,,4.7762,1.32013201320132,3.4274,,,4.4408,43.3554,0.4121,67.1523,86.7737,86.7737,
camel.ee.nctu.edu.tw,102,aircraft_baseline,hivit_base_patch16_siglip_224.v2_webli,False,,,,adamw,0.05,5e-06,,0,200,448,8,100,3333,,,,,4.7405,,,4.5903,4.74047404740474,100.0,,,0.0064,19.105,0.4512,79.3281,93.8585,93.8585,
camel.ee.nctu.edu.tw,102,aircraft_baseline,hivit_base_patch16_siglip_224.v2_webli,False,,,,adamw,0.05,5e-06,,0,200,448,8,300,3333,,,,3.0,14.4914,,,4.178,14.491449144914492,100.0,,,0.0015,32.401,0.4512,79.3281,93.8585,93.8585,
gpu,102,aircraft_baseline,hivit_base_patch16_siglip_224.v2_webli,False,,,,adamw,0.05,5e-06,,0,200,448,8,500,3333,,,,5.0,26.0426,,,3.6731,26.04260426042604,99.1935,,,0.0535,48.3499,0.4512,67.9975,93.8585,93.8585,
camel.ee.nctu.edu.tw,102,aircraft_baseline,hivit_base_patch16_siglip_224.v2_webli,False,,,,adamw,0.05,1e-05,,0,200,448,8,100,3333,,,,,5.5506,,,4.5726,5.5505550555055505,100.0,,,0.0048,19.0847,0.4512,79.3281,93.8585,93.8585,
camel.ee.nctu.edu.tw,102,aircraft_baseline,hivit_base_patch16_siglip_224.v2_webli,False,,,,adamw,0.05,1e-05,,0,200,448,8,300,3333,,,,3.0,15.0315,,,4.267,15.031503150315032,97.973,,,0.1448,32.4751,0.4512,79.3281,93.8585,93.8585,
gpu,102,aircraft_baseline,hivit_base_patch16_siglip_224.v2_webli,False,,,,adamw,0.05,1e-05,,0,200,448,8,500,3333,,,,5.0,33.1833,,,3.7111,33.183318331833185,100.0,,,0.0066,48.311,0.4512,67.9975,93.8585,93.8585,
camel.ee.nctu.edu.tw,102,aircraft_baseline,hivit_base_patch16_siglip_224.v2_webli,False,,,,adamw,0.05,5e-05,,0,200,448,8,100,3333,,,,,7.9208,,,4.6275,7.920792079207921,100.0,,,0.0015,19.3051,0.4512,79.3281,93.8585,93.8585,
camel.ee.nctu.edu.tw,102,aircraft_baseline,hivit_base_patch16_siglip_224.v2_webli,False,,,,adamw,0.05,5e-05,,0,200,448,8,300,3333,,,,3.0,29.4029,,,3.6748,29.402940294029403,100.0,,,0.0002,32.4745,0.4512,79.3281,93.8585,93.8585,
gpu,102,aircraft_baseline,hivit_base_patch16_siglip_224.v2_webli,False,,,,adamw,0.05,5e-05,,0,200,448,8,500,3333,,,,5.0,43.6544,,,3.5326,43.65436543654366,100.0,,,0.0001,48.1288,0.4512,67.9975,93.8585,93.8585,
camel.ee.nctu.edu.tw,102,aircraft_baseline,hivit_base_patch16_siglip_224.v2_webli,False,,,,adamw,0.05,0.0001,,0,200,448,8,100,3333,,,,,8.1608,,,5.0256,8.16081608160816,100.0,,,0.0008,19.0909,0.4512,79.3281,93.8585,93.8585,
camel.ee.nctu.edu.tw,102,aircraft_baseline,hivit_base_patch16_siglip_224.v2_webli,False,,,,adamw,0.05,0.0001,,0,200,448,8,300,3333,,,,3.0,22.7423,,,4.8414,22.742274227422744,100.0,,,0.0001,32.3456,0.4512,79.3281,93.8585,93.8585,
gpu,102,aircraft_baseline,hivit_base_patch16_siglip_224.v2_webli,False,,,,adamw,0.05,0.0001,,0,200,448,8,500,3333,,,,5.0,33.0933,,,4.248,33.093309330933096,100.0,,,0.0,48.0605,0.4512,67.9975,93.8585,93.8585,
camel.ee.nctu.edu.tw,102,aircraft_baseline,hivit_base_patch16_siglip_224.v2_webli,False,,,,adamw,0.05,0.0005,,0,200,448,8,100,3333,,,,,4.1704,,,7.5521,4.17041704170417,100.0,,,0.0002,19.1041,0.4512,79.3281,93.8585,93.8585,
camel.ee.nctu.edu.tw,102,aircraft_baseline,hivit_base_patch16_siglip_224.v2_webli,False,,,,adamw,0.05,0.0005,,0,200,448,8,300,3333,,,,3.0,4.7705,,,9.7338,4.77047704770477,98.9865,,,0.0738,32.5211,0.4512,79.3281,93.8585,93.8585,
gpu,102,aircraft_baseline,hivit_base_patch16_siglip_224.v2_webli,False,,,,adamw,0.05,0.0005,,0,200,448,8,500,3333,,,,5.0,5.3405,,,7.2572,5.3405340534053405,88.7097,,,0.5005,47.9611,0.4512,67.9975,93.8585,93.8585,
camel.ee.nctu.edu.tw,102,aircraft_baseline,hivit_base_patch16_siglip_224.v2_webli,False,,,,adamw,0.05,0.001,,0,200,448,8,100,3333,,,,,3.2703,,,12.0473,3.2703270327032703,100.0,,,0.0008,18.8627,0.4512,79.3281,93.8585,93.8585,
camel.ee.nctu.edu.tw,102,aircraft_baseline,hivit_base_patch16_siglip_224.v2_webli,False,,,,adamw,0.05,0.001,,0,200,448,8,300,3333,,,,3.0,3.5704,,,9.0113,3.5703570357035703,88.1757,,,0.476,32.4324,0.4512,79.3281,93.8585,93.8585,
gpu,102,aircraft_baseline,hivit_base_patch16_siglip_224.v2_webli,False,,,,adamw,0.05,0.001,,0,200,448,8,500,3333,,,,5.0,3.6604,,,5.9108,3.66036603660366,36.2903,,,2.3844,47.8289,0.4512,67.9975,93.8585,93.8585,
camel.ee.nctu.edu.tw,102,aircraft_baseline,hivit_base_patch16_siglip_224.v2_webli,False,,,,sgd,0.0,0.003,,0,200,448,8,100,3333,,,,,5.7906,,,4.4687,5.7905790579057905,100.0,,,0.0699,18.7022,0.4512,79.3281,93.8585,93.8585,
camel.ee.nctu.edu.tw,102,aircraft_baseline,hivit_base_patch16_siglip_224.v2_webli,False,,,,sgd,0.0,0.003,,0,200,448,8,300,3333,,,,3.0,14.5215,,,3.9445,14.52145214521452,100.0,,,0.0064,31.5841,0.4512,79.3281,93.8585,93.8585,
gpu,102,aircraft_baseline,hivit_base_patch16_siglip_224.v2_webli,False,,,,sgd,0.0,0.003,,0,200,448,8,500,3333,,,,5.0,40.6541,,,2.4639,40.65406540654065,100.0,,,0.0024,46.7612,0.4512,67.9975,93.8585,93.8585,
camel.ee.nctu.edu.tw,102,aircraft_baseline,hivit_base_patch16_siglip_224.v2_webli,False,,,,sgd,0.0,0.01,,0,200,448,8,100,3333,,,,,6.5107,,,4.5755,6.510651065106511,100.0,,,0.003,18.6553,0.4512,79.3281,93.8585,93.8585,
camel.ee.nctu.edu.tw,102,aircraft_baseline,hivit_base_patch16_siglip_224.v2_webli,False,,,,sgd,0.0,0.01,,0,200,448,8,300,3333,,,,3.0,28.0528,,,3.2201,28.05280528052805,100.0,,,0.0008,31.8973,0.4512,79.3281,93.8585,93.8585,
gpu,102,aircraft_baseline,hivit_base_patch16_siglip_224.v2_webli,False,,,,sgd,0.0,0.01,,0,200,448,8,500,3333,,,,5.0,56.0456,,,1.7609,56.04560456045605,100.0,,,0.0005,46.7396,0.4512,67.9975,93.8585,93.8585,
camel.ee.nctu.edu.tw,102,aircraft_baseline,hivit_base_patch16_siglip_224.v2_webli,False,,,,sgd,0.0,0.03,,0,200,448,8,100,3333,,,,,9.0309,,,4.6315,9.030903090309032,100.0,,,0.0007,18.8388,0.4512,79.3281,93.8585,93.8585,
camel.ee.nctu.edu.tw,102,aircraft_baseline,hivit_base_patch16_siglip_224.v2_webli,False,,,,sgd,0.0,0.03,,0,200,448,8,300,3333,,,,3.0,20.222,,,4.1041,20.222022202220224,100.0,,,0.0002,31.71,0.4512,79.3281,93.8585,93.8585,
gpu,102,aircraft_baseline,hivit_base_patch16_siglip_224.v2_webli,False,,,,sgd,0.0,0.03,,0,200,448,8,500,3333,,,,5.0,49.775,,,2.4642,49.774977497749774,100.0,,,0.0001,46.6258,0.4512,67.9975,93.8585,93.8585,
camel.ee.nctu.edu.tw,102,aircraft_baseline,hivit_base_patch16_siglip_224.v2_webli,False,,,,sgd,0.0,0.1,,0,200,448,8,100,3333,,,,,7.0807,,,6.9181,7.080708070807081,100.0,,,0.0001,18.8361,0.4512,79.3281,93.8585,93.8585,
camel.ee.nctu.edu.tw,102,aircraft_baseline,hivit_base_patch16_siglip_224.v2_webli,False,,,,sgd,0.0,0.1,,0,200,448,8,300,3333,,,,3.0,5.7906,,,13.4937,5.7905790579057905,99.3243,,,0.0185,31.8331,0.4512,79.3281,93.8585,93.8585,
gpu,102,aircraft_baseline,hivit_base_patch16_siglip_224.v2_webli,False,,,,sgd,0.0,0.1,,0,200,448,8,500,3333,,,,5.0,5.3705,,,10.5686,5.3705370537053705,97.379,,,0.099,46.4994,0.4512,67.9975,93.8585,93.8585,
gpu,102,cars_baseline,hideit3_base_patch16_224.fb_in1k,False,,,,adamw,0.05,5e-06,,0,200,448,8,196,8041,,,,1.0,9.2028,,,4.8398,9.202835468225343,100.0,,,0.0121,28.934,0.4141,67.1662,86.8483,86.8483,
gpu,102,cars_baseline,hideit3_base_patch16_224.fb_in1k,False,,,,adamw,0.05,1e-05,,0,200,448,8,196,8041,,,,1.0,9.7003,,,4.823,9.700286034075363,100.0,,,0.0073,28.857,0.4141,67.1662,86.8483,86.8483,
gpu,102,cars_baseline,hideit3_base_patch16_224.fb_in1k,False,,,,adamw,0.05,5e-05,,0,200,448,8,196,8041,,,,1.0,10.8071,,,4.7309,10.807113543091656,100.0,,,0.0015,28.87,0.4141,67.1662,86.8483,86.8483,
gpu,102,cars_baseline,hideit3_base_patch16_224.fb_in1k,False,,,,adamw,0.05,0.0001,,0,200,448,8,196,8041,,,,1.0,11.4911,,,4.6743,11.49110807113543,100.0,,,0.0007,28.7977,0.4141,67.1662,86.8483,86.8483,
gpu,102,cars_baseline,hideit3_base_patch16_224.fb_in1k,False,,,,adamw,0.05,0.0005,,0,200,448,8,196,8041,,,,1.0,8.6308,,,5.6496,8.630767317497824,100.0,,,0.0001,28.8171,0.4141,67.1662,86.8483,86.8483,
gpu,102,cars_baseline,hideit3_base_patch16_224.fb_in1k,False,,,,adamw,0.05,0.001,,0,200,448,8,196,8041,,,,1.0,2.6489,,,9.6335,2.648924263151349,100.0,,,0.0001,28.8366,0.4141,67.1662,86.8483,86.8483,
gpu,102,cars_baseline,hideit3_base_patch16_224.fb_in1k,False,,,,sgd,0.0,0.003,,0,200,448,8,196,8041,,,,1.0,11.9886,,,4.5089,11.98855863698545,100.0,,,0.0153,28.3679,0.4141,67.1662,86.8483,86.8483,
gpu,102,cars_baseline,hideit3_base_patch16_224.fb_in1k,False,,,,sgd,0.0,0.01,,0,200,448,8,196,8041,,,,1.0,12.8342,,,4.4753,12.83422459893048,100.0,,,0.0024,28.3039,0.4141,67.1662,86.8483,86.8483,
gpu,102,cars_baseline,hideit3_base_patch16_224.fb_in1k,False,,,,sgd,0.0,0.03,,0,200,448,8,196,8041,,,,1.0,13.1078,,,4.4695,13.10782241014799,100.0,,,0.0007,28.3238,0.4141,67.1662,86.8483,86.8483,
gpu,102,cars_baseline,hideit3_base_patch16_224.fb_in1k,False,,,,sgd,0.0,0.1,,0,200,448,8,196,8041,,,,1.0,12.3119,,,4.6706,12.31190150478796,100.0,,,0.0002,28.1313,0.4141,67.1662,86.8483,86.8483,
gpu,102,cars_baseline,hideit3_base_patch16_224.fb_in22k_ft_in1k,False,,,,adamw,0.05,5e-06,,0,200,448,8,196,8041,,,,1.0,8.8671,,,4.8709,8.867056336276583,100.0,,,0.0121,28.9545,0.4141,67.1662,86.8483,86.8483,
gpu,102,cars_baseline,hideit3_base_patch16_224.fb_in22k_ft_in1k,False,,,,adamw,0.05,1e-05,,0,200,448,8,196,8041,,,,1.0,8.9914,,,4.8515,8.991418977739087,100.0,,,0.0072,28.8787,0.4141,67.1662,86.8483,86.8483,
gpu,102,cars_baseline,hideit3_base_patch16_224.fb_in22k_ft_in1k,False,,,,adamw,0.05,5e-05,,0,200,448,8,196,8041,,,,1.0,10.0982,,,4.7582,10.09824648675538,100.0,,,0.0014,28.902,0.4141,67.1662,86.8483,86.8483,
gpu,102,cars_baseline,hideit3_base_patch16_224.fb_in22k_ft_in1k,False,,,,adamw,0.05,0.0001,,0,200,448,8,196,8041,,,,1.0,10.5211,,,4.7384,10.521079467727894,100.0,,,0.0007,28.7016,0.4141,67.1662,86.8483,86.8483,
gpu,102,cars_baseline,hideit3_base_patch16_224.fb_in22k_ft_in1k,False,,,,adamw,0.05,0.0005,,0,200,448,8,196,8041,,,,1.0,5.3849,,,7.2149,5.384902375326452,100.0,,,0.0001,28.7559,0.4141,67.1662,86.8483,86.8483,
gpu,102,cars_baseline,hideit3_base_patch16_224.fb_in22k_ft_in1k,False,,,,adamw,0.05,0.001,,0,200,448,8,196,8041,,,,1.0,2.6987,,,10.4184,2.6986693197363514,100.0,,,0.0001,28.7318,0.4141,67.1662,86.8483,86.8483,
gpu,102,cars_baseline,hideit3_base_patch16_224.fb_in22k_ft_in1k,False,,,,sgd,0.0,0.003,,0,200,448,8,196,8041,,,,1.0,10.9563,,,4.5457,10.95634871284666,100.0,,,0.017,28.2297,0.4141,67.1662,86.8483,86.8483,
gpu,102,cars_baseline,hideit3_base_patch16_224.fb_in22k_ft_in1k,False,,,,sgd,0.0,0.01,,0,200,448,8,196,8041,,,,1.0,11.6155,,,4.5265,11.615470712597936,100.0,,,0.0024,28.3191,0.4141,67.1662,86.8483,86.8483,
gpu,102,cars_baseline,hideit3_base_patch16_224.fb_in22k_ft_in1k,False,,,,sgd,0.0,0.03,,0,200,448,8,196,8041,,,,1.0,12.1751,,,4.532,12.175102599179208,100.0,,,0.0007,28.3292,0.4141,67.1662,86.8483,86.8483,
gpu,102,cars_baseline,hideit3_base_patch16_224.fb_in22k_ft_in1k,False,,,,sgd,0.0,0.1,,0,200,448,8,196,8041,,,,1.0,11.1926,,,4.935,11.19263773162542,100.0,,,0.0001,28.1608,0.4141,67.1662,86.8483,86.8483,
gpu,102,cars_baseline,hiresnet50.a1_in1k,False,,,,adamw,0.05,5e-06,,0,200,448,8,196,8041,,,,1.0,7.3498,,,4.928,7.349832110434026,100.0,,,0.2644,18.7557,4.3984,16.3944,24.8564,24.8564,
gpu,102,cars_baseline,hiresnet50.a1_in1k,False,,,,adamw,0.05,1e-05,,0,200,448,8,196,8041,,,,1.0,8.2577,,,4.8624,8.25767939311031,100.0,,,0.0565,18.7659,4.3984,16.3944,24.8564,24.8564,
gpu,102,cars_baseline,hiresnet50.a1_in1k,False,,,,adamw,0.05,5e-05,,0,200,448,8,196,8041,,,,1.0,10.1977,,,4.7593,10.197736599925385,100.0,,,0.0016,18.7445,4.3984,16.3944,24.8564,24.8564,
gpu,102,cars_baseline,hiresnet50.a1_in1k,False,,,,adamw,0.05,0.0001,,0,200,448,8,196,8041,,,,1.0,10.6081,,,4.7445,10.608133316751648,100.0,,,0.0006,18.8945,4.3984,16.3944,24.8564,24.8564,
gpu,102,cars_baseline,hiresnet50.a1_in1k,False,,,,adamw,0.05,0.0005,,0,200,448,8,196,8041,,,,1.0,11.3667,,,4.7401,11.366745429672926,100.0,,,0.0001,18.864,4.3984,16.3944,24.8564,24.8564,
gpu,102,cars_baseline,hiresnet50.a1_in1k,False,,,,adamw,0.05,0.001,,0,200,448,8,196,8041,,,,1.0,11.5409,,,4.7911,11.540853127720434,100.0,,,0.0001,18.7896,4.3984,16.3944,24.8564,24.8564,
gpu,102,cars_baseline,hiresnet50.a1_in1k,False,,,,sgd,0.0,0.003,,0,200,448,8,196,8041,,,,1.0,6.2927,,,5.0079,6.292749658002736,100.0,,,0.1286,18.638,4.3984,16.3944,24.8564,24.8564,
gpu,102,cars_baseline,hiresnet50.a1_in1k,False,,,,sgd,0.0,0.01,,0,200,448,8,196,8041,,,,1.0,7.2752,,,5.0107,7.275214525556523,100.0,,,0.0038,18.5683,4.3984,16.3944,24.8564,24.8564,
gpu,102,cars_baseline,hiresnet50.a1_in1k,False,,,,sgd,0.0,0.03,,0,200,448,8,196,8041,,,,1.0,8.1333,,,5.088,8.133316751647804,100.0,,,0.0009,18.5773,4.3984,16.3944,24.8564,24.8564,
gpu,102,cars_baseline,hiresnet50.a1_in1k,False,,,,sgd,0.0,0.1,,0,200,448,8,196,8041,,,,1.0,8.1831,,,5.3444,8.183061808232807,100.0,,,0.0002,18.4994,4.3984,16.3944,24.8564,24.8564,
gpu,102,cars_baseline,hiresnet50.fb_ssl_yfcc100m_ft_in1k,False,,,,adamw,0.05,5e-06,,0,200,448,8,196,8041,,,,1.0,12.5606,,,4.7404,12.560626787712971,100.0,,,0.0037,18.728,4.3984,16.3944,24.8564,24.8564,
gpu,102,cars_baseline,hiresnet50.fb_ssl_yfcc100m_ft_in1k,False,,,,adamw,0.05,1e-05,,0,200,448,8,196,8041,,,,1.0,13.1824,,,4.7144,13.182439995025494,100.0,,,0.0023,18.8634,4.3984,16.3944,24.8564,24.8564,
gpu,102,cars_baseline,hiresnet50.fb_ssl_yfcc100m_ft_in1k,False,,,,adamw,0.05,5e-05,,0,200,448,8,196,8041,,,,1.0,14.0779,,,4.6073,14.077851013555527,100.0,,,0.0006,18.7978,4.3984,16.3944,24.8564,24.8564,
gpu,102,cars_baseline,hiresnet50.fb_ssl_yfcc100m_ft_in1k,False,,,,adamw,0.05,0.0001,,0,200,448,8,196,8041,,,,1.0,14.6997,,,4.5357,14.699664220868051,100.0,,,0.0003,18.761,4.3984,16.3944,24.8564,24.8564,
gpu,102,cars_baseline,hiresnet50.fb_ssl_yfcc100m_ft_in1k,False,,,,adamw,0.05,0.0005,,0,200,448,8,196,8041,,,,1.0,9.5511,,,5.2473,9.551050864320358,100.0,,,0.0001,18.7844,4.3984,16.3944,24.8564,24.8564,
gpu,102,cars_baseline,hiresnet50.fb_ssl_yfcc100m_ft_in1k,False,,,,adamw,0.05,0.001,,0,200,448,8,196,8041,,,,1.0,4.8626,,,8.6778,4.862579281183932,100.0,,,0.0001,18.8022,4.3984,16.3944,24.8564,24.8564,
gpu,102,cars_baseline,hiresnet50.fb_ssl_yfcc100m_ft_in1k,False,,,,sgd,0.0,0.003,,0,200,448,8,196,8041,,,,1.0,11.1305,,,4.7353,11.130456410894167,100.0,,,0.0107,18.4737,4.3984,16.3944,24.8564,24.8564,
gpu,102,cars_baseline,hiresnet50.fb_ssl_yfcc100m_ft_in1k,False,,,,sgd,0.0,0.01,,0,200,448,8,196,8041,,,,1.0,12.5109,,,4.6428,12.510881731127968,100.0,,,0.0019,18.4468,4.3984,16.3944,24.8564,24.8564,
gpu,102,cars_baseline,hiresnet50.fb_ssl_yfcc100m_ft_in1k,False,,,,sgd,0.0,0.03,,0,200,448,8,196,8041,,,,1.0,12.9586,,,4.5751,12.958587240392983,100.0,,,0.0005,18.5006,4.3984,16.3944,24.8564,24.8564,
gpu,102,cars_baseline,hiresnet50.fb_ssl_yfcc100m_ft_in1k,False,,,,sgd,0.0,0.1,,0,200,448,8,196,8041,,,,1.0,10.8693,,,4.9921,10.869294863822908,100.0,,,0.0001,18.5398,4.3984,16.3944,24.8564,24.8564,
gpu,102,cars_baseline,hiresnet50.fb_swsl_ig1b_ft_in1k,False,,,,adamw,0.05,5e-06,,0,200,448,8,196,8041,,,,1.0,15.7941,,,4.6061,15.794055465738092,100.0,,,0.0035,18.832,4.3984,16.3944,24.8564,24.8564,
gpu,102,cars_baseline,hiresnet50.fb_swsl_ig1b_ft_in1k,False,,,,adamw,0.05,1e-05,,0,200,448,8,196,8041,,,,1.0,15.9309,,,4.5828,15.930854371346848,100.0,,,0.0021,18.7816,4.3984,16.3944,24.8564,24.8564,
gpu,102,cars_baseline,hiresnet50.fb_swsl_ig1b_ft_in1k,False,,,,adamw,0.05,5e-05,,0,200,448,8,196,8041,,,,1.0,17.7465,,,4.4382,17.746548936699416,100.0,,,0.0005,18.8617,4.3984,16.3944,24.8564,24.8564,
gpu,102,cars_baseline,hiresnet50.fb_swsl_ig1b_ft_in1k,False,,,,adamw,0.05,0.0001,,0,200,448,8,196,8041,,,,1.0,18.0948,,,4.3559,18.09476433279443,100.0,,,0.0003,18.7995,4.3984,16.3944,24.8564,24.8564,
gpu,102,cars_baseline,hiresnet50.fb_swsl_ig1b_ft_in1k,False,,,,adamw,0.05,0.0005,,0,200,448,8,196,8041,,,,1.0,10.3843,,,5.3849,10.38428056211914,100.0,,,0.0,18.8516,4.3984,16.3944,24.8564,24.8564,
gpu,102,cars_baseline,hiresnet50.fb_swsl_ig1b_ft_in1k,False,,,,adamw,0.05,0.001,,0,200,448,8,196,8041,,,,1.0,5.3973,,,8.3927,5.397338639472703,100.0,,,0.0001,18.8612,4.3984,16.3944,24.8564,24.8564,
gpu,102,cars_baseline,hiresnet50.fb_swsl_ig1b_ft_in1k,False,,,,sgd,0.0,0.003,,0,200,448,8,196,8041,,,,1.0,14.0903,,,4.6315,14.090287277701778,100.0,,,0.0116,18.5722,4.3984,16.3944,24.8564,24.8564,
gpu,102,cars_baseline,hiresnet50.fb_swsl_ig1b_ft_in1k,False,,,,sgd,0.0,0.01,,0,200,448,8,196,8041,,,,1.0,15.8314,,,4.5101,15.831364258176844,100.0,,,0.0019,18.5511,4.3984,16.3944,24.8564,24.8564,
gpu,102,cars_baseline,hiresnet50.fb_swsl_ig1b_ft_in1k,False,,,,sgd,0.0,0.03,,0,200,448,8,196,8041,,,,1.0,16.2418,,,4.3887,16.24176097500311,100.0,,,0.0005,18.6448,4.3984,16.3944,24.8564,24.8564,
gpu,102,cars_baseline,hiresnet50.fb_swsl_ig1b_ft_in1k,False,,,,sgd,0.0,0.1,,0,200,448,8,196,8041,,,,1.0,12.8964,,,4.8864,12.896405919661731,100.0,,,0.0001,18.6062,4.3984,16.3944,24.8564,24.8564,
gpu,102,cars_baseline,hiresnet50.gluon_in1k,False,,,,adamw,0.05,5e-06,,0,200,448,8,196,8041,,,,1.0,12.3243,,,4.6997,12.324337768934212,100.0,,,0.0072,18.7848,4.3984,16.3944,24.8564,24.8564,
gpu,102,cars_baseline,hiresnet50.gluon_in1k,False,,,,adamw,0.05,1e-05,,0,200,448,8,196,8041,,,,1.0,12.6352,,,4.6733,12.635244372590474,100.0,,,0.0042,18.8502,4.3984,16.3944,24.8564,24.8564,
gpu,102,cars_baseline,hiresnet50.gluon_in1k,False,,,,adamw,0.05,5e-05,,0,200,448,8,196,8041,,,,1.0,14.0903,,,4.5852,14.090287277701778,100.0,,,0.0008,18.7945,4.3984,16.3944,24.8564,24.8564,
gpu,102,cars_baseline,hiresnet50.gluon_in1k,False,,,,adamw,0.05,0.0001,,0,200,448,8,196,8041,,,,1.0,14.6624,,,4.5487,14.6623554284293,100.0,,,0.0004,18.833,4.3984,16.3944,24.8564,24.8564,
gpu,102,cars_baseline,hiresnet50.gluon_in1k,False,,,,adamw,0.05,0.0005,,0,200,448,8,196,8041,,,,1.0,11.2424,,,4.8764,11.242382788210422,100.0,,,0.0001,18.7587,4.3984,16.3944,24.8564,24.8564,
gpu,102,cars_baseline,hiresnet50.gluon_in1k,False,,,,adamw,0.05,0.001,,0,200,448,8,196,8041,,,,1.0,4.875,,,8.4587,4.875015545330183,100.0,,,0.0,18.8286,4.3984,16.3944,24.8564,24.8564,
gpu,102,cars_baseline,hiresnet50.gluon_in1k,False,,,,sgd,0.0,0.003,,0,200,448,8,196,8041,,,,1.0,10.0609,,,4.7536,10.060937694316626,100.0,,,0.0152,18.5042,4.3984,16.3944,24.8564,24.8564,
gpu,102,cars_baseline,hiresnet50.gluon_in1k,False,,,,sgd,0.0,0.01,,0,200,448,8,196,8041,,,,1.0,10.8693,,,4.7002,10.869294863822908,100.0,,,0.0023,18.4242,4.3984,16.3944,24.8564,24.8564,
gpu,102,cars_baseline,hiresnet50.gluon_in1k,False,,,,sgd,0.0,0.03,,0,200,448,8,196,8041,,,,1.0,11.9139,,,4.6619,11.913941052107948,100.0,,,0.0006,18.5688,4.3984,16.3944,24.8564,24.8564,
gpu,102,cars_baseline,hiresnet50.gluon_in1k,False,,,,sgd,0.0,0.1,,0,200,448,8,196,8041,,,,1.0,12.0756,,,4.7727,12.075612486009202,100.0,,,0.0001,18.5813,4.3984,16.3944,24.8564,24.8564,
gpu,102,cars_baseline,hiresnet50.in1k_spark,False,,,,adamw,0.05,5e-06,,0,200,448,8,196,8041,,,,1.0,4.9745,,,5.1671,4.9745056585001866,100.0,,,0.0047,18.8209,4.3984,16.3944,24.8564,24.8564,
gpu,102,cars_baseline,hiresnet50.in1k_spark,False,,,,adamw,0.05,1e-05,,0,200,448,8,196,8041,,,,1.0,5.1362,,,5.1427,5.136177092401443,100.0,,,0.0023,18.8055,4.3984,16.3944,24.8564,24.8564,
gpu,102,cars_baseline,hiresnet50.in1k_spark,False,,,,adamw,0.05,5e-05,,0,200,448,8,196,8041,,,,1.0,6.2057,,,5.1188,6.205695808978983,100.0,,,0.0004,18.8255,4.3984,16.3944,24.8564,24.8564,
gpu,102,cars_baseline,hiresnet50.in1k_spark,False,,,,adamw,0.05,0.0001,,0,200,448,8,196,8041,,,,1.0,6.4544,,,5.2239,6.454421091903992,100.0,,,0.0002,18.7999,4.3984,16.3944,24.8564,24.8564,
gpu,102,cars_baseline,hiresnet50.in1k_spark,False,,,,adamw,0.05,0.0005,,0,200,448,8,196,8041,,,,1.0,3.9547,,,7.3151,3.954731998507648,100.0,,,0.0001,18.7253,4.3984,16.3944,24.8564,24.8564,
gpu,102,cars_baseline,hiresnet50.in1k_spark,False,,,,adamw,0.05,0.001,,0,200,448,8,196,8041,,,,1.0,2.823,,,10.8659,2.823031961198856,100.0,,,0.0005,18.7457,4.3984,16.3944,24.8564,24.8564,
gpu,102,cars_baseline,hiresnet50.in1k_spark,False,,,,sgd,0.0,0.003,,0,200,448,8,196,8041,,,,1.0,2.823,,,5.3703,2.823031961198856,100.0,,,0.2349,18.6024,4.3984,16.3944,24.8564,24.8564,
gpu,102,cars_baseline,hiresnet50.in1k_spark,False,,,,sgd,0.0,0.01,,0,200,448,8,196,8041,,,,1.0,3.5816,,,5.5022,3.5816440741201343,100.0,,,0.0028,18.5179,4.3984,16.3944,24.8564,24.8564,
gpu,102,cars_baseline,hiresnet50.in1k_spark,False,,,,sgd,0.0,0.03,,0,200,448,8,196,8041,,,,1.0,3.5443,,,5.931,3.544335281681383,100.0,,,0.0006,18.5908,4.3984,16.3944,24.8564,24.8564,
gpu,102,cars_baseline,hiresnet50.in1k_spark,False,,,,sgd,0.0,0.1,,0,200,448,8,196,8041,,,,1.0,2.5743,,,10.0925,2.5743066782738464,100.0,,,0.0002,18.427,4.3984,16.3944,24.8564,24.8564,
gpu,102,cars_baseline,hiresnet50.in21k_miil,False,,,,adamw,0.05,5e-06,,0,200,448,8,196,8041,,,,1.0,9.4391,,,4.8167,9.439124487004104,100.0,,,0.0467,18.7546,4.3984,16.3944,24.8564,24.8564,
gpu,102,cars_baseline,hiresnet50.in21k_miil,False,,,,adamw,0.05,1e-05,,0,200,448,8,196,8041,,,,1.0,10.2475,,,4.7818,10.247481656510384,100.0,,,0.018,18.7191,4.3984,16.3944,24.8564,24.8564,
gpu,102,cars_baseline,hiresnet50.in21k_miil,False,,,,adamw,0.05,5e-05,,0,200,448,8,196,8041,,,,1.0,11.2175,,,4.7202,11.21751025991792,100.0,,,0.0017,18.7204,4.3984,16.3944,24.8564,24.8564,
gpu,102,cars_baseline,hiresnet50.in21k_miil,False,,,,adamw,0.05,0.0001,,0,200,448,8,196,8041,,,,1.0,11.5284,,,4.7004,11.528416863574185,100.0,,,0.0007,18.7889,4.3984,16.3944,24.8564,24.8564,
gpu,102,cars_baseline,hiresnet50.in21k_miil,False,,,,adamw,0.05,0.0005,,0,200,448,8,196,8041,,,,1.0,12.3243,,,4.6743,12.324337768934212,100.0,,,0.0001,18.8061,4.3984,16.3944,24.8564,24.8564,
gpu,102,cars_baseline,hiresnet50.in21k_miil,False,,,,adamw,0.05,0.001,,0,200,448,8,196,8041,,,,1.0,12.2124,,,4.8263,12.212411391617955,100.0,,,0.0001,18.7144,4.3984,16.3944,24.8564,24.8564,
gpu,102,cars_baseline,hiresnet50.in21k_miil,False,,,,sgd,0.0,0.003,,0,200,448,8,196,8041,,,,1.0,7.5986,,,4.9305,7.598557393359035,100.0,,,0.0244,18.5429,4.3984,16.3944,24.8564,24.8564,
gpu,102,cars_baseline,hiresnet50.in21k_miil,False,,,,sgd,0.0,0.01,,0,200,448,8,196,8041,,,,1.0,8.5188,,,4.9418,8.518840940181569,100.0,,,0.0028,18.4495,4.3984,16.3944,24.8564,24.8564,
gpu,102,cars_baseline,hiresnet50.in21k_miil,False,,,,sgd,0.0,0.03,,0,200,448,8,196,8041,,,,1.0,8.9665,,,4.989,8.966546449446586,100.0,,,0.0008,18.5315,4.3984,16.3944,24.8564,24.8564,
gpu,102,cars_baseline,hiresnet50.in21k_miil,False,,,,sgd,0.0,0.1,,0,200,448,8,196,8041,,,,1.0,9.2028,,,5.1092,9.202835468225343,100.0,,,0.0002,18.5494,4.3984,16.3944,24.8564,24.8564,
gpu,102,cars_baseline,hiresnet50.tv2_in1k,False,,,,adamw,0.05,5e-06,,0,200,448,8,196,8041,,,,1.0,9.5386,,,4.8416,9.538614600174109,100.0,,,0.015,18.852,4.3984,16.3944,24.8564,24.8564,
gpu,102,cars_baseline,hiresnet50.tv2_in1k,False,,,,adamw,0.05,1e-05,,0,200,448,8,196,8041,,,,1.0,9.9117,,,4.811,9.91170252456162,100.0,,,0.0077,18.9297,4.3984,16.3944,24.8564,24.8564,
gpu,102,cars_baseline,hiresnet50.tv2_in1k,False,,,,adamw,0.05,5e-05,,0,200,448,8,196,8041,,,,1.0,11.0807,,,4.7364,11.080711354309166,100.0,,,0.0011,18.8538,4.3984,16.3944,24.8564,24.8564,
gpu,102,cars_baseline,hiresnet50.tv2_in1k,False,,,,adamw,0.05,0.0001,,0,200,448,8,196,8041,,,,1.0,11.7025,,,4.7079,11.702524561621688,100.0,,,0.0005,18.8494,4.3984,16.3944,24.8564,24.8564,
gpu,102,cars_baseline,hiresnet50.tv2_in1k,False,,,,adamw,0.05,0.0005,,0,200,448,8,196,8041,,,,1.0,11.3543,,,4.7284,11.354309165526676,100.0,,,0.0001,18.8415,4.3984,16.3944,24.8564,24.8564,
gpu,102,cars_baseline,hiresnet50.tv2_in1k,False,,,,adamw,0.05,0.001,,0,200,448,8,196,8041,,,,1.0,7.2503,,,6.5942,7.250341997264022,100.0,,,0.0,18.863,4.3984,16.3944,24.8564,24.8564,
gpu,102,cars_baseline,hiresnet50.tv2_in1k,False,,,,sgd,0.0,0.003,,0,200,448,8,196,8041,,,,1.0,7.897,,,4.8779,7.897027732869046,100.0,,,0.0206,18.5677,4.3984,16.3944,24.8564,24.8564,
gpu,102,cars_baseline,hiresnet50.tv2_in1k,False,,,,sgd,0.0,0.01,,0,200,448,8,196,8041,,,,1.0,8.7551,,,4.8517,8.755129958960328,100.0,,,0.0026,18.5206,4.3984,16.3944,24.8564,24.8564,
gpu,102,cars_baseline,hiresnet50.tv2_in1k,False,,,,sgd,0.0,0.03,,0,200,448,8,196,8041,,,,1.0,9.1158,,,4.852,9.115781619201591,100.0,,,0.0007,18.4844,4.3984,16.3944,24.8564,24.8564,
gpu,102,cars_baseline,hiresnet50.tv2_in1k,False,,,,sgd,0.0,0.1,,0,200,448,8,196,8041,,,,1.0,9.6878,,,4.91,9.687849769929114,100.0,,,0.0002,18.5834,4.3984,16.3944,24.8564,24.8564,
gpu,102,cars_baseline,hiresnet50.tv_in1k,False,,,,adamw,0.05,5e-06,,0,200,448,8,196,8041,,,,1.0,11.1553,,,4.7484,11.155328939186669,100.0,,,0.0071,18.9488,4.3984,16.3944,24.8564,24.8564,
gpu,102,cars_baseline,hiresnet50.tv_in1k,False,,,,adamw,0.05,1e-05,,0,200,448,8,196,8041,,,,1.0,11.5533,,,4.7252,11.553289391866684,100.0,,,0.0041,18.8444,4.3984,16.3944,24.8564,24.8564,
gpu,102,cars_baseline,hiresnet50.tv_in1k,False,,,,adamw,0.05,5e-05,,0,200,448,8,196,8041,,,,1.0,12.7223,,,4.6444,12.722298221614228,100.0,,,0.0008,18.9023,4.3984,16.3944,24.8564,24.8564,
gpu,102,cars_baseline,hiresnet50.tv_in1k,False,,,,adamw,0.05,0.0001,,0,200,448,8,196,8041,,,,1.0,13.3441,,,4.5899,13.34411142892675,100.0,,,0.0004,18.7976,4.3984,16.3944,24.8564,24.8564,
gpu,102,cars_baseline,hiresnet50.tv_in1k,False,,,,adamw,0.05,0.0005,,0,200,448,8,196,8041,,,,1.0,8.5686,,,5.6307,8.568585996766572,100.0,,,0.0001,18.7908,4.3984,16.3944,24.8564,24.8564,
gpu,102,cars_baseline,hiresnet50.tv_in1k,False,,,,adamw,0.05,0.001,,0,200,448,8,196,8041,,,,1.0,4.676,,,9.3834,4.676035318990175,100.0,,,0.0001,18.7648,4.3984,16.3944,24.8564,24.8564,
gpu,102,cars_baseline,hiresnet50.tv_in1k,False,,,,sgd,0.0,0.003,,0,200,448,8,196,8041,,,,1.0,9.7376,,,4.7665,9.737594826514115,100.0,,,0.0126,18.6022,4.3984,16.3944,24.8564,24.8564,
gpu,102,cars_baseline,hiresnet50.tv_in1k,False,,,,sgd,0.0,0.01,,0,200,448,8,196,8041,,,,1.0,10.6454,,,4.7218,10.6454421091904,100.0,,,0.0022,18.5036,4.3984,16.3944,24.8564,24.8564,
gpu,102,cars_baseline,hiresnet50.tv_in1k,False,,,,sgd,0.0,0.03,,0,200,448,8,196,8041,,,,1.0,11.1429,,,4.6925,11.142892675040418,100.0,,,0.0006,18.6714,4.3984,16.3944,24.8564,24.8564,
gpu,102,cars_baseline,hiresnet50.tv_in1k,False,,,,sgd,0.0,0.1,,0,200,448,8,196,8041,,,,1.0,10.8693,,,5.0255,10.869294863822908,100.0,,,0.0001,21.1104,4.3984,16.3944,24.8564,24.8564,
gpu,102,cars_baseline,hivit_base_patch16_224.mae,False,,,,adamw,0.05,5e-06,,0,200,448,8,196,8041,,,,1.0,2.3878,,,5.3258,2.3877627160800894,100.0,,,0.0134,28.1314,0.4121,67.1518,86.8306,86.8306,
gpu,102,cars_baseline,hivit_base_patch16_224.mae,False,,,,adamw,0.05,1e-05,,0,200,448,8,196,8041,,,,1.0,2.5743,,,5.3341,2.5743066782738464,100.0,,,0.007,28.0548,0.4121,67.1518,86.8306,86.8306,
gpu,102,cars_baseline,hivit_base_patch16_224.mae,False,,,,adamw,0.05,5e-05,,0,200,448,8,196,8041,,,,1.0,3.6563,,,5.3275,3.656261658997637,100.0,,,0.0013,28.0746,0.4121,67.1518,86.8306,86.8306,
gpu,102,cars_baseline,hivit_base_patch16_224.mae,False,,,,adamw,0.05,0.0001,,0,200,448,8,196,8041,,,,1.0,4.0791,,,5.3551,4.079094639970153,100.0,,,0.0007,28.0159,0.4121,67.1518,86.8306,86.8306,
gpu,102,cars_baseline,hivit_base_patch16_224.mae,False,,,,adamw,0.05,0.0005,,0,200,448,8,196,8041,,,,1.0,4.1537,,,6.4145,4.153712224847656,100.0,,,0.0001,27.8895,0.4121,67.1518,86.8306,86.8306,
gpu,102,cars_baseline,hivit_base_patch16_224.mae,False,,,,adamw,0.05,0.001,,0,200,448,8,196,8041,,,,1.0,2.2261,,,11.1031,2.2260912821788335,100.0,,,0.0001,28.0081,0.4121,67.1518,86.8306,86.8306,
gpu,102,cars_baseline,hivit_base_patch16_224.mae,False,,,,sgd,0.0,0.003,,0,200,448,8,196,8041,,,,1.0,2.3256,,,5.4527,2.3255813953488373,100.0,,,0.212,27.531,0.4121,67.1518,86.8306,86.8306,
gpu,102,cars_baseline,hivit_base_patch16_224.mae,False,,,,sgd,0.0,0.01,,0,200,448,8,196,8041,,,,1.0,2.7484,,,5.7375,2.748414376321353,100.0,,,0.0031,27.4028,0.4121,67.1518,86.8306,86.8306,
gpu,102,cars_baseline,hivit_base_patch16_224.mae,False,,,,sgd,0.0,0.03,,0,200,448,8,196,8041,,,,1.0,3.3454,,,5.9969,3.3453550553413756,100.0,,,0.0007,27.448,0.4121,67.1518,86.8306,86.8306,
gpu,102,cars_baseline,hivit_base_patch16_224.mae,False,,,,sgd,0.0,0.1,,0,200,448,8,196,8041,,,,1.0,3.5816,,,7.3247,3.5816440741201343,100.0,,,0.0001,27.349,0.4121,67.1518,86.8306,86.8306,
gpu,102,cars_baseline,hivit_base_patch16_224.orig_in21k,False,,,,adamw,0.05,5e-06,,0,200,448,8,196,8041,,,,1.0,4.9123,,,5.065,4.9123243377689345,100.0,,,0.0215,28.3195,0.4121,67.1518,86.8306,86.8306,
gpu,102,cars_baseline,hivit_base_patch16_224.orig_in21k,False,,,,adamw,0.05,1e-05,,0,200,448,8,196,8041,,,,1.0,5.1984,,,5.0632,5.198358413132695,100.0,,,0.0116,28.3547,0.4121,67.1518,86.8306,86.8306,
gpu,102,cars_baseline,hivit_base_patch16_224.orig_in21k,False,,,,adamw,0.05,5e-05,,0,200,448,8,196,8041,,,,1.0,5.9818,,,5.0291,5.9818430543464745,100.0,,,0.0018,28.3169,0.4121,67.1518,86.8306,86.8306,
gpu,102,cars_baseline,hivit_base_patch16_224.orig_in21k,False,,,,adamw,0.05,0.0001,,0,200,448,8,196,8041,,,,1.0,6.5788,,,5.0215,6.578783733366497,100.0,,,0.0008,28.2185,0.4121,67.1518,86.8306,86.8306,
gpu,102,cars_baseline,hivit_base_patch16_224.orig_in21k,False,,,,adamw,0.05,0.0005,,0,200,448,8,196,8041,,,,1.0,6.5663,,,5.1724,6.566347469220246,100.0,,,0.0002,28.1843,0.4121,67.1518,86.8306,86.8306,
gpu,102,cars_baseline,hivit_base_patch16_224.orig_in21k,False,,,,adamw,0.05,0.001,,0,200,448,8,196,8041,,,,1.0,2.5619,,,9.3067,2.561870414127596,100.0,,,0.0001,28.1498,0.4121,67.1518,86.8306,86.8306,
gpu,102,cars_baseline,hivit_base_patch16_224.orig_in21k,False,,,,sgd,0.0,0.003,,0,200,448,8,196,8041,,,,1.0,7.7727,,,4.7759,7.772665091406542,100.0,,,0.0169,27.6637,0.4121,67.1518,86.8306,86.8306,
gpu,102,cars_baseline,hivit_base_patch16_224.orig_in21k,False,,,,sgd,0.0,0.01,,0,200,448,8,196,8041,,,,1.0,7.7727,,,4.8471,7.772665091406542,100.0,,,0.0025,27.6948,0.4121,67.1518,86.8306,86.8306,
gpu,102,cars_baseline,hivit_base_patch16_224.orig_in21k,False,,,,sgd,0.0,0.03,,0,200,448,8,196,8041,,,,1.0,8.0711,,,4.9149,8.071135430916552,100.0,,,0.0007,27.6196,0.4121,67.1518,86.8306,86.8306,
gpu,102,cars_baseline,hivit_base_patch16_224.orig_in21k,False,,,,sgd,0.0,0.1,,0,200,448,8,196,8041,,,,1.0,8.0214,,,5.1213,8.02139037433155,100.0,,,0.0002,27.5052,0.4121,67.1518,86.8306,86.8306,
gpu,102,cars_baseline,hivit_base_patch16_224_miil.in21k,False,,,,adamw,0.05,5e-06,,0,200,448,8,196,8041,,,,1.0,2.8106,,,5.2969,2.8105956970526056,100.0,,,0.0245,28.1779,0.4121,67.1518,86.803,86.803,
gpu,102,cars_baseline,hivit_base_patch16_224_miil.in21k,False,,,,adamw,0.05,1e-05,,0,200,448,8,196,8041,,,,1.0,3.0096,,,5.3087,3.009575923392613,100.0,,,0.0128,28.1577,0.4121,67.1518,86.803,86.803,
gpu,102,cars_baseline,hivit_base_patch16_224_miil.in21k,False,,,,adamw,0.05,5e-05,,0,200,448,8,196,8041,,,,1.0,3.507,,,5.4037,3.5070264892426315,100.0,,,0.0019,28.1123,0.4121,67.1518,86.803,86.803,
gpu,102,cars_baseline,hivit_base_patch16_224_miil.in21k,False,,,,adamw,0.05,0.0001,,0,200,448,8,196,8041,,,,1.0,3.7184,,,5.4954,3.7184429797288896,100.0,,,0.0009,28.2524,0.4121,67.1518,86.803,86.803,
gpu,102,cars_baseline,hivit_base_patch16_224_miil.in21k,False,,,,adamw,0.05,0.0005,,0,200,448,8,196,8041,,,,1.0,3.5816,,,6.9815,3.5816440741201343,100.0,,,0.0001,28.0097,0.4121,67.1518,86.803,86.803,
gpu,102,cars_baseline,hivit_base_patch16_224_miil.in21k,False,,,,adamw,0.05,0.001,,0,200,448,8,196,8041,,,,1.0,2.6614,,,9.1878,2.6613605272976,100.0,,,0.0001,28.0332,0.4121,67.1518,86.803,86.803,
gpu,102,cars_baseline,hivit_base_patch16_224_miil.in21k,False,,,,sgd,0.0,0.003,,0,200,448,8,196,8041,,,,1.0,2.4997,,,5.5853,2.4996890933963436,100.0,,,0.0414,27.5135,0.4121,67.1518,86.803,86.803,
gpu,102,cars_baseline,hivit_base_patch16_224_miil.in21k,False,,,,sgd,0.0,0.01,,0,200,448,8,196,8041,,,,1.0,2.9598,,,5.8769,2.959830866807611,100.0,,,0.0029,27.6092,0.4121,67.1518,86.803,86.803,
gpu,102,cars_baseline,hivit_base_patch16_224_miil.in21k,False,,,,sgd,0.0,0.03,,0,200,448,8,196,8041,,,,1.0,3.221,,,6.0924,3.2209924138788706,100.0,,,0.0008,27.5661,0.4121,67.1518,86.803,86.803,
gpu,102,cars_baseline,hivit_base_patch16_224_miil.in21k,False,,,,sgd,0.0,0.1,,0,200,448,8,196,8041,,,,1.0,3.7931,,,6.9087,3.793060564606392,100.0,,,0.0001,27.4473,0.4121,67.1518,86.803,86.803,
gpu,102,cars_baseline,hivit_base_patch16_clip_224.laion2b,False,,,,adamw,0.05,5e-06,,0,200,448,8,196,8041,,,,1.0,16.1671,,,4.4468,16.167143390125606,100.0,,,0.0053,28.0937,0.4121,67.1524,86.8314,86.8314,
gpu,102,cars_baseline,hivit_base_patch16_clip_224.laion2b,False,,,,adamw,0.05,1e-05,,0,200,448,8,196,8041,,,,1.0,17.9207,,,4.3409,17.920656634746923,100.0,,,0.0033,28.1408,0.4121,67.1524,86.8314,86.8314,
gpu,102,cars_baseline,hivit_base_patch16_clip_224.laion2b,False,,,,adamw,0.05,5e-05,,0,200,448,8,196,8041,,,,1.0,19.7239,,,4.1649,19.72391493595324,100.0,,,0.0007,28.0384,0.4121,67.1524,86.8314,86.8314,
gpu,102,cars_baseline,hivit_base_patch16_clip_224.laion2b,False,,,,adamw,0.05,0.0001,,0,200,448,8,196,8041,,,,1.0,17.4108,,,4.4454,17.410769804750654,100.0,,,0.0003,27.9804,0.4121,67.1524,86.8314,86.8314,
gpu,102,cars_baseline,hivit_base_patch16_clip_224.laion2b,False,,,,adamw,0.05,0.0005,,0,200,448,8,196,8041,,,,1.0,1.8157,,,9.3974,1.815694565352568,100.0,,,0.0004,27.8934,0.4121,67.1524,86.8314,86.8314,
gpu,102,cars_baseline,hivit_base_patch16_clip_224.laion2b,False,,,,adamw,0.05,0.001,,0,200,448,8,196,8041,,,,1.0,1.2934,,,15.9889,1.2933714712100486,100.0,,,0.0025,27.8533,0.4121,67.1524,86.8314,86.8314,
gpu,102,cars_baseline,hivit_base_patch16_clip_224.laion2b,False,,,,sgd,0.0,0.003,,0,200,448,8,196,8041,,,,1.0,2.3131,,,5.3062,2.3131451312025866,100.0,,,0.1562,27.5723,0.4121,67.1524,86.8314,86.8314,
gpu,102,cars_baseline,hivit_base_patch16_clip_224.laion2b,False,,,,sgd,0.0,0.01,,0,200,448,8,196,8041,,,,1.0,2.7484,,,5.5756,2.748414376321353,100.0,,,0.0028,27.5117,0.4121,67.1524,86.8314,86.8314,
gpu,102,cars_baseline,hivit_base_patch16_clip_224.laion2b,False,,,,sgd,0.0,0.03,,0,200,448,8,196,8041,,,,1.0,2.9598,,,6.601,2.959830866807611,100.0,,,0.0008,27.4649,0.4121,67.1524,86.8314,86.8314,
gpu,102,cars_baseline,hivit_base_patch16_clip_224.laion2b,False,,,,sgd,0.0,0.1,,0,200,448,8,196,8041,,,,1.0,1.6292,,,14.1938,1.629150603158811,100.0,,,0.0006,27.3806,0.4121,67.1524,86.8314,86.8314,
gpu,102,cub_baseline,hideit3_base_patch16_224.fb_in1k,False,,,,adamw,0.05,5e-06,,0,200,448,8,200,5794,,,,1.0,19.71,,,4.393,19.710044874007593,100.0,,,0.0105,26.3181,0.4141,67.1662,86.8507,86.8507,
gpu,102,cub_baseline,hideit3_base_patch16_224.fb_in1k,False,,,,adamw,0.05,5e-06,,0,200,448,8,600,5794,,,,3.0,49.2233,,,2.667,49.22333448394891,100.0,,,0.0008,59.8848,0.4141,67.1662,86.8507,86.8507,
gpu,102,cub_baseline,hideit3_base_patch16_224.fb_in1k,False,,,,adamw,0.05,1e-05,,0,200,448,8,200,5794,,,,1.0,20.3659,,,4.3284,20.36589575422851,100.0,,,0.0063,26.3768,0.4141,67.1662,86.8507,86.8507,
gpu,102,cub_baseline,hideit3_base_patch16_224.fb_in1k,False,,,,adamw,0.05,1e-05,,0,200,448,8,600,5794,,,,3.0,50.5178,,,2.4854,50.517777010700726,100.0,,,0.0003,59.8504,0.4141,67.1662,86.8507,86.8507,
gpu,102,cub_baseline,hideit3_base_patch16_224.fb_in1k,False,,,,adamw,0.05,5e-05,,0,200,448,8,200,5794,,,,1.0,24.4736,,,4.0378,24.473593372454264,100.0,,,0.0013,26.3415,0.4141,67.1662,86.8507,86.8507,
gpu,102,cub_baseline,hideit3_base_patch16_224.fb_in1k,False,,,,adamw,0.05,5e-05,,0,200,448,8,600,5794,,,,3.0,55.6955,,,2.1227,55.695547117707974,100.0,,,0.0,59.6419,0.4141,67.1662,86.8507,86.8507,
gpu,102,cub_baseline,hideit3_base_patch16_224.fb_in1k,False,,,,adamw,0.05,0.0001,,0,200,448,8,200,5794,,,,1.0,26.0269,,,3.8356,26.02692440455644,100.0,,,0.0007,26.336,0.4141,67.1662,86.8507,86.8507,
gpu,102,cub_baseline,hideit3_base_patch16_224.fb_in1k,False,,,,adamw,0.05,0.0001,,0,200,448,8,600,5794,,,,3.0,58.1636,,,1.9969,58.16361753538143,100.0,,,0.0,59.5233,0.4141,67.1662,86.8507,86.8507,
gpu,102,cub_baseline,hideit3_base_patch16_224.fb_in1k,False,,,,adamw,0.05,0.0005,,0,200,448,8,200,5794,,,,1.0,15.6369,,,5.2873,15.636865723161891,100.0,,,0.0001,26.2708,0.4141,67.1662,86.8507,86.8507,
gpu,102,cub_baseline,hideit3_base_patch16_224.fb_in1k,False,,,,adamw,0.05,0.0005,,0,200,448,8,600,5794,,,,3.0,22.7477,,,6.4739,22.747670003451848,100.0,,,0.0,59.3421,0.4141,67.1662,86.8507,86.8507,
gpu,102,cub_baseline,hideit3_base_patch16_224.fb_in1k,False,,,,adamw,0.05,0.001,,0,200,448,8,200,5794,,,,1.0,5.5402,,,8.2452,5.5402140144977565,100.0,,,0.0001,26.2884,0.4141,67.1662,86.8507,86.8507,
gpu,102,cub_baseline,hideit3_base_patch16_224.fb_in1k,False,,,,adamw,0.05,0.001,,0,200,448,8,600,5794,,,,3.0,6.2478,,,10.3923,6.247842595788747,100.0,,,0.0021,59.1994,0.4141,67.1662,86.8507,86.8507,
gpu,102,cub_baseline,hideit3_base_patch16_224.fb_in1k,False,,,,sgd,0.0,0.003,,0,200,448,8,200,5794,,,,1.0,25.5091,,,3.7689,25.509147393855713,100.0,,,0.0115,25.7214,0.4141,67.1662,86.8507,86.8507,
gpu,102,cub_baseline,hideit3_base_patch16_224.fb_in1k,False,,,,sgd,0.0,0.003,,0,200,448,8,600,5794,,,,3.0,53.4001,,,2.1068,53.40006903693476,100.0,,,0.0036,58.067,0.4141,67.1662,86.8507,86.8507,
gpu,102,cub_baseline,hideit3_base_patch16_224.fb_in1k,False,,,,sgd,0.0,0.01,,0,200,448,8,200,5794,,,,1.0,27.166,,,3.5953,27.166033828098033,100.0,,,0.0021,25.7265,0.4141,67.1662,86.8507,86.8507,
gpu,102,cub_baseline,hideit3_base_patch16_224.fb_in1k,False,,,,sgd,0.0,0.01,,0,200,448,8,600,5794,,,,3.0,55.9027,,,1.91,55.902657921988265,100.0,,,0.0008,57.9896,0.4141,67.1662,86.8507,86.8507,
gpu,102,cub_baseline,hideit3_base_patch16_224.fb_in1k,False,,,,sgd,0.0,0.03,,0,200,448,8,200,5794,,,,1.0,28.9437,,,3.4135,28.94373489817052,100.0,,,0.0006,25.6983,0.4141,67.1662,86.8507,86.8507,
gpu,102,cub_baseline,hideit3_base_patch16_224.fb_in1k,False,,,,sgd,0.0,0.03,,0,200,448,8,600,5794,,,,3.0,59.3372,,,1.7127,59.33724542630307,100.0,,,0.0002,58.0243,0.4141,67.1662,86.8507,86.8507,
gpu,102,cub_baseline,hideit3_base_patch16_224.fb_in1k,False,,,,sgd,0.0,0.1,,0,200,448,8,200,5794,,,,1.0,30.4798,,,3.2604,30.47980669658267,100.0,,,0.0001,25.5522,0.4141,67.1662,86.8507,86.8507,
gpu,102,cub_baseline,hideit3_base_patch16_224.fb_in1k,False,,,,sgd,0.0,0.1,,0,200,448,8,600,5794,,,,3.0,54.9534,,,2.1872,54.95340006903694,100.0,,,0.0,57.6902,0.4141,67.1662,86.8507,86.8507,
gpu,102,cub_baseline,hideit3_base_patch16_224.fb_in22k_ft_in1k,False,,,,adamw,0.05,5e-06,,0,200,448,8,200,5794,,,,1.0,26.4929,,,4.1863,26.49292371418709,100.0,,,0.0106,26.4682,0.4141,67.1662,86.8507,86.8507,
gpu,102,cub_baseline,hideit3_base_patch16_224.fb_in22k_ft_in1k,False,,,,adamw,0.05,1e-05,,0,200,448,8,200,5794,,,,1.0,28.0808,,,4.0881,28.08077321366931,100.0,,,0.0064,26.3892,0.4141,67.1662,86.8507,86.8507,
gpu,102,cub_baseline,hideit3_base_patch16_224.fb_in22k_ft_in1k,False,,,,adamw,0.05,1e-05,,0,200,448,8,600,5794,,,,3.0,65.8785,,,1.6443,65.87849499482223,100.0,,,0.0003,61.8387,0.4141,67.1662,86.8507,86.8507,
gpu,102,cub_baseline,hideit3_base_patch16_224.fb_in22k_ft_in1k,False,,,,adamw,0.05,5e-05,,0,200,448,8,200,5794,,,,1.0,35.7611,,,3.5408,35.761132205730064,100.0,,,0.0013,26.3385,0.4141,67.1662,86.8507,86.8507,
gpu,102,cub_baseline,hideit3_base_patch16_224.fb_in22k_ft_in1k,False,,,,adamw,0.05,5e-05,,0,200,448,8,600,5794,,,,3.0,71.2116,,,1.3518,71.21159820503969,100.0,,,0.0,59.6571,0.4141,67.1662,86.8507,86.8507,
gpu,102,cub_baseline,hideit3_base_patch16_224.fb_in22k_ft_in1k,False,,,,adamw,0.05,0.0001,,0,200,448,8,200,5794,,,,1.0,39.1439,,,3.1762,39.1439420089748,100.0,,,0.0007,26.3219,0.4141,67.1662,86.8507,86.8507,
gpu,102,cub_baseline,hideit3_base_patch16_224.fb_in22k_ft_in1k,False,,,,adamw,0.05,0.0001,,0,200,448,8,600,5794,,,,3.0,72.3852,,,1.4299,72.38522609596134,100.0,,,0.0,59.5023,0.4141,67.1662,86.8507,86.8507,
gpu,102,cub_baseline,hideit3_base_patch16_224.fb_in22k_ft_in1k,False,,,,adamw,0.05,0.0005,,0,200,448,8,200,5794,,,,1.0,14.7221,,,5.5994,14.72212633759061,100.0,,,0.0001,26.291,0.4141,67.1662,86.8507,86.8507,
gpu,102,cub_baseline,hideit3_base_patch16_224.fb_in22k_ft_in1k,False,,,,adamw,0.05,0.0005,,0,200,448,8,600,5794,,,,3.0,22.7304,,,6.3242,22.73041076976182,100.0,,,0.0,59.4409,0.4141,67.1662,86.8507,86.8507,
gpu,102,cub_baseline,hideit3_base_patch16_224.fb_in22k_ft_in1k,False,,,,adamw,0.05,0.001,,0,200,448,8,200,5794,,,,1.0,5.8509,,,8.1349,5.850880220918191,100.0,,,0.0001,26.326,0.4141,67.1662,86.8507,86.8507,
gpu,102,cub_baseline,hideit3_base_patch16_224.fb_in22k_ft_in1k,False,,,,adamw,0.05,0.001,,0,200,448,8,600,5794,,,,3.0,5.6265,,,10.7418,5.626510182947877,100.0,,,0.0042,59.2699,0.4141,67.1662,86.8507,86.8507,
gpu,102,cub_baseline,hideit3_base_patch16_224.fb_in22k_ft_in1k,False,,,,sgd,0.0,0.003,,0,200,448,8,200,5794,,,,1.0,39.0922,,,3.0777,39.09216430790473,100.0,,,0.0122,25.7421,0.4141,67.1662,86.8507,86.8507,
gpu,102,cub_baseline,hideit3_base_patch16_224.fb_in22k_ft_in1k,False,,,,sgd,0.0,0.003,,0,200,448,8,600,5794,,,,3.0,69.7963,,,1.2314,69.79634104245771,100.0,,,0.0033,58.1197,0.4141,67.1662,86.8507,86.8507,
gpu,102,cub_baseline,hideit3_base_patch16_224.fb_in22k_ft_in1k,False,,,,sgd,0.0,0.01,,0,200,448,8,200,5794,,,,1.0,41.8191,,,2.8019,41.81912323092855,100.0,,,0.0022,25.7009,0.4141,67.1662,86.8507,86.8507,
gpu,102,cub_baseline,hideit3_base_patch16_224.fb_in22k_ft_in1k,False,,,,sgd,0.0,0.01,,0,200,448,8,600,5794,,,,3.0,72.1609,,,1.123,72.16085605799103,100.0,,,0.0008,58.047,0.4141,67.1662,86.8507,86.8507,
gpu,102,cub_baseline,hideit3_base_patch16_224.fb_in22k_ft_in1k,False,,,,sgd,0.0,0.03,,0,200,448,8,200,5794,,,,1.0,45.3745,,,2.5034,45.37452537107352,100.0,,,0.0006,25.7102,0.4141,67.1662,86.8507,86.8507,
gpu,102,cub_baseline,hideit3_base_patch16_224.fb_in22k_ft_in1k,False,,,,sgd,0.0,0.03,,0,200,448,8,600,5794,,,,3.0,74.8706,,,1.0283,74.87055574732481,100.0,,,0.0002,57.9674,0.4141,67.1662,86.8507,86.8507,
gpu,102,cub_baseline,hideit3_base_patch16_224.fb_in22k_ft_in1k,False,,,,sgd,0.0,0.1,,0,200,448,8,200,5794,,,,1.0,48.7573,,,2.229,48.75733517431826,100.0,,,0.0001,25.5835,0.4141,67.1662,86.8507,86.8507,
gpu,102,cub_baseline,hideit3_base_patch16_224.fb_in22k_ft_in1k,False,,,,sgd,0.0,0.1,,0,200,448,8,600,5794,,,,3.0,64.4115,,,1.8471,64.41146013117017,100.0,,,0.0,57.7193,0.4141,67.1662,86.8507,86.8507,
gpu,102,cub_baseline,hiresnet50.a1_in1k,False,,,,adamw,0.05,5e-06,,0,200,448,8,200,5794,,,,1.0,12.2713,,,4.499,12.27131515360718,100.0,,,0.1989,15.6807,4.3984,16.3944,24.8588,24.8588,
gpu,102,cub_baseline,hiresnet50.a1_in1k,False,,,,adamw,0.05,5e-06,,0,200,448,8,600,5794,,,,3.0,38.9023,,,2.8341,38.90231273731446,100.0,,,0.0456,27.8522,4.3984,16.3944,24.8588,24.8588,
gpu,102,cub_baseline,hiresnet50.a1_in1k,False,,,,adamw,0.05,1e-05,,0,200,448,8,200,5794,,,,1.0,14.0318,,,4.3797,14.031756989989644,100.0,,,0.0451,15.6902,4.3984,16.3944,24.8588,24.8588,
gpu,102,cub_baseline,hiresnet50.a1_in1k,False,,,,adamw,0.05,1e-05,,0,200,448,8,600,5794,,,,3.0,41.077,,,2.6721,41.07697618225751,100.0,,,0.0089,27.9439,4.3984,16.3944,24.8588,24.8588,
gpu,102,cub_baseline,hiresnet50.a1_in1k,False,,,,adamw,0.05,5e-05,,0,200,448,8,200,5794,,,,1.0,16.3272,,,4.2233,16.327235070762857,100.0,,,0.0015,15.6826,4.3984,16.3944,24.8588,24.8588,
gpu,102,cub_baseline,hiresnet50.a1_in1k,False,,,,adamw,0.05,5e-05,,0,200,448,8,600,5794,,,,3.0,45.8233,,,2.4434,45.82326544701415,100.0,,,0.0001,27.8566,4.3984,16.3944,24.8588,24.8588,
gpu,102,cub_baseline,hiresnet50.a1_in1k,False,,,,adamw,0.05,0.0001,,0,200,448,8,200,5794,,,,1.0,16.845,,,4.1871,16.845012081463583,100.0,,,0.0006,15.6396,4.3984,16.3944,24.8588,24.8588,
gpu,102,cub_baseline,hiresnet50.a1_in1k,False,,,,adamw,0.05,0.0001,,0,200,448,8,600,5794,,,,3.0,47.4456,,,2.4085,47.44563341387642,100.0,,,0.0,27.9969,4.3984,16.3944,24.8588,24.8588,
gpu,102,cub_baseline,hiresnet50.a1_in1k,False,,,,adamw,0.05,0.0005,,0,200,448,8,200,5794,,,,1.0,17.3628,,,4.1694,17.36278909216431,100.0,,,0.0001,15.6995,4.3984,16.3944,24.8588,24.8588,
gpu,102,cub_baseline,hiresnet50.a1_in1k,False,,,,adamw,0.05,0.0005,,0,200,448,8,600,5794,,,,3.0,42.0262,,,3.2783,42.02623403520884,100.0,,,0.0,28.0085,4.3984,16.3944,24.8588,24.8588,
gpu,102,cub_baseline,hiresnet50.a1_in1k,False,,,,adamw,0.05,0.001,,0,200,448,8,200,5794,,,,1.0,17.6907,,,4.1942,17.690714532274768,100.0,,,0.0,15.6521,4.3984,16.3944,24.8588,24.8588,
gpu,102,cub_baseline,hiresnet50.a1_in1k,False,,,,adamw,0.05,0.001,,0,200,448,8,600,5794,,,,3.0,35.8992,,,4.4783,35.89920607525026,100.0,,,0.0,27.9041,4.3984,16.3944,24.8588,24.8588,
gpu,102,cub_baseline,hiresnet50.a1_in1k,False,,,,sgd,0.0,0.003,,0,200,448,8,200,5794,,,,1.0,9.9586,,,4.5777,9.958577839143942,100.0,,,0.0988,15.4136,4.3984,16.3944,24.8588,24.8588,
gpu,102,cub_baseline,hiresnet50.a1_in1k,False,,,,sgd,0.0,0.003,,0,200,448,8,600,5794,,,,3.0,30.7214,,,3.1226,30.72143596824301,100.0,,,0.0266,27.4021,4.3984,16.3944,24.8588,24.8588,
gpu,102,cub_baseline,hiresnet50.a1_in1k,False,,,,sgd,0.0,0.01,,0,200,448,8,200,5794,,,,1.0,12.0124,,,4.5124,12.012426648256817,100.0,,,0.0035,15.4184,4.3984,16.3944,24.8588,24.8588,
gpu,102,cub_baseline,hiresnet50.a1_in1k,False,,,,sgd,0.0,0.01,,0,200,448,8,600,5794,,,,3.0,34.3286,,,2.977,34.32861580945806,100.0,,,0.0018,27.2928,4.3984,16.3944,24.8588,24.8588,
gpu,102,cub_baseline,hiresnet50.a1_in1k,False,,,,sgd,0.0,0.03,,0,200,448,8,200,5794,,,,1.0,12.5302,,,4.6028,12.530203658957545,100.0,,,0.0007,15.4449,4.3984,16.3944,24.8588,24.8588,
gpu,102,cub_baseline,hiresnet50.a1_in1k,False,,,,sgd,0.0,0.03,,0,200,448,8,600,5794,,,,3.0,37.3145,,,2.8949,37.31446323783224,100.0,,,0.0004,27.233,4.3984,16.3944,24.8588,24.8588,
gpu,102,cub_baseline,hiresnet50.a1_in1k,False,,,,sgd,0.0,0.1,,0,200,448,8,200,5794,,,,1.0,12.5129,,,4.8982,12.512944425267518,100.0,,,0.0001,15.4162,4.3984,16.3944,24.8588,24.8588,
gpu,102,cub_baseline,hiresnet50.a1_in1k,False,,,,sgd,0.0,0.1,,0,200,448,8,600,5794,,,,3.0,38.7815,,,3.3156,38.781498101484296,100.0,,,0.0001,27.3041,4.3984,16.3944,24.8588,24.8588,
gpu,102,cub_baseline,hiresnet50.fb_ssl_yfcc100m_ft_in1k,False,,,,adamw,0.05,5e-06,,0,200,448,8,200,5794,,,,1.0,23.7832,,,4.1774,23.783224024853297,100.0,,,0.0033,15.7389,4.3984,16.3944,24.8588,24.8588,
gpu,102,cub_baseline,hiresnet50.fb_ssl_yfcc100m_ft_in1k,False,,,,adamw,0.05,5e-06,,0,200,448,8,600,5794,,,,3.0,56.4895,,,2.1998,56.48947186744908,100.0,,,0.0006,28.0058,4.3984,16.3944,24.8588,24.8588,
gpu,102,cub_baseline,hiresnet50.fb_ssl_yfcc100m_ft_in1k,False,,,,adamw,0.05,1e-05,,0,200,448,8,200,5794,,,,1.0,24.9223,,,4.1352,24.92233344839489,100.0,,,0.0021,15.7105,4.3984,16.3944,24.8588,24.8588,
gpu,102,cub_baseline,hiresnet50.fb_ssl_yfcc100m_ft_in1k,False,,,,adamw,0.05,1e-05,,0,200,448,8,600,5794,,,,3.0,54.6773,,,2.2393,54.67725232999655,100.0,,,0.0007,27.9862,4.3984,16.3944,24.8588,24.8588,
gpu,102,cub_baseline,hiresnet50.fb_ssl_yfcc100m_ft_in1k,False,,,,adamw,0.05,5e-05,,0,200,448,8,200,5794,,,,1.0,24.9914,,,4.0164,24.991370383154987,100.0,,,0.0005,15.7834,4.3984,16.3944,24.8588,24.8588,
gpu,102,cub_baseline,hiresnet50.fb_ssl_yfcc100m_ft_in1k,False,,,,adamw,0.05,5e-05,,0,200,448,8,600,5794,,,,3.0,55.1778,,,2.0651,55.17777010700725,100.0,,,0.0001,28.0702,4.3984,16.3944,24.8588,24.8588,
gpu,102,cub_baseline,hiresnet50.fb_ssl_yfcc100m_ft_in1k,False,,,,adamw,0.05,0.0001,,0,200,448,8,200,5794,,,,1.0,23.766,,,3.9563,23.76596479116327,100.0,,,0.0003,15.7399,4.3984,16.3944,24.8588,24.8588,
gpu,102,cub_baseline,hiresnet50.fb_ssl_yfcc100m_ft_in1k,False,,,,adamw,0.05,0.0001,,0,200,448,8,600,5794,,,,3.0,52.865,,,2.1615,52.865032792544014,100.0,,,0.0,27.8717,4.3984,16.3944,24.8588,24.8588,
gpu,102,cub_baseline,hiresnet50.fb_ssl_yfcc100m_ft_in1k,False,,,,adamw,0.05,0.0005,,0,200,448,8,200,5794,,,,1.0,11.3566,,,5.13,11.3565757680359,100.0,,,0.0,15.7075,4.3984,16.3944,24.8588,24.8588,
gpu,102,cub_baseline,hiresnet50.fb_ssl_yfcc100m_ft_in1k,False,,,,adamw,0.05,0.0005,,0,200,448,8,600,5794,,,,3.0,28.9265,,,4.7927,28.926475664480495,100.0,,,0.0,27.9578,4.3984,16.3944,24.8588,24.8588,
gpu,102,cub_baseline,hiresnet50.fb_ssl_yfcc100m_ft_in1k,False,,,,adamw,0.05,0.001,,0,200,448,8,200,5794,,,,1.0,6.6793,,,9.4545,6.679323438039351,100.0,,,0.0,15.7705,4.3984,16.3944,24.8588,24.8588,
gpu,102,cub_baseline,hiresnet50.fb_ssl_yfcc100m_ft_in1k,False,,,,adamw,0.05,0.001,,0,200,448,8,600,5794,,,,3.0,16.379,,,8.0347,16.37901277183293,100.0,,,0.0001,27.9195,4.3984,16.3944,24.8588,24.8588,
gpu,102,cub_baseline,hiresnet50.fb_ssl_yfcc100m_ft_in1k,False,,,,sgd,0.0,0.003,,0,200,448,8,200,5794,,,,1.0,23.4208,,,4.0798,23.42078011736279,100.0,,,0.0091,15.4507,4.3984,16.3944,24.8588,24.8588,
gpu,102,cub_baseline,hiresnet50.fb_ssl_yfcc100m_ft_in1k,False,,,,sgd,0.0,0.003,,0,200,448,8,600,5794,,,,3.0,58.8022,,,2.0932,58.802209181912325,100.0,,,0.0033,27.3208,4.3984,16.3944,24.8588,24.8588,
gpu,102,cub_baseline,hiresnet50.fb_ssl_yfcc100m_ft_in1k,False,,,,sgd,0.0,0.01,,0,200,448,8,200,5794,,,,1.0,23.3,,,3.9738,23.29996548153262,100.0,,,0.0017,15.4524,4.3984,16.3944,24.8588,24.8588,
gpu,102,cub_baseline,hiresnet50.fb_ssl_yfcc100m_ft_in1k,False,,,,sgd,0.0,0.01,,0,200,448,8,600,5794,,,,3.0,60.0276,,,1.8916,60.02761477390404,100.0,,,0.0006,27.2853,4.3984,16.3944,24.8588,24.8588,
gpu,102,cub_baseline,hiresnet50.fb_ssl_yfcc100m_ft_in1k,False,,,,sgd,0.0,0.03,,0,200,448,8,200,5794,,,,1.0,23.3863,,,3.8587,23.386261649982742,100.0,,,0.0005,15.4698,4.3984,16.3944,24.8588,24.8588,
gpu,102,cub_baseline,hiresnet50.fb_ssl_yfcc100m_ft_in1k,False,,,,sgd,0.0,0.03,,0,200,448,8,600,5794,,,,3.0,58.7849,,,1.8152,58.7849499482223,100.0,,,0.0002,27.3197,4.3984,16.3944,24.8588,24.8588,
gpu,102,cub_baseline,hiresnet50.fb_ssl_yfcc100m_ft_in1k,False,,,,sgd,0.0,0.1,,0,200,448,8,200,5794,,,,1.0,14.9465,,,4.6138,14.946496375560924,100.0,,,0.0001,15.4396,4.3984,16.3944,24.8588,24.8588,
gpu,102,cub_baseline,hiresnet50.fb_ssl_yfcc100m_ft_in1k,False,,,,sgd,0.0,0.1,,0,200,448,8,600,5794,,,,3.0,34.1905,,,4.2016,34.190541939937866,100.0,,,0.0001,27.281,4.3984,16.3944,24.8588,24.8588,
gpu,102,cub_baseline,hiresnet50.fb_swsl_ig1b_ft_in1k,False,,,,adamw,0.05,5e-06,,0,200,448,8,200,5794,,,,1.0,26.7691,,,4.125,26.769071453227475,100.0,,,0.0029,15.7036,4.3984,16.3944,24.8588,24.8588,
gpu,102,cub_baseline,hiresnet50.fb_swsl_ig1b_ft_in1k,False,,,,adamw,0.05,5e-06,,0,200,448,8,600,5794,,,,3.0,56.3687,,,2.1791,56.36865723161892,100.0,,,0.0005,28.0457,4.3984,16.3944,24.8588,24.8588,
gpu,102,cub_baseline,hiresnet50.fb_swsl_ig1b_ft_in1k,False,,,,adamw,0.05,1e-05,,0,200,448,8,200,5794,,,,1.0,27.2868,,,4.0803,27.2868484639282,100.0,,,0.0018,15.7152,4.3984,16.3944,24.8588,24.8588,
gpu,102,cub_baseline,hiresnet50.fb_swsl_ig1b_ft_in1k,False,,,,adamw,0.05,1e-05,,0,200,448,8,600,5794,,,,3.0,54.2285,,,2.2501,54.22851225405592,100.0,,,0.0006,27.9723,4.3984,16.3944,24.8588,24.8588,
gpu,102,cub_baseline,hiresnet50.fb_swsl_ig1b_ft_in1k,False,,,,adamw,0.05,5e-05,,0,200,448,8,200,5794,,,,1.0,27.1143,,,3.9269,27.11425612702796,100.0,,,0.0004,15.72,4.3984,16.3944,24.8588,24.8588,
gpu,102,cub_baseline,hiresnet50.fb_swsl_ig1b_ft_in1k,False,,,,adamw,0.05,5e-05,,0,200,448,8,600,5794,,,,3.0,56.921,,,2.0043,56.92095270969969,100.0,,,0.0,27.8899,4.3984,16.3944,24.8588,24.8588,
gpu,102,cub_baseline,hiresnet50.fb_swsl_ig1b_ft_in1k,False,,,,adamw,0.05,0.0001,,0,200,448,8,200,5794,,,,1.0,26.165,,,3.8524,26.16499827407663,100.0,,,0.0002,15.7322,4.3984,16.3944,24.8588,24.8588,
gpu,102,cub_baseline,hiresnet50.fb_swsl_ig1b_ft_in1k,False,,,,adamw,0.05,0.0001,,0,200,448,8,600,5794,,,,3.0,51.6224,,,2.2639,51.62236796686227,100.0,,,0.0,27.8002,4.3984,16.3944,24.8588,24.8588,
gpu,102,cub_baseline,hiresnet50.fb_swsl_ig1b_ft_in1k,False,,,,adamw,0.05,0.0005,,0,200,448,8,200,5794,,,,1.0,10.9769,,,5.3321,10.976872626855368,100.0,,,0.0,15.7269,4.3984,16.3944,24.8588,24.8588,
gpu,102,cub_baseline,hiresnet50.fb_swsl_ig1b_ft_in1k,False,,,,adamw,0.05,0.0005,,0,200,448,8,600,5794,,,,3.0,29.0473,,,4.905,29.047290300310667,100.0,,,0.0,27.8896,4.3984,16.3944,24.8588,24.8588,
gpu,102,cub_baseline,hiresnet50.fb_swsl_ig1b_ft_in1k,False,,,,adamw,0.05,0.001,,0,200,448,8,200,5794,,,,1.0,7.2489,,,8.7687,7.248878149810149,100.0,,,0.0,15.6841,4.3984,16.3944,24.8588,24.8588,
gpu,102,cub_baseline,hiresnet50.fb_swsl_ig1b_ft_in1k,False,,,,adamw,0.05,0.001,,0,200,448,8,600,5794,,,,3.0,12.8236,,,8.8088,12.823610631687954,100.0,,,0.0006,27.9739,4.3984,16.3944,24.8588,24.8588,
gpu,102,cub_baseline,hiresnet50.fb_swsl_ig1b_ft_in1k,False,,,,sgd,0.0,0.003,,0,200,448,8,200,5794,,,,1.0,27.4767,,,3.9799,27.47670003451847,100.0,,,0.0093,15.4058,4.3984,16.3944,24.8588,24.8588,
gpu,102,cub_baseline,hiresnet50.fb_swsl_ig1b_ft_in1k,False,,,,sgd,0.0,0.003,,0,200,448,8,600,5794,,,,3.0,58.2499,,,2.1237,58.24991370383155,100.0,,,0.0032,27.4095,4.3984,16.3944,24.8588,24.8588,
gpu,102,cub_baseline,hiresnet50.fb_swsl_ig1b_ft_in1k,False,,,,sgd,0.0,0.01,,0,200,448,8,200,5794,,,,1.0,27.632,,,3.8463,27.632033137728683,100.0,,,0.0017,15.3995,4.3984,16.3944,24.8588,24.8588,
gpu,102,cub_baseline,hiresnet50.fb_swsl_ig1b_ft_in1k,False,,,,sgd,0.0,0.01,,0,200,448,8,600,5794,,,,3.0,60.0967,,,1.8618,60.09665170866413,100.0,,,0.0006,27.2712,4.3984,16.3944,24.8588,24.8588,
gpu,102,cub_baseline,hiresnet50.fb_swsl_ig1b_ft_in1k,False,,,,sgd,0.0,0.03,,0,200,448,8,200,5794,,,,1.0,26.0442,,,3.7541,26.044183638246466,100.0,,,0.0005,15.4003,4.3984,16.3944,24.8588,24.8588,
gpu,102,cub_baseline,hiresnet50.fb_swsl_ig1b_ft_in1k,False,,,,sgd,0.0,0.03,,0,200,448,8,600,5794,,,,3.0,58.7504,,,1.8365,58.75043148084225,100.0,,,0.0001,27.1193,4.3984,16.3944,24.8588,24.8588,
gpu,102,cub_baseline,hiresnet50.fb_swsl_ig1b_ft_in1k,False,,,,sgd,0.0,0.1,,0,200,448,8,200,5794,,,,1.0,14.8947,,,4.7601,14.894718674490852,100.0,,,0.0001,15.4147,4.3984,16.3944,24.8588,24.8588,
gpu,102,cub_baseline,hiresnet50.fb_swsl_ig1b_ft_in1k,False,,,,sgd,0.0,0.1,,0,200,448,8,600,5794,,,,3.0,32.5682,,,4.6629,32.568173973075595,100.0,,,0.0,27.148,4.3984,16.3944,24.8588,24.8588,
gpu,102,cub_baseline,hiresnet50.gluon_in1k,False,,,,adamw,0.05,5e-06,,0,200,448,8,200,5794,,,,1.0,21.7121,,,4.2282,21.712115982050396,100.0,,,0.0066,15.6285,4.3984,16.3944,24.8588,24.8588,
gpu,102,cub_baseline,hiresnet50.gluon_in1k,False,,,,adamw,0.05,5e-06,,0,200,448,8,600,5794,,,,3.0,52.1056,,,2.3457,52.10562651018295,100.0,,,0.0011,28.0195,4.3984,16.3944,24.8588,24.8588,
gpu,102,cub_baseline,hiresnet50.gluon_in1k,False,,,,adamw,0.05,1e-05,,0,200,448,8,200,5794,,,,1.0,22.4025,,,4.1836,22.402485329651363,100.0,,,0.0038,15.6534,4.3984,16.3944,24.8588,24.8588,
gpu,102,cub_baseline,hiresnet50.gluon_in1k,False,,,,adamw,0.05,1e-05,,0,200,448,8,600,5794,,,,3.0,52.8478,,,2.2783,52.84777355885399,100.0,,,0.0004,27.9199,4.3984,16.3944,24.8588,24.8588,
gpu,102,cub_baseline,hiresnet50.gluon_in1k,False,,,,adamw,0.05,5e-05,,0,200,448,8,200,5794,,,,1.0,23.7487,,,4.0538,23.748705557473247,100.0,,,0.0007,15.6041,4.3984,16.3944,24.8588,24.8588,
gpu,102,cub_baseline,hiresnet50.gluon_in1k,False,,,,adamw,0.05,5e-05,,0,200,448,8,600,5794,,,,3.0,53.331,,,2.22,53.33103210217466,100.0,,,0.0,27.9073,4.3984,16.3944,24.8588,24.8588,
gpu,102,cub_baseline,hiresnet50.gluon_in1k,False,,,,adamw,0.05,0.0001,,0,200,448,8,200,5794,,,,1.0,22.7994,,,4.0239,22.79944770452192,100.0,,,0.0004,15.6042,4.3984,16.3944,24.8588,24.8588,
gpu,102,cub_baseline,hiresnet50.gluon_in1k,False,,,,adamw,0.05,0.0001,,0,200,448,8,600,5794,,,,3.0,50.3452,,,2.3574,50.34518467380048,100.0,,,0.0,27.9489,4.3984,16.3944,24.8588,24.8588,
gpu,102,cub_baseline,hiresnet50.gluon_in1k,False,,,,adamw,0.05,0.0005,,0,200,448,8,200,5794,,,,1.0,12.7028,,,4.9197,12.702795995857784,100.0,,,0.0,15.6105,4.3984,16.3944,24.8588,24.8588,
gpu,102,cub_baseline,hiresnet50.gluon_in1k,False,,,,adamw,0.05,0.0005,,0,200,448,8,600,5794,,,,3.0,29.962,,,4.6472,29.962029685881948,100.0,,,0.0,27.9847,4.3984,16.3944,24.8588,24.8588,
gpu,102,cub_baseline,hiresnet50.gluon_in1k,False,,,,adamw,0.05,0.001,,0,200,448,8,200,5794,,,,1.0,6.9727,,,8.3716,6.972730410769762,100.0,,,0.0001,15.6991,4.3984,16.3944,24.8588,24.8588,
gpu,102,cub_baseline,hiresnet50.gluon_in1k,False,,,,adamw,0.05,0.001,,0,200,448,8,600,5794,,,,3.0,18.5709,,,7.4178,18.570935450466,100.0,,,0.0003,27.971,4.3984,16.3944,24.8588,24.8588,
gpu,102,cub_baseline,hiresnet50.gluon_in1k,False,,,,sgd,0.0,0.003,,0,200,448,8,200,5794,,,,1.0,16.9831,,,4.2586,16.983085950983778,100.0,,,0.0145,15.4632,4.3984,16.3944,24.8588,24.8588,
gpu,102,cub_baseline,hiresnet50.gluon_in1k,False,,,,sgd,0.0,0.003,,0,200,448,8,600,5794,,,,3.0,51.1219,,,2.2849,51.12185018985157,100.0,,,0.0048,27.261,4.3984,16.3944,24.8588,24.8588,
gpu,102,cub_baseline,hiresnet50.gluon_in1k,False,,,,sgd,0.0,0.01,,0,200,448,8,200,5794,,,,1.0,18.4846,,,4.1389,18.484639282015877,100.0,,,0.0021,15.3669,4.3984,16.3944,24.8588,24.8588,
gpu,102,cub_baseline,hiresnet50.gluon_in1k,False,,,,sgd,0.0,0.01,,0,200,448,8,600,5794,,,,3.0,52.1229,,,2.1541,52.12288574387297,100.0,,,0.0008,27.2374,4.3984,16.3944,24.8588,24.8588,
gpu,102,cub_baseline,hiresnet50.gluon_in1k,False,,,,sgd,0.0,0.03,,0,200,448,8,200,5794,,,,1.0,18.4846,,,4.0906,18.484639282015877,100.0,,,0.0006,15.3911,4.3984,16.3944,24.8588,24.8588,
gpu,102,cub_baseline,hiresnet50.gluon_in1k,False,,,,sgd,0.0,0.03,,0,200,448,8,600,5794,,,,3.0,52.1056,,,2.0969,52.10562651018295,100.0,,,0.0002,27.1736,4.3984,16.3944,24.8588,24.8588,
gpu,102,cub_baseline,hiresnet50.gluon_in1k,False,,,,sgd,0.0,0.1,,0,200,448,8,200,5794,,,,1.0,17.0694,,,4.2876,17.069382119433897,100.0,,,0.0001,15.3604,4.3984,16.3944,24.8588,24.8588,
gpu,102,cub_baseline,hiresnet50.gluon_in1k,False,,,,sgd,0.0,0.1,,0,200,448,8,600,5794,,,,3.0,37.3835,,,3.6565,37.383500172592335,100.0,,,0.0,27.1429,4.3984,16.3944,24.8588,24.8588,
gpu,102,cub_baseline,hiresnet50.in1k_mocov3,False,,,,adamw,0.05,5e-06,,0,200,448,8,600,5794,,,,3.0,41.5948,,,2.9659,41.59475319295823,100.0,,,0.0047,27.8301,4.3984,16.3944,24.8588,24.8588,
gpu,102,cub_baseline,hiresnet50.in1k_mocov3,False,,,,adamw,0.05,1e-05,,0,200,448,8,600,5794,,,,3.0,42.4577,,,2.8655,42.45771487745944,100.0,,,0.0013,27.8589,4.3984,16.3944,24.8588,24.8588,
gpu,102,cub_baseline,hiresnet50.in1k_mocov3,False,,,,adamw,0.05,5e-05,,0,200,448,8,600,5794,,,,3.0,44.7359,,,2.6562,44.73593372454263,100.0,,,0.0001,27.8753,4.3984,16.3944,24.8588,24.8588,
gpu,102,cub_baseline,hiresnet50.in1k_mocov3,False,,,,adamw,0.05,0.0001,,0,200,448,8,600,5794,,,,3.0,45.5126,,,2.5921,45.512599240593715,100.0,,,0.0,28.0026,4.3984,16.3944,24.8588,24.8588,
gpu,102,cub_baseline,hiresnet50.in1k_mocov3,False,,,,adamw,0.05,0.0005,,0,200,448,8,600,5794,,,,3.0,36.2616,,,3.3673,36.26164998274077,100.0,,,0.0,27.7831,4.3984,16.3944,24.8588,24.8588,
gpu,102,cub_baseline,hiresnet50.in1k_mocov3,False,,,,adamw,0.05,0.001,,0,200,448,8,600,5794,,,,3.0,28.0808,,,5.5184,28.08077321366931,100.0,,,0.0,27.8507,4.3984,16.3944,24.8588,24.8588,
gpu,102,cub_baseline,hiresnet50.in1k_mocov3,False,,,,sgd,0.0,0.003,,0,200,448,8,600,5794,,,,3.0,36.2962,,,2.9572,36.29616845012082,100.0,,,0.0064,27.2785,4.3984,16.3944,24.8588,24.8588,
gpu,102,cub_baseline,hiresnet50.in1k_mocov3,False,,,,sgd,0.0,0.01,,0,200,448,8,600,5794,,,,3.0,37.7459,,,2.8195,37.74594408008284,100.0,,,0.0011,27.1111,4.3984,16.3944,24.8588,24.8588,
gpu,102,cub_baseline,hiresnet50.in1k_mocov3,False,,,,sgd,0.0,0.03,,0,200,448,8,600,5794,,,,3.0,38.8851,,,2.7465,38.88505350362444,100.0,,,0.0003,27.2967,4.3984,16.3944,24.8588,24.8588,
gpu,102,cub_baseline,hiresnet50.in1k_mocov3,False,,,,sgd,0.0,0.1,,0,200,448,8,200,5794,,,,1.0,,,,,,,,,,,,,,,
gpu,102,cub_baseline,hiresnet50.in1k_mocov3,False,,,,sgd,0.0,0.1,,0,200,448,8,600,5794,,,,3.0,39.4546,,,2.8416,39.45460821539524,100.0,,,0.0001,27.2638,4.3984,16.3944,24.8588,24.8588,
gpu,102,cub_baseline,hiresnet50.in1k_spark,False,,,,adamw,0.05,5e-06,,0,200,448,8,200,5794,,,,1.0,4.7118,,,5.1644,4.711770797376596,100.0,,,0.0046,15.7093,4.3984,16.3944,24.8588,24.8588,
gpu,102,cub_baseline,hiresnet50.in1k_spark,False,,,,adamw,0.05,5e-06,,0,200,448,8,600,5794,,,,3.0,18.3293,,,4.1599,18.329306178805663,100.0,,,0.0013,27.8781,4.3984,16.3944,24.8588,24.8588,
gpu,102,cub_baseline,hiresnet50.in1k_spark,False,,,,adamw,0.05,1e-05,,0,200,448,8,200,5794,,,,1.0,5.5402,,,5.1285,5.5402140144977565,100.0,,,0.0022,15.7447,4.3984,16.3944,24.8588,24.8588,
gpu,102,cub_baseline,hiresnet50.in1k_spark,False,,,,adamw,0.05,1e-05,,0,200,448,8,600,5794,,,,3.0,19.2786,,,4.1324,19.27856403175699,100.0,,,0.0005,27.9973,4.3984,16.3944,24.8588,24.8588,
gpu,102,cub_baseline,hiresnet50.in1k_spark,False,,,,adamw,0.05,5e-05,,0,200,448,8,200,5794,,,,1.0,6.8347,,,5.1109,6.834656541249569,100.0,,,0.0004,15.7615,4.3984,16.3944,24.8588,24.8588,
gpu,102,cub_baseline,hiresnet50.in1k_spark,False,,,,adamw,0.05,5e-05,,0,200,448,8,600,5794,,,,3.0,26.9244,,,3.7279,26.924404556437693,100.0,,,0.0,27.8671,4.3984,16.3944,24.8588,24.8588,
gpu,102,cub_baseline,hiresnet50.in1k_spark,False,,,,adamw,0.05,0.0001,,0,200,448,8,200,5794,,,,1.0,6.5067,,,5.2482,6.50673110113911,100.0,,,0.0002,15.785,4.3984,16.3944,24.8588,24.8588,
gpu,102,cub_baseline,hiresnet50.in1k_spark,False,,,,adamw,0.05,0.0001,,0,200,448,8,600,5794,,,,3.0,23.3517,,,4.1893,23.351743182602693,100.0,,,0.0001,27.8318,4.3984,16.3944,24.8588,24.8588,
gpu,102,cub_baseline,hiresnet50.in1k_spark,False,,,,adamw,0.05,0.0005,,0,200,448,8,200,5794,,,,1.0,4.7981,,,7.9479,4.798066965826718,100.0,,,0.0001,15.6997,4.3984,16.3944,24.8588,24.8588,
gpu,102,cub_baseline,hiresnet50.in1k_spark,False,,,,adamw,0.05,0.0005,,0,200,448,8,600,5794,,,,3.0,7.8875,,,9.1128,7.887469796341042,100.0,,,0.0021,27.9633,4.3984,16.3944,24.8588,24.8588,
gpu,102,cub_baseline,hiresnet50.in1k_spark,False,,,,adamw,0.05,0.001,,0,200,448,8,200,5794,,,,1.0,3.3828,,,12.4898,3.382809803244736,100.0,,,0.0005,15.704,4.3984,16.3944,24.8588,24.8588,
gpu,102,cub_baseline,hiresnet50.in1k_spark,False,,,,adamw,0.05,0.001,,0,200,448,8,600,5794,,,,3.0,6.5585,,,9.9839,6.5585088022091815,100.0,,,0.0052,27.7378,4.3984,16.3944,24.8588,24.8588,
gpu,102,cub_baseline,hiresnet50.in1k_spark,False,,,,sgd,0.0,0.003,,0,200,448,8,200,5794,,,,1.0,2.796,,,5.3908,2.7959958577839146,100.0,,,0.3086,15.4813,4.3984,16.3944,24.8588,24.8588,
gpu,102,cub_baseline,hiresnet50.in1k_spark,False,,,,sgd,0.0,0.003,,0,200,448,8,600,5794,,,,3.0,9.5098,,,4.6738,9.509837763203311,100.0,,,0.1311,27.2031,4.3984,16.3944,24.8588,24.8588,
gpu,102,cub_baseline,hiresnet50.in1k_spark,False,,,,sgd,0.0,0.01,,0,200,448,8,200,5794,,,,1.0,4.5392,,,5.5418,4.5391784604763545,100.0,,,0.0028,15.4805,4.3984,16.3944,24.8588,24.8588,
gpu,102,cub_baseline,hiresnet50.in1k_spark,False,,,,sgd,0.0,0.01,,0,200,448,8,600,5794,,,,3.0,12.6855,,,4.628,12.68553676216776,100.0,,,0.0011,27.1235,4.3984,16.3944,24.8588,24.8588,
gpu,102,cub_baseline,hiresnet50.in1k_spark,False,,,,sgd,0.0,0.03,,0,200,448,8,200,5794,,,,1.0,4.2458,,,6.3827,4.2457714877459445,100.0,,,0.0005,15.4612,4.3984,16.3944,24.8588,24.8588,
gpu,102,cub_baseline,hiresnet50.in1k_spark,False,,,,sgd,0.0,0.03,,0,200,448,8,600,5794,,,,3.0,12.5647,,,5.6951,12.56472212633759,100.0,,,0.0003,27.1844,4.3984,16.3944,24.8588,24.8588,
gpu,102,cub_baseline,hiresnet50.in1k_spark,False,,,,sgd,0.0,0.1,,0,200,448,8,200,5794,,,,1.0,3.7625,,,11.7358,3.7625129444252674,100.0,,,0.0002,15.4031,4.3984,16.3944,24.8588,24.8588,
gpu,102,cub_baseline,hiresnet50.in1k_spark,False,,,,sgd,0.0,0.1,,0,200,448,8,600,5794,,,,3.0,6.6275,,,11.6954,6.627545736969279,100.0,,,0.0069,27.1772,4.3984,16.3944,24.8588,24.8588,
gpu,102,cub_baseline,hiresnet50.in1k_supcon,False,,,,adamw,0.05,5e-06,,0,200,448,8,600,5794,,,,3.0,45.5989,,,2.7628,45.59889540904384,100.0,,,0.0009,27.9357,4.3984,16.3944,24.8588,24.8588,
gpu,102,cub_baseline,hiresnet50.in1k_supcon,False,,,,adamw,0.05,1e-05,,0,200,448,8,600,5794,,,,3.0,44.9085,,,2.7756,44.90852606144287,100.0,,,0.0005,27.9561,4.3984,16.3944,24.8588,24.8588,
gpu,102,cub_baseline,hiresnet50.in1k_supcon,False,,,,adamw,0.05,5e-05,,0,200,448,8,600,5794,,,,3.0,47.5492,,,2.5274,47.54918881601657,100.0,,,0.0,27.9554,4.3984,16.3944,24.8588,24.8588,
gpu,102,cub_baseline,hiresnet50.in1k_supcon,False,,,,adamw,0.05,0.0001,,0,200,448,8,600,5794,,,,3.0,44.4943,,,2.7653,44.49430445288229,100.0,,,0.0,27.9391,4.3984,16.3944,24.8588,24.8588,
gpu,102,cub_baseline,hiresnet50.in1k_supcon,False,,,,adamw,0.05,0.0005,,0,200,448,8,600,5794,,,,3.0,27.1833,,,5.2255,27.183293061788056,100.0,,,0.0002,28.0076,4.3984,16.3944,24.8588,24.8588,
gpu,102,cub_baseline,hiresnet50.in1k_supcon,False,,,,adamw,0.05,0.001,,0,200,448,8,600,5794,,,,3.0,13.0307,,,8.7025,13.030721435968244,100.0,,,0.0005,27.7757,4.3984,16.3944,24.8588,24.8588,
gpu,102,cub_baseline,hiresnet50.in1k_supcon,False,,,,sgd,0.0,0.003,,0,200,448,8,600,5794,,,,3.0,47.8599,,,2.5502,47.859855022437,100.0,,,0.0039,27.3427,4.3984,16.3944,24.8588,24.8588,
gpu,102,cub_baseline,hiresnet50.in1k_supcon,False,,,,sgd,0.0,0.01,,0,200,448,8,600,5794,,,,3.0,50.1036,,,2.3387,50.103555402140145,100.0,,,0.0006,27.3284,4.3984,16.3944,24.8588,24.8588,
gpu,102,cub_baseline,hiresnet50.in1k_supcon,False,,,,sgd,0.0,0.03,,0,200,448,8,600,5794,,,,3.0,49.0507,,,2.2747,49.05074214704867,100.0,,,0.0002,27.2976,4.3984,16.3944,24.8588,24.8588,
gpu,102,cub_baseline,hiresnet50.in1k_supcon,False,,,,sgd,0.0,0.1,,0,200,448,8,600,5794,,,,3.0,29.7377,,,5.1104,29.73765964791163,100.0,,,0.0,27.3038,4.3984,16.3944,24.8588,24.8588,
gpu,102,cub_baseline,hiresnet50.in1k_swav,False,,,,adamw,0.05,5e-06,,0,200,448,8,600,5794,,,,3.0,34.3804,,,3.2077,34.38039351052813,100.0,,,0.0079,27.9375,4.3984,16.3944,24.8588,24.8588,
gpu,102,cub_baseline,hiresnet50.in1k_swav,False,,,,adamw,0.05,1e-05,,0,200,448,8,600,5794,,,,3.0,35.9165,,,3.1029,35.91646530894028,100.0,,,0.0022,27.875,4.3984,16.3944,24.8588,24.8588,
gpu,102,cub_baseline,hiresnet50.in1k_swav,False,,,,adamw,0.05,5e-05,,0,200,448,8,600,5794,,,,3.0,39.2993,,,2.8835,39.29927511218502,100.0,,,0.0001,27.8364,4.3984,16.3944,24.8588,24.8588,
gpu,102,cub_baseline,hiresnet50.in1k_swav,False,,,,adamw,0.05,0.0001,,0,200,448,8,600,5794,,,,3.0,40.1622,,,2.8218,40.16223679668623,100.0,,,0.0,27.8231,4.3984,16.3944,24.8588,24.8588,
gpu,102,cub_baseline,hiresnet50.in1k_swav,False,,,,adamw,0.05,0.0005,,0,200,448,8,600,5794,,,,3.0,33.9834,,,3.8223,33.983431135657575,100.0,,,0.0,27.9063,4.3984,16.3944,24.8588,24.8588,
gpu,102,cub_baseline,hiresnet50.in1k_swav,False,,,,adamw,0.05,0.001,,0,200,448,8,600,5794,,,,3.0,26.4584,,,5.7488,26.458405246807043,100.0,,,0.0,27.7597,4.3984,16.3944,24.8588,24.8588,
gpu,102,cub_baseline,hiresnet50.in1k_swav,False,,,,sgd,0.0,0.003,,0,200,448,8,600,5794,,,,3.0,29.8067,,,3.2387,29.80669658267173,100.0,,,0.0088,27.1927,4.3984,16.3944,24.8588,24.8588,
gpu,102,cub_baseline,hiresnet50.in1k_swav,False,,,,sgd,0.0,0.01,,0,200,448,8,600,5794,,,,3.0,32.5337,,,3.0972,32.53365550569555,100.0,,,0.0013,27.2448,4.3984,16.3944,24.8588,24.8588,
gpu,102,cub_baseline,hiresnet50.in1k_swav,False,,,,sgd,0.0,0.03,,0,200,448,8,600,5794,,,,3.0,34.4149,,,3.0311,34.41491197790818,100.0,,,0.0003,27.22,4.3984,16.3944,24.8588,24.8588,
gpu,102,cub_baseline,hiresnet50.in1k_swav,False,,,,sgd,0.0,0.1,,0,200,448,8,600,5794,,,,3.0,35.5368,,,3.2948,35.536762167759754,100.0,,,0.0001,27.285,4.3984,16.3944,24.8588,24.8588,
gpu,102,cub_baseline,hiresnet50.in21k_miil,False,,,,adamw,0.05,5e-06,,0,200,448,8,200,5794,,,,1.0,30.1174,,,3.6689,30.11736278909217,100.0,,,0.0295,15.6904,4.3984,16.3944,24.8588,24.8588,
gpu,102,cub_baseline,hiresnet50.in21k_miil,False,,,,adamw,0.05,5e-06,,0,200,448,8,600,5794,,,,3.0,65.913,,,1.495,65.91301346220227,100.0,,,0.0062,28.0396,4.3984,16.3944,24.8588,24.8588,
gpu,102,cub_baseline,hiresnet50.in21k_miil,False,,,,adamw,0.05,1e-05,,0,200,448,8,200,5794,,,,1.0,31.1357,,,3.5933,31.13565757680359,100.0,,,0.013,15.6973,4.3984,16.3944,24.8588,24.8588,
gpu,102,cub_baseline,hiresnet50.in21k_miil,False,,,,adamw,0.05,1e-05,,0,200,448,8,600,5794,,,,3.0,66.6552,,,1.4381,66.65516051087332,100.0,,,0.0018,28.0168,4.3984,16.3944,24.8588,24.8588,
gpu,102,cub_baseline,hiresnet50.in21k_miil,False,,,,adamw,0.05,5e-05,,0,200,448,8,200,5794,,,,1.0,33.1895,,,3.4102,33.18950638591647,100.0,,,0.0014,15.6564,4.3984,16.3944,24.8588,24.8588,
gpu,102,cub_baseline,hiresnet50.in21k_miil,False,,,,adamw,0.05,5e-05,,0,200,448,8,600,5794,,,,3.0,67.0176,,,1.4424,67.01760441836383,100.0,,,0.0001,27.8942,4.3984,16.3944,24.8588,24.8588,
gpu,102,cub_baseline,hiresnet50.in21k_miil,False,,,,adamw,0.05,0.0001,,0,200,448,8,200,5794,,,,1.0,32.7753,,,3.3829,32.775284777355886,100.0,,,0.0006,15.6525,4.3984,16.3944,24.8588,24.8588,
gpu,102,cub_baseline,hiresnet50.in21k_miil,False,,,,adamw,0.05,0.0001,,0,200,448,8,600,5794,,,,3.0,66.7932,,,1.4678,66.79323438039351,100.0,,,0.0,27.8207,4.3984,16.3944,24.8588,24.8588,
gpu,102,cub_baseline,hiresnet50.in21k_miil,False,,,,adamw,0.05,0.0005,,0,200,448,8,200,5794,,,,1.0,31.3082,,,3.3659,31.308249913703833,100.0,,,0.0001,15.6173,4.3984,16.3944,24.8588,24.8588,
gpu,102,cub_baseline,hiresnet50.in21k_miil,False,,,,adamw,0.05,0.0005,,0,200,448,8,600,5794,,,,3.0,50.7939,,,2.6069,50.79392474974111,100.0,,,0.0,27.8827,4.3984,16.3944,24.8588,24.8588,
gpu,102,cub_baseline,hiresnet50.in21k_miil,False,,,,adamw,0.05,0.001,,0,200,448,8,200,5794,,,,1.0,28.3569,,,3.4878,28.3569209527097,100.0,,,0.0001,15.6177,4.3984,16.3944,24.8588,24.8588,
gpu,102,cub_baseline,hiresnet50.in21k_miil,False,,,,adamw,0.05,0.001,,0,200,448,8,600,5794,,,,3.0,36.9693,,,4.3537,36.969278564031754,100.0,,,0.0,27.9124,4.3984,16.3944,24.8588,24.8588,
gpu,102,cub_baseline,hiresnet50.in21k_miil,False,,,,sgd,0.0,0.003,,0,200,448,8,200,5794,,,,1.0,23.6624,,,3.7553,23.66240938902313,100.0,,,0.016,15.3828,4.3984,16.3944,24.8588,24.8588,
gpu,102,cub_baseline,hiresnet50.in21k_miil,False,,,,sgd,0.0,0.003,,0,200,448,8,600,5794,,,,3.0,61.5809,,,1.5967,61.58094580600621,100.0,,,0.0072,27.2429,4.3984,16.3944,24.8588,24.8588,
gpu,102,cub_baseline,hiresnet50.in21k_miil,False,,,,sgd,0.0,0.01,,0,200,448,8,200,5794,,,,1.0,24.8878,,,3.644,24.88781498101484,100.0,,,0.0025,15.3833,4.3984,16.3944,24.8588,24.8588,
gpu,102,cub_baseline,hiresnet50.in21k_miil,False,,,,sgd,0.0,0.01,,0,200,448,8,600,5794,,,,3.0,63.1343,,,1.529,63.13427683810839,100.0,,,0.0011,27.3399,4.3984,16.3944,24.8588,24.8588,
gpu,102,cub_baseline,hiresnet50.in21k_miil,False,,,,sgd,0.0,0.03,,0,200,448,8,200,5794,,,,1.0,25.7853,,,3.6037,25.7852951328961,100.0,,,0.0007,15.3382,4.3984,16.3944,24.8588,24.8588,
gpu,102,cub_baseline,hiresnet50.in21k_miil,False,,,,sgd,0.0,0.03,,0,200,448,8,600,5794,,,,3.0,63.6175,,,1.508,63.617535381429065,100.0,,,0.0003,27.3582,4.3984,16.3944,24.8588,24.8588,
gpu,102,cub_baseline,hiresnet50.in21k_miil,False,,,,sgd,0.0,0.1,,0,200,448,8,200,5794,,,,1.0,26.2858,,,3.5839,26.2858129099068,100.0,,,0.0002,15.3353,4.3984,16.3944,24.8588,24.8588,
gpu,102,cub_baseline,hiresnet50.in21k_miil,False,,,,sgd,0.0,0.1,,0,200,448,8,600,5794,,,,3.0,58.7159,,,1.9877,58.7159130134622,100.0,,,0.0,27.1931,4.3984,16.3944,24.8588,24.8588,
gpu,102,cub_baseline,hiresnet50.tv2_in1k,False,,,,adamw,0.05,5e-06,,0,200,448,8,200,5794,,,,1.0,16.4653,,,4.4008,16.46530894028305,100.0,,,0.0141,15.65,4.3984,16.3944,24.8588,24.8588,
gpu,102,cub_baseline,hiresnet50.tv2_in1k,False,,,,adamw,0.05,5e-06,,0,200,448,8,600,5794,,,,3.0,48.5157,,,2.5296,48.51570590265792,100.0,,,0.0027,28.0018,4.3984,16.3944,24.8588,24.8588,
gpu,102,cub_baseline,hiresnet50.tv2_in1k,False,,,,adamw,0.05,1e-05,,0,200,448,8,200,5794,,,,1.0,17.4318,,,4.354,17.431826026924405,100.0,,,0.007,15.6317,4.3984,16.3944,24.8588,24.8588,
gpu,102,cub_baseline,hiresnet50.tv2_in1k,False,,,,adamw,0.05,1e-05,,0,200,448,8,600,5794,,,,3.0,49.7756,,,2.405,49.77562996202968,100.0,,,0.0008,27.9179,4.3984,16.3944,24.8588,24.8588,
gpu,102,cub_baseline,hiresnet50.tv2_in1k,False,,,,adamw,0.05,5e-05,,0,200,448,8,200,5794,,,,1.0,20.2106,,,4.2021,20.210562651018297,100.0,,,0.0009,15.5931,4.3984,16.3944,24.8588,24.8588,
gpu,102,cub_baseline,hiresnet50.tv2_in1k,False,,,,adamw,0.05,5e-05,,0,200,448,8,600,5794,,,,3.0,52.399,,,2.2411,52.39903348291336,100.0,,,0.0,27.9804,4.3984,16.3944,24.8588,24.8588,
gpu,102,cub_baseline,hiresnet50.tv2_in1k,False,,,,adamw,0.05,0.0001,,0,200,448,8,200,5794,,,,1.0,19.5202,,,4.1651,19.52019330341733,100.0,,,0.0004,15.6221,4.3984,16.3944,24.8588,24.8588,
gpu,102,cub_baseline,hiresnet50.tv2_in1k,False,,,,adamw,0.05,0.0001,,0,200,448,8,600,5794,,,,3.0,50.6041,,,2.3255,50.604073179150845,100.0,,,0.0,28.0978,4.3984,16.3944,24.8588,24.8588,
gpu,102,cub_baseline,hiresnet50.tv2_in1k,False,,,,adamw,0.05,0.0005,,0,200,448,8,200,5794,,,,1.0,15.2399,,,4.3448,15.239903348291335,100.0,,,0.0001,15.6656,4.3984,16.3944,24.8588,24.8588,
gpu,102,cub_baseline,hiresnet50.tv2_in1k,False,,,,adamw,0.05,0.0005,,0,200,448,8,600,5794,,,,3.0,34.6048,,,3.9886,34.60476354849845,100.0,,,0.0,27.8544,4.3984,16.3944,24.8588,24.8588,
gpu,102,cub_baseline,hiresnet50.tv2_in1k,False,,,,adamw,0.05,0.001,,0,200,448,8,200,5794,,,,1.0,8.4052,,,7.5042,8.405246807041767,100.0,,,0.0,15.5982,4.3984,16.3944,24.8588,24.8588,
gpu,102,cub_baseline,hiresnet50.tv2_in1k,False,,,,adamw,0.05,0.001,,0,200,448,8,600,5794,,,,3.0,26.9934,,,6.0313,26.993441491197792,100.0,,,0.0001,27.9342,4.3984,16.3944,24.8588,24.8588,
gpu,102,cub_baseline,hiresnet50.tv2_in1k,False,,,,sgd,0.0,0.003,,0,200,448,8,200,5794,,,,1.0,12.3921,,,4.4332,12.392129789437348,100.0,,,0.0205,15.4061,4.3984,16.3944,24.8588,24.8588,
gpu,102,cub_baseline,hiresnet50.tv2_in1k,False,,,,sgd,0.0,0.003,,0,200,448,8,600,5794,,,,3.0,43.407,,,2.5512,43.40697273041077,100.0,,,0.0071,27.279,4.3984,16.3944,24.8588,24.8588,
gpu,102,cub_baseline,hiresnet50.tv2_in1k,False,,,,sgd,0.0,0.01,,0,200,448,8,200,5794,,,,1.0,13.7211,,,4.3681,13.72109078356921,100.0,,,0.0024,15.4207,4.3984,16.3944,24.8588,24.8588,
gpu,102,cub_baseline,hiresnet50.tv2_in1k,False,,,,sgd,0.0,0.01,,0,200,448,8,600,5794,,,,3.0,46.0822,,,2.4386,46.082153952364514,100.0,,,0.001,27.2179,4.3984,16.3944,24.8588,24.8588,
gpu,102,cub_baseline,hiresnet50.tv2_in1k,False,,,,sgd,0.0,0.03,,0,200,448,8,200,5794,,,,1.0,13.4795,,,4.4312,13.479461511908871,100.0,,,0.0007,15.4002,4.3984,16.3944,24.8588,24.8588,
gpu,102,cub_baseline,hiresnet50.tv2_in1k,False,,,,sgd,0.0,0.03,,0,200,448,8,600,5794,,,,3.0,47.8426,,,2.2629,47.842595788746976,100.0,,,0.0003,27.2849,4.3984,16.3944,24.8588,24.8588,
gpu,102,cub_baseline,hiresnet50.tv2_in1k,False,,,,sgd,0.0,0.1,,0,200,448,8,200,5794,,,,1.0,15.0673,,,4.3478,15.067311011391094,100.0,,,0.0001,15.3361,4.3984,16.3944,24.8588,24.8588,
gpu,102,cub_baseline,hiresnet50.tv2_in1k,False,,,,sgd,0.0,0.1,,0,200,448,8,600,5794,,,,3.0,41.1805,,,3.2544,41.180531584397656,100.0,,,0.0,27.3252,4.3984,16.3944,24.8588,24.8588,
gpu,102,cub_baseline,hiresnet50.tv_in1k,False,,,,adamw,0.05,5e-06,,0,200,448,8,200,5794,,,,1.0,16.5343,,,4.3826,16.534345875043147,100.0,,,0.0067,15.6638,4.3984,16.3944,24.8588,24.8588,
gpu,102,cub_baseline,hiresnet50.tv_in1k,False,,,,adamw,0.05,5e-06,,0,200,448,8,600,5794,,,,3.0,49.534,,,2.5799,49.534000690369346,100.0,,,0.0011,28.0157,4.3984,16.3944,24.8588,24.8588,
gpu,102,cub_baseline,hiresnet50.tv_in1k,False,,,,adamw,0.05,1e-05,,0,200,448,8,200,5794,,,,1.0,17.3628,,,4.3466,17.36278909216431,100.0,,,0.0038,15.6338,4.3984,16.3944,24.8588,24.8588,
gpu,102,cub_baseline,hiresnet50.tv_in1k,False,,,,adamw,0.05,1e-05,,0,200,448,8,600,5794,,,,3.0,50.397,,,2.4877,50.396962374870554,100.0,,,0.0004,28.0033,4.3984,16.3944,24.8588,24.8588,
gpu,102,cub_baseline,hiresnet50.tv_in1k,False,,,,adamw,0.05,5e-05,,0,200,448,8,200,5794,,,,1.0,18.174,,,4.245,18.173973075595445,100.0,,,0.0008,15.6192,4.3984,16.3944,24.8588,24.8588,
gpu,102,cub_baseline,hiresnet50.tv_in1k,False,,,,adamw,0.05,5e-05,,0,200,448,8,600,5794,,,,3.0,50.8802,,,2.2658,50.880220918191235,100.0,,,0.0,27.912,4.3984,16.3944,24.8588,24.8588,
gpu,102,cub_baseline,hiresnet50.tv_in1k,False,,,,adamw,0.05,0.0001,,0,200,448,8,200,5794,,,,1.0,18.709,,,4.1738,18.70900931998619,100.0,,,0.0004,15.6308,4.3984,16.3944,24.8588,24.8588,
gpu,102,cub_baseline,hiresnet50.tv_in1k,False,,,,adamw,0.05,0.0001,,0,200,448,8,600,5794,,,,3.0,50.3797,,,2.2627,50.379703141180535,100.0,,,0.0,27.947,4.3984,16.3944,24.8588,24.8588,
gpu,102,cub_baseline,hiresnet50.tv_in1k,False,,,,adamw,0.05,0.0005,,0,200,448,8,200,5794,,,,1.0,11.4946,,,5.4111,11.494649637556092,100.0,,,0.0001,15.5882,4.3984,16.3944,24.8588,24.8588,
gpu,102,cub_baseline,hiresnet50.tv_in1k,False,,,,adamw,0.05,0.0005,,0,200,448,8,600,5794,,,,3.0,28.1498,,,5.1345,28.14981014842941,100.0,,,0.0,28.0318,4.3984,16.3944,24.8588,24.8588,
gpu,102,cub_baseline,hiresnet50.tv_in1k,False,,,,adamw,0.05,0.001,,0,200,448,8,200,5794,,,,1.0,5.9372,,,9.1705,5.937176389368312,100.0,,,0.0001,15.5738,4.3984,16.3944,24.8588,24.8588,
gpu,102,cub_baseline,hiresnet50.tv_in1k,False,,,,adamw,0.05,0.001,,0,200,448,8,600,5794,,,,3.0,15.2572,,,8.5098,15.25716258198136,100.0,,,0.0015,27.9135,4.3984,16.3944,24.8588,24.8588,
gpu,102,cub_baseline,hiresnet50.tv_in1k,False,,,,sgd,0.0,0.003,,0,200,448,8,200,5794,,,,1.0,16.2064,,,4.2826,16.20642043493269,100.0,,,0.0115,15.441,4.3984,16.3944,24.8588,24.8588,
gpu,102,cub_baseline,hiresnet50.tv_in1k,False,,,,sgd,0.0,0.003,,0,200,448,8,600,5794,,,,3.0,48.5502,,,2.4411,48.550224370037974,100.0,,,0.0045,27.2765,4.3984,16.3944,24.8588,24.8588,
gpu,102,cub_baseline,hiresnet50.tv_in1k,False,,,,sgd,0.0,0.01,,0,200,448,8,200,5794,,,,1.0,16.914,,,4.204,16.91404901622368,100.0,,,0.002,15.3232,4.3984,16.3944,24.8588,24.8588,
gpu,102,cub_baseline,hiresnet50.tv_in1k,False,,,,sgd,0.0,0.01,,0,200,448,8,600,5794,,,,3.0,50.1208,,,2.2843,50.12081463583017,100.0,,,0.0008,27.3644,4.3984,16.3944,24.8588,24.8588,
gpu,102,cub_baseline,hiresnet50.tv_in1k,False,,,,sgd,0.0,0.03,,0,200,448,8,200,5794,,,,1.0,17.3973,,,4.1439,17.397307559544355,100.0,,,0.0006,15.3174,4.3984,16.3944,24.8588,24.8588,
gpu,102,cub_baseline,hiresnet50.tv_in1k,False,,,,sgd,0.0,0.03,,0,200,448,8,600,5794,,,,3.0,50.7076,,,2.1808,50.70762858129099,100.0,,,0.0002,27.3828,4.3984,16.3944,24.8588,24.8588,
gpu,102,cub_baseline,hiresnet50.tv_in1k,False,,,,sgd,0.0,0.1,,0,200,448,8,200,5794,,,,1.0,15.3952,,,4.634,15.395236451501551,100.0,,,0.0001,15.2543,4.3984,16.3944,24.8588,24.8588,
gpu,102,cub_baseline,hiresnet50.tv_in1k,False,,,,sgd,0.0,0.1,,0,200,448,8,600,5794,,,,3.0,34.3286,,,4.6914,34.32861580945806,100.0,,,0.0,27.2388,4.3984,16.3944,24.8588,24.8588,
gpu,102,cub_baseline,hivit_base_patch16_224.mae,False,,,,adamw,0.05,5e-06,,0,200,448,8,200,5794,,,,1.0,3.0204,,,5.2157,3.0203658957542285,100.0,,,0.011,25.6625,0.4121,67.1518,86.833,86.833,
gpu,102,cub_baseline,hivit_base_patch16_224.mae,False,,,,adamw,0.05,1e-05,,0,200,448,8,200,5794,,,,1.0,3.5381,,,5.2075,3.5381429064549534,100.0,,,0.0063,25.6739,0.4121,67.1518,86.833,86.833,
gpu,102,cub_baseline,hivit_base_patch16_224.mae,False,,,,adamw,0.05,5e-05,,0,200,448,8,200,5794,,,,1.0,5.0052,,,5.1207,5.005177770107007,100.0,,,0.0012,25.6322,0.4121,67.1518,86.833,86.833,
gpu,102,cub_baseline,hivit_base_patch16_224.mae,False,,,,adamw,0.05,0.0001,,0,200,448,8,200,5794,,,,1.0,5.6783,,,5.1047,5.67828788401795,100.0,,,0.0006,25.6327,0.4121,67.1518,86.833,86.833,
gpu,102,cub_baseline,hivit_base_patch16_224.mae,False,,,,adamw,0.05,0.0005,,0,200,448,8,200,5794,,,,1.0,7.1453,,,5.6308,7.145322747670003,100.0,,,0.0001,25.5965,0.4121,67.1518,86.833,86.833,
gpu,102,cub_baseline,hivit_base_patch16_224.mae,False,,,,adamw,0.05,0.001,,0,200,448,8,200,5794,,,,1.0,4.0387,,,9.4858,4.038660683465654,100.0,,,0.0001,25.5539,0.4121,67.1518,86.833,86.833,
gpu,102,cub_baseline,hivit_base_patch16_224.mae,False,,,,sgd,0.0,0.003,,0,200,448,8,200,5794,,,,1.0,2.865,,,5.2566,2.865032792544011,100.0,,,0.1433,25.0298,0.4121,67.1518,86.833,86.833,
gpu,102,cub_baseline,hivit_base_patch16_224.mae,False,,,,sgd,0.0,0.01,,0,200,448,8,200,5794,,,,1.0,4.0214,,,5.4299,4.02140144977563,100.0,,,0.0028,25.0132,0.4121,67.1518,86.833,86.833,
gpu,102,cub_baseline,hivit_base_patch16_224.mae,False,,,,sgd,0.0,0.03,,0,200,448,8,200,5794,,,,1.0,4.4701,,,5.6181,4.470141525716258,100.0,,,0.0007,25.0077,0.4121,67.1518,86.833,86.833,
gpu,102,cub_baseline,hivit_base_patch16_224.mae,False,,,,sgd,0.0,0.1,,0,200,448,8,200,5794,,,,1.0,5.5575,,,6.5018,5.55747324818778,100.0,,,0.0001,24.8836,0.4121,67.1518,86.833,86.833,
gpu,102,cub_baseline,hivit_base_patch16_224.orig_in21k,False,,,,adamw,0.05,5e-06,,0,200,448,8,200,5794,,,,1.0,25.2503,,,4.2216,25.25025888850535,100.0,,,0.0194,25.6816,0.4121,67.1518,86.833,86.833,
gpu,102,cub_baseline,hivit_base_patch16_224.orig_in21k,False,,,,adamw,0.05,5e-06,,0,200,448,8,600,5794,,,,3.0,61.2012,,,1.9249,61.201242664825685,100.0,,,0.0015,57.9188,0.4121,67.1518,86.833,86.833,
gpu,102,cub_baseline,hivit_base_patch16_224.orig_in21k,False,,,,adamw,0.05,1e-05,,0,200,448,8,200,5794,,,,1.0,25.7163,,,4.1581,25.716258198136003,100.0,,,0.0106,25.6425,0.4121,67.1518,86.833,86.833,
gpu,102,cub_baseline,hivit_base_patch16_224.orig_in21k,False,,,,adamw,0.05,1e-05,,0,200,448,8,600,5794,,,,3.0,63.2551,,,1.742,63.25509147393856,100.0,,,0.0004,57.8818,0.4121,67.1518,86.833,86.833,
gpu,102,cub_baseline,hivit_base_patch16_224.orig_in21k,False,,,,adamw,0.05,5e-05,,0,200,448,8,200,5794,,,,1.0,32.0849,,,3.6999,32.08491542975492,100.0,,,0.0018,25.6611,0.4121,67.1518,86.833,86.833,
gpu,102,cub_baseline,hivit_base_patch16_224.orig_in21k,False,,,,adamw,0.05,5e-05,,0,200,448,8,600,5794,,,,3.0,71.8674,,,1.316,71.86744908526062,100.0,,,0.0,57.7617,0.4121,67.1518,86.833,86.833,
gpu,102,cub_baseline,hivit_base_patch16_224.orig_in21k,False,,,,adamw,0.05,0.0001,,0,200,448,8,200,5794,,,,1.0,35.4332,,,3.396,35.43320676561961,100.0,,,0.0008,25.6378,0.4121,67.1518,86.833,86.833,
gpu,102,cub_baseline,hivit_base_patch16_224.orig_in21k,False,,,,adamw,0.05,0.0001,,0,200,448,8,600,5794,,,,3.0,74.9569,,,1.2141,74.95685191577493,100.0,,,0.0,57.6517,0.4121,67.1518,86.833,86.833,
gpu,102,cub_baseline,hivit_base_patch16_224.orig_in21k,False,,,,adamw,0.05,0.0005,,0,200,448,8,200,5794,,,,1.0,44.2527,,,2.6607,44.25267518122195,100.0,,,0.0002,25.5724,0.4121,67.1518,86.833,86.833,
gpu,102,cub_baseline,hivit_base_patch16_224.orig_in21k,False,,,,adamw,0.05,0.0005,,0,200,448,8,600,5794,,,,3.0,22.8512,,,6.0081,22.851225405591993,100.0,,,0.0,57.3256,0.4121,67.1518,86.833,86.833,
gpu,102,cub_baseline,hivit_base_patch16_224.orig_in21k,False,,,,adamw,0.05,0.001,,0,200,448,8,200,5794,,,,1.0,5.592,,,8.8123,5.591991715567829,100.0,,,0.0001,25.4782,0.4121,67.1518,86.833,86.833,
gpu,102,cub_baseline,hivit_base_patch16_224.orig_in21k,False,,,,adamw,0.05,0.001,,0,200,448,8,600,5794,,,,3.0,11.5464,,,8.8141,11.546427338626165,100.0,,,0.0,57.4442,0.4121,67.1518,86.833,86.833,
gpu,102,cub_baseline,hivit_base_patch16_224.orig_in21k,False,,,,sgd,0.0,0.003,,0,200,448,8,200,5794,,,,1.0,55.9027,,,1.9179,55.902657921988265,100.0,,,0.0128,25.0525,0.4121,67.1518,86.833,86.833,
gpu,102,cub_baseline,hivit_base_patch16_224.orig_in21k,False,,,,sgd,0.0,0.003,,0,200,448,8,600,5794,,,,3.0,75.1122,,,0.9596,75.11218501898516,100.0,,,0.0036,56.1318,0.4121,67.1518,86.833,86.833,
gpu,102,cub_baseline,hivit_base_patch16_224.orig_in21k,False,,,,sgd,0.0,0.01,,0,200,448,8,200,5794,,,,1.0,56.8864,,,1.8489,56.88643424231964,100.0,,,0.0024,24.9998,0.4121,67.1518,86.833,86.833,
gpu,102,cub_baseline,hivit_base_patch16_224.orig_in21k,False,,,,sgd,0.0,0.01,,0,200,448,8,600,5794,,,,3.0,76.8208,,,0.9487,76.82084915429755,100.0,,,0.0008,56.0611,0.4121,67.1518,86.833,86.833,
gpu,102,cub_baseline,hivit_base_patch16_224.orig_in21k,False,,,,sgd,0.0,0.03,,0,200,448,8,200,5794,,,,1.0,58.0255,,,1.7828,58.025543665861235,100.0,,,0.0007,25.0296,0.4121,67.1518,86.833,86.833,
gpu,102,cub_baseline,hivit_base_patch16_224.orig_in21k,False,,,,sgd,0.0,0.03,,0,200,448,8,600,5794,,,,3.0,79.7031,,,0.9028,79.70314118053159,100.0,,,0.0002,55.9443,0.4121,67.1518,86.833,86.833,
gpu,102,cub_baseline,hivit_base_patch16_224.orig_in21k,False,,,,sgd,0.0,0.1,,0,200,448,8,200,5794,,,,1.0,59.7515,,,1.7482,59.75146703486365,100.0,,,0.0002,24.9024,0.4121,67.1518,86.833,86.833,
gpu,102,cub_baseline,hivit_base_patch16_224.orig_in21k,False,,,,sgd,0.0,0.1,,0,200,448,8,600,5794,,,,3.0,71.7639,,,1.534,71.76389368312047,100.0,,,0.0,55.6314,0.4121,67.1518,86.833,86.833,
gpu,102,cub_baseline,hivit_base_patch16_224_miil.in21k,False,,,,adamw,0.05,5e-06,,0,200,448,8,200,5794,,,,1.0,5.9544,,,5.0552,5.954435623058337,100.0,,,0.0181,25.566,0.4121,67.1518,86.8054,86.8054,
gpu,102,cub_baseline,hivit_base_patch16_224_miil.in21k,False,,,,adamw,0.05,5e-06,,0,200,448,8,600,5794,,,,3.0,14.3769,,,4.3846,14.376941663790127,100.0,,,0.0018,57.4411,0.4121,67.1518,86.8054,86.8054,
gpu,102,cub_baseline,hivit_base_patch16_224_miil.in21k,False,,,,adamw,0.05,1e-05,,0,200,448,8,200,5794,,,,1.0,5.9372,,,5.0405,5.937176389368312,100.0,,,0.0101,25.5471,0.4121,67.1518,86.8054,86.8054,
gpu,102,cub_baseline,hivit_base_patch16_224_miil.in21k,False,,,,adamw,0.05,1e-05,,0,200,448,8,600,5794,,,,3.0,17.1212,,,4.2266,17.12115982050397,100.0,,,0.0006,57.4076,0.4121,67.1518,86.8054,86.8054,
gpu,102,cub_baseline,hivit_base_patch16_224_miil.in21k,False,,,,adamw,0.05,5e-05,,0,200,448,8,200,5794,,,,1.0,7.4215,,,4.9688,7.4214704867103904,100.0,,,0.0017,25.4995,0.4121,67.1518,86.8054,86.8054,
gpu,102,cub_baseline,hivit_base_patch16_224_miil.in21k,False,,,,adamw,0.05,5e-05,,0,200,448,8,600,5794,,,,3.0,27.9945,,,3.6456,27.994477045219192,100.0,,,0.0,57.32,0.4121,67.1518,86.8054,86.8054,
gpu,102,cub_baseline,hivit_base_patch16_224_miil.in21k,False,,,,adamw,0.05,0.0001,,0,200,448,8,200,5794,,,,1.0,8.6641,,,4.928,8.66413531239213,100.0,,,0.0008,25.5454,0.4121,67.1518,86.8054,86.8054,
gpu,102,cub_baseline,hivit_base_patch16_224_miil.in21k,False,,,,adamw,0.05,0.0001,,0,200,448,8,600,5794,,,,3.0,31.2047,,,3.3815,31.204694511563687,100.0,,,0.0,57.131,0.4121,67.1518,86.8054,86.8054,
gpu,102,cub_baseline,hivit_base_patch16_224_miil.in21k,False,,,,adamw,0.05,0.0005,,0,200,448,8,200,5794,,,,1.0,10.4073,,,5.0392,10.40731791508457,100.0,,,0.0002,25.4543,0.4121,67.1518,86.8054,86.8054,
gpu,102,cub_baseline,hivit_base_patch16_224_miil.in21k,False,,,,adamw,0.05,0.0005,,0,200,448,8,600,5794,,,,3.0,19.4166,,,5.8041,19.416637901277184,100.0,,,0.0,56.902,0.4121,67.1518,86.8054,86.8054,
gpu,102,cub_baseline,hivit_base_patch16_224_miil.in21k,False,,,,adamw,0.05,0.001,,0,200,448,8,200,5794,,,,1.0,4.9361,,,8.4205,4.936140835346911,100.0,,,0.0001,25.4528,0.4121,67.1518,86.8054,86.8054,
gpu,102,cub_baseline,hivit_base_patch16_224_miil.in21k,False,,,,adamw,0.05,0.001,,0,200,448,8,600,5794,,,,3.0,8.9575,,,9.724,8.95754228512254,100.0,,,0.0001,56.6964,0.4121,67.1518,86.8054,86.8054,
gpu,102,cub_baseline,hivit_base_patch16_224_miil.in21k,False,,,,sgd,0.0,0.003,,0,200,448,8,200,5794,,,,1.0,7.922,,,4.9704,7.921988263721091,100.0,,,0.0179,24.9556,0.4121,67.1518,86.8054,86.8054,
gpu,102,cub_baseline,hivit_base_patch16_224_miil.in21k,False,,,,sgd,0.0,0.003,,0,200,448,8,600,5794,,,,3.0,27.2351,,,3.5,27.23507076285813,100.0,,,0.0055,55.6309,0.4121,67.1518,86.8054,86.8054,
gpu,102,cub_baseline,hivit_base_patch16_224_miil.in21k,False,,,,sgd,0.0,0.01,,0,200,448,8,200,5794,,,,1.0,8.7677,,,5.0721,8.767690714532275,100.0,,,0.0025,24.9205,0.4121,67.1518,86.8054,86.8054,
gpu,102,cub_baseline,hivit_base_patch16_224_miil.in21k,False,,,,sgd,0.0,0.01,,0,200,448,8,600,5794,,,,3.0,33.5865,,,3.1939,33.58646876078702,100.0,,,0.0009,55.5805,0.4121,67.1518,86.8054,86.8054,
gpu,102,cub_baseline,hivit_base_patch16_224_miil.in21k,False,,,,sgd,0.0,0.03,,0,200,448,8,200,5794,,,,1.0,9.6479,,,5.1483,9.647911632723508,100.0,,,0.0007,24.942,0.4121,67.1518,86.8054,86.8054,
gpu,102,cub_baseline,hivit_base_patch16_224_miil.in21k,False,,,,sgd,0.0,0.03,,0,200,448,8,600,5794,,,,3.0,45.8405,,,2.5678,45.84052468070418,100.0,,,0.0003,55.6101,0.4121,67.1518,86.8054,86.8054,
gpu,102,cub_baseline,hivit_base_patch16_224_miil.in21k,False,,,,sgd,0.0,0.1,,0,200,448,8,200,5794,,,,1.0,11.2703,,,5.2768,11.27027959958578,100.0,,,0.0001,24.8047,0.4121,67.1518,86.8054,86.8054,
gpu,102,cub_baseline,hivit_base_patch16_224_miil.in21k,False,,,,sgd,0.0,0.1,,0,200,448,8,600,5794,,,,3.0,58.5433,,,2.3107,58.54332067656196,100.0,,,0.0,55.4027,0.4121,67.1518,86.8054,86.8054,
gpu,102,cub_baseline,hivit_base_patch16_clip_224.laion2b,False,,,,adamw,0.05,5e-06,,0,200,448,8,200,5794,,,,1.0,10.2347,,,4.7134,10.234725578184328,100.0,,,0.0049,25.6797,0.4121,67.1524,86.8338,86.8338,
gpu,102,cub_baseline,hivit_base_patch16_clip_224.laion2b,False,,,,adamw,0.05,1e-05,,0,200,448,8,200,5794,,,,1.0,12.1505,,,4.6249,12.150500517777012,100.0,,,0.0031,25.6414,0.4121,67.1524,86.8338,86.8338,
gpu,102,cub_baseline,hivit_base_patch16_clip_224.laion2b,False,,,,adamw,0.05,5e-05,,0,200,448,8,200,5794,,,,1.0,17.1557,,,4.291,17.15567828788402,100.0,,,0.0006,25.5995,0.4121,67.1524,86.8338,86.8338,
gpu,102,cub_baseline,hivit_base_patch16_clip_224.laion2b,False,,,,adamw,0.05,0.0001,,0,200,448,8,200,5794,,,,1.0,17.9669,,,4.3036,17.966862271315154,100.0,,,0.0003,25.5803,0.4121,67.1524,86.8338,86.8338,
gpu,102,cub_baseline,hivit_base_patch16_clip_224.laion2b,False,,,,adamw,0.05,0.0005,,0,200,448,8,200,5794,,,,1.0,3.1757,,,8.5893,3.175698998964446,100.0,,,0.0004,25.4748,0.4121,67.1524,86.8338,86.8338,
gpu,102,cub_baseline,hivit_base_patch16_clip_224.laion2b,False,,,,adamw,0.05,0.001,,0,200,448,8,200,5794,,,,1.0,2.2955,,,13.8255,2.2954780807732136,100.0,,,0.0007,25.4763,0.4121,67.1524,86.8338,86.8338,
gpu,102,cub_baseline,hivit_base_patch16_clip_224.laion2b,False,,,,sgd,0.0,0.003,,0,200,448,8,200,5794,,,,1.0,2.1229,,,5.2648,2.122885743872972,100.0,,,0.1122,25.0085,0.4121,67.1524,86.8338,86.8338,
gpu,102,cub_baseline,hivit_base_patch16_clip_224.laion2b,False,,,,sgd,0.0,0.01,,0,200,448,8,200,5794,,,,1.0,2.6407,,,5.7476,2.640662754573697,100.0,,,0.0025,25.0301,0.4121,67.1524,86.8338,86.8338,
gpu,102,cub_baseline,hivit_base_patch16_clip_224.laion2b,False,,,,sgd,0.0,0.03,,0,200,448,8,200,5794,,,,1.0,3.1412,,,6.5902,3.1411805315843977,100.0,,,0.0006,24.9327,0.4121,67.1524,86.8338,86.8338,
gpu,102,cub_baseline,hivit_base_patch16_clip_224.laion2b,False,,,,sgd,0.0,0.1,,0,200,448,8,200,5794,,,,1.0,2.4681,,,13.9322,2.4680704176734554,100.0,,,0.0003,24.8375,0.4121,67.1524,86.8338,86.8338,
camel.ee.nctu.edu.tw,103,aircraft,hideit3_base_patch16_224.fb_in1k,False,,,,adamw,0.05,5e-06,,0,200,448,8,100,3333,,,,,9.541,15.0915,29.4629,11.0392,14.13833691061414,100.0,100.0,100.0,2.6205,19.8076,0.4121,78.5245,86.7967,86.7967,
camel.ee.nctu.edu.tw,103,aircraft,hideit3_base_patch16_224.fb_in1k,False,,,,adamw,0.05,5e-06,,0,200,448,8,300,3333,,,,3.0,29.1029,37.4437,49.1749,8.6357,33.73491195273374,100.0,100.0,100.0,0.6948,32.6245,0.4121,78.5245,86.7967,86.7967,
gpu,103,aircraft,hideit3_base_patch16_224.fb_in1k,False,,,,adamw,0.05,5e-06,,0,200,448,8,500,3333,,,,5.0,44.1644,52.6853,62.2562,6.6379,48.339449329548344,100.0,100.0,100.0,0.186,48.2628,0.4121,67.1662,86.7967,86.7967,
camel.ee.nctu.edu.tw,103,aircraft,hideit3_base_patch16_224.fb_in1k,False,,,,adamw,0.05,1e-05,,0,200,448,8,100,3333,,,,,10.111,16.2016,29.913,10.9347,14.680698839114685,100.0,100.0,100.0,2.0366,20.0198,0.4121,78.5245,86.7967,86.7967,
camel.ee.nctu.edu.tw,103,aircraft,hideit3_base_patch16_224.fb_in1k,False,,,,adamw,0.05,1e-05,,0,200,448,8,300,3333,,,,3.0,30.063,38.7639,50.9751,8.3109,34.888873502734896,100.0,100.0,100.0,0.3252,32.5899,0.4121,78.5245,86.7967,86.7967,
gpu,103,aircraft,hideit3_base_patch16_224.fb_in1k,False,,,,adamw,0.05,1e-05,,0,200,448,8,500,3333,,,,5.0,44.8545,54.0954,63.8164,6.5094,49.230307646149235,100.0,100.0,100.0,0.0614,48.2348,0.4121,67.1662,86.7967,86.7967,
camel.ee.nctu.edu.tw,103,aircraft,hideit3_base_patch16_224.fb_in1k,False,,,,adamw,0.05,5e-05,,0,200,448,8,100,3333,,,,,12.7513,19.3519,31.5032,10.4953,17.07863094001708,100.0,100.0,100.0,0.2637,20.1395,0.4121,78.5245,86.7967,86.7967,
camel.ee.nctu.edu.tw,103,aircraft,hideit3_base_patch16_224.fb_in1k,False,,,,adamw,0.05,5e-05,,0,200,448,8,300,3333,,,,3.0,35.7336,44.3744,58.6859,7.1876,41.03025687184103,100.0,100.0,100.0,0.0084,32.5847,0.4121,78.5245,86.7967,86.7967,
gpu,103,aircraft,hideit3_base_patch16_224.fb_in1k,False,,,,adamw,0.05,5e-05,,0,200,448,8,500,3333,,,,5.0,50.375,59.586,71.4071,6.6748,55.22859978305523,100.0,100.0,100.0,0.0012,48.0806,0.4121,67.1662,86.7967,86.7967,
camel.ee.nctu.edu.tw,103,aircraft,hideit3_base_patch16_224.fb_in1k,False,,,,adamw,0.05,0.0001,,0,200,448,8,100,3333,,,,,13.7114,20.012,32.7933,10.4818,18.114888411918116,100.0,100.0,100.0,0.0451,19.8582,0.4121,78.5245,86.7967,86.7967,
camel.ee.nctu.edu.tw,103,aircraft,hideit3_base_patch16_224.fb_in1k,False,,,,adamw,0.05,0.0001,,0,200,448,8,300,3333,,,,3.0,35.8536,43.9544,57.7258,8.6376,40.9010131782409,100.0,100.0,100.0,0.0021,32.3757,0.4121,78.5245,86.7967,86.7967,
gpu,103,aircraft,hideit3_base_patch16_224.fb_in1k,False,,,,adamw,0.05,0.0001,,0,200,448,8,500,3333,,,,5.0,43.3843,52.2352,64.5065,10.2392,48.258672021048255,100.0,100.0,100.0,0.0003,47.9528,0.4121,67.1662,86.7967,86.7967,
camel.ee.nctu.edu.tw,103,aircraft,hideit3_base_patch16_224.fb_in1k,False,,,,adamw,0.05,0.0005,,0,200,448,8,100,3333,,,,,9.901,15.5116,25.7726,17.0864,13.563664058713565,100.0,100.0,100.0,0.0024,20.1452,0.4121,78.5245,86.7967,86.7967,
camel.ee.nctu.edu.tw,103,aircraft,hideit3_base_patch16_224.fb_in1k,False,,,,adamw,0.05,0.0005,,0,200,448,8,300,3333,,,,3.0,17.1917,23.1923,34.7135,20.1152,21.235200443121236,100.0,100.0,100.0,0.0002,32.446,0.4121,78.5245,86.7967,86.7967,
gpu,103,aircraft,hideit3_base_patch16_224.fb_in1k,False,,,,adamw,0.05,0.0005,,0,200,448,8,500,3333,,,,5.0,24.0924,30.7831,42.5443,20.568,28.35052736042835,100.0,100.0,100.0,0.0001,47.8719,0.4121,67.1662,86.7967,86.7967,
camel.ee.nctu.edu.tw,103,aircraft,hideit3_base_patch16_224.fb_in1k,False,,,,adamw,0.05,0.001,,0,200,448,8,100,3333,,,,,5.9406,8.2208,17.3117,22.3305,8.564702624108564,100.0,100.0,100.0,0.0008,20.0489,0.4121,78.5245,86.7967,86.7967,
camel.ee.nctu.edu.tw,103,aircraft,hideit3_base_patch16_224.fb_in1k,False,,,,adamw,0.05,0.001,,0,200,448,8,300,3333,,,,3.0,6.4806,9.2109,19.4419,24.4639,9.471716402409472,100.0,100.0,100.0,0.0098,32.5521,0.4121,78.5245,86.7967,86.7967,
gpu,103,aircraft,hideit3_base_patch16_224.fb_in1k,False,,,,adamw,0.05,0.001,,0,200,448,8,500,3333,,,,5.0,5.8506,7.8308,16.9217,16.5302,8.405455930208406,86.8952,82.6613,73.1855,2.3553,47.8678,0.4121,67.1662,86.7967,86.7967,
camel.ee.nctu.edu.tw,103,aircraft,hideit3_base_patch16_224.fb_in1k,False,,,,sgd,0.0,0.003,,0,200,448,8,100,3333,,,,,10.7411,17.1317,31.2631,10.3504,15.476932308615478,100.0,100.0,100.0,1.996,19.6542,0.4121,78.5245,86.7967,86.7967,
camel.ee.nctu.edu.tw,103,aircraft,hideit3_base_patch16_224.fb_in1k,False,,,,sgd,0.0,0.003,,0,200,448,8,300,3333,,,,3.0,30.213,37.9538,50.225,7.4928,34.83117542523483,100.0,100.0,100.0,0.2107,31.5684,0.4121,78.5245,86.7967,86.7967,
gpu,103,aircraft,hideit3_base_patch16_224.fb_in1k,False,,,,sgd,0.0,0.003,,0,200,448,8,500,3333,,,,5.0,43.7144,51.6652,62.7663,5.6691,48.11096494264812,100.0,100.0,100.0,0.0464,46.6674,0.4121,67.1662,86.7967,86.7967,
camel.ee.nctu.edu.tw,103,aircraft,hideit3_base_patch16_224.fb_in1k,False,,,,sgd,0.0,0.01,,0,200,448,8,100,3333,,,,,11.9712,18.3318,32.0132,10.4272,16.5962750121166,100.0,100.0,100.0,0.0257,19.6406,0.4121,78.5245,86.7967,86.7967,
camel.ee.nctu.edu.tw,103,aircraft,hideit3_base_patch16_224.fb_in1k,False,,,,sgd,0.0,0.01,,0,200,448,8,300,3333,,,,3.0,33.5134,41.4941,54.0354,7.0979,38.24920953633825,100.0,100.0,100.0,0.0045,31.6857,0.4121,78.5245,86.7967,86.7967,
gpu,103,aircraft,hideit3_base_patch16_224.fb_in1k,False,,,,sgd,0.0,0.01,,0,200,448,8,500,3333,,,,5.0,47.1647,55.6556,67.4167,5.5943,51.83826074915184,100.0,100.0,100.0,0.0024,46.5614,0.4121,67.1662,86.7967,86.7967,
camel.ee.nctu.edu.tw,103,aircraft,hideit3_base_patch16_224.fb_in1k,False,,,,sgd,0.0,0.03,,0,200,448,8,100,3333,,,,,12.7213,20.042,32.2232,10.7309,17.221722172217223,100.0,100.0,100.0,0.004,19.4054,0.4121,78.5245,86.7967,86.7967,
camel.ee.nctu.edu.tw,103,aircraft,hideit3_base_patch16_224.fb_in1k,False,,,,sgd,0.0,0.03,,0,200,448,8,300,3333,,,,3.0,36.4536,45.1245,58.3558,7.1205,41.507996953541515,100.0,100.0,100.0,0.0009,31.6515,0.4121,78.5245,86.7967,86.7967,
gpu,103,aircraft,hideit3_base_patch16_224.fb_in1k,False,,,,sgd,0.0,0.03,,0,200,448,8,500,3333,,,,5.0,49.2649,58.5959,69.3669,5.8053,53.90385192365391,100.0,100.0,100.0,0.0006,46.5372,0.4121,67.1662,86.7967,86.7967,
camel.ee.nctu.edu.tw,103,aircraft,hideit3_base_patch16_224.fb_in1k,False,,,,sgd,0.0,0.1,,0,200,448,8,100,3333,,,,,13.7414,19.4119,30.183,13.4532,17.535599713817536,100.0,100.0,100.0,0.0005,19.6793,0.4121,78.5245,86.7967,86.7967,
camel.ee.nctu.edu.tw,103,aircraft,hideit3_base_patch16_224.fb_in1k,False,,,,sgd,0.0,0.1,,0,200,448,8,300,3333,,,,3.0,28.4428,36.0636,48.2448,13.4105,33.012532022433014,100.0,100.0,100.0,0.0001,31.7721,0.4121,78.5245,86.7967,86.7967,
gpu,103,aircraft,hideit3_base_patch16_224.fb_in1k,False,,,,sgd,0.0,0.1,,0,200,448,8,500,3333,,,,5.0,41.2241,49.565,61.7462,11.4903,45.95998061344597,100.0,100.0,100.0,0.0001,46.3351,0.4121,67.1662,86.7967,86.7967,
camel.ee.nctu.edu.tw,103,aircraft,hideit3_base_patch16_224.fb_in22k_ft_in1k,False,,,,adamw,0.05,5e-06,,0,200,448,8,100,3333,,,,,9.541,13.9514,28.1428,11.1691,13.833691061413834,100.0,100.0,100.0,2.6498,19.9787,0.4121,78.5245,86.7967,86.7967,
camel.ee.nctu.edu.tw,103,aircraft,hideit3_base_patch16_224.fb_in22k_ft_in1k,False,,,,adamw,0.05,5e-06,,0,200,448,8,300,3333,,,,3.0,26.1626,36.0036,49.4149,8.6517,31.52853746913153,100.0,100.0,100.0,0.665,32.577,0.4121,78.5245,86.7967,86.7967,
gpu,103,aircraft,hideit3_base_patch16_224.fb_in22k_ft_in1k,False,,,,adamw,0.05,5e-06,,0,200,448,8,500,3333,,,,5.0,43.9844,53.9154,67.2067,6.0336,49.34339587804935,100.0,100.0,100.0,0.1757,48.287,0.4121,67.1662,86.7967,86.7967,
camel.ee.nctu.edu.tw,103,aircraft,hideit3_base_patch16_224.fb_in22k_ft_in1k,False,,,,adamw,0.05,1e-05,,0,200,448,8,100,3333,,,,,9.961,14.6415,30.303,11.0171,14.655311685014656,100.0,100.0,100.0,2.045,19.9585,0.4121,78.5245,86.7967,86.7967,
camel.ee.nctu.edu.tw,103,aircraft,hideit3_base_patch16_224.fb_in22k_ft_in1k,False,,,,adamw,0.05,1e-05,,0,200,448,8,300,3333,,,,3.0,28.3528,37.4137,50.6451,8.2817,33.4971958734335,100.0,100.0,100.0,0.3097,32.4552,0.4121,78.5245,86.7967,86.7967,
gpu,103,aircraft,hideit3_base_patch16_224.fb_in22k_ft_in1k,False,,,,adamw,0.05,1e-05,,0,200,448,8,500,3333,,,,5.0,45.8446,56.0156,68.2868,5.8251,51.02356389485103,100.0,100.0,100.0,0.0598,48.2686,0.4121,67.1662,86.7967,86.7967,
camel.ee.nctu.edu.tw,103,aircraft,hideit3_base_patch16_224.fb_in22k_ft_in1k,False,,,,adamw,0.05,5e-05,,0,200,448,8,100,3333,,,,,12.3312,18.5719,33.3633,10.5362,17.184795402617187,100.0,100.0,100.0,0.261,20.1346,0.4121,78.5245,86.7967,86.7967,
camel.ee.nctu.edu.tw,103,aircraft,hideit3_base_patch16_224.fb_in22k_ft_in1k,False,,,,adamw,0.05,5e-05,,0,200,448,8,300,3333,,,,3.0,35.3435,45.8746,58.8959,7.4519,40.77869325394079,100.0,100.0,100.0,0.0084,32.4878,0.4121,78.5245,86.7967,86.7967,
gpu,103,aircraft,hideit3_base_patch16_224.fb_in22k_ft_in1k,False,,,,adamw,0.05,5e-05,,0,200,448,8,500,3333,,,,5.0,49.655,59.1359,72.3372,7.2725,54.889335087354894,100.0,100.0,100.0,0.0012,48.1533,0.4121,67.1662,86.7967,86.7967,
camel.ee.nctu.edu.tw,103,aircraft,hideit3_base_patch16_224.fb_in22k_ft_in1k,False,,,,adamw,0.05,0.0001,,0,200,448,8,100,3333,,,,,13.2013,19.1719,34.1734,10.6896,18.041034872718043,100.0,100.0,100.0,0.0448,19.9072,0.4121,78.5245,86.7967,86.7967,
camel.ee.nctu.edu.tw,103,aircraft,hideit3_base_patch16_224.fb_in22k_ft_in1k,False,,,,adamw,0.05,0.0001,,0,200,448,8,300,3333,,,,3.0,37.2637,46.1146,59.2859,8.7992,42.34577303884235,100.0,100.0,100.0,0.0021,32.2975,0.4121,78.5245,86.7967,86.7967,
gpu,103,aircraft,hideit3_base_patch16_224.fb_in22k_ft_in1k,False,,,,adamw,0.05,0.0001,,0,200,448,8,500,3333,,,,5.0,46.3246,55.8356,69.3969,9.4567,51.64901105495166,100.0,100.0,100.0,0.0004,48.0666,0.4121,67.1662,86.7967,86.7967,
camel.ee.nctu.edu.tw,103,aircraft,hideit3_base_patch16_224.fb_in22k_ft_in1k,False,,,,adamw,0.05,0.0005,,0,200,448,8,100,3333,,,,,7.2007,10.351,20.162,19.4289,10.191788409610194,100.0,100.0,100.0,0.0029,19.9445,0.4121,78.5245,86.7967,86.7967,
camel.ee.nctu.edu.tw,103,aircraft,hideit3_base_patch16_224.fb_in22k_ft_in1k,False,,,,adamw,0.05,0.0005,,0,200,448,8,300,3333,,,,3.0,16.2016,20.7021,32.4932,19.7485,19.961226891919964,100.0,100.0,100.0,0.0003,32.3388,0.4121,78.5245,86.7967,86.7967,
gpu,103,aircraft,hideit3_base_patch16_224.fb_in22k_ft_in1k,False,,,,adamw,0.05,0.0005,,0,200,448,8,500,3333,,,,5.0,21.2121,27.4827,39.664,19.2708,25.47023933162547,100.0,100.0,100.0,0.0001,48.0105,0.4121,67.1662,86.7967,86.7967,
camel.ee.nctu.edu.tw,103,aircraft,hideit3_base_patch16_224.fb_in22k_ft_in1k,False,,,,adamw,0.05,0.001,,0,200,448,8,100,3333,,,,,5.2205,7.8608,15.8416,20.8193,7.671536384407672,100.0,100.0,100.0,0.0011,19.8514,0.4121,78.5245,86.7967,86.7967,
camel.ee.nctu.edu.tw,103,aircraft,hideit3_base_patch16_224.fb_in22k_ft_in1k,False,,,,adamw,0.05,0.001,,0,200,448,8,300,3333,,,,3.0,6.0006,8.4608,19.622,24.382,9.143991322209144,99.6622,99.6622,100.0,0.0355,32.3643,0.4121,78.5245,86.7967,86.7967,
gpu,103,aircraft,hideit3_base_patch16_224.fb_in22k_ft_in1k,False,,,,adamw,0.05,0.001,,0,200,448,8,500,3333,,,,5.0,6.4506,9.2109,19.3519,20.1889,9.427865863509428,99.1935,98.3871,95.1613,0.4031,47.8941,0.4121,67.1662,86.7967,86.7967,
camel.ee.nctu.edu.tw,103,aircraft,hideit3_base_patch16_224.fb_in22k_ft_in1k,False,,,,sgd,0.0,0.003,,0,200,448,8,100,3333,,,,,11.2811,17.7318,30.8131,10.4113,15.788501927115789,100.0,100.0,100.0,2.0252,19.8371,0.4121,78.5245,86.7967,86.7967,
camel.ee.nctu.edu.tw,103,aircraft,hideit3_base_patch16_224.fb_in22k_ft_in1k,False,,,,sgd,0.0,0.003,,0,200,448,8,300,3333,,,,3.0,27.7528,37.3537,50.075,7.4807,32.90405963673291,100.0,100.0,100.0,0.2176,31.5422,0.4121,78.5245,86.7967,86.7967,
gpu,103,aircraft,hideit3_base_patch16_224.fb_in22k_ft_in1k,False,,,,sgd,0.0,0.003,,0,200,448,8,500,3333,,,,5.0,43.2643,53.7354,66.3366,5.2959,48.58870502434859,100.0,100.0,100.0,0.0427,46.7772,0.4121,67.1662,86.7967,86.7967,
camel.ee.nctu.edu.tw,103,aircraft,hideit3_base_patch16_224.fb_in22k_ft_in1k,False,,,,sgd,0.0,0.01,,0,200,448,8,100,3333,,,,,11.7312,18.3618,33.4533,10.5319,16.743982090516745,100.0,100.0,100.0,0.0281,19.7383,0.4121,78.5245,86.7967,86.7967,
camel.ee.nctu.edu.tw,103,aircraft,hideit3_base_patch16_224.fb_in22k_ft_in1k,False,,,,sgd,0.0,0.01,,0,200,448,8,300,3333,,,,3.0,32.3432,43.0243,54.9355,6.9901,37.55683260633756,100.0,100.0,100.0,0.0044,31.7389,0.4121,78.5245,86.7967,86.7967,
gpu,103,aircraft,hideit3_base_patch16_224.fb_in22k_ft_in1k,False,,,,sgd,0.0,0.01,,0,200,448,8,500,3333,,,,5.0,47.4047,57.0657,69.907,5.12,52.597567449052605,100.0,100.0,100.0,0.0025,46.7614,0.4121,67.1662,86.7967,86.7967,
camel.ee.nctu.edu.tw,103,aircraft,hideit3_base_patch16_224.fb_in22k_ft_in1k,False,,,,sgd,0.0,0.03,,0,200,448,8,100,3333,,,,,12.9313,20.012,34.6835,10.9563,17.951025871817954,100.0,100.0,100.0,0.0038,19.4608,0.4121,78.5245,86.7967,86.7967,
camel.ee.nctu.edu.tw,103,aircraft,hideit3_base_patch16_224.fb_in22k_ft_in1k,False,,,,sgd,0.0,0.03,,0,200,448,8,300,3333,,,,3.0,35.8536,45.5746,59.3459,7.0957,41.27489672044128,100.0,100.0,100.0,0.0009,31.7431,0.4121,78.5245,86.7967,86.7967,
gpu,103,aircraft,hideit3_base_patch16_224.fb_in22k_ft_in1k,False,,,,sgd,0.0,0.03,,0,200,448,8,500,3333,,,,5.0,51.1851,60.8761,73.1173,5.2773,56.246393870156254,100.0,100.0,100.0,0.0006,46.6701,0.4121,67.1662,86.7967,86.7967,
camel.ee.nctu.edu.tw,103,aircraft,hideit3_base_patch16_224.fb_in22k_ft_in1k,False,,,,sgd,0.0,0.1,,0,200,448,8,100,3333,,,,,12.8413,19.4419,31.1431,14.5766,17.064783401417067,100.0,100.0,100.0,0.0005,19.7259,0.4121,78.5245,86.7967,86.7967,
camel.ee.nctu.edu.tw,103,aircraft,hideit3_base_patch16_224.fb_in22k_ft_in1k,False,,,,sgd,0.0,0.1,,0,200,448,8,300,3333,,,,3.0,27.6928,35.9136,49.655,13.3178,32.76096840453276,100.0,100.0,100.0,0.0001,31.8575,0.4121,78.5245,86.7967,86.7967,
gpu,103,aircraft,hideit3_base_patch16_224.fb_in22k_ft_in1k,False,,,,sgd,0.0,0.1,,0,200,448,8,500,3333,,,,5.0,39.2739,47.0747,61.2661,11.9447,44.34905028964435,100.0,100.0,100.0,0.0001,46.4927,0.4121,67.1662,86.7967,86.7967,
camel.ee.nctu.edu.tw,103,aircraft,hideit_base_patch16_224.fb_in1k,False,,,,adamw,0.05,5e-06,,0,200,448,8,100,3333,,,,,7.2607,11.2211,22.8923,11.4407,10.868009877910868,100.0,100.0,100.0,2.886,19.6938,0.4121,78.51,86.779,86.779,
camel.ee.nctu.edu.tw,103,aircraft,hideit_base_patch16_224.fb_in1k,False,,,,adamw,0.05,5e-06,,0,200,448,8,300,3333,,,,3.0,19.1719,25.9826,39.3639,9.7513,23.83161393062383,100.0,100.0,100.0,0.7794,31.777,0.4121,78.51,86.779,86.779,
gpu,103,aircraft,hideit_base_patch16_224.fb_in1k,False,,,,adamw,0.05,5e-06,,0,200,448,8,500,3333,,,,5.0,34.9235,41.7042,55.8356,7.5348,39.74935955133975,100.0,100.0,100.0,0.2192,46.6805,0.4121,67.1517,86.779,86.779,
camel.ee.nctu.edu.tw,103,aircraft,hideit_base_patch16_224.fb_in1k,False,,,,adamw,0.05,1e-05,,0,200,448,8,100,3333,,,,,7.2907,10.8911,23.4023,11.3712,11.008793187011008,100.0,100.0,100.0,2.2159,19.9624,0.4121,78.51,86.779,86.779,
camel.ee.nctu.edu.tw,103,aircraft,hideit_base_patch16_224.fb_in1k,False,,,,adamw,0.05,1e-05,,0,200,448,8,300,3333,,,,3.0,20.102,27.1227,41.2541,9.4523,24.983267557524982,100.0,100.0,100.0,0.3624,31.8945,0.4121,78.51,86.779,86.779,
gpu,103,aircraft,hideit_base_patch16_224.fb_in1k,False,,,,adamw,0.05,1e-05,,0,200,448,8,500,3333,,,,5.0,37.6538,44.7345,58.2658,7.1844,42.41039488564241,100.0,100.0,100.0,0.071,46.6415,0.4121,67.1517,86.779,86.779,
camel.ee.nctu.edu.tw,103,aircraft,hideit_base_patch16_224.fb_in1k,False,,,,adamw,0.05,5e-05,,0,200,448,8,100,3333,,,,,8.9709,12.9613,26.8227,10.9817,13.090539823213092,100.0,100.0,100.0,0.2842,20.0548,0.4121,78.51,86.779,86.779,
camel.ee.nctu.edu.tw,103,aircraft,hideit_base_patch16_224.fb_in1k,False,,,,adamw,0.05,5e-05,,0,200,448,8,300,3333,,,,3.0,26.9427,34.8035,48.2448,8.7564,31.858570472431865,100.0,100.0,100.0,0.0089,31.7306,0.4121,78.51,86.779,86.779,
gpu,103,aircraft,hideit_base_patch16_224.fb_in1k,False,,,,adamw,0.05,5e-05,,0,200,448,8,500,3333,,,,5.0,43.1443,51.4251,63.1563,7.5543,47.762468554547766,100.0,100.0,100.0,0.0012,46.5256,0.4121,67.1517,86.779,86.779,
camel.ee.nctu.edu.tw,103,aircraft,hideit_base_patch16_224.fb_in1k,False,,,,adamw,0.05,0.0001,,0,200,448,8,100,3333,,,,,10.021,14.8815,28.5929,11.2059,14.306815296914309,100.0,100.0,100.0,0.0467,19.5839,0.4121,78.51,86.779,86.779,
camel.ee.nctu.edu.tw,103,aircraft,hideit_base_patch16_224.fb_in1k,False,,,,adamw,0.05,0.0001,,0,200,448,8,300,3333,,,,3.0,28.9829,36.9037,49.775,9.4268,33.78107041473378,100.0,100.0,100.0,0.0023,31.8394,0.4121,78.51,86.779,86.779,
gpu,103,aircraft,hideit_base_patch16_224.fb_in1k,False,,,,adamw,0.05,0.0001,,0,200,448,8,500,3333,,,,5.0,42.2742,50.435,63.8464,8.6198,47.25241754944725,100.0,100.0,100.0,0.0004,46.4396,0.4121,67.1517,86.779,86.779,
camel.ee.nctu.edu.tw,103,aircraft,hideit_base_patch16_224.fb_in1k,False,,,,adamw,0.05,0.0005,,0,200,448,8,100,3333,,,,,8.6709,12.5713,23.2823,16.504,12.042742735812045,100.0,100.0,100.0,0.0027,19.6887,0.4121,78.51,86.779,86.779,
camel.ee.nctu.edu.tw,103,aircraft,hideit_base_patch16_224.fb_in1k,False,,,,adamw,0.05,0.0005,,0,200,448,8,300,3333,,,,3.0,15.0015,19.652,30.483,17.8185,18.574165108818576,100.0,100.0,100.0,0.0002,31.8346,0.4121,78.51,86.779,86.779,
gpu,103,aircraft,hideit_base_patch16_224.fb_in1k,False,,,,adamw,0.05,0.0005,,0,200,448,8,500,3333,,,,5.0,22.0822,27.1827,38.8239,17.6128,25.945671490225948,100.0,100.0,100.0,0.0001,46.3426,0.4121,67.1517,86.779,86.779,
camel.ee.nctu.edu.tw,103,aircraft,hideit_base_patch16_224.fb_in1k,False,,,,adamw,0.05,0.001,,0,200,448,8,100,3333,,,,,5.2505,7.9808,16.9217,21.0225,7.943871310207944,100.0,100.0,100.0,0.0008,19.8223,0.4121,78.51,86.779,86.779,
camel.ee.nctu.edu.tw,103,aircraft,hideit_base_patch16_224.fb_in1k,False,,,,adamw,0.05,0.001,,0,200,448,8,300,3333,,,,3.0,11.9712,15.5416,26.9127,20.1544,15.41923423111542,100.0,100.0,100.0,0.0008,32.024,0.4121,78.51,86.779,86.779,
gpu,103,aircraft,hideit_base_patch16_224.fb_in1k,False,,,,adamw,0.05,0.001,,0,200,448,8,500,3333,,,,5.0,10.471,14.1314,26.0726,22.0661,14.071407140714072,99.7984,99.7984,99.5968,0.0372,46.3029,0.4121,67.1517,86.779,86.779,
camel.ee.nctu.edu.tw,103,aircraft,hideit_base_patch16_224.fb_in1k,False,,,,sgd,0.0,0.003,,0,200,448,8,100,3333,,,,,8.9709,15.6316,26.5227,10.8646,13.021302130213025,100.0,100.0,100.0,1.6927,19.3004,0.4121,78.51,86.779,86.779,
camel.ee.nctu.edu.tw,103,aircraft,hideit_base_patch16_224.fb_in1k,False,,,,sgd,0.0,0.003,,0,200,448,8,300,3333,,,,3.0,22.8023,29.613,41.3441,8.7259,27.08116965542708,100.0,100.0,100.0,0.2008,31.078,0.4121,78.51,86.779,86.779,
gpu,103,aircraft,hideit_base_patch16_224.fb_in1k,False,,,,sgd,0.0,0.003,,0,200,448,8,500,3333,,,,5.0,34.5935,42.8443,53.4953,6.943,38.95543400493896,100.0,100.0,100.0,0.0557,45.1221,0.4121,67.1517,86.779,86.779,
camel.ee.nctu.edu.tw,103,aircraft,hideit_base_patch16_224.fb_in1k,False,,,,sgd,0.0,0.01,,0,200,448,8,100,3333,,,,,10.051,15.9016,27.6328,11.2872,14.108333910314109,100.0,100.0,100.0,0.0226,19.588,0.4121,78.51,86.779,86.779,
camel.ee.nctu.edu.tw,103,aircraft,hideit_base_patch16_224.fb_in1k,False,,,,sgd,0.0,0.01,,0,200,448,8,300,3333,,,,3.0,25.6826,32.8233,45.3345,8.7337,30.21763714833022,100.0,100.0,100.0,0.0042,30.9899,0.4121,78.51,86.779,86.779,
gpu,103,aircraft,hideit_base_patch16_224.fb_in1k,False,,,,sgd,0.0,0.01,,0,200,448,8,500,3333,,,,5.0,38.5839,46.0246,58.3258,6.7508,43.13969858524314,100.0,100.0,100.0,0.0027,45.1185,0.4121,67.1517,86.779,86.779,
camel.ee.nctu.edu.tw,103,aircraft,hideit_base_patch16_224.fb_in1k,False,,,,sgd,0.0,0.03,,0,200,448,8,100,3333,,,,,10.6811,16.6217,29.0729,11.6326,14.925338687714929,100.0,100.0,100.0,0.0037,19.2895,0.4121,78.51,86.779,86.779,
camel.ee.nctu.edu.tw,103,aircraft,hideit_base_patch16_224.fb_in1k,False,,,,sgd,0.0,0.03,,0,200,448,8,300,3333,,,,3.0,27.2427,34.6535,48.1548,8.8045,32.06859147453207,100.0,100.0,100.0,0.0009,31.2034,0.4121,78.51,86.779,86.779,
gpu,103,aircraft,hideit_base_patch16_224.fb_in1k,False,,,,sgd,0.0,0.03,,0,200,448,8,500,3333,,,,5.0,42.6643,51.0351,62.7363,6.6184,47.2962680883473,100.0,100.0,100.0,0.0006,45.1094,0.4121,67.1517,86.779,86.779,
camel.ee.nctu.edu.tw,103,aircraft,hideit_base_patch16_224.fb_in1k,False,,,,sgd,0.0,0.1,,0,200,448,8,100,3333,,,,,11.0111,17.0117,28.5329,13.7584,15.054582381315056,100.0,100.0,100.0,0.0006,19.4607,0.4121,78.51,86.779,86.779,
camel.ee.nctu.edu.tw,103,aircraft,hideit_base_patch16_224.fb_in1k,False,,,,sgd,0.0,0.1,,0,200,448,8,300,3333,,,,3.0,25.2625,32.8833,44.0744,12.845,29.603729603729604,100.0,100.0,100.0,0.0001,31.0112,0.4121,78.51,86.779,86.779,
gpu,103,aircraft,hideit_base_patch16_224.fb_in1k,False,,,,sgd,0.0,0.1,,0,200,448,8,500,3333,,,,5.0,37.3237,44.4944,56.6757,11.5497,41.789563571741795,100.0,100.0,100.0,0.0001,44.8413,0.4121,67.1517,86.779,86.779,
camel.ee.nctu.edu.tw,103,aircraft,hiresnet50.a1_in1k,False,,,,adamw,0.05,5e-06,,0,200,448,8,100,3333,,,,,7.8608,10.291,24.0024,11.4738,11.585773962011586,100.0,95.8333,91.6667,4.9732,16.5193,4.3984,16.3943,24.8048,24.8048,
camel.ee.nctu.edu.tw,103,aircraft,hiresnet50.a1_in1k,False,,,,adamw,0.05,5e-06,,0,200,448,8,300,3333,,,,3.0,24.7525,31.8032,45.3945,8.7761,29.516028525929517,100.0,100.0,99.3243,2.3427,23.018,4.3984,16.3943,24.8048,24.8048,
gpu,103,aircraft,hiresnet50.a1_in1k,False,,,,adamw,0.05,5e-06,,0,200,448,8,500,3333,,,,5.0,35.8536,45.5146,57.9958,6.9032,40.96332710194096,99.7984,99.3952,98.5887,1.3566,22.1434,4.3984,16.3943,24.8048,24.8048,
camel.ee.nctu.edu.tw,103,aircraft,hiresnet50.a1_in1k,False,,,,adamw,0.05,1e-05,,0,200,448,8,100,3333,,,,,9.3609,13.0213,26.9127,11.1041,13.411341134113412,100.0,100.0,96.875,3.3663,16.4993,4.3984,16.3943,24.8048,24.8048,
camel.ee.nctu.edu.tw,103,aircraft,hiresnet50.a1_in1k,False,,,,adamw,0.05,1e-05,,0,200,448,8,300,3333,,,,3.0,28.0528,36.3036,48.3048,8.2295,32.72634955803273,100.0,100.0,100.0,1.0393,22.9704,4.3984,16.3943,24.8048,24.8048,
gpu,103,aircraft,hiresnet50.a1_in1k,False,,,,adamw,0.05,1e-05,,0,200,448,8,500,3333,,,,5.0,39.814,49.0249,60.6961,6.2563,44.63292483094464,100.0,100.0,99.7984,0.4257,22.0711,4.3984,16.3943,24.8048,24.8048,
camel.ee.nctu.edu.tw,103,aircraft,hiresnet50.a1_in1k,False,,,,adamw,0.05,5e-05,,0,200,448,8,100,3333,,,,,14.3114,20.7021,34.0234,10.0291,18.86034757321886,100.0,100.0,100.0,0.1222,16.529,4.3984,16.3943,24.8048,24.8048,
camel.ee.nctu.edu.tw,103,aircraft,hiresnet50.a1_in1k,False,,,,adamw,0.05,5e-05,,0,200,448,8,300,3333,,,,3.0,35.4035,44.1344,55.2655,6.9542,39.98707563063999,100.0,100.0,100.0,0.0086,22.9956,4.3984,16.3943,24.8048,24.8048,
gpu,103,aircraft,hiresnet50.a1_in1k,False,,,,adamw,0.05,5e-05,,0,200,448,8,500,3333,,,,5.0,46.5647,55.8056,65.7066,5.3901,50.98202127905098,100.0,100.0,100.0,0.003,22.1579,4.3984,16.3943,24.8048,24.8048,
camel.ee.nctu.edu.tw,103,aircraft,hiresnet50.a1_in1k,False,,,,adamw,0.05,0.0001,,0,200,448,8,100,3333,,,,,15.4815,22.8023,36.3936,9.8207,20.30741535692031,100.0,100.0,100.0,0.0185,16.3813,4.3984,16.3943,24.8048,24.8048,
camel.ee.nctu.edu.tw,103,aircraft,hiresnet50.a1_in1k,False,,,,adamw,0.05,0.0001,,0,200,448,8,300,3333,,,,3.0,37.4737,45.3045,58.0858,6.7131,42.230376883842226,100.0,100.0,100.0,0.0016,22.8465,4.3984,16.3943,24.8048,24.8048,
gpu,103,aircraft,hiresnet50.a1_in1k,False,,,,adamw,0.05,0.0001,,0,200,448,8,500,3333,,,,5.0,48.0648,56.8557,68.0468,5.3637,52.67603683445268,100.0,100.0,100.0,0.0007,22.1596,4.3984,16.3943,24.8048,24.8048,
camel.ee.nctu.edu.tw,103,aircraft,hiresnet50.a1_in1k,False,,,,adamw,0.05,0.0005,,0,200,448,8,100,3333,,,,,16.5317,23.6724,37.1137,10.222,21.28135890512128,100.0,100.0,100.0,0.0013,16.5169,4.3984,16.3943,24.8048,24.8048,
camel.ee.nctu.edu.tw,103,aircraft,hiresnet50.a1_in1k,False,,,,adamw,0.05,0.0005,,0,200,448,8,300,3333,,,,3.0,39.3339,48.1248,61.2061,6.971,44.381361213044386,100.0,100.0,100.0,0.0002,22.86,4.3984,16.3943,24.8048,24.8048,
gpu,103,aircraft,hiresnet50.a1_in1k,False,,,,adamw,0.05,0.0005,,0,200,448,8,500,3333,,,,5.0,49.955,60.5461,73.0873,5.754,55.293221629855296,100.0,100.0,100.0,0.0001,22.1223,4.3984,16.3943,24.8048,24.8048,
camel.ee.nctu.edu.tw,103,aircraft,hiresnet50.a1_in1k,False,,,,adamw,0.05,0.001,,0,200,448,8,100,3333,,,,,15.7516,23.5524,37.8938,11.1666,20.861316900920865,100.0,100.0,100.0,0.0005,16.6767,4.3984,16.3943,24.8048,24.8048,
camel.ee.nctu.edu.tw,103,aircraft,hiresnet50.a1_in1k,False,,,,adamw,0.05,0.001,,0,200,448,8,300,3333,,,,3.0,38.5839,47.2847,61.9562,7.813,43.97747467054398,100.0,100.0,100.0,0.0002,23.2255,4.3984,16.3943,24.8048,24.8048,
gpu,103,aircraft,hiresnet50.a1_in1k,False,,,,adamw,0.05,0.001,,0,200,448,8,500,3333,,,,5.0,50.315,60.306,73.1773,6.5027,55.59094370975559,100.0,100.0,100.0,0.0002,21.9909,4.3984,16.3943,24.8048,24.8048,
camel.ee.nctu.edu.tw,103,aircraft,hiresnet50.a1_in1k,False,,,,sgd,0.0,0.003,,0,200,448,8,100,3333,,,,,6.4806,8.7909,24.1224,11.2712,10.551824413210552,98.9583,89.5833,82.2917,4.692,16.4651,4.3984,16.3943,24.8048,24.8048,
camel.ee.nctu.edu.tw,103,aircraft,hiresnet50.a1_in1k,False,,,,sgd,0.0,0.003,,0,200,448,8,300,3333,,,,3.0,20.372,27.4827,40.414,8.8988,24.997115096124997,99.6622,98.6486,96.6216,2.0091,22.7627,4.3984,16.3943,24.8048,24.8048,
gpu,103,aircraft,hiresnet50.a1_in1k,False,,,,sgd,0.0,0.003,,0,200,448,8,500,3333,,,,5.0,31.4131,38.8239,49.835,7.285,35.66433566433567,100.0,99.7984,98.1855,1.164,21.5758,4.3984,16.3943,24.8048,24.8048,
camel.ee.nctu.edu.tw,103,aircraft,hiresnet50.a1_in1k,False,,,,sgd,0.0,0.01,,0,200,448,8,100,3333,,,,,12.0912,17.5818,30.393,10.5166,16.314708393916316,100.0,100.0,100.0,0.1356,16.4556,4.3984,16.3943,24.8048,24.8048,
camel.ee.nctu.edu.tw,103,aircraft,hiresnet50.a1_in1k,False,,,,sgd,0.0,0.01,,0,200,448,8,300,3333,,,,3.0,29.4629,37.1137,47.2847,8.4639,33.57566525883358,100.0,100.0,99.6622,0.0144,22.3971,4.3984,16.3943,24.8048,24.8048,
gpu,103,aircraft,hiresnet50.a1_in1k,False,,,,sgd,0.0,0.01,,0,200,448,8,500,3333,,,,5.0,39.4839,47.6148,58.1758,6.8227,43.797456668743806,100.0,100.0,100.0,0.0121,21.5887,4.3984,16.3943,24.8048,24.8048,
camel.ee.nctu.edu.tw,103,aircraft,hiresnet50.a1_in1k,False,,,,sgd,0.0,0.03,,0,200,448,8,100,3333,,,,,12.7513,19.2919,31.0531,11.0329,16.974774400516978,100.0,100.0,100.0,0.0069,16.2401,4.3984,16.3943,24.8048,24.8048,
camel.ee.nctu.edu.tw,103,aircraft,hiresnet50.a1_in1k,False,,,,sgd,0.0,0.03,,0,200,448,8,300,3333,,,,3.0,32.9733,40.294,49.505,8.6532,36.78829421403679,100.0,100.0,100.0,0.0026,22.9223,4.3984,16.3943,24.8048,24.8048,
gpu,103,aircraft,hiresnet50.a1_in1k,False,,,,sgd,0.0,0.03,,0,200,448,8,500,3333,,,,5.0,42.9343,50.5551,59.2559,7.0601,46.70082392854671,100.0,100.0,100.0,0.0023,21.4892,4.3984,16.3943,24.8048,24.8048,
camel.ee.nctu.edu.tw,103,aircraft,hiresnet50.a1_in1k,False,,,,sgd,0.0,0.1,,0,200,448,8,100,3333,,,,,14.4914,20.7021,32.5533,12.5574,18.65955826351866,100.0,100.0,100.0,0.0009,16.4628,4.3984,16.3943,24.8048,24.8048,
camel.ee.nctu.edu.tw,103,aircraft,hiresnet50.a1_in1k,False,,,,sgd,0.0,0.1,,0,200,448,8,300,3333,,,,3.0,34.1434,39.844,52.2652,10.3338,38.32537099863833,100.0,100.0,100.0,0.0004,22.5448,4.3984,16.3943,24.8048,24.8048,
gpu,103,aircraft,hiresnet50.a1_in1k,False,,,,sgd,0.0,0.1,,0,200,448,8,500,3333,,,,5.0,43.0243,49.4449,62.5563,9.745,47.53167624454754,100.0,100.0,100.0,0.0008,21.5402,4.3984,16.3943,24.8048,24.8048,
camel.ee.nctu.edu.tw,103,aircraft,hiresnet50.fb_ssl_yfcc100m_ft_in1k,False,,,,adamw,0.05,5e-06,,0,200,448,8,100,3333,,,,,18.9319,25.0525,38.4038,10.1567,23.425419465023424,100.0,100.0,100.0,0.5743,16.8416,4.3984,16.3943,24.8048,24.8048,
camel.ee.nctu.edu.tw,103,aircraft,hiresnet50.fb_ssl_yfcc100m_ft_in1k,False,,,,adamw,0.05,5e-06,,0,200,448,8,300,3333,,,,3.0,44.0744,52.0252,64.1764,6.7081,48.71333287174872,100.0,100.0,100.0,0.0998,22.9275,4.3984,16.3943,24.8048,24.8048,
gpu,103,aircraft,hiresnet50.fb_ssl_yfcc100m_ft_in1k,False,,,,adamw,0.05,5e-06,,0,200,448,8,500,3333,,,,5.0,53.0753,62.0462,72.0972,4.9958,57.46497726695747,100.0,100.0,100.0,0.0297,22.2158,4.3984,16.3943,24.8048,24.8048,
camel.ee.nctu.edu.tw,103,aircraft,hiresnet50.fb_ssl_yfcc100m_ft_in1k,False,,,,adamw,0.05,1e-05,,0,200,448,8,100,3333,,,,,19.532,25.9826,38.7339,9.9806,23.963165547323964,100.0,100.0,100.0,0.3705,16.5327,4.3984,16.3943,24.8048,24.8048,
camel.ee.nctu.edu.tw,103,aircraft,hiresnet50.fb_ssl_yfcc100m_ft_in1k,False,,,,adamw,0.05,1e-05,,0,200,448,8,300,3333,,,,3.0,44.3144,52.6853,65.5266,6.3653,49.20953633824921,100.0,100.0,100.0,0.0415,22.8688,4.3984,16.3943,24.8048,24.8048,
gpu,103,aircraft,hiresnet50.fb_ssl_yfcc100m_ft_in1k,False,,,,adamw,0.05,1e-05,,0,200,448,8,500,3333,,,,5.0,53.2553,60.9661,71.0171,5.0552,57.35419695815736,100.0,100.0,100.0,0.0125,22.1715,4.3984,16.3943,24.8048,24.8048,
camel.ee.nctu.edu.tw,103,aircraft,hiresnet50.fb_ssl_yfcc100m_ft_in1k,False,,,,adamw,0.05,5e-05,,0,200,448,8,100,3333,,,,,21.8122,28.1128,40.6841,9.2944,26.16723210782617,100.0,100.0,100.0,0.0323,16.8823,4.3984,16.3943,24.8048,24.8048,
camel.ee.nctu.edu.tw,103,aircraft,hiresnet50.fb_ssl_yfcc100m_ft_in1k,False,,,,adamw,0.05,5e-05,,0,200,448,8,300,3333,,,,3.0,46.2946,54.4554,68.3168,5.6654,51.37667612915138,100.0,100.0,100.0,0.0023,22.9669,4.3984,16.3943,24.8048,24.8048,
gpu,103,aircraft,hiresnet50.fb_ssl_yfcc100m_ft_in1k,False,,,,adamw,0.05,5e-05,,0,200,448,8,500,3333,,,,5.0,56.3756,65.6466,75.9976,4.9219,60.903782685960905,100.0,100.0,100.0,0.0006,22.2133,4.3984,16.3943,24.8048,24.8048,
camel.ee.nctu.edu.tw,103,aircraft,hiresnet50.fb_ssl_yfcc100m_ft_in1k,False,,,,adamw,0.05,0.0001,,0,200,448,8,100,3333,,,,,20.9121,27.2127,41.6442,9.3104,25.6964157954257,100.0,100.0,100.0,0.01,16.8902,4.3984,16.3943,24.8048,24.8048,
camel.ee.nctu.edu.tw,103,aircraft,hiresnet50.fb_ssl_yfcc100m_ft_in1k,False,,,,adamw,0.05,0.0001,,0,200,448,8,300,3333,,,,3.0,47.0747,55.5956,69.967,5.7933,52.35754344665236,100.0,100.0,100.0,0.0007,23.0728,4.3984,16.3943,24.8048,24.8048,
gpu,103,aircraft,hiresnet50.fb_ssl_yfcc100m_ft_in1k,False,,,,adamw,0.05,0.0001,,0,200,448,8,500,3333,,,,5.0,56.3156,65.8866,77.6178,4.977,61.23150776616123,100.0,100.0,100.0,0.0003,22.1543,4.3984,16.3943,24.8048,24.8048,
camel.ee.nctu.edu.tw,103,aircraft,hiresnet50.fb_ssl_yfcc100m_ft_in1k,False,,,,adamw,0.05,0.0005,,0,200,448,8,100,3333,,,,,13.0213,20.252,35.5536,11.4246,18.22105287451822,100.0,100.0,100.0,0.0007,16.6481,4.3984,16.3943,24.8048,24.8048,
camel.ee.nctu.edu.tw,103,aircraft,hiresnet50.fb_ssl_yfcc100m_ft_in1k,False,,,,adamw,0.05,0.0005,,0,200,448,8,300,3333,,,,3.0,34.8635,45.0645,58.1758,8.0429,40.24325509474025,100.0,100.0,100.0,0.0003,22.7534,4.3984,16.3943,24.8048,24.8048,
gpu,103,aircraft,hiresnet50.fb_ssl_yfcc100m_ft_in1k,False,,,,adamw,0.05,0.0005,,0,200,448,8,500,3333,,,,5.0,48.3348,57.9958,69.727,6.8967,53.27148099425328,100.0,100.0,100.0,0.0002,22.1521,4.3984,16.3943,24.8048,24.8048,
camel.ee.nctu.edu.tw,103,aircraft,hiresnet50.fb_ssl_yfcc100m_ft_in1k,False,,,,adamw,0.05,0.001,,0,200,448,8,100,3333,,,,,10.321,16.3216,30.123,14.6116,14.890719841214892,100.0,100.0,100.0,0.0006,16.6671,4.3984,16.3943,24.8048,24.8048,
camel.ee.nctu.edu.tw,103,aircraft,hiresnet50.fb_ssl_yfcc100m_ft_in1k,False,,,,adamw,0.05,0.001,,0,200,448,8,300,3333,,,,3.0,28.4428,36.6037,49.2349,11.8509,33.24101640933324,100.0,100.0,100.0,0.0006,22.749,4.3984,16.3943,24.8048,24.8048,
gpu,103,aircraft,hiresnet50.fb_ssl_yfcc100m_ft_in1k,False,,,,adamw,0.05,0.001,,0,200,448,8,500,3333,,,,5.0,35.3735,44.4944,58.1758,11.043,40.63560202174064,100.0,100.0,100.0,0.0025,22.0717,4.3984,16.3943,24.8048,24.8048,
camel.ee.nctu.edu.tw,103,aircraft,hiresnet50.fb_ssl_yfcc100m_ft_in1k,False,,,,sgd,0.0,0.003,,0,200,448,8,100,3333,,,,,16.0816,22.5623,35.0735,10.2644,20.464354127720465,100.0,100.0,100.0,0.9843,16.5286,4.3984,16.3943,24.8048,24.8048,
camel.ee.nctu.edu.tw,103,aircraft,hiresnet50.fb_ssl_yfcc100m_ft_in1k,False,,,,sgd,0.0,0.003,,0,200,448,8,300,3333,,,,3.0,40.5941,48.9649,61.5962,6.9067,45.44069791594544,100.0,100.0,100.0,0.1588,22.3764,4.3984,16.3943,24.8048,24.8048,
gpu,103,aircraft,hiresnet50.fb_ssl_yfcc100m_ft_in1k,False,,,,sgd,0.0,0.003,,0,200,448,8,500,3333,,,,5.0,53.7054,62.9463,74.0774,4.8708,58.40660989175841,100.0,100.0,100.0,0.0549,21.5581,4.3984,16.3943,24.8048,24.8048,
camel.ee.nctu.edu.tw,103,aircraft,hiresnet50.fb_ssl_yfcc100m_ft_in1k,False,,,,sgd,0.0,0.01,,0,200,448,8,100,3333,,,,,19.622,26.2826,39.604,9.5087,24.233192550024235,100.0,100.0,100.0,0.0266,16.9934,4.3984,16.3943,24.8048,24.8048,
camel.ee.nctu.edu.tw,103,aircraft,hiresnet50.fb_ssl_yfcc100m_ft_in1k,False,,,,sgd,0.0,0.01,,0,200,448,8,300,3333,,,,3.0,44.2844,53.6754,66.6067,5.853,49.43571280204944,100.0,100.0,100.0,0.0051,22.48,4.3984,16.3943,24.8048,24.8048,
gpu,103,aircraft,hiresnet50.fb_ssl_yfcc100m_ft_in1k,False,,,,sgd,0.0,0.01,,0,200,448,8,500,3333,,,,5.0,57.2457,65.9166,76.8977,4.1403,61.780793463961786,100.0,100.0,100.0,0.0026,21.5253,4.3984,16.3943,24.8048,24.8048,
camel.ee.nctu.edu.tw,103,aircraft,hiresnet50.fb_ssl_yfcc100m_ft_in1k,False,,,,sgd,0.0,0.03,,0,200,448,8,100,3333,,,,,20.342,26.6127,40.9541,9.4168,25.098663712525106,100.0,100.0,100.0,0.004,16.4512,4.3984,16.3943,24.8048,24.8048,
camel.ee.nctu.edu.tw,103,aircraft,hiresnet50.fb_ssl_yfcc100m_ft_in1k,False,,,,sgd,0.0,0.03,,0,200,448,8,300,3333,,,,3.0,44.8845,55.7156,67.6568,5.6747,50.13962934755014,100.0,100.0,100.0,0.0009,22.7007,4.3984,16.3943,24.8048,24.8048,
gpu,103,aircraft,hiresnet50.fb_ssl_yfcc100m_ft_in1k,False,,,,sgd,0.0,0.03,,0,200,448,8,500,3333,,,,5.0,58.5959,68.4968,79.2679,3.9918,63.366336633663366,100.0,100.0,100.0,0.0005,21.586,4.3984,16.3943,24.8048,24.8048,
camel.ee.nctu.edu.tw,103,aircraft,hiresnet50.fb_ssl_yfcc100m_ft_in1k,False,,,,sgd,0.0,0.1,,0,200,448,8,100,3333,,,,,15.2715,23.4923,36.9337,11.3409,20.270488587320273,100.0,100.0,100.0,0.0005,16.8429,4.3984,16.3943,24.8048,24.8048,
camel.ee.nctu.edu.tw,103,aircraft,hiresnet50.fb_ssl_yfcc100m_ft_in1k,False,,,,sgd,0.0,0.1,,0,200,448,8,300,3333,,,,3.0,37.2037,46.6247,59.0759,8.7544,42.25114819174225,100.0,100.0,100.0,0.0003,22.94,4.3984,16.3943,24.8048,24.8048,
gpu,103,aircraft,hiresnet50.fb_ssl_yfcc100m_ft_in1k,False,,,,sgd,0.0,0.1,,0,200,448,8,500,3333,,,,5.0,49.715,59.526,70.8971,7.4554,54.60315262295459,100.0,100.0,100.0,0.0001,21.5627,4.3984,16.3943,24.8048,24.8048,
camel.ee.nctu.edu.tw,103,aircraft,hiresnet50.fb_swsl_ig1b_ft_in1k,False,,,,adamw,0.05,5e-06,,0,200,448,8,100,3333,,,,,21.3621,28.8629,42.6643,9.919,26.27801241662628,100.0,100.0,100.0,0.5642,16.7424,4.3984,16.3943,24.8048,24.8048,
camel.ee.nctu.edu.tw,103,aircraft,hiresnet50.fb_swsl_ig1b_ft_in1k,False,,,,adamw,0.05,5e-06,,0,200,448,8,300,3333,,,,3.0,46.9847,54.4554,67.2067,6.2228,51.65131897805165,100.0,100.0,100.0,0.0992,23.2122,4.3984,16.3943,24.8048,24.8048,
gpu,103,aircraft,hiresnet50.fb_swsl_ig1b_ft_in1k,False,,,,adamw,0.05,5e-06,,0,200,448,8,500,3333,,,,5.0,57.0357,66.1866,76.6877,4.397,61.57077246186157,100.0,100.0,100.0,0.0264,21.9968,4.3984,16.3943,24.8048,24.8048,
camel.ee.nctu.edu.tw,103,aircraft,hiresnet50.fb_swsl_ig1b_ft_in1k,False,,,,adamw,0.05,1e-05,,0,200,448,8,100,3333,,,,,22.0522,29.913,43.8344,9.7006,27.078861732327077,100.0,100.0,100.0,0.3632,16.6549,4.3984,16.3943,24.8048,24.8048,
camel.ee.nctu.edu.tw,103,aircraft,hiresnet50.fb_swsl_ig1b_ft_in1k,False,,,,adamw,0.05,1e-05,,0,200,448,8,300,3333,,,,3.0,47.6748,55.2655,69.3369,5.8467,52.67372891135267,100.0,100.0,100.0,0.0398,23.0474,4.3984,16.3943,24.8048,24.8048,
gpu,103,aircraft,hiresnet50.fb_swsl_ig1b_ft_in1k,False,,,,adamw,0.05,1e-05,,0,200,448,8,500,3333,,,,5.0,58.1158,66.9367,76.8377,4.2427,62.43624362436243,100.0,100.0,100.0,0.0119,22.0598,4.3984,16.3943,24.8048,24.8048,
camel.ee.nctu.edu.tw,103,aircraft,hiresnet50.fb_swsl_ig1b_ft_in1k,False,,,,adamw,0.05,5e-05,,0,200,448,8,100,3333,,,,,24.3924,31.2631,45.3645,8.9502,29.232153984629235,100.0,100.0,100.0,0.0301,16.7698,4.3984,16.3943,24.8048,24.8048,
camel.ee.nctu.edu.tw,103,aircraft,hiresnet50.fb_swsl_ig1b_ft_in1k,False,,,,adamw,0.05,5e-05,,0,200,448,8,300,3333,,,,3.0,50.255,59.646,72.9973,5.0831,55.50324263195551,100.0,100.0,100.0,0.0022,23.1189,4.3984,16.3943,24.8048,24.8048,
gpu,103,aircraft,hiresnet50.fb_swsl_ig1b_ft_in1k,False,,,,adamw,0.05,5e-05,,0,200,448,8,500,3333,,,,5.0,60.8761,69.757,79.598,4.3492,65.19651965196519,100.0,100.0,100.0,0.0005,22.227,4.3984,16.3943,24.8048,24.8048,
camel.ee.nctu.edu.tw,103,aircraft,hiresnet50.fb_swsl_ig1b_ft_in1k,False,,,,adamw,0.05,0.0001,,0,200,448,8,100,3333,,,,,23.4923,29.823,42.9643,9.1508,27.985875510627984,100.0,100.0,100.0,0.0091,16.7171,4.3984,16.3943,24.8048,24.8048,
camel.ee.nctu.edu.tw,103,aircraft,hiresnet50.fb_swsl_ig1b_ft_in1k,False,,,,adamw,0.05,0.0001,,0,200,448,8,300,3333,,,,3.0,50.9151,60.5761,72.6973,5.171,55.94174802095594,100.0,100.0,100.0,0.0006,23.23,4.3984,16.3943,24.8048,24.8048,
gpu,103,aircraft,hiresnet50.fb_swsl_ig1b_ft_in1k,False,,,,adamw,0.05,0.0001,,0,200,448,8,500,3333,,,,5.0,59.3159,68.9469,79.568,4.3484,63.989475870663995,100.0,100.0,100.0,0.0003,22.0212,4.3984,16.3943,24.8048,24.8048,
camel.ee.nctu.edu.tw,103,aircraft,hiresnet50.fb_swsl_ig1b_ft_in1k,False,,,,adamw,0.05,0.0005,,0,200,448,8,100,3333,,,,,13.6214,21.9922,34.1434,11.5992,18.35722033741836,100.0,100.0,100.0,0.0008,16.6117,4.3984,16.3943,24.8048,24.8048,
camel.ee.nctu.edu.tw,103,aircraft,hiresnet50.fb_swsl_ig1b_ft_in1k,False,,,,adamw,0.05,0.0005,,0,200,448,8,300,3333,,,,3.0,37.2037,47.5248,61.0861,7.7901,42.71504073484272,100.0,100.0,100.0,0.0001,23.02,4.3984,16.3943,24.8048,24.8048,
gpu,103,aircraft,hiresnet50.fb_swsl_ig1b_ft_in1k,False,,,,adamw,0.05,0.0005,,0,200,448,8,500,3333,,,,5.0,50.8551,59.736,72.6373,6.5326,55.88174202035589,100.0,100.0,100.0,0.0002,22.153,4.3984,16.3943,24.8048,24.8048,
camel.ee.nctu.edu.tw,103,aircraft,hiresnet50.fb_swsl_ig1b_ft_in1k,False,,,,adamw,0.05,0.001,,0,200,448,8,100,3333,,,,,11.0111,16.4716,30.213,15.0289,15.442313462115443,100.0,100.0,100.0,0.0007,16.8326,4.3984,16.3943,24.8048,24.8048,
camel.ee.nctu.edu.tw,103,aircraft,hiresnet50.fb_swsl_ig1b_ft_in1k,False,,,,adamw,0.05,0.001,,0,200,448,8,300,3333,,,,3.0,27.3327,36.5737,49.2349,12.1519,32.38708486233239,100.0,100.0,100.0,0.0009,23.1195,4.3984,16.3943,24.8048,24.8048,
gpu,103,aircraft,hiresnet50.fb_swsl_ig1b_ft_in1k,False,,,,adamw,0.05,0.001,,0,200,448,8,500,3333,,,,5.0,31.1131,39.1839,52.1752,12.6471,35.973597359735976,100.0,100.0,100.0,0.0032,22.0534,4.3984,16.3943,24.8048,24.8048,
camel.ee.nctu.edu.tw,103,aircraft,hiresnet50.fb_swsl_ig1b_ft_in1k,False,,,,sgd,0.0,0.003,,0,200,448,8,100,3333,,,,,17.0717,24.0924,36.5137,10.2024,21.55830967712156,100.0,100.0,100.0,1.1783,16.5969,4.3984,16.3943,24.8048,24.8048,
camel.ee.nctu.edu.tw,103,aircraft,hiresnet50.fb_swsl_ig1b_ft_in1k,False,,,,sgd,0.0,0.003,,0,200,448,8,300,3333,,,,3.0,44.9145,52.8353,65.5566,6.5731,49.67804472754968,100.0,100.0,100.0,0.1967,22.6262,4.3984,16.3943,24.8048,24.8048,
gpu,103,aircraft,hiresnet50.fb_swsl_ig1b_ft_in1k,False,,,,sgd,0.0,0.003,,0,200,448,8,500,3333,,,,5.0,56.4356,66.1566,75.6376,4.5357,60.86685591636087,100.0,100.0,100.0,0.0677,21.5243,4.3984,16.3943,24.8048,24.8048,
camel.ee.nctu.edu.tw,103,aircraft,hiresnet50.fb_swsl_ig1b_ft_in1k,False,,,,sgd,0.0,0.01,,0,200,448,8,100,3333,,,,,22.2922,29.2229,42.8443,9.2004,27.035011193427035,100.0,100.0,100.0,0.034,16.7094,4.3984,16.3943,24.8048,24.8048,
camel.ee.nctu.edu.tw,103,aircraft,hiresnet50.fb_swsl_ig1b_ft_in1k,False,,,,sgd,0.0,0.01,,0,200,448,8,300,3333,,,,3.0,49.535,57.9958,70.087,5.1714,54.27773546585428,100.0,100.0,100.0,0.0059,22.7644,4.3984,16.3943,24.8048,24.8048,
gpu,103,aircraft,hiresnet50.fb_swsl_ig1b_ft_in1k,False,,,,sgd,0.0,0.01,,0,200,448,8,500,3333,,,,5.0,61.3261,69.967,79.2079,3.7569,65.45269911606546,100.0,100.0,100.0,0.0027,21.5917,4.3984,16.3943,24.8048,24.8048,
camel.ee.nctu.edu.tw,103,aircraft,hiresnet50.fb_swsl_ig1b_ft_in1k,False,,,,sgd,0.0,0.03,,0,200,448,8,100,3333,,,,,23.1323,29.943,44.3144,9.1332,28.020494357128023,100.0,100.0,100.0,0.0046,16.346,4.3984,16.3943,24.8048,24.8048,
camel.ee.nctu.edu.tw,103,aircraft,hiresnet50.fb_swsl_ig1b_ft_in1k,False,,,,sgd,0.0,0.03,,0,200,448,8,300,3333,,,,3.0,49.535,59.4059,72.0672,5.0511,54.73470423965473,100.0,100.0,100.0,0.0009,22.5981,4.3984,16.3943,24.8048,24.8048,
gpu,103,aircraft,hiresnet50.fb_swsl_ig1b_ft_in1k,False,,,,sgd,0.0,0.03,,0,200,448,8,500,3333,,,,5.0,60.276,69.847,80.468,3.8306,64.93572434166494,100.0,100.0,100.0,0.0005,21.5789,4.3984,16.3943,24.8048,24.8048,
camel.ee.nctu.edu.tw,103,aircraft,hiresnet50.fb_swsl_ig1b_ft_in1k,False,,,,sgd,0.0,0.1,,0,200,448,8,100,3333,,,,,16.3816,25.0225,38.8839,10.7961,21.574465138821576,100.0,100.0,100.0,0.0006,16.5017,4.3984,16.3943,24.8048,24.8048,
camel.ee.nctu.edu.tw,103,aircraft,hiresnet50.fb_swsl_ig1b_ft_in1k,False,,,,sgd,0.0,0.1,,0,200,448,8,300,3333,,,,3.0,39.784,50.285,63.7564,7.804,45.316070068545315,100.0,100.0,100.0,0.0001,22.7254,4.3984,16.3943,24.8048,24.8048,
gpu,103,aircraft,hiresnet50.fb_swsl_ig1b_ft_in1k,False,,,,sgd,0.0,0.1,,0,200,448,8,500,3333,,,,5.0,50.6451,59.0759,71.4971,7.75,55.45708416995546,100.0,100.0,100.0,0.0002,21.559,4.3984,16.3943,24.8048,24.8048,
camel.ee.nctu.edu.tw,103,aircraft,hiresnet50.gluon_in1k,False,,,,adamw,0.05,5e-06,,0,200,448,8,100,3333,,,,,15.0315,21.7822,35.8236,10.4152,19.82967527521983,100.0,100.0,100.0,0.7583,16.6847,4.3984,16.3943,24.8048,24.8048,
camel.ee.nctu.edu.tw,103,aircraft,hiresnet50.gluon_in1k,False,,,,adamw,0.05,5e-06,,0,200,448,8,300,3333,,,,3.0,38.8839,46.4146,60.9661,7.1367,43.97978259364398,100.0,100.0,100.0,0.1343,23.0936,4.3984,16.3943,24.8048,24.8048,
gpu,103,aircraft,hiresnet50.gluon_in1k,False,,,,adamw,0.05,5e-06,,0,200,448,8,500,3333,,,,5.0,49.805,58.7759,69.2469,5.2856,54.291583004454296,100.0,100.0,100.0,0.0413,22.0524,4.3984,16.3943,24.8048,24.8048,
camel.ee.nctu.edu.tw,103,aircraft,hiresnet50.gluon_in1k,False,,,,adamw,0.05,1e-05,,0,200,448,8,100,3333,,,,,15.6616,23.1623,37.6838,10.2379,20.743612822820744,100.0,100.0,100.0,0.4719,16.5353,4.3984,16.3943,24.8048,24.8048,
camel.ee.nctu.edu.tw,103,aircraft,hiresnet50.gluon_in1k,False,,,,adamw,0.05,1e-05,,0,200,448,8,300,3333,,,,3.0,40.264,47.5548,61.4161,6.805,45.145283759145144,100.0,100.0,100.0,0.0561,23.1018,4.3984,16.3943,24.8048,24.8048,
gpu,103,aircraft,hiresnet50.gluon_in1k,False,,,,adamw,0.05,1e-05,,0,200,448,8,500,3333,,,,5.0,49.625,59.4059,69.2769,5.2115,54.16003138775416,100.0,100.0,100.0,0.017,22.0807,4.3984,16.3943,24.8048,24.8048,
camel.ee.nctu.edu.tw,103,aircraft,hiresnet50.gluon_in1k,False,,,,adamw,0.05,5e-05,,0,200,448,8,100,3333,,,,,18.3618,25.5626,40.084,9.5784,23.374645156823377,100.0,100.0,100.0,0.0394,16.6524,4.3984,16.3943,24.8048,24.8048,
camel.ee.nctu.edu.tw,103,aircraft,hiresnet50.gluon_in1k,False,,,,adamw,0.05,5e-05,,0,200,448,8,300,3333,,,,3.0,43.0843,49.835,63.6064,6.3487,47.82016663204782,100.0,100.0,100.0,0.0029,23.3149,4.3984,16.3943,24.8048,24.8048,
gpu,103,aircraft,hiresnet50.gluon_in1k,False,,,,adamw,0.05,5e-05,,0,200,448,8,500,3333,,,,5.0,52.5953,61.4461,73.3573,5.4178,57.386507881557385,100.0,100.0,100.0,0.0006,21.9707,4.3984,16.3943,24.8048,24.8048,
camel.ee.nctu.edu.tw,103,aircraft,hiresnet50.gluon_in1k,False,,,,adamw,0.05,0.0001,,0,200,448,8,100,3333,,,,,19.0519,26.4326,39.3639,9.5818,23.73929700662374,100.0,100.0,100.0,0.0123,16.6127,4.3984,16.3943,24.8048,24.8048,
camel.ee.nctu.edu.tw,103,aircraft,hiresnet50.gluon_in1k,False,,,,adamw,0.05,0.0001,,0,200,448,8,300,3333,,,,3.0,42.9043,52.3852,63.9364,6.3857,47.75785270834776,100.0,100.0,100.0,0.0009,23.197,4.3984,16.3943,24.8048,24.8048,
gpu,103,aircraft,hiresnet50.gluon_in1k,False,,,,adamw,0.05,0.0001,,0,200,448,8,500,3333,,,,5.0,53.8554,63.0063,73.9274,5.5625,58.48738720025848,100.0,100.0,100.0,0.0003,22.1087,4.3984,16.3943,24.8048,24.8048,
camel.ee.nctu.edu.tw,103,aircraft,hiresnet50.gluon_in1k,False,,,,adamw,0.05,0.0005,,0,200,448,8,100,3333,,,,,12.2112,18.9319,33.0033,11.726,17.00939324701701,100.0,100.0,100.0,0.0008,16.6256,4.3984,16.3943,24.8048,24.8048,
camel.ee.nctu.edu.tw,103,aircraft,hiresnet50.gluon_in1k,False,,,,adamw,0.05,0.0005,,0,200,448,8,300,3333,,,,3.0,34.9835,44.5545,58.1458,8.2303,40.328648249440334,100.0,100.0,100.0,0.0002,23.0516,4.3984,16.3943,24.8048,24.8048,
gpu,103,aircraft,hiresnet50.gluon_in1k,False,,,,adamw,0.05,0.0005,,0,200,448,8,500,3333,,,,5.0,49.3849,58.4758,71.2571,6.3536,54.43236631355443,100.0,100.0,100.0,0.0001,22.0648,4.3984,16.3943,24.8048,24.8048,
camel.ee.nctu.edu.tw,103,aircraft,hiresnet50.gluon_in1k,False,,,,adamw,0.05,0.001,,0,200,448,8,100,3333,,,,,10.111,16.1416,29.823,14.0986,14.659927531214665,100.0,100.0,100.0,0.0007,16.8352,4.3984,16.3943,24.8048,24.8048,
camel.ee.nctu.edu.tw,103,aircraft,hiresnet50.gluon_in1k,False,,,,adamw,0.05,0.001,,0,200,448,8,300,3333,,,,3.0,28.3828,37.8338,52.0552,10.9988,33.84569226153385,100.0,100.0,100.0,0.0002,23.1547,4.3984,16.3943,24.8048,24.8048,
gpu,103,aircraft,hiresnet50.gluon_in1k,False,,,,adamw,0.05,0.001,,0,200,448,8,500,3333,,,,5.0,42.9343,52.1452,65.2565,9.0976,48.08557778854809,100.0,100.0,100.0,0.0005,22.0243,4.3984,16.3943,24.8048,24.8048,
camel.ee.nctu.edu.tw,103,aircraft,hiresnet50.gluon_in1k,False,,,,sgd,0.0,0.003,,0,200,448,8,100,3333,,,,,12.2412,18.0918,31.9232,10.5717,16.783216783216783,100.0,100.0,100.0,1.2102,16.1999,4.3984,16.3943,24.8048,24.8048,
camel.ee.nctu.edu.tw,103,aircraft,hiresnet50.gluon_in1k,False,,,,sgd,0.0,0.003,,0,200,448,8,300,3333,,,,3.0,35.0135,42.0642,54.7555,7.4382,39.56934154953957,100.0,100.0,100.0,0.1838,22.5632,4.3984,16.3943,24.8048,24.8048,
gpu,103,aircraft,hiresnet50.gluon_in1k,False,,,,sgd,0.0,0.003,,0,200,448,8,500,3333,,,,5.0,48.4248,56.7357,66.4866,5.3458,52.592951602852594,100.0,100.0,100.0,0.0586,21.3593,4.3984,16.3943,24.8048,24.8048,
camel.ee.nctu.edu.tw,103,aircraft,hiresnet50.gluon_in1k,False,,,,sgd,0.0,0.01,,0,200,448,8,100,3333,,,,,15.7516,23.3123,37.0237,10.011,20.660527591220664,100.0,100.0,100.0,0.0248,16.2626,4.3984,16.3943,24.8048,24.8048,
camel.ee.nctu.edu.tw,103,aircraft,hiresnet50.gluon_in1k,False,,,,sgd,0.0,0.01,,0,200,448,8,300,3333,,,,3.0,39.0039,47.3447,60.096,6.5993,43.87131020794388,100.0,100.0,100.0,0.0051,22.7664,4.3984,16.3943,24.8048,24.8048,
gpu,103,aircraft,hiresnet50.gluon_in1k,False,,,,sgd,0.0,0.01,,0,200,448,8,500,3333,,,,5.0,51.8452,59.676,69.997,4.9165,56.03406494495603,100.0,100.0,100.0,0.003,21.4879,4.3984,16.3943,24.8048,24.8048,
camel.ee.nctu.edu.tw,103,aircraft,hiresnet50.gluon_in1k,False,,,,sgd,0.0,0.03,,0,200,448,8,100,3333,,,,,16.3816,23.8524,38.2238,10.0298,21.422142214221424,100.0,100.0,100.0,0.004,16.6797,4.3984,16.3943,24.8048,24.8048,
camel.ee.nctu.edu.tw,103,aircraft,hiresnet50.gluon_in1k,False,,,,sgd,0.0,0.03,,0,200,448,8,300,3333,,,,3.0,40.084,47.7348,61.0561,6.6089,44.923723141544926,100.0,100.0,100.0,0.0009,22.5571,4.3984,16.3943,24.8048,24.8048,
gpu,103,aircraft,hiresnet50.gluon_in1k,False,,,,sgd,0.0,0.03,,0,200,448,8,500,3333,,,,5.0,54.2754,62.6463,73.3573,4.8091,58.67894481755868,100.0,100.0,100.0,0.0005,21.4731,4.3984,16.3943,24.8048,24.8048,
camel.ee.nctu.edu.tw,103,aircraft,hiresnet50.gluon_in1k,False,,,,sgd,0.0,0.1,,0,200,448,8,100,3333,,,,,15.6316,22.6223,36.9637,11.5014,20.554363128620555,100.0,100.0,100.0,0.0006,16.546,4.3984,16.3943,24.8048,24.8048,
camel.ee.nctu.edu.tw,103,aircraft,hiresnet50.gluon_in1k,False,,,,sgd,0.0,0.1,,0,200,448,8,300,3333,,,,3.0,36.9937,44.9445,58.6859,8.8032,41.999584573842,100.0,100.0,100.0,0.0001,22.5763,4.3984,16.3943,24.8048,24.8048,
gpu,103,aircraft,hiresnet50.gluon_in1k,False,,,,sgd,0.0,0.1,,0,200,448,8,500,3333,,,,5.0,49.865,59.3459,70.357,7.1903,54.5939209305546,100.0,100.0,100.0,0.0002,21.4321,4.3984,16.3943,24.8048,24.8048,
camel.ee.nctu.edu.tw,103,aircraft,hiresnet50.in1k_mocov3,False,,,,adamw,0.05,5e-06,,0,200,448,8,100,3333,,,,,11.7612,18.8119,32.7933,10.7226,16.614738396916614,100.0,100.0,100.0,1.4407,16.584,4.3984,16.3943,24.8048,24.8048,
camel.ee.nctu.edu.tw,103,aircraft,hiresnet50.in1k_mocov3,False,,,,adamw,0.05,5e-06,,0,200,448,8,300,3333,,,,3.0,35.3135,44.6745,57.6958,7.6734,40.47866325094048,100.0,100.0,100.0,0.3288,23.1291,4.3984,16.3943,24.8048,24.8048,
gpu,103,aircraft,hiresnet50.in1k_mocov3,False,,,,adamw,0.05,5e-06,,0,200,448,8,500,3333,,,,5.0,48.0348,56.7657,68.3768,5.6841,52.729119065752734,100.0,100.0,100.0,0.1055,22.2102,4.3984,16.3943,24.8048,24.8048,
camel.ee.nctu.edu.tw,103,aircraft,hiresnet50.in1k_mocov3,False,,,,adamw,0.05,1e-05,,0,200,448,8,100,3333,,,,,12.8113,20.102,34.0834,10.5429,17.72023356181772,100.0,100.0,100.0,0.8313,16.5584,4.3984,16.3943,24.8048,24.8048,
camel.ee.nctu.edu.tw,103,aircraft,hiresnet50.in1k_mocov3,False,,,,adamw,0.05,1e-05,,0,200,448,8,300,3333,,,,3.0,36.8437,46.9847,59.2259,7.2429,42.008816266242015,100.0,100.0,100.0,0.1124,23.1036,4.3984,16.3943,24.8048,24.8048,
gpu,103,aircraft,hiresnet50.in1k_mocov3,False,,,,adamw,0.05,1e-05,,0,200,448,8,500,3333,,,,5.0,49.1449,58.1458,69.577,5.3993,53.860001384753865,100.0,100.0,100.0,0.035,22.2614,4.3984,16.3943,24.8048,24.8048,
camel.ee.nctu.edu.tw,103,aircraft,hiresnet50.in1k_mocov3,False,,,,adamw,0.05,5e-05,,0,200,448,8,100,3333,,,,,15.7816,24.3924,37.4437,9.8781,20.78053959242078,100.0,100.0,100.0,0.058,16.7575,4.3984,16.3943,24.8048,24.8048,
camel.ee.nctu.edu.tw,103,aircraft,hiresnet50.in1k_mocov3,False,,,,adamw,0.05,5e-05,,0,200,448,8,300,3333,,,,3.0,40.6241,50.105,61.8062,6.4239,45.51224353204552,100.0,100.0,100.0,0.0049,23.1148,4.3984,16.3943,24.8048,24.8048,
gpu,103,aircraft,hiresnet50.in1k_mocov3,False,,,,adamw,0.05,5e-05,,0,200,448,8,500,3333,,,,5.0,51.9952,60.456,71.9472,4.8804,56.59950610445661,100.0,100.0,100.0,0.001,22.2387,4.3984,16.3943,24.8048,24.8048,
camel.ee.nctu.edu.tw,103,aircraft,hiresnet50.in1k_mocov3,False,,,,adamw,0.05,0.0001,,0,200,448,8,100,3333,,,,,16.5917,25.2625,38.1938,9.6968,21.57677306192158,100.0,100.0,100.0,0.0176,16.7816,4.3984,16.3943,24.8048,24.8048,
camel.ee.nctu.edu.tw,103,aircraft,hiresnet50.in1k_mocov3,False,,,,adamw,0.05,0.0001,,0,200,448,8,300,3333,,,,3.0,42.0642,51.1551,63.4263,6.1552,46.993930162247,100.0,100.0,100.0,0.0015,22.969,4.3984,16.3943,24.8048,24.8048,
gpu,103,aircraft,hiresnet50.in1k_mocov3,False,,,,adamw,0.05,0.0001,,0,200,448,8,500,3333,,,,5.0,52.6553,61.9562,72.5173,4.751,57.23880080315723,100.0,100.0,100.0,0.0003,22.2179,4.3984,16.3943,24.8048,24.8048,
camel.ee.nctu.edu.tw,103,aircraft,hiresnet50.in1k_mocov3,False,,,,adamw,0.05,0.0005,,0,200,448,8,100,3333,,,,,16.7717,25.0525,40.234,9.7407,22.18606476032219,100.0,100.0,100.0,0.0015,16.513,4.3984,16.3943,24.8048,24.8048,
camel.ee.nctu.edu.tw,103,aircraft,hiresnet50.in1k_mocov3,False,,,,adamw,0.05,0.0005,,0,200,448,8,300,3333,,,,3.0,42.0342,51.0051,63.8464,6.4049,47.06778370144707,100.0,100.0,100.0,0.0002,23.1145,4.3984,16.3943,24.8048,24.8048,
gpu,103,aircraft,hiresnet50.in1k_mocov3,False,,,,adamw,0.05,0.0005,,0,200,448,8,500,3333,,,,5.0,54.1254,64.6865,75.5776,5.1062,59.07590759075908,100.0,100.0,100.0,0.0003,22.1367,4.3984,16.3943,24.8048,24.8048,
camel.ee.nctu.edu.tw,103,aircraft,hiresnet50.in1k_mocov3,False,,,,adamw,0.05,0.001,,0,200,448,8,100,3333,,,,,16.5917,24.1224,39.904,10.388,21.971427912021973,100.0,100.0,100.0,0.0008,16.6219,4.3984,16.3943,24.8048,24.8048,
camel.ee.nctu.edu.tw,103,aircraft,hiresnet50.in1k_mocov3,False,,,,adamw,0.05,0.001,,0,200,448,8,300,3333,,,,3.0,37.1437,46.6547,60.486,7.845,42.530406886842535,100.0,100.0,100.0,0.0004,22.9588,4.3984,16.3943,24.8048,24.8048,
gpu,103,aircraft,hiresnet50.in1k_mocov3,False,,,,adamw,0.05,0.001,,0,200,448,8,500,3333,,,,5.0,50.7051,59.916,72.1272,6.5318,55.648641787255656,100.0,100.0,100.0,0.0001,22.2061,4.3984,16.3943,24.8048,24.8048,
camel.ee.nctu.edu.tw,103,aircraft,hiresnet50.in1k_mocov3,False,,,,sgd,0.0,0.003,,0,200,448,8,100,3333,,,,,11.1311,18.2718,32.3132,10.4171,16.01929423711602,100.0,100.0,100.0,0.7892,16.4075,4.3984,16.3943,24.8048,24.8048,
camel.ee.nctu.edu.tw,103,aircraft,hiresnet50.in1k_mocov3,False,,,,sgd,0.0,0.003,,0,200,448,8,300,3333,,,,3.0,33.0033,40.8941,53.0453,7.2473,37.62837822243763,100.0,100.0,100.0,0.0924,22.6632,4.3984,16.3943,24.8048,24.8048,
gpu,103,aircraft,hiresnet50.in1k_mocov3,False,,,,sgd,0.0,0.003,,0,200,448,8,500,3333,,,,5.0,45.2445,53.3453,62.1662,5.6574,49.14953033764915,100.0,100.0,100.0,0.0391,21.5109,4.3984,16.3943,24.8048,24.8048,
camel.ee.nctu.edu.tw,103,aircraft,hiresnet50.in1k_mocov3,False,,,,sgd,0.0,0.01,,0,200,448,8,100,3333,,,,,14.1914,22.0822,35.6436,10.1329,19.141914191419144,100.0,100.0,100.0,0.0185,16.4299,4.3984,16.3943,24.8048,24.8048,
camel.ee.nctu.edu.tw,103,aircraft,hiresnet50.in1k_mocov3,False,,,,sgd,0.0,0.01,,0,200,448,8,300,3333,,,,3.0,36.1536,44.3144,55.6556,6.915,40.65406540654066,100.0,100.0,100.0,0.0049,22.1399,4.3984,16.3943,24.8048,24.8048,
gpu,103,aircraft,hiresnet50.in1k_mocov3,False,,,,sgd,0.0,0.01,,0,200,448,8,500,3333,,,,5.0,47.6448,55.9256,65.3165,5.5113,51.72286459415173,100.0,100.0,100.0,0.0035,21.6581,4.3984,16.3943,24.8048,24.8048,
camel.ee.nctu.edu.tw,103,aircraft,hiresnet50.in1k_mocov3,False,,,,sgd,0.0,0.03,,0,200,448,8,100,3333,,,,,15.3915,23.4323,36.9637,10.2456,20.36972928062037,100.0,100.0,100.0,0.004,16.3929,4.3984,16.3943,24.8048,24.8048,
camel.ee.nctu.edu.tw,103,aircraft,hiresnet50.in1k_mocov3,False,,,,sgd,0.0,0.03,,0,200,448,8,300,3333,,,,3.0,37.7738,45.8446,56.9157,6.9142,42.19114219114219,100.0,100.0,100.0,0.0011,22.5411,4.3984,16.3943,24.8048,24.8048,
gpu,103,aircraft,hiresnet50.in1k_mocov3,False,,,,sgd,0.0,0.03,,0,200,448,8,500,3333,,,,5.0,48.6349,57.6058,67.6268,5.3942,53.017609453253016,100.0,100.0,100.0,0.0007,21.6225,4.3984,16.3943,24.8048,24.8048,
camel.ee.nctu.edu.tw,103,aircraft,hiresnet50.in1k_mocov3,False,,,,sgd,0.0,0.1,,0,200,448,8,100,3333,,,,,16.5017,24.2424,37.3537,10.6286,21.313669828521316,100.0,100.0,100.0,0.001,16.5584,4.3984,16.3943,24.8048,24.8048,
camel.ee.nctu.edu.tw,103,aircraft,hiresnet50.in1k_mocov3,False,,,,sgd,0.0,0.1,,0,200,448,8,300,3333,,,,3.0,38.9739,47.6448,58.5959,7.4978,43.5020425119435,100.0,100.0,100.0,0.0002,22.5734,4.3984,16.3943,24.8048,24.8048,
gpu,103,aircraft,hiresnet50.in1k_mocov3,False,,,,sgd,0.0,0.1,,0,200,448,8,500,3333,,,,5.0,50.315,60.5161,71.1371,5.8975,55.12012739735512,100.0,100.0,100.0,0.0001,21.6059,4.3984,16.3943,24.8048,24.8048,
camel.ee.nctu.edu.tw,103,aircraft,hiresnet50.in1k_spark,False,,,,adamw,0.05,5e-06,,0,200,448,8,100,3333,,,,,6.8707,10.7411,23.3723,11.406,10.67876018371068,100.0,100.0,100.0,0.8709,16.6268,4.3984,16.3943,24.8048,24.8048,
camel.ee.nctu.edu.tw,103,aircraft,hiresnet50.in1k_spark,False,,,,adamw,0.05,5e-06,,0,200,448,8,300,3333,,,,3.0,25.9526,34.0534,47.4347,8.5819,30.91001407833091,100.0,100.0,100.0,0.1791,22.7965,4.3984,16.3943,24.8048,24.8048,
gpu,103,aircraft,hiresnet50.in1k_spark,False,,,,adamw,0.05,5e-06,,0,200,448,8,500,3333,,,,5.0,39.2439,49.1749,62.4662,6.643,44.60292183064461,100.0,99.7984,99.7984,0.0699,22.2668,4.3984,16.3943,24.8048,24.8048,
camel.ee.nctu.edu.tw,103,aircraft,hiresnet50.in1k_spark,False,,,,adamw,0.05,1e-05,,0,200,448,8,100,3333,,,,,7.8608,11.7612,25.1425,11.2677,11.84887719541185,100.0,100.0,100.0,0.5245,16.3911,4.3984,16.3943,24.8048,24.8048,
camel.ee.nctu.edu.tw,103,aircraft,hiresnet50.in1k_spark,False,,,,adamw,0.05,1e-05,,0,200,448,8,300,3333,,,,3.0,27.7828,36.8137,48.9049,8.2279,32.65711186503266,100.0,100.0,100.0,0.0632,22.8912,4.3984,16.3943,24.8048,24.8048,
gpu,103,aircraft,hiresnet50.in1k_spark,False,,,,adamw,0.05,1e-05,,0,200,448,8,500,3333,,,,5.0,41.8842,51.2751,63.0363,6.5247,46.76544577534677,100.0,100.0,100.0,0.0178,22.2258,4.3984,16.3943,24.8048,24.8048,
camel.ee.nctu.edu.tw,103,aircraft,hiresnet50.in1k_spark,False,,,,adamw,0.05,5e-05,,0,200,448,8,100,3333,,,,,10.7111,15.5716,29.1329,11.1199,14.962265457314963,100.0,100.0,100.0,0.0241,16.8293,4.3984,16.3943,24.8048,24.8048,
camel.ee.nctu.edu.tw,103,aircraft,hiresnet50.in1k_spark,False,,,,adamw,0.05,5e-05,,0,200,448,8,300,3333,,,,3.0,32.7333,40.8041,54.3954,7.8227,37.73223476193773,100.0,100.0,100.0,0.0023,22.9201,4.3984,16.3943,24.8048,24.8048,
gpu,103,aircraft,hiresnet50.in1k_spark,False,,,,adamw,0.05,5e-05,,0,200,448,8,500,3333,,,,5.0,45.6946,55.5056,67.3267,6.1559,50.686607122250685,100.0,100.0,100.0,0.0007,22.2401,4.3984,16.3943,24.8048,24.8048,
camel.ee.nctu.edu.tw,103,aircraft,hiresnet50.in1k_spark,False,,,,adamw,0.05,0.0001,,0,200,448,8,100,3333,,,,,10.6511,16.0516,30.483,11.6418,15.227676613815229,100.0,100.0,100.0,0.0068,16.8469,4.3984,16.3943,24.8048,24.8048,
camel.ee.nctu.edu.tw,103,aircraft,hiresnet50.in1k_spark,False,,,,adamw,0.05,0.0001,,0,200,448,8,300,3333,,,,3.0,31.3531,40.384,53.7054,8.1111,36.51134344203651,100.0,100.0,100.0,0.0011,22.9737,4.3984,16.3943,24.8048,24.8048,
gpu,103,aircraft,hiresnet50.in1k_spark,False,,,,adamw,0.05,0.0001,,0,200,448,8,500,3333,,,,5.0,44.8545,54.9055,66.3966,6.2834,49.825751805949835,100.0,100.0,100.0,0.0003,22.2837,4.3984,16.3943,24.8048,24.8048,
camel.ee.nctu.edu.tw,103,aircraft,hiresnet50.in1k_spark,False,,,,adamw,0.05,0.0005,,0,200,448,8,100,3333,,,,,7.9808,12.6313,25.3825,14.7891,11.996584273811996,100.0,100.0,100.0,0.0009,16.475,4.3984,16.3943,24.8048,24.8048,
camel.ee.nctu.edu.tw,103,aircraft,hiresnet50.in1k_spark,False,,,,adamw,0.05,0.0005,,0,200,448,8,300,3333,,,,3.0,16.8317,23.8224,35.0135,14.6595,21.02748736412103,100.0,100.0,100.0,0.0022,23.0561,4.3984,16.3943,24.8048,24.8048,
gpu,103,aircraft,hiresnet50.in1k_spark,False,,,,adamw,0.05,0.0005,,0,200,448,8,500,3333,,,,5.0,24.6325,32.0732,42.8443,13.9594,28.83519121142884,100.0,100.0,100.0,0.0012,22.2542,4.3984,16.3943,24.8048,24.8048,
camel.ee.nctu.edu.tw,103,aircraft,hiresnet50.in1k_spark,False,,,,adamw,0.05,0.001,,0,200,448,8,100,3333,,,,,7.1107,11.1911,22.4422,19.1336,10.648757183410648,100.0,100.0,100.0,0.0008,16.8842,4.3984,16.3943,24.8048,24.8048,
camel.ee.nctu.edu.tw,103,aircraft,hiresnet50.in1k_spark,False,,,,adamw,0.05,0.001,,0,200,448,8,300,3333,,,,3.0,13.9514,19.0519,30.7831,18.7772,17.835629716817838,100.0,100.0,100.0,0.0037,23.171,4.3984,16.3943,24.8048,24.8048,
gpu,103,aircraft,hiresnet50.in1k_spark,False,,,,adamw,0.05,0.001,,0,200,448,8,500,3333,,,,5.0,20.192,27.1227,39.754,16.4327,24.70631678552471,100.0,100.0,100.0,0.005,22.2168,4.3984,16.3943,24.8048,24.8048,
camel.ee.nctu.edu.tw,103,aircraft,hiresnet50.in1k_spark,False,,,,sgd,0.0,0.003,,0,200,448,8,100,3333,,,,,3.5404,6.7207,18.9319,12.0179,7.092247686307092,100.0,91.6667,90.625,4.3512,16.6965,4.3984,16.3943,24.8048,24.8048,
camel.ee.nctu.edu.tw,103,aircraft,hiresnet50.in1k_spark,False,,,,sgd,0.0,0.003,,0,200,448,8,300,3333,,,,3.0,12.3912,17.6418,30.8731,10.4217,16.656281012716658,100.0,99.6622,99.6622,2.0102,22.3121,4.3984,16.3943,24.8048,24.8048,
gpu,103,aircraft,hiresnet50.in1k_spark,False,,,,sgd,0.0,0.003,,0,200,448,8,500,3333,,,,5.0,23.4023,29.583,42.3642,8.8091,27.778162431627777,100.0,100.0,99.7984,0.9515,21.6993,4.3984,16.3943,24.8048,24.8048,
camel.ee.nctu.edu.tw,103,aircraft,hiresnet50.in1k_spark,False,,,,sgd,0.0,0.01,,0,200,448,8,100,3333,,,,,5.4005,9.3909,21.5422,12.0909,9.125527937409126,100.0,100.0,100.0,0.175,16.5056,4.3984,16.3943,24.8048,24.8048,
camel.ee.nctu.edu.tw,103,aircraft,hiresnet50.in1k_spark,False,,,,sgd,0.0,0.01,,0,200,448,8,300,3333,,,,3.0,16.8317,23.5224,34.3534,10.2372,20.875164439520876,100.0,100.0,100.0,0.0164,22.4512,4.3984,16.3943,24.8048,24.8048,
gpu,103,aircraft,hiresnet50.in1k_spark,False,,,,sgd,0.0,0.01,,0,200,448,8,500,3333,,,,5.0,28.0828,35.6736,47.7348,8.5478,32.61787717233262,100.0,100.0,100.0,0.0065,21.7423,4.3984,16.3943,24.8048,24.8048,
camel.ee.nctu.edu.tw,103,aircraft,hiresnet50.in1k_spark,False,,,,sgd,0.0,0.03,,0,200,448,8,100,3333,,,,,6.0306,9.691,20.432,13.5234,9.354012324309355,100.0,100.0,100.0,0.0061,16.3072,4.3984,16.3943,24.8048,24.8048,
camel.ee.nctu.edu.tw,103,aircraft,hiresnet50.in1k_spark,False,,,,sgd,0.0,0.03,,0,200,448,8,300,3333,,,,3.0,19.0519,24.5425,36.6937,11.1871,23.123081538923124,100.0,100.0,100.0,0.0011,22.8154,4.3984,16.3943,24.8048,24.8048,
gpu,103,aircraft,hiresnet50.in1k_spark,False,,,,sgd,0.0,0.03,,0,200,448,8,500,3333,,,,5.0,28.8329,35.7636,47.6148,9.7572,33.16716287013317,100.0,100.0,100.0,0.0008,21.6579,4.3984,16.3943,24.8048,24.8048,
camel.ee.nctu.edu.tw,103,aircraft,hiresnet50.in1k_spark,False,,,,sgd,0.0,0.1,,0,200,448,8,100,3333,,,,,5.4905,9.4509,19.532,19.305,8.730873087308732,100.0,100.0,100.0,0.0014,16.5545,4.3984,16.3943,24.8048,24.8048,
camel.ee.nctu.edu.tw,103,aircraft,hiresnet50.in1k_spark,False,,,,sgd,0.0,0.1,,0,200,448,8,300,3333,,,,3.0,11.4311,15.6616,25.7726,24.8988,14.74070483971474,100.0,100.0,100.0,0.0014,22.7266,4.3984,16.3943,24.8048,24.8048,
gpu,103,aircraft,hiresnet50.in1k_spark,False,,,,sgd,0.0,0.1,,0,200,448,8,500,3333,,,,5.0,19.0819,24.8425,34.5635,22.1579,22.654573149622657,100.0,100.0,99.7984,0.0053,21.7258,4.3984,16.3943,24.8048,24.8048,
camel.ee.nctu.edu.tw,103,aircraft,hiresnet50.in1k_supcon,False,,,,adamw,0.05,5e-06,,0,200,448,8,100,3333,,,,,17.5518,24.0024,38.4038,10.3496,22.36377483902237,100.0,100.0,100.0,0.575,15.9958,4.3984,16.3943,24.8048,24.8048,
camel.ee.nctu.edu.tw,103,aircraft,hiresnet50.in1k_supcon,False,,,,adamw,0.05,5e-06,,0,200,448,8,300,3333,,,,3.0,41.5242,50.435,62.7663,6.9,46.42618107964643,100.0,100.0,100.0,0.0979,22.8941,4.3984,16.3943,24.8048,24.8048,
gpu,103,aircraft,hiresnet50.in1k_supcon,False,,,,adamw,0.05,5e-06,,0,200,448,8,500,3333,,,,5.0,53.1653,62.3162,71.4071,5.0187,57.37496826605738,100.0,100.0,100.0,0.0313,22.3105,4.3984,16.3943,24.8048,24.8048,
camel.ee.nctu.edu.tw,103,aircraft,hiresnet50.in1k_supcon,False,,,,adamw,0.05,1e-05,,0,200,448,8,100,3333,,,,,18.0318,25.1425,40.144,10.1363,23.134621154423137,100.0,100.0,100.0,0.3642,15.8012,4.3984,16.3943,24.8048,24.8048,
camel.ee.nctu.edu.tw,103,aircraft,hiresnet50.in1k_supcon,False,,,,adamw,0.05,1e-05,,0,200,448,8,300,3333,,,,3.0,43.2343,51.6052,64.5365,6.516,48.15019963534815,100.0,100.0,100.0,0.0432,22.687,4.3984,16.3943,24.8048,24.8048,
gpu,103,aircraft,hiresnet50.in1k_supcon,False,,,,adamw,0.05,1e-05,,0,200,448,8,500,3333,,,,5.0,54.3354,63.9964,72.4572,4.7903,58.51739020055852,100.0,100.0,100.0,0.0143,22.2413,4.3984,16.3943,24.8048,24.8048,
camel.ee.nctu.edu.tw,103,aircraft,hiresnet50.in1k_supcon,False,,,,adamw,0.05,5e-05,,0,200,448,8,100,3333,,,,,20.492,26.1626,40.174,9.5221,25.034041865725037,100.0,100.0,100.0,0.0318,16.0979,4.3984,16.3943,24.8048,24.8048,
camel.ee.nctu.edu.tw,103,aircraft,hiresnet50.in1k_supcon,False,,,,adamw,0.05,5e-05,,0,200,448,8,300,3333,,,,3.0,46.3546,56.1356,68.1968,5.6106,51.39513951395139,100.0,100.0,100.0,0.0026,23.1365,4.3984,16.3943,24.8048,24.8048,
gpu,103,aircraft,hiresnet50.in1k_supcon,False,,,,adamw,0.05,5e-05,,0,200,448,8,500,3333,,,,5.0,58.1458,67.8668,77.5278,4.4446,62.618569549262624,100.0,100.0,100.0,0.0007,22.2407,4.3984,16.3943,24.8048,24.8048,
camel.ee.nctu.edu.tw,103,aircraft,hiresnet50.in1k_supcon,False,,,,adamw,0.05,0.0001,,0,200,448,8,100,3333,,,,,20.5521,25.9226,39.2439,9.6659,24.865563479424868,100.0,100.0,100.0,0.0096,15.9482,4.3984,16.3943,24.8048,24.8048,
camel.ee.nctu.edu.tw,103,aircraft,hiresnet50.in1k_supcon,False,,,,adamw,0.05,0.0001,,0,200,448,8,300,3333,,,,3.0,46.2646,57.1257,68.7669,5.7396,51.45745343765146,100.0,100.0,100.0,0.0008,22.9462,4.3984,16.3943,24.8048,24.8048,
gpu,103,aircraft,hiresnet50.in1k_supcon,False,,,,adamw,0.05,0.0001,,0,200,448,8,500,3333,,,,5.0,56.7957,67.2067,76.7477,4.866,61.39998615246141,100.0,100.0,100.0,0.0005,22.1629,4.3984,16.3943,24.8048,24.8048,
camel.ee.nctu.edu.tw,103,aircraft,hiresnet50.in1k_supcon,False,,,,adamw,0.05,0.0005,,0,200,448,8,100,3333,,,,,13.0513,20.492,34.8335,11.6789,18.07796164231808,100.0,100.0,100.0,0.0009,16.0495,4.3984,16.3943,24.8048,24.8048,
camel.ee.nctu.edu.tw,103,aircraft,hiresnet50.in1k_supcon,False,,,,adamw,0.05,0.0005,,0,200,448,8,300,3333,,,,3.0,36.4836,47.4047,60.6361,7.892,42.05728265134206,100.0,100.0,100.0,0.0002,23.0288,4.3984,16.3943,24.8048,24.8048,
gpu,103,aircraft,hiresnet50.in1k_supcon,False,,,,adamw,0.05,0.0005,,0,200,448,8,500,3333,,,,5.0,50.225,59.766,71.2871,6.6321,55.08550855085509,100.0,100.0,100.0,0.0002,22.1097,4.3984,16.3943,24.8048,24.8048,
camel.ee.nctu.edu.tw,103,aircraft,hiresnet50.in1k_supcon,False,,,,adamw,0.05,0.001,,0,200,448,8,100,3333,,,,,10.051,16.0216,29.3429,15.2677,14.502988760414503,100.0,100.0,100.0,0.0013,15.9996,4.3984,16.3943,24.8048,24.8048,
camel.ee.nctu.edu.tw,103,aircraft,hiresnet50.in1k_supcon,False,,,,adamw,0.05,0.001,,0,200,448,8,300,3333,,,,3.0,27.2127,36.7237,51.3051,11.9317,32.772508020032774,100.0,100.0,100.0,0.0008,22.8842,4.3984,16.3943,24.8048,24.8048,
gpu,103,aircraft,hiresnet50.in1k_supcon,False,,,,adamw,0.05,0.001,,0,200,448,8,500,3333,,,,5.0,37.0537,44.9145,58.1458,10.9183,41.92111518844192,100.0,100.0,100.0,0.001,22.0676,4.3984,16.3943,24.8048,24.8048,
camel.ee.nctu.edu.tw,103,aircraft,hiresnet50.in1k_supcon,False,,,,sgd,0.0,0.003,,0,200,448,8,100,3333,,,,,15.7516,20.9121,34.6235,10.4034,20.106626047220107,100.0,100.0,100.0,1.1117,15.746,4.3984,16.3943,24.8048,24.8048,
camel.ee.nctu.edu.tw,103,aircraft,hiresnet50.in1k_supcon,False,,,,sgd,0.0,0.003,,0,200,448,8,300,3333,,,,3.0,39.784,48.4248,60.306,7.0204,44.51983659904453,100.0,100.0,100.0,0.1582,22.5374,4.3984,16.3943,24.8048,24.8048,
gpu,103,aircraft,hiresnet50.in1k_supcon,False,,,,sgd,0.0,0.003,,0,200,448,8,500,3333,,,,5.0,52.5653,61.3861,72.1872,4.972,57.0934016478571,100.0,100.0,100.0,0.0527,21.6872,4.3984,16.3943,24.8048,24.8048,
camel.ee.nctu.edu.tw,103,aircraft,hiresnet50.in1k_supcon,False,,,,sgd,0.0,0.01,,0,200,448,8,100,3333,,,,,19.0519,25.6526,39.2439,9.6554,23.711601929423715,100.0,100.0,100.0,0.0271,15.6556,4.3984,16.3943,24.8048,24.8048,
camel.ee.nctu.edu.tw,103,aircraft,hiresnet50.in1k_supcon,False,,,,sgd,0.0,0.01,,0,200,448,8,300,3333,,,,3.0,44.2244,53.0453,65.0165,5.8798,49.02259456714903,100.0,100.0,100.0,0.0055,22.5539,4.3984,16.3943,24.8048,24.8048,
gpu,103,aircraft,hiresnet50.in1k_supcon,False,,,,sgd,0.0,0.01,,0,200,448,8,500,3333,,,,5.0,56.0156,65.4965,76.0576,4.2796,60.64067945256065,100.0,100.0,100.0,0.0029,21.6197,4.3984,16.3943,24.8048,24.8048,
camel.ee.nctu.edu.tw,103,aircraft,hiresnet50.in1k_supcon,False,,,,sgd,0.0,0.03,,0,200,448,8,100,3333,,,,,19.922,27.3927,41.0441,9.5196,24.796325786424795,100.0,100.0,100.0,0.0042,15.7857,4.3984,16.3943,24.8048,24.8048,
camel.ee.nctu.edu.tw,103,aircraft,hiresnet50.in1k_supcon,False,,,,sgd,0.0,0.03,,0,200,448,8,300,3333,,,,3.0,45.8746,56.6757,69.1269,5.4681,51.24050866625124,100.0,100.0,100.0,0.0009,22.254,4.3984,16.3943,24.8048,24.8048,
gpu,103,aircraft,hiresnet50.in1k_supcon,False,,,,sgd,0.0,0.03,,0,200,448,8,500,3333,,,,5.0,57.6358,67.5068,78.3078,4.0652,62.406240624062406,100.0,100.0,100.0,0.0006,21.5762,4.3984,16.3943,24.8048,24.8048,
camel.ee.nctu.edu.tw,103,aircraft,hiresnet50.in1k_supcon,False,,,,sgd,0.0,0.1,,0,200,448,8,100,3333,,,,,15.4815,23.8824,37.1437,11.2555,20.48050958942048,100.0,100.0,100.0,0.0006,15.7365,4.3984,16.3943,24.8048,24.8048,
camel.ee.nctu.edu.tw,103,aircraft,hiresnet50.in1k_supcon,False,,,,sgd,0.0,0.1,,0,200,448,8,300,3333,,,,3.0,40.5641,50.7351,63.4263,7.599,45.83996861224584,100.0,100.0,100.0,0.0002,22.5204,4.3984,16.3943,24.8048,24.8048,
gpu,103,aircraft,hiresnet50.in1k_supcon,False,,,,sgd,0.0,0.1,,0,200,448,8,500,3333,,,,5.0,51.6352,61.6862,72.3372,7.3236,56.412564333356414,100.0,100.0,100.0,0.0002,21.5993,4.3984,16.3943,24.8048,24.8048,
camel.ee.nctu.edu.tw,103,aircraft,hiresnet50.in1k_swav,False,,,,adamw,0.05,5e-06,,0,200,448,8,100,3333,,,,,11.3111,15.5416,28.5929,10.8706,15.2992222299153,100.0,100.0,100.0,1.7253,16.0435,4.3984,16.3943,24.8048,24.8048,
camel.ee.nctu.edu.tw,103,aircraft,hiresnet50.in1k_swav,False,,,,adamw,0.05,5e-06,,0,200,448,8,300,3333,,,,3.0,32.1932,40.084,53.2253,8.014,37.04678160123704,100.0,100.0,100.0,0.4838,22.8807,4.3984,16.3943,24.8048,24.8048,
gpu,103,aircraft,hiresnet50.in1k_swav,False,,,,adamw,0.05,5e-06,,0,200,448,8,500,3333,,,,5.0,46.0246,53.6454,66.0066,5.9372,50.63583281405064,100.0,100.0,100.0,0.1697,22.3301,4.3984,16.3943,24.8048,24.8048,
camel.ee.nctu.edu.tw,103,aircraft,hiresnet50.in1k_swav,False,,,,adamw,0.05,1e-05,,0,200,448,8,100,3333,,,,,12.4512,16.9517,30.063,10.7007,16.515497703616518,100.0,100.0,100.0,1.02,16.053,4.3984,16.3943,24.8048,24.8048,
camel.ee.nctu.edu.tw,103,aircraft,hiresnet50.in1k_swav,False,,,,adamw,0.05,1e-05,,0,200,448,8,300,3333,,,,3.0,34.5035,42.7543,55.7756,7.5742,39.41240277873941,100.0,100.0,100.0,0.1631,23.079,4.3984,16.3943,24.8048,24.8048,
gpu,103,aircraft,hiresnet50.in1k_swav,False,,,,adamw,0.05,1e-05,,0,200,448,8,500,3333,,,,5.0,47.9148,55.6856,67.5068,5.5605,52.43601283205244,100.0,100.0,100.0,0.0476,22.2452,4.3984,16.3943,24.8048,24.8048,
camel.ee.nctu.edu.tw,103,aircraft,hiresnet50.in1k_swav,False,,,,adamw,0.05,5e-05,,0,200,448,8,100,3333,,,,,15.4815,21.2421,35.0435,10.1019,19.99584573842,100.0,100.0,100.0,0.065,16.0408,4.3984,16.3943,24.8048,24.8048,
camel.ee.nctu.edu.tw,103,aircraft,hiresnet50.in1k_swav,False,,,,adamw,0.05,5e-05,,0,200,448,8,300,3333,,,,3.0,38.5839,45.3645,58.7759,6.7521,43.243555124743246,100.0,100.0,100.0,0.0057,23.2391,4.3984,16.3943,24.8048,24.8048,
gpu,103,aircraft,hiresnet50.in1k_swav,False,,,,adamw,0.05,5e-05,,0,200,448,8,500,3333,,,,5.0,50.9151,59.2859,70.057,4.992,55.33245632255533,100.0,100.0,100.0,0.0014,22.3047,4.3984,16.3943,24.8048,24.8048,
camel.ee.nctu.edu.tw,103,aircraft,hiresnet50.in1k_swav,False,,,,adamw,0.05,0.0001,,0,200,448,8,100,3333,,,,,15.9916,22.4422,35.8836,9.9559,20.582058205820587,100.0,100.0,100.0,0.0185,15.8073,4.3984,16.3943,24.8048,24.8048,
camel.ee.nctu.edu.tw,103,aircraft,hiresnet50.in1k_swav,False,,,,adamw,0.05,0.0001,,0,200,448,8,300,3333,,,,3.0,38.8539,46.0846,59.886,6.5292,43.70744766784371,100.0,100.0,100.0,0.0015,22.9062,4.3984,16.3943,24.8048,24.8048,
gpu,103,aircraft,hiresnet50.in1k_swav,False,,,,adamw,0.05,0.0001,,0,200,448,8,500,3333,,,,5.0,51.9052,61.0861,72.2172,4.7981,56.59258233515659,100.0,100.0,100.0,0.0004,22.1874,4.3984,16.3943,24.8048,24.8048,
camel.ee.nctu.edu.tw,103,aircraft,hiresnet50.in1k_swav,False,,,,adamw,0.05,0.0005,,0,200,448,8,100,3333,,,,,16.0516,22.9823,35.5236,10.2972,20.545131436220544,100.0,100.0,100.0,0.0017,15.9392,4.3984,16.3943,24.8048,24.8048,
camel.ee.nctu.edu.tw,103,aircraft,hiresnet50.in1k_swav,False,,,,adamw,0.05,0.0005,,0,200,448,8,300,3333,,,,3.0,39.1839,48.9349,63.3963,6.6121,44.77140021694478,100.0,100.0,100.0,0.0003,22.8626,4.3984,16.3943,24.8048,24.8048,
gpu,103,aircraft,hiresnet50.in1k_swav,False,,,,adamw,0.05,0.0005,,0,200,448,8,500,3333,,,,5.0,51.9652,62.6163,75.2175,5.3533,57.331117727157334,100.0,100.0,100.0,0.0003,22.182,4.3984,16.3943,24.8048,24.8048,
camel.ee.nctu.edu.tw,103,aircraft,hiresnet50.in1k_swav,False,,,,adamw,0.05,0.001,,0,200,448,8,100,3333,,,,,12.9013,20.432,34.3234,11.5948,17.844861409217845,100.0,100.0,100.0,0.0006,16.2395,4.3984,16.3943,24.8048,24.8048,
camel.ee.nctu.edu.tw,103,aircraft,hiresnet50.in1k_swav,False,,,,adamw,0.05,0.001,,0,200,448,8,300,3333,,,,3.0,33.9634,42.7243,57.3357,9.033,39.35701262433936,100.0,100.0,100.0,0.0003,23.0594,4.3984,16.3943,24.8048,24.8048,
gpu,103,aircraft,hiresnet50.in1k_swav,False,,,,adamw,0.05,0.001,,0,200,448,8,500,3333,,,,5.0,51.6052,60.6061,74.3774,6.0648,56.86030141475686,100.0,100.0,100.0,0.0001,22.0941,4.3984,16.3943,24.8048,24.8048,
camel.ee.nctu.edu.tw,103,aircraft,hiresnet50.in1k_swav,False,,,,sgd,0.0,0.003,,0,200,448,8,100,3333,,,,,9.961,13.7114,28.1128,10.7575,14.14987652611415,100.0,100.0,100.0,1.1004,16.014,4.3984,16.3943,24.8048,24.8048,
camel.ee.nctu.edu.tw,103,aircraft,hiresnet50.in1k_swav,False,,,,sgd,0.0,0.003,,0,200,448,8,300,3333,,,,3.0,28.9529,35.6436,47.9748,7.8301,33.34256502573335,100.0,100.0,100.0,0.2146,22.652,4.3984,16.3943,24.8048,24.8048,
gpu,103,aircraft,hiresnet50.in1k_swav,False,,,,sgd,0.0,0.003,,0,200,448,8,500,3333,,,,5.0,41.7042,49.0549,58.4158,6.1335,45.560709917145566,100.0,100.0,99.7984,0.0878,21.6786,4.3984,16.3943,24.8048,24.8048,
camel.ee.nctu.edu.tw,103,aircraft,hiresnet50.in1k_swav,False,,,,sgd,0.0,0.01,,0,200,448,8,100,3333,,,,,13.0213,17.7018,30.453,10.6967,17.044012093517047,100.0,100.0,100.0,0.022,15.7744,4.3984,16.3943,24.8048,24.8048,
camel.ee.nctu.edu.tw,103,aircraft,hiresnet50.in1k_swav,False,,,,sgd,0.0,0.01,,0,200,448,8,300,3333,,,,3.0,33.2133,40.204,51.6652,7.4522,37.47143945163747,100.0,100.0,100.0,0.0059,22.7074,4.3984,16.3943,24.8048,24.8048,
gpu,103,aircraft,hiresnet50.in1k_swav,False,,,,sgd,0.0,0.01,,0,200,448,8,500,3333,,,,5.0,44.4944,51.9952,61.9862,5.9565,48.53100694684853,100.0,100.0,100.0,0.0038,21.6736,4.3984,16.3943,24.8048,24.8048,
camel.ee.nctu.edu.tw,103,aircraft,hiresnet50.in1k_swav,False,,,,sgd,0.0,0.03,,0,200,448,8,100,3333,,,,,13.8314,19.0519,31.4131,10.9092,17.88871194811789,100.0,100.0,100.0,0.0041,15.8426,4.3984,16.3943,24.8048,24.8048,
camel.ee.nctu.edu.tw,103,aircraft,hiresnet50.in1k_swav,False,,,,sgd,0.0,0.03,,0,200,448,8,300,3333,,,,3.0,35.3735,42.0642,54.3654,7.4307,39.75628332063975,100.0,100.0,100.0,0.0012,22.5267,4.3984,16.3943,24.8048,24.8048,
gpu,103,aircraft,hiresnet50.in1k_swav,False,,,,sgd,0.0,0.03,,0,200,448,8,500,3333,,,,5.0,47.3147,54.5155,65.4665,5.7973,51.5036118996515,100.0,100.0,100.0,0.0008,21.6893,4.3984,16.3943,24.8048,24.8048,
camel.ee.nctu.edu.tw,103,aircraft,hiresnet50.in1k_swav,False,,,,sgd,0.0,0.1,,0,200,448,8,100,3333,,,,,14.6115,20.7021,32.7333,11.6658,18.793417803318796,100.0,100.0,100.0,0.0009,16.0286,4.3984,16.3943,24.8048,24.8048,
camel.ee.nctu.edu.tw,103,aircraft,hiresnet50.in1k_swav,False,,,,sgd,0.0,0.1,,0,200,448,8,300,3333,,,,3.0,36.3036,45.2445,55.9856,8.5087,40.84562302384085,100.0,100.0,100.0,0.0002,22.4498,4.3984,16.3943,24.8048,24.8048,
gpu,103,aircraft,hiresnet50.in1k_swav,False,,,,sgd,0.0,0.1,,0,200,448,8,500,3333,,,,5.0,49.3249,55.9556,68.7069,7.024,53.7976874610538,100.0,100.0,100.0,0.0005,21.6102,4.3984,16.3943,24.8048,24.8048,
camel.ee.nctu.edu.tw,103,aircraft,hiresnet50.in21k_miil,False,,,,adamw,0.05,5e-06,,0,200,448,8,100,3333,,,,,13.5014,17.2817,29.3129,10.7178,17.150176556117152,100.0,100.0,100.0,2.369,16.4943,4.3984,16.3943,24.8048,24.8048,
camel.ee.nctu.edu.tw,103,aircraft,hiresnet50.in21k_miil,False,,,,adamw,0.05,5e-06,,0,200,448,8,300,3333,,,,3.0,31.3831,40.5641,52.2952,7.9542,36.20900551593621,100.0,100.0,99.6622,0.8239,22.6939,4.3984,16.3943,24.8048,24.8048,
gpu,103,aircraft,hiresnet50.in21k_miil,False,,,,adamw,0.05,5e-06,,0,200,448,8,500,3333,,,,5.0,44.7045,53.8854,65.7066,5.8014,49.55110895704955,100.0,100.0,100.0,0.3155,22.0939,4.3984,16.3943,24.8048,24.8048,
camel.ee.nctu.edu.tw,103,aircraft,hiresnet50.in21k_miil,False,,,,adamw,0.05,1e-05,,0,200,448,8,100,3333,,,,,14.2514,19.2619,31.0231,10.5138,18.121812181218125,100.0,100.0,100.0,1.4287,16.443,4.3984,16.3943,24.8048,24.8048,
camel.ee.nctu.edu.tw,103,aircraft,hiresnet50.in21k_miil,False,,,,adamw,0.05,1e-05,,0,200,448,8,300,3333,,,,3.0,33.6934,43.5344,54.7555,7.4839,38.553855385538554,100.0,100.0,100.0,0.2751,22.7958,4.3984,16.3943,24.8048,24.8048,
gpu,103,aircraft,hiresnet50.in21k_miil,False,,,,adamw,0.05,1e-05,,0,200,448,8,500,3333,,,,5.0,46.8347,55.7456,66.9067,5.4243,51.46668513005147,100.0,100.0,100.0,0.0754,21.9874,4.3984,16.3943,24.8048,24.8048,
camel.ee.nctu.edu.tw,103,aircraft,hiresnet50.in21k_miil,False,,,,adamw,0.05,5e-05,,0,200,448,8,100,3333,,,,,16.9817,23.7024,36.6037,9.827,21.509843292021515,100.0,100.0,100.0,0.0729,16.3758,4.3984,16.3943,24.8048,24.8048,
camel.ee.nctu.edu.tw,103,aircraft,hiresnet50.in21k_miil,False,,,,adamw,0.05,5e-05,,0,200,448,8,300,3333,,,,3.0,38.2538,47.9748,59.946,6.5651,43.25971058644326,100.0,100.0,100.0,0.0055,22.8737,4.3984,16.3943,24.8048,24.8048,
gpu,103,aircraft,hiresnet50.in21k_miil,False,,,,adamw,0.05,5e-05,,0,200,448,8,500,3333,,,,5.0,50.105,59.4359,70.207,5.169,54.74393593205474,100.0,100.0,100.0,0.0016,22.1202,4.3984,16.3943,24.8048,24.8048,
camel.ee.nctu.edu.tw,103,aircraft,hiresnet50.in21k_miil,False,,,,adamw,0.05,0.0001,,0,200,448,8,100,3333,,,,,17.8818,24.3924,38.1038,9.7055,22.54840868702255,100.0,100.0,100.0,0.0187,16.4669,4.3984,16.3943,24.8048,24.8048,
camel.ee.nctu.edu.tw,103,aircraft,hiresnet50.in21k_miil,False,,,,adamw,0.05,0.0001,,0,200,448,8,300,3333,,,,3.0,39.2139,48.4548,61.0561,6.5381,44.25442544254426,100.0,100.0,100.0,0.0015,22.902,4.3984,16.3943,24.8048,24.8048,
gpu,103,aircraft,hiresnet50.in21k_miil,False,,,,adamw,0.05,0.0001,,0,200,448,8,500,3333,,,,5.0,51.4551,59.766,72.3072,5.1278,56.267165178056274,100.0,100.0,100.0,0.0004,22.112,4.3984,16.3943,24.8048,24.8048,
camel.ee.nctu.edu.tw,103,aircraft,hiresnet50.in21k_miil,False,,,,adamw,0.05,0.0005,,0,200,448,8,100,3333,,,,,17.2817,24.3324,38.8839,10.3225,22.266842068822267,100.0,100.0,100.0,0.0014,16.4802,4.3984,16.3943,24.8048,24.8048,
camel.ee.nctu.edu.tw,103,aircraft,hiresnet50.in21k_miil,False,,,,adamw,0.05,0.0005,,0,200,448,8,300,3333,,,,3.0,40.5941,50.285,62.3462,7.1079,45.61379214844561,100.0,100.0,100.0,0.0002,22.6703,4.3984,16.3943,24.8048,24.8048,
gpu,103,aircraft,hiresnet50.in21k_miil,False,,,,adamw,0.05,0.0005,,0,200,448,8,500,3333,,,,5.0,52.8353,62.9463,75.2175,5.7001,58.000415426158,100.0,100.0,100.0,0.0001,22.1386,4.3984,16.3943,24.8048,24.8048,
camel.ee.nctu.edu.tw,103,aircraft,hiresnet50.in21k_miil,False,,,,adamw,0.05,0.001,,0,200,448,8,100,3333,,,,,17.1917,24.1824,37.0237,10.9233,21.76833067922177,100.0,100.0,100.0,0.0005,16.331,4.3984,16.3943,24.8048,24.8048,
camel.ee.nctu.edu.tw,103,aircraft,hiresnet50.in21k_miil,False,,,,adamw,0.05,0.001,,0,200,448,8,300,3333,,,,3.0,40.7441,50.255,62.3162,7.4102,45.72226453414572,100.0,100.0,100.0,0.0001,22.908,4.3984,16.3943,24.8048,24.8048,
gpu,103,aircraft,hiresnet50.in21k_miil,False,,,,adamw,0.05,0.001,,0,200,448,8,500,3333,,,,5.0,51.9652,62.8863,73.4173,6.1994,56.91569156915692,100.0,100.0,100.0,0.0003,21.9847,4.3984,16.3943,24.8048,24.8048,
camel.ee.nctu.edu.tw,103,aircraft,hiresnet50.in21k_miil,False,,,,sgd,0.0,0.003,,0,200,448,8,100,3333,,,,,11.9412,17.5218,29.2529,10.4121,15.936209005515938,100.0,100.0,100.0,1.5362,16.2761,4.3984,16.3943,24.8048,24.8048,
camel.ee.nctu.edu.tw,103,aircraft,hiresnet50.in21k_miil,False,,,,sgd,0.0,0.003,,0,200,448,8,300,3333,,,,3.0,30.6331,37.4137,47.9148,7.7135,34.62115442313463,100.0,100.0,99.6622,0.3865,22.3938,4.3984,16.3943,24.8048,24.8048,
gpu,103,aircraft,hiresnet50.in21k_miil,False,,,,sgd,0.0,0.003,,0,200,448,8,500,3333,,,,5.0,43.8044,50.015,60.5461,5.8427,47.66784370744767,100.0,100.0,100.0,0.1748,21.5844,4.3984,16.3943,24.8048,24.8048,
camel.ee.nctu.edu.tw,103,aircraft,hiresnet50.in21k_miil,False,,,,sgd,0.0,0.01,,0,200,448,8,100,3333,,,,,15.9016,21.0021,32.4032,10.3225,19.70966327401971,100.0,100.0,100.0,0.0282,16.2524,4.3984,16.3943,24.8048,24.8048,
camel.ee.nctu.edu.tw,103,aircraft,hiresnet50.in21k_miil,False,,,,sgd,0.0,0.01,,0,200,448,8,300,3333,,,,3.0,34.8635,42.3042,51.9652,7.3222,38.81003484963881,100.0,100.0,100.0,0.0067,22.3514,4.3984,16.3943,24.8048,24.8048,
gpu,103,aircraft,hiresnet50.in21k_miil,False,,,,sgd,0.0,0.01,,0,200,448,8,500,3333,,,,5.0,47.6448,54.8455,64.5365,5.6335,51.54284659235155,100.0,100.0,100.0,0.0054,21.4848,4.3984,16.3943,24.8048,24.8048,
camel.ee.nctu.edu.tw,103,aircraft,hiresnet50.in21k_miil,False,,,,sgd,0.0,0.03,,0,200,448,8,100,3333,,,,,16.5317,21.7822,33.8134,10.6135,20.51974428212052,100.0,100.0,100.0,0.0046,16.4655,4.3984,16.3943,24.8048,24.8048,
camel.ee.nctu.edu.tw,103,aircraft,hiresnet50.in21k_miil,False,,,,sgd,0.0,0.03,,0,200,448,8,300,3333,,,,3.0,37.3237,45.2445,54.6055,7.2811,41.31182349004132,100.0,100.0,100.0,0.0014,22.445,4.3984,16.3943,24.8048,24.8048,
gpu,103,aircraft,hiresnet50.in21k_miil,False,,,,sgd,0.0,0.03,,0,200,448,8,500,3333,,,,5.0,49.4749,56.2856,66.6367,5.6361,53.43534353435344,100.0,100.0,100.0,0.0017,21.3948,4.3984,16.3943,24.8048,24.8048,
camel.ee.nctu.edu.tw,103,aircraft,hiresnet50.in21k_miil,False,,,,sgd,0.0,0.1,,0,200,448,8,100,3333,,,,,17.0717,23.0123,35.6736,11.5347,21.364444136721367,100.0,100.0,100.0,0.0009,16.4316,4.3984,16.3943,24.8048,24.8048,
camel.ee.nctu.edu.tw,103,aircraft,hiresnet50.in21k_miil,False,,,,sgd,0.0,0.1,,0,200,448,8,300,3333,,,,3.0,38.4338,45.7846,57.1857,8.6859,42.76119919684276,100.0,100.0,100.0,0.0004,22.423,4.3984,16.3943,24.8048,24.8048,
gpu,103,aircraft,hiresnet50.in21k_miil,False,,,,sgd,0.0,0.1,,0,200,448,8,500,3333,,,,5.0,50.285,59.706,69.3369,7.1701,54.68162200835469,100.0,100.0,100.0,0.0001,21.494,4.3984,16.3943,24.8048,24.8048,
camel.ee.nctu.edu.tw,103,aircraft,hiresnet50.tv2_in1k,False,,,,adamw,0.05,5e-06,,0,200,448,8,100,3333,,,,,14.0414,19.832,31.9532,10.65,18.174894412518174,100.0,100.0,100.0,1.3373,16.6932,4.3984,16.3943,24.8048,24.8048,
camel.ee.nctu.edu.tw,103,aircraft,hiresnet50.tv2_in1k,False,,,,adamw,0.05,5e-06,,0,200,448,8,300,3333,,,,3.0,36.3036,45.4245,55.3255,7.5591,40.6933000992407,100.0,100.0,100.0,0.2801,23.4487,4.3984,16.3943,24.8048,24.8048,
gpu,103,aircraft,hiresnet50.tv2_in1k,False,,,,adamw,0.05,5e-06,,0,200,448,8,500,3333,,,,5.0,48.8449,58.4458,68.2868,5.3989,53.331486994853336,100.0,100.0,100.0,0.077,21.8949,4.3984,16.3943,24.8048,24.8048,
camel.ee.nctu.edu.tw,103,aircraft,hiresnet50.tv2_in1k,False,,,,adamw,0.05,1e-05,,0,200,448,8,100,3333,,,,,15.1215,21.6922,33.8134,10.451,19.435020425119436,100.0,100.0,100.0,0.7791,16.8058,4.3984,16.3943,24.8048,24.8048,
camel.ee.nctu.edu.tw,103,aircraft,hiresnet50.tv2_in1k,False,,,,adamw,0.05,1e-05,,0,200,448,8,300,3333,,,,3.0,37.6838,46.2946,57.6658,7.117,42.2949987306423,100.0,100.0,100.0,0.0977,23.2783,4.3984,16.3943,24.8048,24.8048,
gpu,103,aircraft,hiresnet50.tv2_in1k,False,,,,adamw,0.05,1e-05,,0,200,448,8,500,3333,,,,5.0,49.0849,58.6259,68.9169,5.2434,53.661519998153665,100.0,100.0,100.0,0.0264,21.9918,4.3984,16.3943,24.8048,24.8048,
camel.ee.nctu.edu.tw,103,aircraft,hiresnet50.tv2_in1k,False,,,,adamw,0.05,5e-05,,0,200,448,8,100,3333,,,,,17.3717,24.3024,37.2637,9.8113,21.96219621962197,100.0,100.0,100.0,0.0492,16.6366,4.3984,16.3943,24.8048,24.8048,
camel.ee.nctu.edu.tw,103,aircraft,hiresnet50.tv2_in1k,False,,,,adamw,0.05,5e-05,,0,200,448,8,300,3333,,,,3.0,40.7141,49.685,62.5863,6.2617,45.76149922684576,100.0,100.0,100.0,0.0037,23.0458,4.3984,16.3943,24.8048,24.8048,
gpu,103,aircraft,hiresnet50.tv2_in1k,False,,,,adamw,0.05,5e-05,,0,200,448,8,500,3333,,,,5.0,51.5152,61.6862,72.7873,5.1962,56.42410394885643,100.0,100.0,100.0,0.0011,21.9463,4.3984,16.3943,24.8048,24.8048,
camel.ee.nctu.edu.tw,103,aircraft,hiresnet50.tv2_in1k,False,,,,adamw,0.05,0.0001,,0,200,448,8,100,3333,,,,,17.9418,25.2325,38.1338,9.7201,22.601490918322604,100.0,100.0,100.0,0.0139,16.8559,4.3984,16.3943,24.8048,24.8048,
camel.ee.nctu.edu.tw,103,aircraft,hiresnet50.tv2_in1k,False,,,,adamw,0.05,0.0001,,0,200,448,8,300,3333,,,,3.0,42.8443,52.2652,65.0765,6.0895,47.974797479747984,100.0,100.0,100.0,0.0011,23.3849,4.3984,16.3943,24.8048,24.8048,
gpu,103,aircraft,hiresnet50.tv2_in1k,False,,,,adamw,0.05,0.0001,,0,200,448,8,500,3333,,,,5.0,53.9154,63.4263,74.2274,5.0752,58.60278335525861,100.0,100.0,100.0,0.0003,22.0581,4.3984,16.3943,24.8048,24.8048,
camel.ee.nctu.edu.tw,103,aircraft,hiresnet50.tv2_in1k,False,,,,adamw,0.05,0.0005,,0,200,448,8,100,3333,,,,,16.0216,21.3321,36.6637,10.6123,20.785155438620787,100.0,100.0,100.0,0.001,16.7359,4.3984,16.3943,24.8048,24.8048,
camel.ee.nctu.edu.tw,103,aircraft,hiresnet50.tv2_in1k,False,,,,adamw,0.05,0.0005,,0,200,448,8,300,3333,,,,3.0,37.5938,47.3747,61.4161,7.376,43.0912322001431,100.0,100.0,100.0,0.0001,23.1152,4.3984,16.3943,24.8048,24.8048,
gpu,103,aircraft,hiresnet50.tv2_in1k,False,,,,adamw,0.05,0.0005,,0,200,448,8,500,3333,,,,5.0,50.7951,60.6961,73.4473,5.7673,56.02252532945603,100.0,100.0,100.0,0.0001,22.0505,4.3984,16.3943,24.8048,24.8048,
camel.ee.nctu.edu.tw,103,aircraft,hiresnet50.tv2_in1k,False,,,,adamw,0.05,0.001,,0,200,448,8,100,3333,,,,,12.5113,19.4119,32.4932,12.8337,17.122481478917123,100.0,100.0,100.0,0.0004,16.6524,4.3984,16.3943,24.8048,24.8048,
camel.ee.nctu.edu.tw,103,aircraft,hiresnet50.tv2_in1k,False,,,,adamw,0.05,0.001,,0,200,448,8,300,3333,,,,3.0,32.7933,42.6043,56.1056,9.4108,38.17304807403818,100.0,100.0,100.0,0.0013,22.978,4.3984,16.3943,24.8048,24.8048,
gpu,103,aircraft,hiresnet50.tv2_in1k,False,,,,adamw,0.05,0.001,,0,200,448,8,500,3333,,,,5.0,46.5047,56.5557,70.087,7.6732,51.94673313485195,100.0,100.0,100.0,0.0002,21.9616,4.3984,16.3943,24.8048,24.8048,
camel.ee.nctu.edu.tw,103,aircraft,hiresnet50.tv2_in1k,False,,,,sgd,0.0,0.003,,0,200,448,8,100,3333,,,,,10.6511,15.0915,29.883,10.6978,15.089201227815089,100.0,100.0,100.0,1.6653,16.8773,4.3984,16.3943,24.8048,24.8048,
camel.ee.nctu.edu.tw,103,aircraft,hiresnet50.tv2_in1k,False,,,,sgd,0.0,0.003,,0,200,448,8,300,3333,,,,3.0,31.8032,38.8839,50.255,7.6547,36.06129843753606,100.0,100.0,100.0,0.3042,22.8023,4.3984,16.3943,24.8048,24.8048,
gpu,103,aircraft,hiresnet50.tv2_in1k,False,,,,sgd,0.0,0.003,,0,200,448,8,500,3333,,,,5.0,45.6946,54.7855,64.5665,5.5278,50.04962034665005,100.0,100.0,100.0,0.0916,21.4186,4.3984,16.3943,24.8048,24.8048,
camel.ee.nctu.edu.tw,103,aircraft,hiresnet50.tv2_in1k,False,,,,sgd,0.0,0.01,,0,200,448,8,100,3333,,,,,13.8314,19.772,33.5134,10.2289,18.373375799118374,100.0,100.0,100.0,0.0251,16.5828,4.3984,16.3943,24.8048,24.8048,
camel.ee.nctu.edu.tw,103,aircraft,hiresnet50.tv2_in1k,False,,,,sgd,0.0,0.01,,0,200,448,8,300,3333,,,,3.0,36.1536,45.2445,56.6157,6.8165,40.87562602414088,100.0,100.0,100.0,0.005,22.6152,4.3984,16.3943,24.8048,24.8048,
gpu,103,aircraft,hiresnet50.tv2_in1k,False,,,,sgd,0.0,0.01,,0,200,448,8,500,3333,,,,5.0,49.4149,58.6859,68.9169,5.0346,53.91539153915392,100.0,100.0,100.0,0.0039,21.5176,4.3984,16.3943,24.8048,24.8048,
camel.ee.nctu.edu.tw,103,aircraft,hiresnet50.tv2_in1k,False,,,,sgd,0.0,0.03,,0,200,448,8,100,3333,,,,,14.5215,20.6421,34.8935,10.3728,19.22269149991922,100.0,100.0,100.0,0.0041,16.6978,4.3984,16.3943,24.8048,24.8048,
camel.ee.nctu.edu.tw,103,aircraft,hiresnet50.tv2_in1k,False,,,,sgd,0.0,0.03,,0,200,448,8,300,3333,,,,3.0,38.4638,47.1647,59.556,6.5928,43.33125620254334,100.0,100.0,100.0,0.0009,22.5609,4.3984,16.3943,24.8048,24.8048,
gpu,103,aircraft,hiresnet50.tv2_in1k,False,,,,sgd,0.0,0.03,,0,200,448,8,500,3333,,,,5.0,51.8452,61.1461,71.7072,4.8853,56.42871979505642,100.0,100.0,100.0,0.0007,21.48,4.3984,16.3943,24.8048,24.8048,
camel.ee.nctu.edu.tw,103,aircraft,hiresnet50.tv2_in1k,False,,,,sgd,0.0,0.1,,0,200,448,8,100,3333,,,,,15.0015,20.8521,34.2934,11.2281,19.453483809919454,100.0,100.0,100.0,0.0006,16.4734,4.3984,16.3943,24.8048,24.8048,
camel.ee.nctu.edu.tw,103,aircraft,hiresnet50.tv2_in1k,False,,,,sgd,0.0,0.1,,0,200,448,8,300,3333,,,,3.0,37.3537,46.8347,59.3759,8.017,42.43578203974244,100.0,100.0,100.0,0.0002,22.7502,4.3984,16.3943,24.8048,24.8048,
gpu,103,aircraft,hiresnet50.tv2_in1k,False,,,,sgd,0.0,0.1,,0,200,448,8,500,3333,,,,5.0,52.0552,61.4161,73.2373,5.8621,56.94338664635694,100.0,100.0,100.0,0.0001,21.4208,4.3984,16.3943,24.8048,24.8048,
camel.ee.nctu.edu.tw,103,aircraft,hiresnet50.tv_in1k,False,,,,adamw,0.05,5e-06,,0,200,448,8,100,3333,,,,,14.3114,20.042,33.9934,10.5066,18.853423803918854,100.0,100.0,100.0,0.7212,16.6422,4.3984,16.3943,24.8048,24.8048,
camel.ee.nctu.edu.tw,103,aircraft,hiresnet50.tv_in1k,False,,,,adamw,0.05,5e-06,,0,200,448,8,300,3333,,,,3.0,36.8137,46.0246,58.9259,7.3953,41.91649934224192,100.0,100.0,100.0,0.1252,22.8758,4.3984,16.3943,24.8048,24.8048,
gpu,103,aircraft,hiresnet50.tv_in1k,False,,,,adamw,0.05,5e-06,,0,200,448,8,500,3333,,,,5.0,49.1749,58.7459,70.087,5.4869,54.00078469385401,100.0,100.0,100.0,0.0378,22.0153,4.3984,16.3943,24.8048,24.8048,
camel.ee.nctu.edu.tw,103,aircraft,hiresnet50.tv_in1k,False,,,,adamw,0.05,1e-05,,0,200,448,8,100,3333,,,,,15.3615,21.3621,35.6736,10.3389,20.04892796972005,100.0,100.0,100.0,0.4575,16.6209,4.3984,16.3943,24.8048,24.8048,
camel.ee.nctu.edu.tw,103,aircraft,hiresnet50.tv_in1k,False,,,,adamw,0.05,1e-05,,0,200,448,8,300,3333,,,,3.0,38.3738,47.3447,59.706,7.0695,43.296637356043306,100.0,100.0,100.0,0.0539,22.7917,4.3984,16.3943,24.8048,24.8048,
gpu,103,aircraft,hiresnet50.tv_in1k,False,,,,adamw,0.05,1e-05,,0,200,448,8,500,3333,,,,5.0,50.8551,59.586,70.5971,5.2443,55.410925707955414,100.0,100.0,100.0,0.0159,22.0479,4.3984,16.3943,24.8048,24.8048,
camel.ee.nctu.edu.tw,103,aircraft,hiresnet50.tv_in1k,False,,,,adamw,0.05,5e-05,,0,200,448,8,100,3333,,,,,16.6817,24.6025,38.2238,9.7476,21.652934524221656,100.0,100.0,100.0,0.0411,16.6746,4.3984,16.3943,24.8048,24.8048,
camel.ee.nctu.edu.tw,103,aircraft,hiresnet50.tv_in1k,False,,,,adamw,0.05,5e-05,,0,200,448,8,300,3333,,,,3.0,41.6442,50.6751,61.8962,6.2283,46.31770869394632,100.0,100.0,100.0,0.0031,22.9395,4.3984,16.3943,24.8048,24.8048,
gpu,103,aircraft,hiresnet50.tv_in1k,False,,,,adamw,0.05,5e-05,,0,200,448,8,500,3333,,,,5.0,53.3153,63.1263,72.2172,4.8149,57.67730619215767,100.0,100.0,100.0,0.001,21.9834,4.3984,16.3943,24.8048,24.8048,
camel.ee.nctu.edu.tw,103,aircraft,hiresnet50.tv_in1k,False,,,,adamw,0.05,0.0001,,0,200,448,8,100,3333,,,,,17.4317,24.7525,38.0138,9.7314,22.181448914122186,100.0,100.0,100.0,0.0128,16.6463,4.3984,16.3943,24.8048,24.8048,
camel.ee.nctu.edu.tw,103,aircraft,hiresnet50.tv_in1k,False,,,,adamw,0.05,0.0001,,0,200,448,8,300,3333,,,,3.0,42.4542,52.5653,64.6865,6.1008,47.584758475847586,100.0,100.0,100.0,0.0009,23.3291,4.3984,16.3943,24.8048,24.8048,
gpu,103,aircraft,hiresnet50.tv_in1k,False,,,,adamw,0.05,0.0001,,0,200,448,8,500,3333,,,,5.0,54.3354,63.5164,75.9376,4.7445,59.32054743935932,100.0,100.0,100.0,0.0002,22.0133,4.3984,16.3943,24.8048,24.8048,
camel.ee.nctu.edu.tw,103,aircraft,hiresnet50.tv_in1k,False,,,,adamw,0.05,0.0005,,0,200,448,8,100,3333,,,,,12.5413,19.4119,33.5134,11.8688,17.38096886611738,100.0,100.0,100.0,0.0009,16.6977,4.3984,16.3943,24.8048,24.8048,
camel.ee.nctu.edu.tw,103,aircraft,hiresnet50.tv_in1k,False,,,,adamw,0.05,0.0005,,0,200,448,8,300,3333,,,,3.0,34.8935,44.3144,59.3759,8.3215,40.543285097740544,100.0,100.0,100.0,0.0002,22.4798,4.3984,16.3943,24.8048,24.8048,
gpu,103,aircraft,hiresnet50.tv_in1k,False,,,,adamw,0.05,0.0005,,0,200,448,8,500,3333,,,,5.0,49.1749,60.066,69.937,6.7985,53.96616584735398,100.0,100.0,100.0,0.0003,21.9911,4.3984,16.3943,24.8048,24.8048,
camel.ee.nctu.edu.tw,103,aircraft,hiresnet50.tv_in1k,False,,,,adamw,0.05,0.001,,0,200,448,8,100,3333,,,,,9.4209,14.9415,28.1128,15.6692,13.734450368113734,100.0,100.0,100.0,0.0009,16.7518,4.3984,16.3943,24.8048,24.8048,
camel.ee.nctu.edu.tw,103,aircraft,hiresnet50.tv_in1k,False,,,,adamw,0.05,0.001,,0,200,448,8,300,3333,,,,3.0,26.3426,35.4335,51.5152,12.6256,32.15167670613216,100.0,100.0,100.0,0.0008,23.0588,4.3984,16.3943,24.8048,24.8048,
gpu,103,aircraft,hiresnet50.tv_in1k,False,,,,adamw,0.05,0.001,,0,200,448,8,500,3333,,,,5.0,38.1338,46.5647,59.4059,10.792,43.04276581504305,100.0,100.0,100.0,0.0009,21.8964,4.3984,16.3943,24.8048,24.8048,
camel.ee.nctu.edu.tw,103,aircraft,hiresnet50.tv_in1k,False,,,,sgd,0.0,0.003,,0,200,448,8,100,3333,,,,,12.9313,17.7018,30.6931,10.5791,17.030164554917032,100.0,100.0,100.0,0.9226,16.6679,4.3984,16.3943,24.8048,24.8048,
camel.ee.nctu.edu.tw,103,aircraft,hiresnet50.tv_in1k,False,,,,sgd,0.0,0.003,,0,200,448,8,300,3333,,,,3.0,33.5734,42.0642,54.2454,7.3843,38.34383438343835,100.0,100.0,100.0,0.1176,22.5612,4.3984,16.3943,24.8048,24.8048,
gpu,103,aircraft,hiresnet50.tv_in1k,False,,,,sgd,0.0,0.003,,0,200,448,8,500,3333,,,,5.0,46.5647,56.8257,67.5068,5.4428,51.3974474370514,100.0,100.0,100.0,0.0411,21.4179,4.3984,16.3943,24.8048,24.8048,
camel.ee.nctu.edu.tw,103,aircraft,hiresnet50.tv_in1k,False,,,,sgd,0.0,0.01,,0,200,448,8,100,3333,,,,,15.1515,21.3621,34.2034,10.1787,19.54810865701955,100.0,100.0,100.0,0.0233,16.4635,4.3984,16.3943,24.8048,24.8048,
camel.ee.nctu.edu.tw,103,aircraft,hiresnet50.tv_in1k,False,,,,sgd,0.0,0.01,,0,200,448,8,300,3333,,,,3.0,36.9937,45.7546,58.5359,6.7102,41.96496572734197,100.0,100.0,100.0,0.0046,22.6216,4.3984,16.3943,24.8048,24.8048,
gpu,103,aircraft,hiresnet50.tv_in1k,False,,,,sgd,0.0,0.01,,0,200,448,8,500,3333,,,,5.0,50.105,59.676,70.8971,4.9436,54.9031826259549,100.0,100.0,100.0,0.0026,21.4648,4.3984,16.3943,24.8048,24.8048,
camel.ee.nctu.edu.tw,103,aircraft,hiresnet50.tv_in1k,False,,,,sgd,0.0,0.03,,0,200,448,8,100,3333,,,,,16.2016,23.0723,36.5137,10.1642,20.88901197812089,100.0,100.0,100.0,0.004,16.4426,4.3984,16.3943,24.8048,24.8048,
camel.ee.nctu.edu.tw,103,aircraft,hiresnet50.tv_in1k,False,,,,sgd,0.0,0.03,,0,200,448,8,300,3333,,,,3.0,39.1839,49.1149,61.3561,6.3829,44.300583904544304,100.0,100.0,100.0,0.0008,22.3231,4.3984,16.3943,24.8048,24.8048,
gpu,103,aircraft,hiresnet50.tv_in1k,False,,,,sgd,0.0,0.03,,0,200,448,8,500,3333,,,,5.0,52.1452,62.9163,74.4674,4.6131,57.296498880657296,100.0,100.0,100.0,0.0005,21.4744,4.3984,16.3943,24.8048,24.8048,
camel.ee.nctu.edu.tw,103,aircraft,hiresnet50.tv_in1k,False,,,,sgd,0.0,0.1,,0,200,448,8,100,3333,,,,,15.3015,21.7822,34.2334,12.2036,19.67042858131967,100.0,100.0,100.0,0.0006,16.5303,4.3984,16.3943,24.8048,24.8048,
camel.ee.nctu.edu.tw,103,aircraft,hiresnet50.tv_in1k,False,,,,sgd,0.0,0.1,,0,200,448,8,300,3333,,,,3.0,36.6937,46.4446,59.676,9.088,41.997276650742,100.0,100.0,100.0,0.0002,22.4462,4.3984,16.3943,24.8048,24.8048,
gpu,103,aircraft,hiresnet50.tv_in1k,False,,,,sgd,0.0,0.1,,0,200,448,8,500,3333,,,,5.0,50.165,59.556,71.2571,7.7411,55.03242631955504,100.0,100.0,100.0,0.0005,21.478,4.3984,16.3943,24.8048,24.8048,
camel.ee.nctu.edu.tw,103,aircraft,hivit_base_patch16_224.dino,False,,,,adamw,0.05,5e-06,,0,200,448,8,100,3333,,,,,9.901,14.7315,27.9328,11.1337,14.06217544831406,100.0,100.0,100.0,2.2539,18.7485,0.4121,78.51,86.779,86.779,
camel.ee.nctu.edu.tw,103,aircraft,hivit_base_patch16_224.dino,False,,,,adamw,0.05,5e-06,,0,200,448,8,300,3333,,,,3.0,28.7129,36.1536,49.655,8.4085,33.54566225853355,100.0,100.0,100.0,0.5246,31.7892,0.4121,78.51,86.779,86.779,
gpu,103,aircraft,hivit_base_patch16_224.dino,False,,,,adamw,0.05,5e-06,,0,200,448,8,500,3333,,,,5.0,43.4143,51.2751,65.6466,6.3007,48.544854485448546,100.0,100.0,100.0,0.1239,46.5043,0.4121,67.1517,86.779,86.779,
camel.ee.nctu.edu.tw,103,aircraft,hivit_base_patch16_224.dino,False,,,,adamw,0.05,1e-05,,0,200,448,8,100,3333,,,,,9.961,15.5716,28.3228,11.0171,14.198342911214198,100.0,100.0,100.0,1.7284,18.6394,0.4121,78.51,86.779,86.779,
camel.ee.nctu.edu.tw,103,aircraft,hivit_base_patch16_224.dino,False,,,,adamw,0.05,1e-05,,0,200,448,8,300,3333,,,,3.0,30.003,38.7639,49.925,8.0748,34.60038311523461,100.0,100.0,100.0,0.235,31.7389,0.4121,78.51,86.779,86.779,
gpu,103,aircraft,hivit_base_patch16_224.dino,False,,,,adamw,0.05,1e-05,,0,200,448,8,500,3333,,,,5.0,44.8545,53.0453,68.0168,6.2281,50.1996353481502,100.0,100.0,100.0,0.0437,46.4632,0.4121,67.1517,86.779,86.779,
camel.ee.nctu.edu.tw,103,aircraft,hivit_base_patch16_224.dino,False,,,,adamw,0.05,5e-05,,0,200,448,8,100,3333,,,,,11.3111,16.9817,30.5431,10.7395,15.74926723441575,100.0,100.0,100.0,0.19,18.9066,0.4121,78.51,86.779,86.779,
camel.ee.nctu.edu.tw,103,aircraft,hivit_base_patch16_224.dino,False,,,,adamw,0.05,5e-05,,0,200,448,8,300,3333,,,,3.0,33.7834,42.0042,54.8755,8.8481,38.65078815573865,100.0,100.0,100.0,0.0066,31.8604,0.4121,78.51,86.779,86.779,
gpu,103,aircraft,hivit_base_patch16_224.dino,False,,,,adamw,0.05,5e-05,,0,200,448,8,500,3333,,,,5.0,41.9142,50.7651,64.5365,10.2926,47.13471347134714,100.0,100.0,100.0,0.0009,46.2247,0.4121,67.1517,86.779,86.779,
camel.ee.nctu.edu.tw,103,aircraft,hivit_base_patch16_224.dino,False,,,,adamw,0.05,0.0001,,0,200,448,8,100,3333,,,,,11.7012,17.2817,29.1029,11.4536,15.716956311015718,100.0,100.0,100.0,0.0362,18.834,0.4121,78.51,86.779,86.779,
camel.ee.nctu.edu.tw,103,aircraft,hivit_base_patch16_224.dino,False,,,,adamw,0.05,0.0001,,0,200,448,8,300,3333,,,,3.0,28.5929,34.5935,44.7645,12.9109,32.32477093863233,100.0,100.0,100.0,0.0016,31.7357,0.4121,78.51,86.779,86.779,
gpu,103,aircraft,hivit_base_patch16_224.dino,False,,,,adamw,0.05,0.0001,,0,200,448,8,500,3333,,,,5.0,30.6031,37.4737,50.5551,15.2937,35.207366890535205,100.0,100.0,100.0,0.0002,46.1993,0.4121,67.1517,86.779,86.779,
camel.ee.nctu.edu.tw,103,aircraft,hivit_base_patch16_224.dino,False,,,,adamw,0.05,0.0005,,0,200,448,8,100,3333,,,,,4.8305,7.0207,16.7117,20.6676,7.5722956911075725,100.0,100.0,100.0,0.0022,18.3348,0.4121,78.51,86.779,86.779,
camel.ee.nctu.edu.tw,103,aircraft,hivit_base_patch16_224.dino,False,,,,adamw,0.05,0.0005,,0,200,448,8,300,3333,,,,3.0,5.8506,7.8008,17.8218,20.6257,8.613169009208614,99.6622,99.6622,99.6622,0.0842,31.8129,0.4121,78.51,86.779,86.779,
gpu,103,aircraft,hivit_base_patch16_224.dino,False,,,,adamw,0.05,0.0005,,0,200,448,8,500,3333,,,,5.0,5.9406,7.6508,17.0117,13.777,8.495464931108495,58.0645,55.8468,51.8145,5.0285,46.044,0.4121,67.1517,86.779,86.779,
camel.ee.nctu.edu.tw,103,aircraft,hivit_base_patch16_224.dino,False,,,,adamw,0.05,0.001,,0,200,448,8,100,3333,,,,,4.1104,6.0006,14.9415,24.327,6.60989175840661,100.0,100.0,100.0,0.0139,18.6659,0.4121,78.51,86.779,86.779,
camel.ee.nctu.edu.tw,103,aircraft,hivit_base_patch16_224.dino,False,,,,adamw,0.05,0.001,,0,200,448,8,300,3333,,,,3.0,3.0603,5.1905,16.7117,13.5222,6.2106210621062115,25.6757,25.6757,33.1081,7.872,31.8458,0.4121,78.51,86.779,86.779,
gpu,103,aircraft,hivit_base_patch16_224.dino,False,,,,adamw,0.05,0.001,,0,200,448,8,500,3333,,,,5.0,3.6004,7.1707,21.5722,12.2655,7.747697846707748,14.3145,14.9194,26.6129,9.4254,45.6006,0.4121,67.1517,86.779,86.779,
camel.ee.nctu.edu.tw,103,aircraft,hivit_base_patch16_224.dino,False,,,,sgd,0.0,0.003,,0,200,448,8,100,3333,,,,,7.5908,12.1512,23.6124,11.2384,11.288051882111288,100.0,100.0,100.0,3.0624,18.1117,0.4121,78.51,86.779,86.779,
camel.ee.nctu.edu.tw,103,aircraft,hivit_base_patch16_224.dino,False,,,,sgd,0.0,0.003,,0,200,448,8,300,3333,,,,3.0,16.2616,23.4923,36.4236,9.5084,20.914399132220915,100.0,100.0,100.0,0.5866,31.1624,0.4121,78.51,86.779,86.779,
gpu,103,aircraft,hivit_base_patch16_224.dino,False,,,,sgd,0.0,0.003,,0,200,448,8,500,3333,,,,5.0,31.8932,39.514,50.8251,7.4683,36.262087747236265,100.0,100.0,100.0,0.0721,45.0942,0.4121,67.1517,86.779,86.779,
camel.ee.nctu.edu.tw,103,aircraft,hivit_base_patch16_224.dino,False,,,,sgd,0.0,0.01,,0,200,448,8,100,3333,,,,,7.6508,12.0612,23.6724,11.7334,11.348057882711348,100.0,100.0,100.0,0.0381,18.3247,0.4121,78.51,86.779,86.779,
camel.ee.nctu.edu.tw,103,aircraft,hivit_base_patch16_224.dino,False,,,,sgd,0.0,0.01,,0,200,448,8,300,3333,,,,3.0,19.772,26.7027,40.204,10.1869,24.48706409102449,100.0,100.0,100.0,0.0045,31.1686,0.4121,78.51,86.779,86.779,
gpu,103,aircraft,hivit_base_patch16_224.dino,False,,,,sgd,0.0,0.01,,0,200,448,8,500,3333,,,,5.0,30.153,37.4137,50.105,9.4203,34.75732188603476,100.0,100.0,100.0,0.0025,45.0317,0.4121,67.1517,86.779,86.779,
camel.ee.nctu.edu.tw,103,aircraft,hivit_base_patch16_224.dino,False,,,,sgd,0.0,0.03,,0,200,448,8,100,3333,,,,,8.5809,13.1113,26.4626,12.7642,12.707424588612708,100.0,100.0,100.0,0.004,18.0891,0.4121,78.51,86.779,86.779,
camel.ee.nctu.edu.tw,103,aircraft,hivit_base_patch16_224.dino,False,,,,sgd,0.0,0.03,,0,200,448,8,300,3333,,,,3.0,18.5119,25.5626,39.724,11.8997,23.40695608022341,100.0,100.0,100.0,0.0009,30.8411,0.4121,78.51,86.779,86.779,
gpu,103,aircraft,hivit_base_patch16_224.dino,False,,,,sgd,0.0,0.03,,0,200,448,8,500,3333,,,,5.0,7.5308,9.811,19.562,20.0004,10.307184564610308,100.0,100.0,100.0,0.0026,44.9236,0.4121,67.1517,86.779,86.779,
camel.ee.nctu.edu.tw,103,aircraft,hivit_base_patch16_224.dino,False,,,,sgd,0.0,0.1,,0,200,448,8,100,3333,,,,,6.9607,10.8011,20.432,18.5536,10.069468485310072,100.0,100.0,100.0,0.0006,18.234,0.4121,78.51,86.779,86.779,
camel.ee.nctu.edu.tw,103,aircraft,hivit_base_patch16_224.dino,False,,,,sgd,0.0,0.1,,0,200,448,8,300,3333,,,,3.0,12.1212,14.7615,26.1326,23.864,15.354612384315356,100.0,100.0,100.0,0.0003,31.171,0.4121,78.51,86.779,86.779,
gpu,103,aircraft,hivit_base_patch16_224.dino,False,,,,sgd,0.0,0.1,,0,200,448,8,500,3333,,,,5.0,5.4005,8.4908,17.6118,20.341,8.218514159108217,99.7984,99.1935,97.5806,0.2482,44.7727,0.4121,67.1517,86.779,86.779,
camel.ee.nctu.edu.tw,103,aircraft,hivit_base_patch16_224.in1k_mocov3,False,,,,adamw,0.05,5e-06,,0,200,448,8,100,3333,,,,,6.7807,10.081,18.7519,11.6705,9.543262018509544,100.0,100.0,100.0,3.0285,19.4618,0.4121,78.51,86.779,86.779,
camel.ee.nctu.edu.tw,103,aircraft,hivit_base_patch16_224.in1k_mocov3,False,,,,adamw,0.05,5e-06,,0,200,448,8,300,3333,,,,3.0,16.7117,23.8224,36.5137,9.8237,21.28135890512128,100.0,100.0,100.0,0.8698,31.5032,0.4121,78.51,86.779,86.779,
gpu,103,aircraft,hivit_base_patch16_224.in1k_mocov3,False,,,,adamw,0.05,5e-06,,0,200,448,8,500,3333,,,,5.0,31.2331,38.7339,52.2952,7.9081,36.0936093609361,100.0,100.0,100.0,0.2459,46.6849,0.4121,67.1517,86.779,86.779,
camel.ee.nctu.edu.tw,103,aircraft,hivit_base_patch16_224.in1k_mocov3,False,,,,adamw,0.05,1e-05,,0,200,448,8,100,3333,,,,,6.8407,10.7411,18.9319,11.5969,9.630963096309632,100.0,100.0,100.0,2.3074,19.4951,0.4121,78.51,86.779,86.779,
camel.ee.nctu.edu.tw,103,aircraft,hivit_base_patch16_224.in1k_mocov3,False,,,,adamw,0.05,1e-05,,0,200,448,8,300,3333,,,,3.0,18.3318,26.1026,38.7939,9.6,23.053843845923055,100.0,100.0,100.0,0.3968,31.6673,0.4121,78.51,86.779,86.779,
gpu,103,aircraft,hivit_base_patch16_224.in1k_mocov3,False,,,,adamw,0.05,1e-05,,0,200,448,8,500,3333,,,,5.0,33.4833,41.2241,54.2754,7.7563,38.28152045973828,100.0,100.0,100.0,0.0762,46.6708,0.4121,67.1517,86.779,86.779,
camel.ee.nctu.edu.tw,103,aircraft,hivit_base_patch16_224.in1k_mocov3,False,,,,adamw,0.05,5e-05,,0,200,448,8,100,3333,,,,,8.1908,12.8413,22.8023,11.4845,11.562694731011565,100.0,100.0,100.0,0.2846,19.4389,0.4121,78.51,86.779,86.779,
camel.ee.nctu.edu.tw,103,aircraft,hivit_base_patch16_224.in1k_mocov3,False,,,,adamw,0.05,5e-05,,0,200,448,8,300,3333,,,,3.0,25.7426,33.7534,47.1047,8.8813,30.672297999030675,100.0,100.0,100.0,0.0091,31.7354,0.4121,78.51,86.779,86.779,
gpu,103,aircraft,hivit_base_patch16_224.in1k_mocov3,False,,,,adamw,0.05,5e-05,,0,200,448,8,500,3333,,,,5.0,41.6142,49.895,62.2562,7.4144,46.377714694546384,100.0,100.0,100.0,0.0013,46.6429,0.4121,67.1517,86.779,86.779,
camel.ee.nctu.edu.tw,103,aircraft,hivit_base_patch16_224.in1k_mocov3,False,,,,adamw,0.05,0.0001,,0,200,448,8,100,3333,,,,,9.541,14.6115,26.8527,11.6905,13.535968981513538,100.0,100.0,100.0,0.046,19.5876,0.4121,78.51,86.779,86.779,
camel.ee.nctu.edu.tw,103,aircraft,hivit_base_patch16_224.in1k_mocov3,False,,,,adamw,0.05,0.0001,,0,200,448,8,300,3333,,,,3.0,29.0429,37.9838,51.0951,8.902,34.13187472593413,100.0,100.0,100.0,0.0022,31.6263,0.4121,78.51,86.779,86.779,
gpu,103,aircraft,hivit_base_patch16_224.in1k_mocov3,False,,,,adamw,0.05,0.0001,,0,200,448,8,500,3333,,,,5.0,40.474,48.4848,62.6763,8.5829,45.5976366867456,100.0,100.0,100.0,0.0004,46.5689,0.4121,67.1517,86.779,86.779,
camel.ee.nctu.edu.tw,103,aircraft,hivit_base_patch16_224.in1k_mocov3,False,,,,adamw,0.05,0.0005,,0,200,448,8,100,3333,,,,,8.2508,12.9913,24.9925,15.0621,12.114288351912116,100.0,100.0,100.0,0.0026,19.2869,0.4121,78.51,86.779,86.779,
camel.ee.nctu.edu.tw,103,aircraft,hivit_base_patch16_224.in1k_mocov3,False,,,,adamw,0.05,0.0005,,0,200,448,8,300,3333,,,,3.0,18.2118,22.8323,34.8935,15.6306,22.061436912922066,100.0,100.0,100.0,0.0001,31.7168,0.4121,78.51,86.779,86.779,
gpu,103,aircraft,hivit_base_patch16_224.in1k_mocov3,False,,,,adamw,0.05,0.0005,,0,200,448,8,500,3333,,,,5.0,22.8623,29.1629,41.1941,16.1578,27.092709270927095,100.0,100.0,100.0,0.0001,46.4667,0.4121,67.1517,86.779,86.779,
camel.ee.nctu.edu.tw,103,aircraft,hivit_base_patch16_224.in1k_mocov3,False,,,,adamw,0.05,0.001,,0,200,448,8,100,3333,,,,,7.0207,9.3909,16.9217,19.0198,9.305545939209306,100.0,100.0,100.0,0.0007,19.4537,0.4121,78.51,86.779,86.779,
camel.ee.nctu.edu.tw,103,aircraft,hivit_base_patch16_224.in1k_mocov3,False,,,,adamw,0.05,0.001,,0,200,448,8,300,3333,,,,3.0,11.4911,14.6115,24.5725,22.67,14.509912529714512,100.0,100.0,100.0,0.0002,31.7531,0.4121,78.51,86.779,86.779,
gpu,103,aircraft,hivit_base_patch16_224.in1k_mocov3,False,,,,adamw,0.05,0.001,,0,200,448,8,500,3333,,,,5.0,10.171,14.3414,25.2925,22.5601,13.66059682891366,100.0,100.0,100.0,0.0037,46.4452,0.4121,67.1517,86.779,86.779,
camel.ee.nctu.edu.tw,103,aircraft,hivit_base_patch16_224.in1k_mocov3,False,,,,sgd,0.0,0.003,,0,200,448,8,100,3333,,,,,7.8008,12.8413,23.8524,11.1469,11.504996653511505,100.0,100.0,100.0,2.1463,19.0206,0.4121,78.51,86.779,86.779,
camel.ee.nctu.edu.tw,103,aircraft,hivit_base_patch16_224.in1k_mocov3,False,,,,sgd,0.0,0.003,,0,200,448,8,300,3333,,,,3.0,19.562,26.2526,38.4638,8.9624,23.92393085462393,100.0,100.0,100.0,0.4332,31.1354,0.4121,78.51,86.779,86.779,
gpu,103,aircraft,hivit_base_patch16_224.in1k_mocov3,False,,,,sgd,0.0,0.003,,0,200,448,8,500,3333,,,,5.0,31.0831,38.0738,50.075,7.3901,35.46585427773547,100.0,100.0,100.0,0.1629,45.2818,0.4121,67.1517,86.779,86.779,
camel.ee.nctu.edu.tw,103,aircraft,hivit_base_patch16_224.in1k_mocov3,False,,,,sgd,0.0,0.01,,0,200,448,8,100,3333,,,,,9.0909,13.9214,24.7825,12.0529,12.712040434812714,100.0,100.0,100.0,0.024,19.2204,0.4121,78.51,86.779,86.779,
camel.ee.nctu.edu.tw,103,aircraft,hivit_base_patch16_224.in1k_mocov3,False,,,,sgd,0.0,0.01,,0,200,448,8,300,3333,,,,3.0,21.3021,28.6229,41.1641,9.4746,25.88566548962589,100.0,100.0,100.0,0.0052,30.5651,0.4121,78.51,86.779,86.779,
gpu,103,aircraft,hivit_base_patch16_224.in1k_mocov3,False,,,,sgd,0.0,0.01,,0,200,448,8,500,3333,,,,5.0,33.2133,40.084,52.9853,7.9498,37.77608530083778,100.0,100.0,100.0,0.0032,45.1917,0.4121,67.1517,86.779,86.779,
camel.ee.nctu.edu.tw,103,aircraft,hivit_base_patch16_224.in1k_mocov3,False,,,,sgd,0.0,0.03,,0,200,448,8,100,3333,,,,,9.1509,14.9115,25.9226,12.6883,13.021302130213025,100.0,100.0,100.0,0.0038,18.9236,0.4121,78.51,86.779,86.779,
camel.ee.nctu.edu.tw,103,aircraft,hivit_base_patch16_224.in1k_mocov3,False,,,,sgd,0.0,0.03,,0,200,448,8,300,3333,,,,3.0,22.8323,30.333,43.0243,9.8583,27.491979967227493,100.0,100.0,100.0,0.0009,30.8593,0.4121,78.51,86.779,86.779,
gpu,103,aircraft,hivit_base_patch16_224.in1k_mocov3,False,,,,sgd,0.0,0.03,,0,200,448,8,500,3333,,,,5.0,34.3234,41.0141,54.5155,8.5277,38.98312908213899,100.0,100.0,100.0,0.001,45.1621,0.4121,67.1517,86.779,86.779,
camel.ee.nctu.edu.tw,103,aircraft,hivit_base_patch16_224.in1k_mocov3,False,,,,sgd,0.0,0.1,,0,200,448,8,100,3333,,,,,9.3909,13.1713,23.9424,15.5872,12.74896720441275,100.0,100.0,100.0,0.0007,19.159,0.4121,78.51,86.779,86.779,
camel.ee.nctu.edu.tw,103,aircraft,hivit_base_patch16_224.in1k_mocov3,False,,,,sgd,0.0,0.1,,0,200,448,8,300,3333,,,,3.0,18.9919,24.7225,37.7138,16.0562,23.312331233123313,100.0,100.0,100.0,0.0002,30.7936,0.4121,78.51,86.779,86.779,
gpu,103,aircraft,hivit_base_patch16_224.in1k_mocov3,False,,,,sgd,0.0,0.1,,0,200,448,8,500,3333,,,,5.0,26.7027,32.5533,44.5245,16.5181,30.815389231230817,100.0,100.0,100.0,0.0002,44.9607,0.4121,67.1517,86.779,86.779,
camel.ee.nctu.edu.tw,103,aircraft,hivit_base_patch16_224.mae,False,,,,adamw,0.05,5e-06,,0,200,448,8,100,3333,,,,,3.0903,6.3906,15.7816,12.015,6.01906344480602,100.0,100.0,100.0,2.9014,19.8569,0.4121,78.51,86.779,86.779,
camel.ee.nctu.edu.tw,103,aircraft,hivit_base_patch16_224.mae,False,,,,adamw,0.05,5e-06,,0,200,448,8,300,3333,,,,3.0,6.6007,10.5311,22.0822,11.6452,10.173325024810174,100.0,100.0,100.0,0.7665,31.8505,0.4121,78.51,86.779,86.779,
gpu,103,aircraft,hivit_base_patch16_224.mae,False,,,,adamw,0.05,5e-06,,0,200,448,8,500,3333,,,,5.0,13.3513,20.402,33.3033,11.0924,17.955641718017958,100.0,100.0,100.0,0.2145,46.8281,0.4121,67.1517,86.779,86.779,
camel.ee.nctu.edu.tw,103,aircraft,hivit_base_patch16_224.mae,False,,,,adamw,0.05,1e-05,,0,200,448,8,100,3333,,,,,3.2703,6.5107,16.8317,11.9676,6.399870756306401,100.0,100.0,100.0,2.1736,19.4702,0.4121,78.51,86.779,86.779,
camel.ee.nctu.edu.tw,103,aircraft,hivit_base_patch16_224.mae,False,,,,adamw,0.05,1e-05,,0,200,448,8,300,3333,,,,3.0,8.2508,12.7813,26.7927,11.3691,12.52971450991253,100.0,100.0,100.0,0.347,31.6352,0.4121,78.51,86.779,86.779,
gpu,103,aircraft,hivit_base_patch16_224.mae,False,,,,adamw,0.05,1e-05,,0,200,448,8,500,3333,,,,5.0,19.532,27.0627,40.6841,10.5558,24.413210551824413,100.0,100.0,100.0,0.066,46.8364,0.4121,67.1517,86.779,86.779,
camel.ee.nctu.edu.tw,103,aircraft,hivit_base_patch16_224.mae,False,,,,adamw,0.05,5e-05,,0,200,448,8,100,3333,,,,,4.5305,7.8008,21.2721,12.2369,8.393916314708395,100.0,100.0,100.0,0.2423,19.8438,0.4121,78.51,86.779,86.779,
camel.ee.nctu.edu.tw,103,aircraft,hivit_base_patch16_224.mae,False,,,,adamw,0.05,5e-05,,0,200,448,8,300,3333,,,,3.0,21.1821,27.9328,41.6742,10.5955,25.911052643725913,100.0,100.0,100.0,0.0085,31.8836,0.4121,78.51,86.779,86.779,
gpu,103,aircraft,hivit_base_patch16_224.mae,False,,,,adamw,0.05,5e-05,,0,200,448,8,500,3333,,,,5.0,40.144,48.5449,60.6361,8.6857,44.87294883334488,100.0,100.0,100.0,0.0012,46.6781,0.4121,67.1517,86.779,86.779,
camel.ee.nctu.edu.tw,103,aircraft,hivit_base_patch16_224.mae,False,,,,adamw,0.05,0.0001,,0,200,448,8,100,3333,,,,,5.3105,9.3009,23.0123,12.9748,9.395554940109395,100.0,100.0,100.0,0.0403,19.632,0.4121,78.51,86.779,86.779,
camel.ee.nctu.edu.tw,103,aircraft,hivit_base_patch16_224.mae,False,,,,adamw,0.05,0.0001,,0,200,448,8,300,3333,,,,3.0,25.2025,32.5233,45.4845,11.1472,29.882988298829886,100.0,100.0,100.0,0.0021,31.8433,0.4121,78.51,86.779,86.779,
gpu,103,aircraft,hivit_base_patch16_224.mae,False,,,,adamw,0.05,0.0001,,0,200,448,8,500,3333,,,,5.0,39.0639,47.3147,60.7561,9.9878,44.06979159454407,100.0,100.0,100.0,0.0003,46.6049,0.4121,67.1517,86.779,86.779,
camel.ee.nctu.edu.tw,103,aircraft,hivit_base_patch16_224.mae,False,,,,adamw,0.05,0.0005,,0,200,448,8,100,3333,,,,,6.1506,8.7609,17.2217,16.9248,8.705485933208706,100.0,100.0,100.0,0.0021,19.8703,0.4121,78.51,86.779,86.779,
camel.ee.nctu.edu.tw,103,aircraft,hivit_base_patch16_224.mae,False,,,,adamw,0.05,0.0005,,0,200,448,8,300,3333,,,,3.0,15.5416,20.402,31.5632,17.0991,19.23884696161924,100.0,100.0,100.0,0.0002,31.5439,0.4121,78.51,86.779,86.779,
gpu,103,aircraft,hivit_base_patch16_224.mae,False,,,,adamw,0.05,0.0005,,0,200,448,8,500,3333,,,,5.0,8.2808,10.8611,21.0321,22.1259,11.223430035311225,100.0,100.0,99.7984,0.0196,46.3107,0.4121,67.1517,86.779,86.779,
camel.ee.nctu.edu.tw,103,aircraft,hivit_base_patch16_224.mae,False,,,,adamw,0.05,0.001,,0,200,448,8,100,3333,,,,,4.5905,6.7807,15.3315,20.563,7.06916845530707,100.0,100.0,100.0,0.0008,19.8111,0.4121,78.51,86.779,86.779,
camel.ee.nctu.edu.tw,103,aircraft,hivit_base_patch16_224.mae,False,,,,adamw,0.05,0.001,,0,200,448,8,300,3333,,,,3.0,5.4905,7.7408,17.9418,26.6622,8.363913314408364,100.0,99.6622,100.0,0.0256,31.6824,0.4121,78.51,86.779,86.779,
gpu,103,aircraft,hivit_base_patch16_224.mae,False,,,,adamw,0.05,0.001,,0,200,448,8,500,3333,,,,5.0,5.1005,7.1107,19.0219,17.6695,8.313139006208313,91.5323,88.1048,78.629,1.5809,46.0967,0.4121,67.1517,86.779,86.779,
camel.ee.nctu.edu.tw,103,aircraft,hivit_base_patch16_224.mae,False,,,,sgd,0.0,0.003,,0,200,448,8,100,3333,,,,,2.7903,6.8707,16.0816,12.159,5.857508827805858,100.0,97.9167,98.9583,5.0635,19.4491,0.4121,78.51,86.779,86.779,
camel.ee.nctu.edu.tw,103,aircraft,hivit_base_patch16_224.mae,False,,,,sgd,0.0,0.003,,0,200,448,8,300,3333,,,,3.0,6.9907,11.6712,23.3123,11.1321,10.75722956911076,99.6622,100.0,100.0,2.0629,31.0857,0.4121,78.51,86.779,86.779,
gpu,103,aircraft,hivit_base_patch16_224.mae,False,,,,sgd,0.0,0.003,,0,200,448,8,500,3333,,,,5.0,14.6115,20.312,33.8734,9.7326,19.056521036719055,100.0,100.0,100.0,0.8813,45.7923,0.4121,67.1517,86.779,86.779,
camel.ee.nctu.edu.tw,103,aircraft,hivit_base_patch16_224.mae,False,,,,sgd,0.0,0.01,,0,200,448,8,100,3333,,,,,3.0603,5.8806,16.1416,13.3173,6.0790694454060805,100.0,100.0,100.0,0.1544,19.6809,0.4121,78.51,86.779,86.779,
camel.ee.nctu.edu.tw,103,aircraft,hivit_base_patch16_224.mae,False,,,,sgd,0.0,0.01,,0,200,448,8,300,3333,,,,3.0,13.0813,19.742,32.8833,11.1039,17.650995868817652,100.0,100.0,100.0,0.0071,31.0051,0.4121,78.51,86.779,86.779,
gpu,103,aircraft,hivit_base_patch16_224.mae,False,,,,sgd,0.0,0.01,,0,200,448,8,500,3333,,,,5.0,26.9127,35.1035,48.5449,8.7002,31.90472893443191,100.0,100.0,100.0,0.0038,48.0028,0.4121,67.1517,86.779,86.779,
camel.ee.nctu.edu.tw,103,aircraft,hivit_base_patch16_224.mae,False,,,,sgd,0.0,0.03,,0,200,448,8,100,3333,,,,,4.7105,8.3108,19.862,14.4612,8.206974543608208,100.0,100.0,100.0,0.0048,19.1501,0.4121,78.51,86.779,86.779,
camel.ee.nctu.edu.tw,103,aircraft,hivit_base_patch16_224.mae,False,,,,sgd,0.0,0.03,,0,200,448,8,300,3333,,,,3.0,18.8419,25.5626,39.544,10.9248,23.61928500542362,100.0,100.0,100.0,0.0011,31.1062,0.4121,78.51,86.779,86.779,
gpu,103,aircraft,hivit_base_patch16_224.mae,False,,,,sgd,0.0,0.03,,0,200,448,8,500,3333,,,,5.0,33.7534,40.084,53.6154,9.0865,38.33691061413834,100.0,100.0,100.0,0.0008,45.2083,0.4121,67.1517,86.779,86.779,
camel.ee.nctu.edu.tw,103,aircraft,hivit_base_patch16_224.mae,False,,,,sgd,0.0,0.1,,0,200,448,8,100,3333,,,,,6.8107,10.5311,21.4221,17.0486,10.182556717210185,100.0,100.0,100.0,0.0007,19.3426,0.4121,78.51,86.779,86.779,
camel.ee.nctu.edu.tw,103,aircraft,hivit_base_patch16_224.mae,False,,,,sgd,0.0,0.1,,0,200,448,8,300,3333,,,,3.0,15.8116,22.0222,32.5833,18.6762,19.68196819681968,100.0,100.0,100.0,0.0002,31.0966,0.4121,78.51,86.779,86.779,
gpu,103,aircraft,hivit_base_patch16_224.mae,False,,,,sgd,0.0,0.1,,0,200,448,8,500,3333,,,,5.0,6.1806,8.3408,18.6619,30.3234,9.060906090609064,100.0,100.0,99.7984,0.0053,45.0849,0.4121,67.1517,86.779,86.779,
camel.ee.nctu.edu.tw,103,aircraft,hivit_base_patch16_224.orig_in21k,False,,,,adamw,0.05,5e-06,,0,200,448,8,100,3333,,,,,6.3006,10.8611,21.2721,11.5708,9.755590943709755,100.0,100.0,100.0,3.1483,19.6248,0.4121,78.51,86.779,86.779,
camel.ee.nctu.edu.tw,103,aircraft,hivit_base_patch16_224.orig_in21k,False,,,,adamw,0.05,5e-06,,0,200,448,8,300,3333,,,,3.0,14.7615,21.5122,32.5533,10.2498,18.86727134251887,100.0,100.0,100.0,0.888,31.9886,0.4121,78.51,86.779,86.779,
gpu,103,aircraft,hivit_base_patch16_224.orig_in21k,False,,,,adamw,0.05,5e-06,,0,200,448,8,500,3333,,,,5.0,23.6724,31.7132,43.5944,9.1595,28.269750051928273,100.0,100.0,100.0,0.2594,46.4849,0.4121,67.1517,86.779,86.779,
camel.ee.nctu.edu.tw,103,aircraft,hivit_base_patch16_224.orig_in21k,False,,,,adamw,0.05,1e-05,,0,200,448,8,100,3333,,,,,6.4206,10.6211,21.2421,11.5127,9.84098409840984,100.0,100.0,100.0,2.3978,19.3687,0.4121,78.51,86.779,86.779,
camel.ee.nctu.edu.tw,103,aircraft,hivit_base_patch16_224.orig_in21k,False,,,,adamw,0.05,1e-05,,0,200,448,8,300,3333,,,,3.0,15.6016,22.0822,33.3633,10.1388,19.7004315816197,100.0,100.0,100.0,0.4128,31.8567,0.4121,78.51,86.779,86.779,
gpu,103,aircraft,hivit_base_patch16_224.orig_in21k,False,,,,adamw,0.05,1e-05,,0,200,448,8,500,3333,,,,5.0,25.2325,33.7534,44.8845,9.1292,29.767592143829773,100.0,100.0,100.0,0.0818,46.428,0.4121,67.1517,86.779,86.779,
camel.ee.nctu.edu.tw,103,aircraft,hivit_base_patch16_224.orig_in21k,False,,,,adamw,0.05,5e-05,,0,200,448,8,100,3333,,,,,7.6808,12.3312,24.2424,11.4372,11.502688730411505,100.0,100.0,100.0,0.3203,19.9987,0.4121,78.51,86.779,86.779,
camel.ee.nctu.edu.tw,103,aircraft,hivit_base_patch16_224.orig_in21k,False,,,,adamw,0.05,5e-05,,0,200,448,8,300,3333,,,,3.0,20.6421,27.6328,40.204,10.14,25.15636179002516,100.0,100.0,100.0,0.0098,31.8976,0.4121,78.51,86.779,86.779,
gpu,103,aircraft,hivit_base_patch16_224.orig_in21k,False,,,,adamw,0.05,5e-05,,0,200,448,8,500,3333,,,,5.0,34.3234,42.0042,54.6055,8.8442,39.00390039003901,100.0,100.0,100.0,0.0014,46.4011,0.4121,67.1517,86.779,86.779,
camel.ee.nctu.edu.tw,103,aircraft,hivit_base_patch16_224.orig_in21k,False,,,,adamw,0.05,0.0001,,0,200,448,8,100,3333,,,,,8.5809,13.6214,25.4125,11.8264,12.465092663112465,100.0,100.0,100.0,0.0506,19.682,0.4121,78.51,86.779,86.779,
camel.ee.nctu.edu.tw,103,aircraft,hivit_base_patch16_224.orig_in21k,False,,,,adamw,0.05,0.0001,,0,200,448,8,300,3333,,,,3.0,22.3222,29.883,42.4842,10.823,26.975005192826977,100.0,100.0,100.0,0.0025,31.9691,0.4121,78.51,86.779,86.779,
gpu,103,aircraft,hivit_base_patch16_224.orig_in21k,False,,,,adamw,0.05,0.0001,,0,200,448,8,500,3333,,,,5.0,35.8836,44.2244,56.7657,9.9093,40.70253179164071,100.0,100.0,100.0,0.0004,46.3542,0.4121,67.1517,86.779,86.779,
camel.ee.nctu.edu.tw,103,aircraft,hivit_base_patch16_224.orig_in21k,False,,,,adamw,0.05,0.0005,,0,200,448,8,100,3333,,,,,8.5209,12.3612,23.2823,15.3603,11.927346580811928,100.0,100.0,100.0,0.003,19.3605,0.4121,78.51,86.779,86.779,
camel.ee.nctu.edu.tw,103,aircraft,hivit_base_patch16_224.orig_in21k,False,,,,adamw,0.05,0.0005,,0,200,448,8,300,3333,,,,3.0,14.3714,18.3918,30.423,19.4573,18.07565371921808,100.0,100.0,100.0,0.0002,31.8137,0.4121,78.51,86.779,86.779,
gpu,103,aircraft,hivit_base_patch16_224.orig_in21k,False,,,,adamw,0.05,0.0005,,0,200,448,8,500,3333,,,,5.0,16.4116,21.1521,31.4131,21.5799,19.873525814119873,100.0,100.0,100.0,0.0001,46.2023,0.4121,67.1517,86.779,86.779,
camel.ee.nctu.edu.tw,103,aircraft,hivit_base_patch16_224.orig_in21k,False,,,,adamw,0.05,0.001,,0,200,448,8,100,3333,,,,,5.4005,8.2508,17.1317,20.8028,8.107733850308108,100.0,100.0,100.0,0.001,19.5895,0.4121,78.51,86.779,86.779,
camel.ee.nctu.edu.tw,103,aircraft,hivit_base_patch16_224.orig_in21k,False,,,,adamw,0.05,0.001,,0,200,448,8,300,3333,,,,3.0,10.291,12.5413,21.4521,24.4546,12.866671282512868,100.0,100.0,100.0,0.0002,31.9068,0.4121,78.51,86.779,86.779,
gpu,103,aircraft,hivit_base_patch16_224.orig_in21k,False,,,,adamw,0.05,0.001,,0,200,448,8,500,3333,,,,5.0,14.8515,18.5419,30.7531,19.0082,18.521082877518523,100.0,100.0,100.0,0.0017,46.2172,0.4121,67.1517,86.779,86.779,
camel.ee.nctu.edu.tw,103,aircraft,hivit_base_patch16_224.orig_in21k,False,,,,sgd,0.0,0.003,,0,200,448,8,100,3333,,,,,9.961,15.7516,24.9025,10.8135,13.40903321101341,100.0,100.0,100.0,1.4475,19.3917,0.4121,78.51,86.779,86.779,
camel.ee.nctu.edu.tw,103,aircraft,hivit_base_patch16_224.orig_in21k,False,,,,sgd,0.0,0.003,,0,200,448,8,300,3333,,,,3.0,19.772,25.0825,36.5737,9.1113,23.649288005723648,100.0,100.0,100.0,0.1579,31.1205,0.4121,78.51,86.779,86.779,
gpu,103,aircraft,hivit_base_patch16_224.orig_in21k,False,,,,sgd,0.0,0.003,,0,200,448,8,500,3333,,,,5.0,28.9829,34.9235,48.6349,7.8381,33.51796718133352,100.0,100.0,100.0,0.0551,44.9746,0.4121,67.1517,86.779,86.779,
camel.ee.nctu.edu.tw,103,aircraft,hivit_base_patch16_224.orig_in21k,False,,,,sgd,0.0,0.01,,0,200,448,8,100,3333,,,,,9.931,14.7915,25.9526,11.6272,13.62828590551363,100.0,100.0,100.0,0.0212,19.424,0.4121,78.51,86.779,86.779,
camel.ee.nctu.edu.tw,103,aircraft,hivit_base_patch16_224.orig_in21k,False,,,,sgd,0.0,0.01,,0,200,448,8,300,3333,,,,3.0,21.3921,27.3627,40.294,9.7041,25.754113872925757,100.0,100.0,100.0,0.0047,30.8916,0.4121,78.51,86.779,86.779,
gpu,103,aircraft,hivit_base_patch16_224.orig_in21k,False,,,,sgd,0.0,0.01,,0,200,448,8,500,3333,,,,5.0,31.7132,38.8239,53.3753,8.2578,36.71213275173671,100.0,100.0,100.0,0.0028,44.9707,0.4121,67.1517,86.779,86.779,
camel.ee.nctu.edu.tw,103,aircraft,hivit_base_patch16_224.orig_in21k,False,,,,sgd,0.0,0.03,,0,200,448,8,100,3333,,,,,10.321,15.0015,26.7027,12.2574,14.101410141014105,100.0,100.0,100.0,0.0038,19.4162,0.4121,78.51,86.779,86.779,
camel.ee.nctu.edu.tw,103,aircraft,hivit_base_patch16_224.orig_in21k,False,,,,sgd,0.0,0.03,,0,200,448,8,300,3333,,,,3.0,22.6823,29.583,43.0843,10.1924,27.39043135082739,100.0,100.0,100.0,0.001,31.1634,0.4121,78.51,86.779,86.779,
gpu,103,aircraft,hivit_base_patch16_224.orig_in21k,False,,,,sgd,0.0,0.03,,0,200,448,8,500,3333,,,,5.0,35.3735,43.4143,56.2256,8.715,40.185557017240185,100.0,100.0,100.0,0.0007,44.9634,0.4121,67.1517,86.779,86.779,
camel.ee.nctu.edu.tw,103,aircraft,hivit_base_patch16_224.orig_in21k,False,,,,sgd,0.0,0.1,,0,200,448,8,100,3333,,,,,10.7411,16.4716,27.4827,15.0146,14.604537376814603,100.0,100.0,100.0,0.0006,19.4794,0.4121,78.51,86.779,86.779,
camel.ee.nctu.edu.tw,103,aircraft,hivit_base_patch16_224.orig_in21k,False,,,,sgd,0.0,0.1,,0,200,448,8,300,3333,,,,3.0,21.0621,26.9427,39.754,14.8342,25.37561448452538,100.0,100.0,100.0,0.0001,31.0441,0.4121,78.51,86.779,86.779,
gpu,103,aircraft,hivit_base_patch16_224.orig_in21k,False,,,,sgd,0.0,0.1,,0,200,448,8,500,3333,,,,5.0,29.643,36.5737,49.535,16.1708,34.233423342334234,100.0,100.0,100.0,0.0001,44.7016,0.4121,67.1517,86.779,86.779,
camel.ee.nctu.edu.tw,103,aircraft,hivit_base_patch16_224_miil.in21k,False,,,,adamw,0.05,5e-06,,0,200,448,8,100,3333,,,,,4.2304,7.1407,15.6316,11.9541,6.861455376306862,100.0,100.0,100.0,3.1501,19.892,0.4121,78.51,86.7514,86.7514,
camel.ee.nctu.edu.tw,103,aircraft,hivit_base_patch16_224_miil.in21k,False,,,,adamw,0.05,5e-06,,0,200,448,8,300,3333,,,,3.0,7.6808,12.5713,23.3423,11.4366,11.294975651411296,100.0,100.0,100.0,0.9734,31.8074,0.4121,78.51,86.7514,86.7514,
gpu,103,aircraft,hivit_base_patch16_224_miil.in21k,False,,,,adamw,0.05,5e-06,,0,200,448,8,500,3333,,,,5.0,13.3813,18.0618,30.303,11.148,17.286344019017285,100.0,100.0,100.0,0.3001,46.2258,0.4121,67.1517,86.7514,86.7514,
camel.ee.nctu.edu.tw,103,aircraft,hivit_base_patch16_224_miil.in21k,False,,,,adamw,0.05,1e-05,,0,200,448,8,100,3333,,,,,4.5005,7.1707,16.5017,11.9211,7.269957765007271,100.0,100.0,100.0,2.4208,19.4423,0.4121,78.51,86.7514,86.7514,
camel.ee.nctu.edu.tw,103,aircraft,hivit_base_patch16_224_miil.in21k,False,,,,adamw,0.05,1e-05,,0,200,448,8,300,3333,,,,3.0,8.0408,12.6013,24.0024,11.558,11.724249348011725,100.0,100.0,100.0,0.4544,31.5769,0.4121,78.51,86.7514,86.7514,
gpu,103,aircraft,hivit_base_patch16_224_miil.in21k,False,,,,adamw,0.05,1e-05,,0,200,448,8,500,3333,,,,5.0,14.5215,20.312,32.1032,11.3513,18.57878095501858,100.0,100.0,100.0,0.09,46.2188,0.4121,67.1517,86.7514,86.7514,
camel.ee.nctu.edu.tw,103,aircraft,hivit_base_patch16_224_miil.in21k,False,,,,adamw,0.05,5e-05,,0,200,448,8,100,3333,,,,,4.9205,8.1908,18.4218,12.1565,8.036188234208037,100.0,100.0,100.0,0.334,19.5939,0.4121,78.51,86.7514,86.7514,
camel.ee.nctu.edu.tw,103,aircraft,hivit_base_patch16_224_miil.in21k,False,,,,adamw,0.05,5e-05,,0,200,448,8,300,3333,,,,3.0,12.0612,18.1818,30.6931,12.6021,16.360866855916363,100.0,100.0,100.0,0.0102,31.6736,0.4121,78.51,86.7514,86.7514,
gpu,103,aircraft,hivit_base_patch16_224_miil.in21k,False,,,,adamw,0.05,5e-05,,0,200,448,8,500,3333,,,,5.0,23.7024,30.123,42.3942,12.3463,28.01587851092802,100.0,100.0,100.0,0.0014,46.1208,0.4121,67.1517,86.7514,86.7514,
camel.ee.nctu.edu.tw,103,aircraft,hivit_base_patch16_224_miil.in21k,False,,,,adamw,0.05,0.0001,,0,200,448,8,100,3333,,,,,5.4005,9.2409,20.8521,13.1238,8.966281243508966,100.0,100.0,100.0,0.0514,19.4522,0.4121,78.51,86.7514,86.7514,
camel.ee.nctu.edu.tw,103,aircraft,hivit_base_patch16_224_miil.in21k,False,,,,adamw,0.05,0.0001,,0,200,448,8,300,3333,,,,3.0,15.0915,20.7021,33.8134,14.1141,19.411941194119414,100.0,100.0,100.0,0.0025,31.5925,0.4121,78.51,86.7514,86.7514,
gpu,103,aircraft,hivit_base_patch16_224_miil.in21k,False,,,,adamw,0.05,0.0001,,0,200,448,8,500,3333,,,,5.0,25.5926,31.6532,44.0444,14.083,29.850677375429857,100.0,100.0,100.0,0.0004,46.1152,0.4121,67.1517,86.7514,86.7514,
camel.ee.nctu.edu.tw,103,aircraft,hivit_base_patch16_224_miil.in21k,False,,,,adamw,0.05,0.0005,,0,200,448,8,100,3333,,,,,5.9106,7.9208,17.7018,18.3944,8.631632394008633,100.0,100.0,100.0,0.0028,19.5424,0.4121,78.51,86.7514,86.7514,
camel.ee.nctu.edu.tw,103,aircraft,hivit_base_patch16_224_miil.in21k,False,,,,adamw,0.05,0.0005,,0,200,448,8,300,3333,,,,3.0,11.8812,16.0216,26.9427,19.3863,15.356920307415358,100.0,100.0,100.0,0.0003,31.578,0.4121,78.51,86.7514,86.7514,
gpu,103,aircraft,hivit_base_patch16_224_miil.in21k,False,,,,adamw,0.05,0.0005,,0,200,448,8,500,3333,,,,5.0,15.8716,20.492,32.6433,20.754,19.741974197419744,100.0,100.0,100.0,0.0003,45.9745,0.4121,67.1517,86.7514,86.7514,
camel.ee.nctu.edu.tw,103,aircraft,hivit_base_patch16_224_miil.in21k,False,,,,adamw,0.05,0.001,,0,200,448,8,100,3333,,,,,5.0705,7.1107,15.8116,22.1078,7.54921646010755,100.0,100.0,100.0,0.001,19.5228,0.4121,78.51,86.7514,86.7514,
camel.ee.nctu.edu.tw,103,aircraft,hivit_base_patch16_224_miil.in21k,False,,,,adamw,0.05,0.001,,0,200,448,8,300,3333,,,,3.0,11.7612,15.2115,25.9526,21.1341,15.036118996515038,100.0,100.0,100.0,0.0004,31.602,0.4121,78.51,86.7514,86.7514,
gpu,103,aircraft,hivit_base_patch16_224_miil.in21k,False,,,,adamw,0.05,0.001,,0,200,448,8,500,3333,,,,5.0,13.5914,17.7918,29.733,20.7699,17.316347019317316,100.0,100.0,100.0,0.0025,45.9138,0.4121,67.1517,86.7514,86.7514,
camel.ee.nctu.edu.tw,103,aircraft,hivit_base_patch16_224_miil.in21k,False,,,,sgd,0.0,0.003,,0,200,448,8,100,3333,,,,,5.7906,10.051,19.622,11.654,8.982436705208983,100.0,100.0,100.0,2.569,19.3339,0.4121,78.51,86.7514,86.7514,
camel.ee.nctu.edu.tw,103,aircraft,hivit_base_patch16_224_miil.in21k,False,,,,sgd,0.0,0.003,,0,200,448,8,300,3333,,,,3.0,11.6712,16.4116,27.1827,10.7677,15.250755844815252,100.0,100.0,100.0,0.7625,30.7186,0.4121,78.51,86.7514,86.7514,
gpu,103,aircraft,hivit_base_patch16_224_miil.in21k,False,,,,sgd,0.0,0.003,,0,200,448,8,500,3333,,,,5.0,18.1218,22.6823,36.1236,9.7017,22.27607376122228,100.0,100.0,100.0,0.3509,44.7275,0.4121,67.1517,86.7514,86.7514,
camel.ee.nctu.edu.tw,103,aircraft,hivit_base_patch16_224_miil.in21k,False,,,,sgd,0.0,0.01,,0,200,448,8,100,3333,,,,,6.1806,9.991,20.282,13.161,9.434789632809435,100.0,100.0,100.0,0.0322,19.3909,0.4121,78.51,86.7514,86.7514,
camel.ee.nctu.edu.tw,103,aircraft,hivit_base_patch16_224_miil.in21k,False,,,,sgd,0.0,0.01,,0,200,448,8,300,3333,,,,3.0,12.7513,17.7318,28.5029,12.6563,16.386254010016387,100.0,100.0,100.0,0.0059,30.8868,0.4121,78.51,86.7514,86.7514,
gpu,103,aircraft,hivit_base_patch16_224_miil.in21k,False,,,,sgd,0.0,0.01,,0,200,448,8,500,3333,,,,5.0,21.1521,27.0927,41.0141,11.0515,25.735650488125735,100.0,100.0,100.0,0.0035,44.6438,0.4121,67.1517,86.7514,86.7514,
camel.ee.nctu.edu.tw,103,aircraft,hivit_base_patch16_224_miil.in21k,False,,,,sgd,0.0,0.03,,0,200,448,8,100,3333,,,,,6.5407,10.171,20.7621,14.3576,9.822520713609824,100.0,100.0,100.0,0.0041,19.1623,0.4121,78.51,86.7514,86.7514,
camel.ee.nctu.edu.tw,103,aircraft,hivit_base_patch16_224_miil.in21k,False,,,,sgd,0.0,0.03,,0,200,448,8,300,3333,,,,3.0,15.0015,20.402,32.8833,13.5009,19.12806665281913,100.0,100.0,100.0,0.001,30.8849,0.4121,78.51,86.7514,86.7514,
gpu,103,aircraft,hivit_base_patch16_224_miil.in21k,False,,,,sgd,0.0,0.03,,0,200,448,8,500,3333,,,,5.0,25.5026,32.7633,45.8446,11.2888,30.1968658404302,100.0,100.0,100.0,0.0006,44.7121,0.4121,67.1517,86.7514,86.7514,
camel.ee.nctu.edu.tw,103,aircraft,hivit_base_patch16_224_miil.in21k,False,,,,sgd,0.0,0.1,,0,200,448,8,100,3333,,,,,7.3807,10.7711,20.6421,18.9712,10.44104410441044,100.0,100.0,100.0,0.0007,19.5051,0.4121,78.51,86.7514,86.7514,
camel.ee.nctu.edu.tw,103,aircraft,hivit_base_patch16_224_miil.in21k,False,,,,sgd,0.0,0.1,,0,200,448,8,300,3333,,,,3.0,15.4215,19.742,32.6733,20.6162,19.402709501719404,100.0,100.0,100.0,0.0001,30.9835,0.4121,78.51,86.7514,86.7514,
gpu,103,aircraft,hivit_base_patch16_224_miil.in21k,False,,,,sgd,0.0,0.1,,0,200,448,8,500,3333,,,,5.0,24.8725,32.4632,44.2844,19.1221,29.35216598582935,100.0,100.0,100.0,0.0003,44.4937,0.4121,67.1517,86.7514,86.7514,
camel.ee.nctu.edu.tw,103,aircraft,hivit_base_patch16_clip_224.laion2b,False,,,,adamw,0.05,5e-06,,0,200,448,8,100,3333,,,,,11.4611,17.5518,33.1533,10.7166,16.46703131851647,100.0,100.0,100.0,2.0626,19.4506,0.4121,78.5106,86.7798,86.7798,
camel.ee.nctu.edu.tw,103,aircraft,hivit_base_patch16_clip_224.laion2b,False,,,,adamw,0.05,5e-06,,0,200,448,8,300,3333,,,,3.0,36.5737,47.6748,60.366,7.1848,42.064206420642066,100.0,100.0,100.0,0.4403,31.9039,0.4121,78.5106,86.7798,86.7798,
gpu,103,aircraft,hivit_base_patch16_clip_224.laion2b,False,,,,adamw,0.05,5e-06,,0,200,448,8,500,3333,,,,5.0,48.2748,58.1458,70.8071,6.3081,53.47457822705348,100.0,100.0,100.0,0.1033,46.8231,0.4121,67.1523,86.7798,86.7798,
camel.ee.nctu.edu.tw,103,aircraft,hivit_base_patch16_clip_224.laion2b,False,,,,adamw,0.05,1e-05,,0,200,448,8,100,3333,,,,,12.1512,18.0018,34.1434,10.5638,17.226338018417227,100.0,100.0,100.0,1.5583,19.2193,0.4121,78.5106,86.7798,86.7798,
camel.ee.nctu.edu.tw,103,aircraft,hivit_base_patch16_clip_224.laion2b,False,,,,adamw,0.05,1e-05,,0,200,448,8,300,3333,,,,3.0,39.0039,49.985,62.9163,6.866,44.52214452214453,100.0,100.0,100.0,0.1895,31.9163,0.4121,78.5106,86.7798,86.7798,
gpu,103,aircraft,hivit_base_patch16_clip_224.laion2b,False,,,,adamw,0.05,1e-05,,0,200,448,8,500,3333,,,,5.0,49.985,59.586,73.0273,6.6121,55.3024533222553,100.0,100.0,100.0,0.0377,46.8837,0.4121,67.1523,86.7798,86.7798,
camel.ee.nctu.edu.tw,103,aircraft,hivit_base_patch16_clip_224.laion2b,False,,,,adamw,0.05,5e-05,,0,200,448,8,100,3333,,,,,14.8215,22.2322,35.1335,10.8715,19.50887396431951,100.0,100.0,100.0,0.152,19.456,0.4121,78.5106,86.7798,86.7798,
camel.ee.nctu.edu.tw,103,aircraft,hivit_base_patch16_clip_224.laion2b,False,,,,adamw,0.05,5e-05,,0,200,448,8,300,3333,,,,3.0,36.3636,45.2445,58.8359,11.0095,41.549539569341555,100.0,100.0,100.0,0.0057,31.977,0.4121,78.5106,86.7798,86.7798,
gpu,103,aircraft,hivit_base_patch16_clip_224.laion2b,False,,,,adamw,0.05,5e-05,,0,200,448,8,500,3333,,,,5.0,39.694,48.2748,62.2862,13.4469,44.90756767984491,100.0,100.0,100.0,0.0008,46.3409,0.4121,67.1523,86.7798,86.7798,
camel.ee.nctu.edu.tw,103,aircraft,hivit_base_patch16_clip_224.laion2b,False,,,,adamw,0.05,0.0001,,0,200,448,8,100,3333,,,,,13.8314,20.132,33.8434,13.1457,18.449537261418453,100.0,100.0,100.0,0.0289,19.3815,0.4121,78.5106,86.7798,86.7798,
camel.ee.nctu.edu.tw,103,aircraft,hivit_base_patch16_clip_224.laion2b,False,,,,adamw,0.05,0.0001,,0,200,448,8,300,3333,,,,3.0,19.1419,24.5725,36.2436,19.7733,23.088462692423093,100.0,100.0,100.0,0.0012,31.6389,0.4121,78.5106,86.7798,86.7798,
gpu,103,aircraft,hivit_base_patch16_clip_224.laion2b,False,,,,adamw,0.05,0.0001,,0,200,448,8,500,3333,,,,5.0,23.2823,27.8128,39.3639,18.6092,26.993468577626995,100.0,100.0,100.0,0.0002,46.2985,0.4121,67.1523,86.7798,86.7798,
camel.ee.nctu.edu.tw,103,aircraft,hivit_base_patch16_clip_224.laion2b,False,,,,adamw,0.05,0.0005,,0,200,448,8,100,3333,,,,,3.0003,5.3705,10.8911,21.5265,4.821251355904822,100.0,100.0,100.0,0.0427,19.5441,0.4121,78.5106,86.7798,86.7798,
camel.ee.nctu.edu.tw,103,aircraft,hivit_base_patch16_clip_224.laion2b,False,,,,adamw,0.05,0.0005,,0,200,448,8,300,3333,,,,3.0,5.1305,7.8008,15.9316,22.5047,7.623069999307623,99.6622,99.6622,98.9865,0.084,32.0837,0.4121,78.5106,86.7798,86.7798,
gpu,103,aircraft,hivit_base_patch16_clip_224.laion2b,False,,,,adamw,0.05,0.0005,,0,200,448,8,500,3333,,,,5.0,6.4506,9.1509,19.1419,19.0174,9.37939947840938,97.9839,97.379,94.1532,0.4527,46.3911,0.4121,67.1523,86.7798,86.7798,
camel.ee.nctu.edu.tw,103,aircraft,hivit_base_patch16_clip_224.laion2b,False,,,,adamw,0.05,0.001,,0,200,448,8,100,3333,,,,,2.9703,5.1005,11.3711,25.5819,4.9089524337049095,100.0,94.7917,94.7917,0.3967,19.6423,0.4121,78.5106,86.7798,86.7798,
camel.ee.nctu.edu.tw,103,aircraft,hivit_base_patch16_clip_224.laion2b,False,,,,adamw,0.05,0.001,,0,200,448,8,300,3333,,,,3.0,3.6904,5.4005,15.8416,16.5096,6.494495603406495,60.1351,57.4324,53.0405,4.57,31.817,0.4121,78.5106,86.7798,86.7798,
gpu,103,aircraft,hivit_base_patch16_clip_224.laion2b,False,,,,adamw,0.05,0.001,,0,200,448,8,500,3333,,,,5.0,3.4803,6.6307,19.982,12.6106,7.28842114980729,20.5645,22.1774,29.8387,8.6077,45.6936,0.4121,67.1523,86.7798,86.7798,
camel.ee.nctu.edu.tw,103,aircraft,hivit_base_patch16_clip_224.laion2b,False,,,,sgd,0.0,0.003,,0,200,448,8,100,3333,,,,,5.0105,10.411,22.3522,11.4807,9.012439705509014,100.0,100.0,100.0,4.5655,19.2021,0.4121,78.5106,86.7798,86.7798,
camel.ee.nctu.edu.tw,103,aircraft,hivit_base_patch16_clip_224.laion2b,False,,,,sgd,0.0,0.003,,0,200,448,8,300,3333,,,,3.0,5.8506,8.6709,19.922,11.6909,9.0978328602091,100.0,100.0,100.0,1.8389,31.1421,0.4121,78.5106,86.7798,86.7798,
gpu,103,aircraft,hivit_base_patch16_clip_224.laion2b,False,,,,sgd,0.0,0.003,,0,200,448,8,500,3333,,,,5.0,9.2109,13.5614,27.1527,11.3036,13.351335133513352,100.0,100.0,100.0,0.695,45.0066,0.4121,67.1523,86.7798,86.7798,
camel.ee.nctu.edu.tw,103,aircraft,hivit_base_patch16_clip_224.laion2b,False,,,,sgd,0.0,0.01,,0,200,448,8,100,3333,,,,,4.7405,8.7009,18.3618,12.674,7.883865309607884,100.0,100.0,100.0,0.2565,19.1011,0.4121,78.5106,86.7798,86.7798,
camel.ee.nctu.edu.tw,103,aircraft,hivit_base_patch16_clip_224.laion2b,False,,,,sgd,0.0,0.01,,0,200,448,8,300,3333,,,,3.0,14.8515,19.742,34.7735,13.4391,19.44886796371945,100.0,100.0,100.0,0.0059,31.0564,0.4121,78.5106,86.7798,86.7798,
gpu,103,aircraft,hivit_base_patch16_clip_224.laion2b,False,,,,sgd,0.0,0.01,,0,200,448,8,500,3333,,,,5.0,12.6613,17.0417,30.093,15.1434,16.683976089916683,100.0,100.0,100.0,0.0039,44.9455,0.4121,67.1523,86.7798,86.7798,
camel.ee.nctu.edu.tw,103,aircraft,hivit_base_patch16_clip_224.laion2b,False,,,,sgd,0.0,0.03,,0,200,448,8,100,3333,,,,,5.2205,8.9109,19.4419,17.3734,8.502388700408503,100.0,100.0,100.0,0.0055,19.1269,0.4121,78.5106,86.7798,86.7798,
camel.ee.nctu.edu.tw,103,aircraft,hivit_base_patch16_clip_224.laion2b,False,,,,sgd,0.0,0.03,,0,200,448,8,300,3333,,,,3.0,11.4911,15.0615,27.3327,17.7733,15.146899305315149,100.0,100.0,100.0,0.0015,31.0093,0.4121,78.5106,86.7798,86.7798,
gpu,103,aircraft,hivit_base_patch16_clip_224.laion2b,False,,,,sgd,0.0,0.03,,0,200,448,8,500,3333,,,,5.0,9.751,13.2613,25.2925,18.0611,13.337487594913338,100.0,100.0,100.0,0.0012,45.0099,0.4121,67.1523,86.7798,86.7798,
camel.ee.nctu.edu.tw,103,aircraft,hivit_base_patch16_clip_224.laion2b,False,,,,sgd,0.0,0.1,,0,200,448,8,100,3333,,,,,3.8704,6.0006,13.5614,26.2873,6.106764522606108,100.0,100.0,100.0,0.0013,19.4422,0.4121,78.5106,86.7798,86.7798,
camel.ee.nctu.edu.tw,103,aircraft,hivit_base_patch16_clip_224.laion2b,False,,,,sgd,0.0,0.1,,0,200,448,8,300,3333,,,,3.0,5.3105,7.4407,17.0117,28.8619,8.01080108010801,100.0,100.0,100.0,0.0174,31.0915,0.4121,78.5106,86.7798,86.7798,
gpu,103,aircraft,hivit_base_patch16_clip_224.laion2b,False,,,,sgd,0.0,0.1,,0,200,448,8,500,3333,,,,5.0,1.0501,7.6508,21.5722,11.9291,5.785963211705786,2.4194,9.0726,22.379,11.3562,44.0045,0.4121,67.1523,86.7798,86.7798,
camel.ee.nctu.edu.tw,103,aircraft,hivit_base_patch16_siglip_224.v2_webli,False,,,,adamw,0.05,5e-06,,0,200,448,8,100,3333,,,,,5.6406,10.171,21.6322,11.5618,9.330933093309332,100.0,100.0,100.0,2.1179,19.5129,0.4512,79.3281,93.8646,93.8646,
camel.ee.nctu.edu.tw,103,aircraft,hivit_base_patch16_siglip_224.v2_webli,False,,,,adamw,0.05,5e-06,,0,200,448,8,300,3333,,,,3.0,18.2118,24.5125,36.2736,10.291,22.37993030072238,100.0,100.0,100.0,0.4804,32.9262,0.4512,79.3281,93.8646,93.8646,
gpu,103,aircraft,hivit_base_patch16_siglip_224.v2_webli,False,,,,adamw,0.05,5e-06,,0,200,448,8,500,3333,,,,5.0,31.8932,39.724,55.2055,8.5971,37.27295806503727,100.0,100.0,100.0,0.1197,49.2033,0.4512,67.9975,93.8646,93.8646,
camel.ee.nctu.edu.tw,103,aircraft,hivit_base_patch16_siglip_224.v2_webli,False,,,,adamw,0.05,1e-05,,0,200,448,8,100,3333,,,,,6.2406,10.9211,22.2322,11.4945,9.930993099309932,100.0,100.0,100.0,1.6176,19.4752,0.4512,79.3281,93.8646,93.8646,
camel.ee.nctu.edu.tw,103,aircraft,hivit_base_patch16_siglip_224.v2_webli,False,,,,adamw,0.05,1e-05,,0,200,448,8,300,3333,,,,3.0,20.462,27.3927,40.144,10.0762,25.00403886542501,100.0,100.0,100.0,0.2198,33.0382,0.4512,79.3281,93.8646,93.8646,
gpu,103,aircraft,hivit_base_patch16_siglip_224.v2_webli,False,,,,adamw,0.05,1e-05,,0,200,448,8,500,3333,,,,5.0,39.514,48.2148,61.4161,8.2685,44.56830298414457,100.0,100.0,100.0,0.0438,49.1952,0.4512,67.9975,93.8646,93.8646,
camel.ee.nctu.edu.tw,103,aircraft,hivit_base_patch16_siglip_224.v2_webli,False,,,,adamw,0.05,5e-05,,0,200,448,8,100,3333,,,,,9.1209,13.7714,25.3825,11.6661,12.873595051812874,100.0,100.0,100.0,0.1763,19.4704,0.4512,79.3281,93.8646,93.8646,
camel.ee.nctu.edu.tw,103,aircraft,hivit_base_patch16_siglip_224.v2_webli,False,,,,adamw,0.05,5e-05,,0,200,448,8,300,3333,,,,3.0,29.883,37.3237,51.1851,11.6937,34.7988645018348,100.0,100.0,100.0,0.0068,32.8696,0.4512,79.3281,93.8646,93.8646,
gpu,103,aircraft,hivit_base_patch16_siglip_224.v2_webli,False,,,,adamw,0.05,5e-05,,0,200,448,8,500,3333,,,,5.0,43.9844,53.2853,65.1665,10.4531,48.87257956564888,100.0,100.0,100.0,0.001,48.9032,0.4512,67.9975,93.8646,93.8646,
camel.ee.nctu.edu.tw,103,aircraft,hivit_base_patch16_siglip_224.v2_webli,False,,,,adamw,0.05,0.0001,,0,200,448,8,100,3333,,,,,9.751,13.6214,25.4425,13.1048,13.372106441413372,100.0,100.0,100.0,0.0328,19.6063,0.4512,79.3281,93.8646,93.8646,
camel.ee.nctu.edu.tw,103,aircraft,hivit_base_patch16_siglip_224.v2_webli,False,,,,adamw,0.05,0.0001,,0,200,448,8,300,3333,,,,3.0,21.6322,26.6127,38.2538,16.2106,25.46793140852547,100.0,100.0,100.0,0.0016,32.9834,0.4512,79.3281,93.8646,93.8646,
gpu,103,aircraft,hivit_base_patch16_siglip_224.v2_webli,False,,,,adamw,0.05,0.0001,,0,200,448,8,500,3333,,,,5.0,22.6823,27.9928,40.8041,11.5875,26.864224884026868,100.0,100.0,99.7984,0.0056,48.8056,0.4512,67.9975,93.8646,93.8646,
camel.ee.nctu.edu.tw,103,aircraft,hivit_base_patch16_siglip_224.v2_webli,False,,,,adamw,0.05,0.0005,,0,200,448,8,100,3333,,,,,4.9505,6.7507,15.7516,17.2988,7.443051997507443,100.0,100.0,100.0,0.002,19.3305,0.4512,79.3281,93.8646,93.8646,
camel.ee.nctu.edu.tw,103,aircraft,hivit_base_patch16_siglip_224.v2_webli,False,,,,adamw,0.05,0.0005,,0,200,448,8,300,3333,,,,3.0,4.1404,6.1206,15.3615,19.4948,6.729903759606731,95.9459,94.5946,88.8514,1.0459,32.8495,0.4512,79.3281,93.8646,93.8646,
gpu,103,aircraft,hivit_base_patch16_siglip_224.v2_webli,False,,,,adamw,0.05,0.0005,,0,200,448,8,500,3333,,,,5.0,4.8905,6.6307,18.3318,16.7584,7.992337695307992,80.4435,77.2177,69.3548,2.8868,48.6627,0.4512,67.9975,93.8646,93.8646,
camel.ee.nctu.edu.tw,103,aircraft,hivit_base_patch16_siglip_224.v2_webli,False,,,,adamw,0.05,0.001,,0,200,448,8,100,3333,,,,,3.4803,5.5206,14.9415,25.0479,6.125227907406126,100.0,100.0,100.0,0.0154,19.4925,0.4512,79.3281,93.8646,93.8646,
camel.ee.nctu.edu.tw,103,aircraft,hivit_base_patch16_siglip_224.v2_webli,False,,,,adamw,0.05,0.001,,0,200,448,8,300,3333,,,,3.0,3.5404,5.8806,16.4416,16.9674,6.517574834406518,62.5,59.4595,56.4189,4.2196,33.0538,0.4512,79.3281,93.8646,93.8646,
gpu,103,aircraft,hivit_base_patch16_siglip_224.v2_webli,False,,,,adamw,0.05,0.001,,0,200,448,8,500,3333,,,,5.0,4.0804,5.9106,19.0219,13.7243,7.52844515220753,37.2984,34.879,38.1048,6.7408,48.5639,0.4512,67.9975,93.8646,93.8646,
camel.ee.nctu.edu.tw,103,aircraft,hivit_base_patch16_siglip_224.v2_webli,False,,,,sgd,0.0,0.003,,0,200,448,8,100,3333,,,,,5.6106,10.7711,20.5821,11.5951,9.065521936809066,100.0,100.0,100.0,3.8109,19.3125,0.4512,79.3281,93.8646,93.8646,
camel.ee.nctu.edu.tw,103,aircraft,hivit_base_patch16_siglip_224.v2_webli,False,,,,sgd,0.0,0.003,,0,200,448,8,300,3333,,,,3.0,15.4215,21.0021,34.1734,10.1391,19.74889796671975,100.0,100.0,100.0,0.844,32.143,0.4512,79.3281,93.8646,93.8646,
gpu,103,aircraft,hivit_base_patch16_siglip_224.v2_webli,False,,,,sgd,0.0,0.003,,0,200,448,8,500,3333,,,,5.0,42.2142,51.3051,63.9364,5.8803,47.227030395347235,100.0,100.0,100.0,0.0884,47.5911,0.4512,67.9975,93.8646,93.8646,
camel.ee.nctu.edu.tw,103,aircraft,hivit_base_patch16_siglip_224.v2_webli,False,,,,sgd,0.0,0.01,,0,200,448,8,100,3333,,,,,6.9607,12.0012,23.5524,11.6074,10.789540492510792,100.0,100.0,100.0,0.0934,18.8763,0.4512,79.3281,93.8646,93.8646,
camel.ee.nctu.edu.tw,103,aircraft,hivit_base_patch16_siglip_224.v2_webli,False,,,,sgd,0.0,0.01,,0,200,448,8,300,3333,,,,3.0,30.6331,37.5038,51.8452,8.6175,35.528168201435534,100.0,100.0,100.0,0.0051,32.0861,0.4512,79.3281,93.8646,93.8646,
gpu,103,aircraft,hivit_base_patch16_siglip_224.v2_webli,False,,,,sgd,0.0,0.01,,0,200,448,8,500,3333,,,,5.0,58.9859,68.6469,79.4779,4.5532,63.71483302176371,100.0,100.0,100.0,0.0026,47.5284,0.4512,67.9975,93.8646,93.8646,
camel.ee.nctu.edu.tw,103,aircraft,hivit_base_patch16_siglip_224.v2_webli,False,,,,sgd,0.0,0.03,,0,200,448,8,100,3333,,,,,8.5509,13.4413,26.1326,12.893,12.60818389531261,100.0,100.0,100.0,0.0049,18.6079,0.4512,79.3281,93.8646,93.8646,
camel.ee.nctu.edu.tw,103,aircraft,hivit_base_patch16_siglip_224.v2_webli,False,,,,sgd,0.0,0.03,,0,200,448,8,300,3333,,,,3.0,36.7837,44.9445,60.5461,9.1753,42.26730365344227,100.0,100.0,100.0,0.0011,32.1062,0.4512,79.3281,93.8646,93.8646,
gpu,103,aircraft,hivit_base_patch16_siglip_224.v2_webli,False,,,,sgd,0.0,0.03,,0,200,448,8,500,3333,,,,5.0,49.1149,57.6658,72.1572,8.087,54.43236631355444,100.0,100.0,100.0,0.0007,47.38,0.4512,67.9975,93.8646,93.8646,
camel.ee.nctu.edu.tw,103,aircraft,hivit_base_patch16_siglip_224.v2_webli,False,,,,sgd,0.0,0.1,,0,200,448,8,100,3333,,,,,8.2208,10.8611,22.1722,17.7534,11.44037480671144,100.0,100.0,100.0,0.0009,18.8711,0.4512,79.3281,93.8646,93.8646,
camel.ee.nctu.edu.tw,103,aircraft,hivit_base_patch16_siglip_224.v2_webli,False,,,,sgd,0.0,0.1,,0,200,448,8,300,3333,,,,3.0,15.3915,19.1419,30.7231,20.3136,18.929585266218933,100.0,100.0,100.0,0.0004,32.3627,0.4512,79.3281,93.8646,93.8646,
gpu,103,aircraft,hivit_base_patch16_siglip_224.v2_webli,False,,,,sgd,0.0,0.1,,0,200,448,8,500,3333,,,,5.0,6.4806,8.9409,18.5719,25.0773,9.270927092709272,100.0,100.0,98.9919,0.0641,47.2593,0.4512,67.9975,93.8646,93.8646,
camel.ee.nctu.edu.tw,103,cars,hideit3_base_patch16_224.fb_in1k,False,,,,adamw,0.05,5e-06,,0,200,448,8,196,8041,,,,1.0,10.2972,63.8229,,6.2273,12.647134654408353,100.0,100.0,,0.5747,44.0342,0.4121,78.5245,86.7949,86.7949,
camel.ee.nctu.edu.tw,103,cars,hideit3_base_patch16_224.fb_in1k,False,,,,adamw,0.05,1e-05,,0,200,448,8,196,8041,,,,1.0,10.9439,63.7732,,6.2374,13.263245379624546,100.0,100.0,,0.3545,44.9257,0.4121,78.5245,86.7949,86.7949,
camel.ee.nctu.edu.tw,103,cars,hideit3_base_patch16_224.fb_in1k,False,,,,adamw,0.05,5e-05,,0,200,448,8,196,8041,,,,1.0,13.1327,64.0219,,6.4251,15.3668546261386,100.0,100.0,,0.0181,44.1892,0.4121,78.5245,86.7949,86.7949,
camel.ee.nctu.edu.tw,103,cars,hideit3_base_patch16_224.fb_in1k,False,,,,adamw,0.05,0.0001,,0,200,448,8,196,8041,,,,1.0,13.1451,62.8031,,6.8181,15.325238639776028,100.0,100.0,,0.0052,44.2966,0.4121,78.5245,86.7949,86.7949,
camel.ee.nctu.edu.tw,103,cars,hideit3_base_patch16_224.fb_in1k,False,,,,adamw,0.05,0.0005,,0,200,448,8,196,8041,,,,1.0,5.5714,38.1047,,13.4574,6.999736108541287,100.0,100.0,,0.0005,44.1749,0.4121,78.5245,86.7949,86.7949,
camel.ee.nctu.edu.tw,103,cars,hideit3_base_patch16_224.fb_in1k,False,,,,adamw,0.05,0.001,,0,200,448,8,196,8041,,,,1.0,3.0096,31.3394,,15.1511,4.253323667423964,100.0,100.0,,0.0006,43.8163,0.4121,78.5245,86.7949,86.7949,
camel.ee.nctu.edu.tw,103,cars,hideit3_base_patch16_224.fb_in1k,False,,,,sgd,0.0,0.003,,0,200,448,8,196,8041,,,,1.0,13.6301,67.0066,,5.7041,15.973501657663013,100.0,100.0,,0.2501,43.7901,0.4121,78.5245,86.7949,86.7949,
camel.ee.nctu.edu.tw,103,cars,hideit3_base_patch16_224.fb_in1k,False,,,,sgd,0.0,0.01,,0,200,448,8,196,8041,,,,1.0,14.3266,68.5114,,5.8922,16.70542130119722,100.0,100.0,,0.0066,43.829,0.4121,78.5245,86.7949,86.7949,
camel.ee.nctu.edu.tw,103,cars,hideit3_base_patch16_224.fb_in1k,False,,,,sgd,0.0,0.03,,0,200,448,8,196,8041,,,,1.0,14.3141,67.7155,,6.2483,16.65858815036353,100.0,100.0,,0.0018,43.4368,0.4121,78.5245,86.7949,86.7949,
camel.ee.nctu.edu.tw,103,cars,hideit3_base_patch16_224.fb_in1k,False,,,,sgd,0.0,0.1,,0,200,448,8,196,8041,,,,1.0,8.8297,53.5506,,11.0966,10.79309999666344,100.0,100.0,,0.0003,44.0939,0.4121,78.5245,86.7949,86.7949,
camel.ee.nctu.edu.tw,103,cars,hideit3_base_patch16_224.fb_in22k_ft_in1k,False,,,,adamw,0.05,5e-06,,0,200,448,8,196,8041,,,,1.0,9.9863,65.8003,,6.1924,12.436688799172533,100.0,100.0,,0.5623,43.9272,0.4121,78.5245,86.7949,86.7949,
camel.ee.nctu.edu.tw,103,cars,hideit3_base_patch16_224.fb_in22k_ft_in1k,False,,,,adamw,0.05,1e-05,,0,200,448,8,196,8041,,,,1.0,10.3345,65.5391,,6.2747,12.75815106117732,100.0,100.0,,0.3455,44.022,0.4121,78.5245,86.7949,86.7949,
camel.ee.nctu.edu.tw,103,cars,hideit3_base_patch16_224.fb_in22k_ft_in1k,False,,,,adamw,0.05,5e-05,,0,200,448,8,196,8041,,,,1.0,11.6403,65.5142,,6.5792,14.005538687397816,100.0,100.0,,0.0179,43.6965,0.4121,78.5245,86.7949,86.7949,
camel.ee.nctu.edu.tw,103,cars,hideit3_base_patch16_224.fb_in22k_ft_in1k,False,,,,adamw,0.05,0.0001,,0,200,448,8,196,8041,,,,1.0,12.001,65.4894,,7.1784,14.349264895459548,100.0,100.0,,0.0052,44.0077,0.4121,78.5245,86.7949,86.7949,
camel.ee.nctu.edu.tw,103,cars,hideit3_base_patch16_224.fb_in22k_ft_in1k,False,,,,adamw,0.05,0.0005,,0,200,448,8,196,8041,,,,1.0,4.8626,37.3834,,13.7421,6.290323069876639,100.0,100.0,,0.0005,44.3332,0.4121,78.5245,86.7949,86.7949,
camel.ee.nctu.edu.tw,103,cars,hideit3_base_patch16_224.fb_in22k_ft_in1k,False,,,,adamw,0.05,0.001,,0,200,448,8,196,8041,,,,1.0,3.2956,30.1082,,14.7434,4.472747898726344,100.0,99.4792,,0.005,44.1083,0.4121,78.5245,86.7949,86.7949,
camel.ee.nctu.edu.tw,103,cars,hideit3_base_patch16_224.fb_in22k_ft_in1k,False,,,,sgd,0.0,0.003,,0,200,448,8,196,8041,,,,1.0,12.5233,71.5085,,5.5401,15.11291217874248,100.0,100.0,,0.2762,43.2994,0.4121,78.5245,86.7949,86.7949,
camel.ee.nctu.edu.tw,103,cars,hideit3_base_patch16_224.fb_in22k_ft_in1k,False,,,,sgd,0.0,0.01,,0,200,448,8,196,8041,,,,1.0,13.2944,71.3344,,5.8302,15.84246589885374,100.0,100.0,,0.0064,43.8471,0.4121,78.5245,86.7949,86.7949,
camel.ee.nctu.edu.tw,103,cars,hideit3_base_patch16_224.fb_in22k_ft_in1k,False,,,,sgd,0.0,0.03,,0,200,448,8,196,8041,,,,1.0,13.5804,69.7923,,6.3819,16.04824057194682,100.0,100.0,,0.0014,43.1927,0.4121,78.5245,86.7949,86.7949,
camel.ee.nctu.edu.tw,103,cars,hideit3_base_patch16_224.fb_in22k_ft_in1k,False,,,,sgd,0.0,0.1,,0,200,448,8,196,8041,,,,1.0,8.8795,55.8637,,11.3521,10.94221383701214,100.0,100.0,,0.0005,43.8962,0.4121,78.5245,86.7949,86.7949,
camel.ee.nctu.edu.tw,103,cars,hideit_base_patch16_224.fb_in1k,False,,,,adamw,0.05,5e-06,,0,200,448,8,196,8041,,,,1.0,6.7902,54.9559,,6.5737,8.904789781637401,100.0,100.0,,0.6208,42.5714,0.4121,78.51,86.7772,86.7772,
camel.ee.nctu.edu.tw,103,cars,hideit_base_patch16_224.fb_in1k,False,,,,adamw,0.05,1e-05,,0,200,448,8,196,8041,,,,1.0,6.9767,54.7444,,6.6835,9.073862309323257,100.0,100.0,,0.382,43.2258,0.4121,78.51,86.7772,86.7772,
camel.ee.nctu.edu.tw,103,cars,hideit_base_patch16_224.fb_in1k,False,,,,adamw,0.05,5e-05,,0,200,448,8,196,8041,,,,1.0,8.3074,55.7642,,7.2016,10.390893014762757,100.0,100.0,,0.0198,43.3303,0.4121,78.51,86.7772,86.7772,
camel.ee.nctu.edu.tw,103,cars,hideit_base_patch16_224.fb_in1k,False,,,,adamw,0.05,0.0001,,0,200,448,8,196,8041,,,,1.0,8.7924,55.5404,,7.6727,10.844786323749322,100.0,100.0,,0.0056,42.9805,0.4121,78.51,86.7772,86.7772,
camel.ee.nctu.edu.tw,103,cars,hideit_base_patch16_224.fb_in1k,False,,,,adamw,0.05,0.0005,,0,200,448,8,196,8041,,,,1.0,4.9869,36.1025,,12.4645,6.35298970823311,100.0,100.0,,0.0004,43.5794,0.4121,78.51,86.7772,86.7772,
camel.ee.nctu.edu.tw,103,cars,hideit_base_patch16_224.fb_in1k,False,,,,adamw,0.05,0.001,,0,200,448,8,196,8041,,,,1.0,2.7982,27.6583,,16.3056,3.889578107321926,100.0,100.0,,0.0005,43.2753,0.4121,78.51,86.7772,86.7772,
camel.ee.nctu.edu.tw,103,cars,hideit_base_patch16_224.fb_in1k,False,,,,sgd,0.0,0.003,,0,200,448,8,196,8041,,,,1.0,10.0982,61.8829,,6.0079,12.371716902096267,100.0,100.0,,0.1467,43.0417,0.4121,78.51,86.7772,86.7772,
camel.ee.nctu.edu.tw,103,cars,hideit_base_patch16_224.fb_in1k,False,,,,sgd,0.0,0.01,,0,200,448,8,196,8041,,,,1.0,10.7574,62.0196,,6.3346,13.00790764405592,100.0,100.0,,0.0061,42.7917,0.4121,78.51,86.7772,86.7772,
camel.ee.nctu.edu.tw,103,cars,hideit_base_patch16_224.fb_in1k,False,,,,sgd,0.0,0.03,,0,200,448,8,196,8041,,,,1.0,10.5708,62.3679,,6.7524,12.844840921982158,100.0,100.0,,0.0015,42.6075,0.4121,78.51,86.7772,86.7772,
camel.ee.nctu.edu.tw,103,cars,hideit_base_patch16_224.fb_in1k,False,,,,sgd,0.0,0.1,,0,200,448,8,196,8041,,,,1.0,8.0711,52.1826,,10.3709,10.007734749651934,100.0,100.0,,0.0003,43.1471,0.4121,78.51,86.7772,86.7772,
camel.ee.nctu.edu.tw,103,cars,hiresnet50.a1_in1k,False,,,,adamw,0.05,5e-06,,0,200,448,8,196,8041,,,,1.0,5.9694,49.4963,,6.4951,7.880344939502124,100.0,98.9583,,1.3936,39.1467,4.3984,16.3943,24.803,24.803,
camel.ee.nctu.edu.tw,103,cars,hiresnet50.a1_in1k,False,,,,adamw,0.05,1e-05,,0,200,448,8,196,8041,,,,1.0,7.0016,50.5285,,6.4359,8.912554863640914,100.0,99.4792,,0.7147,38.8642,4.3984,16.3943,24.803,24.803,
camel.ee.nctu.edu.tw,103,cars,hiresnet50.a1_in1k,False,,,,adamw,0.05,5e-05,,0,200,448,8,196,8041,,,,1.0,10.5957,53.2645,,6.4879,12.46896242124963,100.0,100.0,,0.0143,38.3742,4.3984,16.3943,24.803,24.803,
camel.ee.nctu.edu.tw,103,cars,hiresnet50.a1_in1k,False,,,,adamw,0.05,0.0001,,0,200,448,8,196,8041,,,,1.0,11.3792,54.4708,,6.6015,13.27101046162806,100.0,100.0,,0.0042,38.5265,4.3984,16.3943,24.803,24.803,
camel.ee.nctu.edu.tw,103,cars,hiresnet50.a1_in1k,False,,,,adamw,0.05,0.0005,,0,200,448,8,196,8041,,,,1.0,12.9337,58.6121,,6.6987,14.939107804210735,100.0,100.0,,0.0015,38.8193,4.3984,16.3943,24.803,24.803,
camel.ee.nctu.edu.tw,103,cars,hiresnet50.a1_in1k,False,,,,adamw,0.05,0.001,,0,200,448,8,196,8041,,,,1.0,11.5035,56.6721,,7.4571,13.48655215192868,100.0,100.0,,0.0002,38.7221,4.3984,16.3943,24.803,24.803,
camel.ee.nctu.edu.tw,103,cars,hiresnet50.a1_in1k,False,,,,sgd,0.0,0.003,,0,200,448,8,196,8041,,,,1.0,6.1062,46.7852,,6.6394,7.892113891913697,100.0,97.9167,,0.8667,37.9997,4.3984,16.3943,24.803,24.803,
camel.ee.nctu.edu.tw,103,cars,hiresnet50.a1_in1k,False,,,,sgd,0.0,0.01,,0,200,448,8,196,8041,,,,1.0,8.0587,47.9915,,7.1795,9.811848423172702,100.0,99.4792,,0.0265,38.1892,4.3984,16.3943,24.803,24.803,
camel.ee.nctu.edu.tw,103,cars,hiresnet50.a1_in1k,False,,,,sgd,0.0,0.03,,0,200,448,8,196,8041,,,,1.0,9.0785,50.0435,,7.7551,10.876938616420114,100.0,100.0,,0.0047,38.3012,4.3984,16.3943,24.803,24.803,
camel.ee.nctu.edu.tw,103,cars,hiresnet50.a1_in1k,False,,,,sgd,0.0,0.1,,0,200,448,8,196,8041,,,,1.0,10.8693,52.2821,,9.2375,12.687416017301572,100.0,98.9583,,0.0232,38.3631,4.3984,16.3943,24.803,24.803,
camel.ee.nctu.edu.tw,103,cars,hiresnet50.fb_ssl_yfcc100m_ft_in1k,False,,,,adamw,0.05,5e-06,,0,200,448,8,196,8041,,,,1.0,13.9908,57.4431,,6.2118,15.898459419863444,100.0,100.0,,0.0547,38.7126,4.3984,16.3943,24.803,24.803,
camel.ee.nctu.edu.tw,103,cars,hiresnet50.fb_ssl_yfcc100m_ft_in1k,False,,,,adamw,0.05,1e-05,,0,200,448,8,196,8041,,,,1.0,14.6375,57.6296,,6.2005,16.524943809318703,100.0,100.0,,0.0318,38.6892,4.3984,16.3943,24.803,24.803,
camel.ee.nctu.edu.tw,103,cars,hiresnet50.fb_ssl_yfcc100m_ft_in1k,False,,,,adamw,0.05,5e-05,,0,200,448,8,196,8041,,,,1.0,16.4283,59.3707,,6.0639,18.313581917065285,100.0,100.0,,0.004,39.2871,4.3984,16.3943,24.803,24.803,
camel.ee.nctu.edu.tw,103,cars,hiresnet50.fb_ssl_yfcc100m_ft_in1k,False,,,,adamw,0.05,0.0001,,0,200,448,8,196,8041,,,,1.0,15.6697,59.2837,,6.1762,17.584452849876094,100.0,100.0,,0.0014,38.9079,4.3984,16.3943,24.803,24.803,
camel.ee.nctu.edu.tw,103,cars,hiresnet50.fb_ssl_yfcc100m_ft_in1k,False,,,,adamw,0.05,0.0005,,0,200,448,8,196,8041,,,,1.0,7.9219,53.65,,8.0797,9.929477282585289,100.0,100.0,,0.0012,39.0739,4.3984,16.3943,24.803,24.803,
camel.ee.nctu.edu.tw,103,cars,hiresnet50.fb_ssl_yfcc100m_ft_in1k,False,,,,adamw,0.05,0.001,,0,200,448,8,196,8041,,,,1.0,5.7082,51.2374,,10.3444,7.707086547298752,100.0,100.0,,0.0015,38.9906,4.3984,16.3943,24.803,24.803,
camel.ee.nctu.edu.tw,103,cars,hiresnet50.fb_ssl_yfcc100m_ft_in1k,False,,,,sgd,0.0,0.003,,0,200,448,8,196,8041,,,,1.0,11.9139,57.0451,,6.218,13.895310921769832,100.0,100.0,,0.1183,38.4194,4.3984,16.3943,24.803,24.803,
camel.ee.nctu.edu.tw,103,cars,hiresnet50.fb_ssl_yfcc100m_ft_in1k,False,,,,sgd,0.0,0.01,,0,200,448,8,196,8041,,,,1.0,14.7245,59.8433,,6.152,16.705360636494063,100.0,100.0,,0.0067,38.5648,4.3984,16.3943,24.803,24.803,
camel.ee.nctu.edu.tw,103,cars,hiresnet50.fb_ssl_yfcc100m_ft_in1k,False,,,,sgd,0.0,0.03,,0,200,448,8,196,8041,,,,1.0,14.9981,60.005,,6.2628,16.974044606756227,100.0,100.0,,0.0014,38.2481,4.3984,16.3943,24.803,24.803,
camel.ee.nctu.edu.tw,103,cars,hiresnet50.fb_ssl_yfcc100m_ft_in1k,False,,,,sgd,0.0,0.1,,0,200,448,8,196,8041,,,,1.0,9.6008,54.1475,,8.3719,11.556504621133762,100.0,100.0,,0.0019,39.1249,4.3984,16.3943,24.803,24.803,
camel.ee.nctu.edu.tw,103,cars,hiresnet50.fb_swsl_ig1b_ft_in1k,False,,,,adamw,0.05,5e-06,,0,200,448,8,196,8041,,,,1.0,17.2491,58.1644,,6.0731,19.04538023119318,100.0,100.0,,0.0546,39.0688,4.3984,16.3943,24.803,24.803,
camel.ee.nctu.edu.tw,103,cars,hiresnet50.fb_swsl_ig1b_ft_in1k,False,,,,adamw,0.05,1e-05,,0,200,448,8,196,8041,,,,1.0,18.2316,58.5748,,6.0311,20.002729911641858,100.0,100.0,,0.0303,39.0175,4.3984,16.3943,24.803,24.803,
camel.ee.nctu.edu.tw,103,cars,hiresnet50.fb_swsl_ig1b_ft_in1k,False,,,,adamw,0.05,5e-05,,0,200,448,8,196,8041,,,,1.0,19.8856,61.3605,,5.9107,21.706437434975022,100.0,100.0,,0.0034,38.8229,4.3984,16.3943,24.803,24.803,
camel.ee.nctu.edu.tw,103,cars,hiresnet50.fb_swsl_ig1b_ft_in1k,False,,,,adamw,0.05,0.0001,,0,200,448,8,196,8041,,,,1.0,18.8409,61.4725,,5.8877,20.712567603228575,100.0,100.0,,0.0014,38.6076,4.3984,16.3943,24.803,24.803,
camel.ee.nctu.edu.tw,103,cars,hiresnet50.fb_swsl_ig1b_ft_in1k,False,,,,adamw,0.05,0.0005,,0,200,448,8,196,8041,,,,1.0,9.2277,52.3691,,8.1693,11.121720693640215,100.0,100.0,,0.0023,38.698,4.3984,16.3943,24.803,24.803,
camel.ee.nctu.edu.tw,103,cars,hiresnet50.fb_swsl_ig1b_ft_in1k,False,,,,adamw,0.05,0.001,,0,200,448,8,196,8041,,,,1.0,5.6585,49.3347,,10.4077,7.575990123786326,100.0,100.0,,0.0023,38.1638,4.3984,16.3943,24.803,24.803,
camel.ee.nctu.edu.tw,103,cars,hiresnet50.fb_swsl_ig1b_ft_in1k,False,,,,sgd,0.0,0.003,,0,200,448,8,196,8041,,,,1.0,14.7743,59.4951,,6.0246,16.737634258571163,100.0,100.0,,0.1425,38.7171,4.3984,16.3943,24.803,24.803,
camel.ee.nctu.edu.tw,103,cars,hiresnet50.fb_swsl_ig1b_ft_in1k,False,,,,sgd,0.0,0.01,,0,200,448,8,196,8041,,,,1.0,17.7963,62.4549,,5.92,19.756916534468168,100.0,100.0,,0.0075,38.6403,4.3984,16.3943,24.803,24.803,
camel.ee.nctu.edu.tw,103,cars,hiresnet50.fb_swsl_ig1b_ft_in1k,False,,,,sgd,0.0,0.03,,0,200,448,8,196,8041,,,,1.0,18.1321,62.8529,,5.9543,20.095425578058787,100.0,100.0,,0.0016,38.6877,4.3984,16.3943,24.803,24.803,
camel.ee.nctu.edu.tw,103,cars,hiresnet50.fb_swsl_ig1b_ft_in1k,False,,,,sgd,0.0,0.1,,0,200,448,8,196,8041,,,,1.0,10.1853,53.7122,,8.5021,12.096238485081033,100.0,100.0,,0.0023,38.5286,4.3984,16.3943,24.803,24.803,
camel.ee.nctu.edu.tw,103,cars,hiresnet50.gluon_in1k,False,,,,adamw,0.05,5e-06,,0,200,448,8,196,8041,,,,1.0,12.884,55.0553,,6.2547,14.735395731024838,100.0,100.0,,0.0775,39.0734,4.3984,16.3943,24.803,24.803,
camel.ee.nctu.edu.tw,103,cars,hiresnet50.gluon_in1k,False,,,,adamw,0.05,1e-05,,0,200,448,8,196,8041,,,,1.0,13.4809,55.6398,,6.2361,15.331790427716488,100.0,100.0,,0.0432,38.7801,4.3984,16.3943,24.803,24.803,
camel.ee.nctu.edu.tw,103,cars,hiresnet50.gluon_in1k,False,,,,adamw,0.05,5e-05,,0,200,448,8,196,8041,,,,1.0,15.1225,57.7416,,6.2082,16.993578641171315,100.0,100.0,,0.0054,39.3059,4.3984,16.3943,24.803,24.803,
camel.ee.nctu.edu.tw,103,cars,hiresnet50.gluon_in1k,False,,,,adamw,0.05,0.0001,,0,200,448,8,196,8041,,,,1.0,15.2469,58.4629,,6.2992,17.144148434395674,100.0,100.0,,0.0019,39.052,4.3984,16.3943,24.803,24.803,
camel.ee.nctu.edu.tw,103,cars,hiresnet50.gluon_in1k,False,,,,adamw,0.05,0.0005,,0,200,448,8,196,8041,,,,1.0,8.8297,53.3516,,7.7422,10.78436427940949,100.0,100.0,,0.0005,38.7699,4.3984,16.3943,24.803,24.803,
camel.ee.nctu.edu.tw,103,cars,hiresnet50.gluon_in1k,False,,,,adamw,0.05,0.001,,0,200,448,8,196,8041,,,,1.0,6.5912,49.2725,,10.1253,8.465031348485354,100.0,100.0,,0.0016,38.3274,4.3984,16.3943,24.803,24.803,
camel.ee.nctu.edu.tw,103,cars,hiresnet50.gluon_in1k,False,,,,sgd,0.0,0.003,,0,200,448,8,196,8041,,,,1.0,10.0734,54.3465,,6.3359,12.017071047467097,100.0,100.0,,0.1381,38.3173,4.3984,16.3943,24.803,24.803,
camel.ee.nctu.edu.tw,103,cars,hiresnet50.gluon_in1k,False,,,,sgd,0.0,0.01,,0,200,448,8,196,8041,,,,1.0,12.399,56.8959,,6.4026,14.352480124726627,100.0,100.0,,0.0086,38.606,4.3984,16.3943,24.803,24.803,
camel.ee.nctu.edu.tw,103,cars,hiresnet50.gluon_in1k,False,,,,sgd,0.0,0.03,,0,200,448,8,196,8041,,,,1.0,12.6601,57.5053,,6.5157,14.628929176992305,100.0,100.0,,0.0019,38.8496,4.3984,16.3943,24.803,24.803,
camel.ee.nctu.edu.tw,103,cars,hiresnet50.gluon_in1k,False,,,,sgd,0.0,0.1,,0,200,448,8,196,8041,,,,1.0,9.7998,54.931,,8.1843,11.781146016907252,100.0,100.0,,0.0033,38.9456,4.3984,16.3943,24.803,24.803,
camel.ee.nctu.edu.tw,103,cars,hiresnet50.in1k_mocov3,False,,,,adamw,0.05,5e-06,,0,200,448,8,196,8041,,,,1.0,10.4838,50.2549,,6.4049,12.229822161422709,100.0,100.0,,0.1853,38.7614,4.3984,16.3943,24.803,24.803,
camel.ee.nctu.edu.tw,103,cars,hiresnet50.in1k_mocov3,False,,,,adamw,0.05,1e-05,,0,200,448,8,196,8041,,,,1.0,11.4911,51.1752,,6.381,13.233337680970392,100.0,100.0,,0.0827,38.8338,4.3984,16.3943,24.803,24.803,
camel.ee.nctu.edu.tw,103,cars,hiresnet50.in1k_mocov3,False,,,,adamw,0.05,5e-05,,0,200,448,8,196,8041,,,,1.0,13.4187,53.6874,,6.2947,15.186619793072698,100.0,100.0,,0.008,39.1353,4.3984,16.3943,24.803,24.803,
camel.ee.nctu.edu.tw,103,cars,hiresnet50.in1k_mocov3,False,,,,adamw,0.05,0.0001,,0,200,448,8,196,8041,,,,1.0,13.7918,55.4036,,6.2444,15.618673808924385,100.0,100.0,,0.0029,38.745,4.3984,16.3943,24.803,24.803,
camel.ee.nctu.edu.tw,103,cars,hiresnet50.in1k_mocov3,False,,,,adamw,0.05,0.0005,,0,200,448,8,196,8041,,,,1.0,13.0954,57.4307,,6.6018,15.04181314664782,100.0,100.0,,0.0006,38.6753,4.3984,16.3943,24.803,24.803,
camel.ee.nctu.edu.tw,103,cars,hiresnet50.in1k_mocov3,False,,,,adamw,0.05,0.001,,0,200,448,8,196,8041,,,,1.0,10.3843,54.1972,,7.6928,12.307776304973595,100.0,100.0,,0.001,38.364,4.3984,16.3943,24.803,24.803,
camel.ee.nctu.edu.tw,103,cars,hiresnet50.in1k_mocov3,False,,,,sgd,0.0,0.003,,0,200,448,8,196,8041,,,,1.0,9.4391,49.857,,6.5712,11.213567054213012,100.0,100.0,,0.09,38.5128,4.3984,16.3943,24.803,24.803,
camel.ee.nctu.edu.tw,103,cars,hiresnet50.in1k_mocov3,False,,,,sgd,0.0,0.01,,0,200,448,8,196,8041,,,,1.0,10.8817,51.511,,6.8121,12.665455394760388,100.0,100.0,,0.0081,38.2753,4.3984,16.3943,24.803,24.803,
camel.ee.nctu.edu.tw,103,cars,hiresnet50.in1k_mocov3,False,,,,sgd,0.0,0.03,,0,200,448,8,196,8041,,,,1.0,11.6279,52.2323,,7.1355,13.410539278878671,100.0,100.0,,0.0017,38.6091,4.3984,16.3943,24.803,24.803,
camel.ee.nctu.edu.tw,103,cars,hiresnet50.in1k_mocov3,False,,,,sgd,0.0,0.1,,0,200,448,8,196,8041,,,,1.0,12.0259,54.3216,,8.0365,13.882753328217277,100.0,100.0,,0.0003,38.3737,4.3984,16.3943,24.803,24.803,
camel.ee.nctu.edu.tw,103,cars,hiresnet50.in1k_spark,False,,,,adamw,0.05,5e-06,,0,200,448,8,196,8041,,,,1.0,5.4844,40.6044,,7.2835,7.026246583818903,100.0,100.0,,0.1074,39.1124,4.3984,16.3943,24.803,24.803,
camel.ee.nctu.edu.tw,103,cars,hiresnet50.in1k_spark,False,,,,adamw,0.05,1e-05,,0,200,448,8,196,8041,,,,1.0,5.9818,42.3828,,7.2306,7.579933329491236,100.0,100.0,,0.0519,38.4712,4.3984,16.3943,24.803,24.803,
camel.ee.nctu.edu.tw,103,cars,hiresnet50.in1k_spark,False,,,,adamw,0.05,5e-05,,0,200,448,8,196,8041,,,,1.0,7.698,47.6309,,7.1783,9.45119676293144,100.0,100.0,,0.0037,39.0257,4.3984,16.3943,24.803,24.803,
camel.ee.nctu.edu.tw,103,cars,hiresnet50.in1k_spark,False,,,,adamw,0.05,0.0001,,0,200,448,8,196,8041,,,,1.0,7.3747,48.5263,,7.3714,9.18136016330938,100.0,100.0,,0.0015,38.2833,4.3984,16.3943,24.803,24.803,
camel.ee.nctu.edu.tw,103,cars,hiresnet50.in1k_spark,False,,,,adamw,0.05,0.0005,,0,200,448,8,196,8041,,,,1.0,4.0542,42.5693,,10.5904,5.745129382645649,100.0,99.4792,,0.0151,38.5274,4.3984,16.3943,24.803,24.803,
camel.ee.nctu.edu.tw,103,cars,hiresnet50.in1k_spark,False,,,,adamw,0.05,0.001,,0,200,448,8,196,8041,,,,1.0,2.9598,34.4111,,13.9279,4.3406201752603275,100.0,98.9583,,0.0202,38.7796,4.3984,16.3943,24.803,24.803,
camel.ee.nctu.edu.tw,103,cars,hiresnet50.in1k_spark,False,,,,sgd,0.0,0.003,,0,200,448,8,196,8041,,,,1.0,2.7733,32.6203,,7.6252,4.083644492706586,100.0,98.4375,,0.9949,38.284,4.3984,16.3943,24.803,24.803,
camel.ee.nctu.edu.tw,103,cars,hiresnet50.in1k_spark,False,,,,sgd,0.0,0.01,,0,200,448,8,196,8041,,,,1.0,4.4024,37.2839,,8.0918,5.846014783988157,100.0,100.0,,0.0174,38.1599,4.3984,16.3943,24.803,24.803,
camel.ee.nctu.edu.tw,103,cars,hiresnet50.in1k_spark,False,,,,sgd,0.0,0.03,,0,200,448,8,196,8041,,,,1.0,4.4397,38.1171,,8.931,5.918266445442715,100.0,100.0,,0.002,38.2845,4.3984,16.3943,24.803,24.803,
camel.ee.nctu.edu.tw,103,cars,hiresnet50.in1k_spark,False,,,,sgd,0.0,0.1,,0,200,448,8,196,8041,,,,1.0,2.5246,34.6972,,15.1367,3.937017905187135,100.0,99.4792,,0.0196,38.1597,4.3984,16.3943,24.803,24.803,
camel.ee.nctu.edu.tw,103,cars,hiresnet50.in1k_supcon,False,,,,adamw,0.05,5e-06,,0,200,448,8,196,8041,,,,1.0,14.8738,58.3012,,6.1674,16.780342209590483,100.0,100.0,,0.0592,38.2707,4.3984,16.3943,24.803,24.803,
camel.ee.nctu.edu.tw,103,cars,hiresnet50.in1k_supcon,False,,,,adamw,0.05,1e-05,,0,200,448,8,196,8041,,,,1.0,14.936,58.7489,,6.1524,16.859448982501267,100.0,100.0,,0.0348,37.2629,4.3984,16.3943,24.803,24.803,
camel.ee.nctu.edu.tw,103,cars,hiresnet50.in1k_supcon,False,,,,adamw,0.05,5e-05,,0,200,448,8,196,8041,,,,1.0,16.6895,59.2837,,6.1048,18.55945595894213,100.0,100.0,,0.0054,39.0063,4.3984,16.3943,24.803,24.803,
camel.ee.nctu.edu.tw,103,cars,hiresnet50.in1k_supcon,False,,,,adamw,0.05,0.0001,,0,200,448,8,196,8041,,,,1.0,16.7516,60.7885,,6.0816,18.68497122976453,100.0,100.0,,0.0014,38.5618,4.3984,16.3943,24.803,24.803,
camel.ee.nctu.edu.tw,103,cars,hiresnet50.in1k_supcon,False,,,,adamw,0.05,0.0005,,0,200,448,8,196,8041,,,,1.0,8.2079,54.6449,,8.1916,10.246632350666248,100.0,99.4792,,0.0114,39.1203,4.3984,16.3943,24.803,24.803,
camel.ee.nctu.edu.tw,103,cars,hiresnet50.in1k_supcon,False,,,,adamw,0.05,0.001,,0,200,448,8,196,8041,,,,1.0,5.3103,48.8248,,10.7689,7.220676957422478,100.0,100.0,,0.0015,38.44,4.3984,16.3943,24.803,24.803,
camel.ee.nctu.edu.tw,103,cars,hiresnet50.in1k_supcon,False,,,,sgd,0.0,0.003,,0,200,448,8,196,8041,,,,1.0,13.0456,59.1842,,6.1263,15.071235527676754,100.0,100.0,,0.1231,38.6399,4.3984,16.3943,24.803,24.803,
camel.ee.nctu.edu.tw,103,cars,hiresnet50.in1k_supcon,False,,,,sgd,0.0,0.01,,0,200,448,8,196,8041,,,,1.0,15.9184,60.8133,,6.0857,17.889414312623416,100.0,100.0,,0.0076,38.4667,4.3984,16.3943,24.803,24.803,
camel.ee.nctu.edu.tw,103,cars,hiresnet50.in1k_supcon,False,,,,sgd,0.0,0.03,,0,200,448,8,196,8041,,,,1.0,16.8636,62.629,,6.0702,18.872789150724486,100.0,100.0,,0.0015,38.1953,4.3984,16.3943,24.803,24.803,
camel.ee.nctu.edu.tw,103,cars,hiresnet50.in1k_supcon,False,,,,sgd,0.0,0.1,,0,200,448,8,196,8041,,,,1.0,10.4838,57.4928,,8.2285,12.547583876535196,100.0,100.0,,0.0003,38.6,4.3984,16.3943,24.803,24.803,
camel.ee.nctu.edu.tw,103,cars,hiresnet50.in1k_swav,False,,,,adamw,0.05,5e-06,,0,200,448,8,196,8041,,,,1.0,8.096,46.437,,6.6896,9.779271477579842,100.0,100.0,,0.2943,38.447,4.3984,16.3943,24.803,24.803,
camel.ee.nctu.edu.tw,103,cars,hiresnet50.in1k_swav,False,,,,adamw,0.05,1e-05,,0,200,448,8,196,8041,,,,1.0,8.9665,47.3324,,6.6682,10.65090193247412,100.0,100.0,,0.1291,38.8858,4.3984,16.3943,24.803,24.803,
camel.ee.nctu.edu.tw,103,cars,hiresnet50.in1k_swav,False,,,,adamw,0.05,5e-05,,0,200,448,8,196,8041,,,,1.0,10.5833,50.9638,,6.618,12.356065408682936,100.0,100.0,,0.0096,38.1162,4.3984,16.3943,24.803,24.803,
camel.ee.nctu.edu.tw,103,cars,hiresnet50.in1k_swav,False,,,,adamw,0.05,0.0001,,0,200,448,8,196,8041,,,,1.0,11.118,53.5879,,6.5519,12.9825497981382,100.0,100.0,,0.004,38.5794,4.3984,16.3943,24.803,24.803,
camel.ee.nctu.edu.tw,103,cars,hiresnet50.in1k_swav,False,,,,adamw,0.05,0.0005,,0,200,448,8,196,8041,,,,1.0,10.9563,56.7591,,6.9629,12.96720162824063,100.0,100.0,,0.0068,38.4123,4.3984,16.3943,24.803,24.803,
camel.ee.nctu.edu.tw,103,cars,hiresnet50.in1k_swav,False,,,,adamw,0.05,0.001,,0,200,448,8,196,8041,,,,1.0,8.5437,54.1102,,8.0927,10.544192719628974,100.0,100.0,,0.0018,38.8172,4.3984,16.3943,24.803,24.803,
camel.ee.nctu.edu.tw,103,cars,hiresnet50.in1k_swav,False,,,,sgd,0.0,0.003,,0,200,448,8,196,8041,,,,1.0,7.1384,45.1188,,6.8531,8.805845650795769,100.0,100.0,,0.1915,38.1271,4.3984,16.3943,24.803,24.803,
camel.ee.nctu.edu.tw,103,cars,hiresnet50.in1k_swav,False,,,,sgd,0.0,0.01,,0,200,448,8,196,8041,,,,1.0,8.5561,47.4195,,7.288,10.262344508782732,100.0,100.0,,0.0084,38.668,4.3984,16.3943,24.803,24.803,
camel.ee.nctu.edu.tw,103,cars,hiresnet50.in1k_swav,False,,,,sgd,0.0,0.03,,0,200,448,8,196,8041,,,,1.0,9.2277,49.7202,,7.6791,11.005426457696986,100.0,100.0,,0.0023,38.1204,4.3984,16.3943,24.803,24.803,
camel.ee.nctu.edu.tw,103,cars,hiresnet50.in1k_swav,False,,,,sgd,0.0,0.1,,0,200,448,8,196,8041,,,,1.0,9.5884,54.0356,,8.5992,11.539700498360537,100.0,99.4792,,0.0099,38.1578,4.3984,16.3943,24.803,24.803,
camel.ee.nctu.edu.tw,103,cars,hiresnet50.in21k_miil,False,,,,adamw,0.05,5e-06,,0,200,448,8,196,8041,,,,1.0,9.0412,49.9067,,6.4614,10.835261965354388,100.0,99.4792,,0.4978,38.5958,4.3984,16.3943,24.803,24.803,
camel.ee.nctu.edu.tw,103,cars,hiresnet50.in21k_miil,False,,,,adamw,0.05,1e-05,,0,200,448,8,196,8041,,,,1.0,9.9614,50.827,,6.4467,11.755545512176925,100.0,100.0,,0.2184,39.0569,4.3984,16.3943,24.803,24.803,
camel.ee.nctu.edu.tw,103,cars,hiresnet50.in21k_miil,False,,,,adamw,0.05,5e-05,,0,200,448,8,196,8041,,,,1.0,12.3492,54.0107,,6.44,14.17825109727282,100.0,100.0,,0.0096,38.8546,4.3984,16.3943,24.803,24.803,
camel.ee.nctu.edu.tw,103,cars,hiresnet50.in21k_miil,False,,,,adamw,0.05,0.0001,,0,200,448,8,196,8041,,,,1.0,12.6726,55.217,,6.4431,14.54035871038974,100.0,100.0,,0.0029,39.1637,4.3984,16.3943,24.803,24.803,
camel.ee.nctu.edu.tw,103,cars,hiresnet50.in21k_miil,False,,,,adamw,0.05,0.0005,,0,200,448,8,196,8041,,,,1.0,12.7969,57.555,,6.9449,14.761906206302456,100.0,99.4792,,0.0096,39.172,4.3984,16.3943,24.803,24.803,
camel.ee.nctu.edu.tw,103,cars,hiresnet50.in21k_miil,False,,,,adamw,0.05,0.001,,0,200,448,8,196,8041,,,,1.0,10.4713,55.3787,,7.9044,12.442876598894085,100.0,99.4792,,0.0069,39.3465,4.3984,16.3943,24.803,24.803,
camel.ee.nctu.edu.tw,103,cars,hiresnet50.in21k_miil,False,,,,sgd,0.0,0.003,,0,200,448,8,196,8041,,,,1.0,7.2379,48.5636,,6.6489,9.052205010297833,100.0,98.9583,,0.2949,38.8391,4.3984,16.3943,24.803,24.803,
camel.ee.nctu.edu.tw,103,cars,hiresnet50.in21k_miil,False,,,,sgd,0.0,0.01,,0,200,448,8,196,8041,,,,1.0,9.7873,50.4539,,7.1386,11.572702096875464,100.0,100.0,,0.0117,38.3087,4.3984,16.3943,24.803,24.803,
camel.ee.nctu.edu.tw,103,cars,hiresnet50.in21k_miil,False,,,,sgd,0.0,0.03,,0,200,448,8,196,8041,,,,1.0,10.7698,51.4986,,7.5519,12.55789687607111,100.0,100.0,,0.0029,38.5702,4.3984,16.3943,24.803,24.803,
camel.ee.nctu.edu.tw,103,cars,hiresnet50.in21k_miil,False,,,,sgd,0.0,0.1,,0,200,448,8,196,8041,,,,1.0,11.1802,54.3713,,8.5668,13.076398093915026,100.0,100.0,,0.003,38.9566,4.3984,16.3943,24.803,24.803,
camel.ee.nctu.edu.tw,103,cars,hiresnet50.tv2_in1k,False,,,,adamw,0.05,5e-06,,0,200,448,8,196,8041,,,,1.0,9.8371,50.74,,6.499,11.632820817699532,100.0,99.4792,,0.1712,38.8281,4.3984,16.3943,24.803,24.803,
camel.ee.nctu.edu.tw,103,cars,hiresnet50.tv2_in1k,False,,,,adamw,0.05,1e-05,,0,200,448,8,196,8041,,,,1.0,11.0185,52.0458,,6.4786,12.819725734877048,100.0,99.4792,,0.0814,38.6298,4.3984,16.3943,24.803,24.803,
camel.ee.nctu.edu.tw,103,cars,hiresnet50.tv2_in1k,False,,,,adamw,0.05,5e-05,,0,200,448,8,196,8041,,,,1.0,12.9213,53.961,,6.4191,14.72302013158174,100.0,100.0,,0.0084,39.103,4.3984,16.3943,24.803,24.803,
camel.ee.nctu.edu.tw,103,cars,hiresnet50.tv2_in1k,False,,,,adamw,0.05,0.0001,,0,200,448,8,196,8041,,,,1.0,12.6477,55.1797,,6.4512,14.514940199768867,100.0,100.0,,0.0024,39.392,4.3984,16.3943,24.803,24.803,
camel.ee.nctu.edu.tw,103,cars,hiresnet50.tv2_in1k,False,,,,adamw,0.05,0.0005,,0,200,448,8,196,8041,,,,1.0,9.3023,54.3465,,7.3715,11.27987357475863,100.0,100.0,,0.003,39.8656,4.3984,16.3943,24.803,24.803,
camel.ee.nctu.edu.tw,103,cars,hiresnet50.tv2_in1k,False,,,,adamw,0.05,0.001,,0,200,448,8,196,8041,,,,1.0,7.1384,50.7026,,8.949,9.050991716234783,100.0,100.0,,0.0037,38.892,4.3984,16.3943,24.803,24.803,
camel.ee.nctu.edu.tw,103,cars,hiresnet50.tv2_in1k,False,,,,sgd,0.0,0.003,,0,200,448,8,196,8041,,,,1.0,7.897,52.1577,,6.4521,9.840178839544892,100.0,99.4792,,0.1732,38.5241,4.3984,16.3943,24.803,24.803,
camel.ee.nctu.edu.tw,103,cars,hiresnet50.tv2_in1k,False,,,,sgd,0.0,0.01,,0,200,448,8,196,8041,,,,1.0,10.0734,53.9734,,6.658,12.000691577615935,100.0,99.4792,,0.0109,38.5581,4.3984,16.3943,24.803,24.803,
camel.ee.nctu.edu.tw,103,cars,hiresnet50.tv2_in1k,False,,,,sgd,0.0,0.03,,0,200,448,8,196,8041,,,,1.0,10.0236,54.3962,,6.885,11.97169384950907,100.0,100.0,,0.0017,38.6807,4.3984,16.3943,24.803,24.803,
camel.ee.nctu.edu.tw,103,cars,hiresnet50.tv2_in1k,False,,,,sgd,0.0,0.1,,0,200,448,8,196,8041,,,,1.0,9.862,54.2719,,8.087,11.81166036259293,100.0,99.4792,,0.0296,38.8288,4.3984,16.3943,24.803,24.803,
camel.ee.nctu.edu.tw,103,cars,hiresnet50.tv_in1k,False,,,,adamw,0.05,5e-06,,0,200,448,8,196,8041,,,,1.0,11.7025,55.9756,,6.2566,13.646221650625908,100.0,100.0,,0.0799,39.1582,4.3984,16.3943,24.803,24.803,
camel.ee.nctu.edu.tw,103,cars,hiresnet50.tv_in1k,False,,,,adamw,0.05,1e-05,,0,200,448,8,196,8041,,,,1.0,12.2746,56.6347,,6.2363,14.222111677652034,100.0,100.0,,0.0457,39.0744,4.3984,16.3943,24.803,24.803,
camel.ee.nctu.edu.tw,103,cars,hiresnet50.tv_in1k,False,,,,adamw,0.05,5e-05,,0,200,448,8,196,8041,,,,1.0,14.0032,58.3385,,6.1469,15.9496604293241,100.0,100.0,,0.0054,38.9018,4.3984,16.3943,24.803,24.803,
camel.ee.nctu.edu.tw,103,cars,hiresnet50.tv_in1k,False,,,,adamw,0.05,0.0001,,0,200,448,8,196,8041,,,,1.0,14.4509,59.1096,,6.1931,16.41156147912679,100.0,100.0,,0.002,40.1882,4.3984,16.3943,24.803,24.803,
camel.ee.nctu.edu.tw,103,cars,hiresnet50.tv_in1k,False,,,,adamw,0.05,0.0005,,0,200,448,8,196,8041,,,,1.0,7.8722,55.0305,,8.2936,9.942520193763064,100.0,100.0,,0.0006,39.1864,4.3984,16.3943,24.803,24.803,
camel.ee.nctu.edu.tw,103,cars,hiresnet50.tv_in1k,False,,,,adamw,0.05,0.001,,0,200,448,8,196,8041,,,,1.0,5.2605,50.5783,,11.1307,7.250099338451411,100.0,100.0,,0.0027,39.2964,4.3984,16.3943,24.803,24.803,
camel.ee.nctu.edu.tw,103,cars,hiresnet50.tv_in1k,False,,,,sgd,0.0,0.003,,0,200,448,8,196,8041,,,,1.0,9.8246,54.4211,,6.378,11.78254130507976,100.0,100.0,,0.1076,39.0647,4.3984,16.3943,24.803,24.803,
camel.ee.nctu.edu.tw,103,cars,hiresnet50.tv_in1k,False,,,,sgd,0.0,0.01,,0,200,448,8,196,8041,,,,1.0,11.9139,56.4606,,6.4441,13.86964975233635,100.0,100.0,,0.0068,38.8393,4.3984,16.3943,24.803,24.803,
camel.ee.nctu.edu.tw,103,cars,hiresnet50.tv_in1k,False,,,,sgd,0.0,0.03,,0,200,448,8,196,8041,,,,1.0,12.0756,58.4504,,6.5291,14.111580588508284,100.0,100.0,,0.0016,38.8418,4.3984,16.3943,24.803,24.803,
camel.ee.nctu.edu.tw,103,cars,hiresnet50.tv_in1k,False,,,,sgd,0.0,0.1,,0,200,448,8,196,8041,,,,1.0,9.5759,55.9134,,8.799,11.610253548126826,100.0,100.0,,0.0005,40.0507,4.3984,16.3943,24.803,24.803,
camel.ee.nctu.edu.tw,103,cars,hivit_base_patch16_224.dino,False,,,,adamw,0.05,5e-06,,0,200,448,8,196,8041,,,,1.0,7.6856,47.1459,,6.982,9.418013170307054,100.0,100.0,,0.4594,43.4375,0.4121,78.51,86.7772,86.7772,
camel.ee.nctu.edu.tw,103,cars,hivit_base_patch16_224.dino,False,,,,adamw,0.05,1e-05,,0,200,448,8,196,8041,,,,1.0,7.8597,48.4144,,7.0311,9.640167313251292,100.0,100.0,,0.2752,43.3695,0.4121,78.51,86.7772,86.7772,
camel.ee.nctu.edu.tw,103,cars,hivit_base_patch16_224.dino,False,,,,adamw,0.05,5e-05,,0,200,448,8,196,8041,,,,1.0,9.0785,46.2505,,8.1797,10.710414006266664,100.0,100.0,,0.014,42.9788,0.4121,78.51,86.7772,86.7772,
camel.ee.nctu.edu.tw,103,cars,hivit_base_patch16_224.dino,False,,,,adamw,0.05,0.0001,,0,200,448,8,196,8041,,,,1.0,8.2204,43.2782,,9.5057,9.759494784352146,100.0,100.0,,0.0037,43.3155,0.4121,78.51,86.7772,86.7772,
camel.ee.nctu.edu.tw,103,cars,hivit_base_patch16_224.dino,False,,,,adamw,0.05,0.0005,,0,200,448,8,196,8041,,,,1.0,1.5918,22.6837,,13.9111,2.5178278396389233,100.0,98.9583,,0.0431,43.2873,0.4121,78.51,86.7772,86.7772,
camel.ee.nctu.edu.tw,103,cars,hivit_base_patch16_224.dino,False,,,,adamw,0.05,0.001,,0,200,448,8,196,8041,,,,1.0,1.567,22.1987,,13.075,2.4727539651966595,93.75,64.0625,,1.4882,43.0287,0.4121,78.51,86.7772,86.7772,
camel.ee.nctu.edu.tw,103,cars,hivit_base_patch16_224.dino,False,,,,sgd,0.0,0.003,,0,200,448,8,196,8041,,,,1.0,5.8699,45.9396,,6.7945,7.629071739044713,100.0,100.0,,0.562,42.7059,0.4121,78.51,86.7772,86.7772,
camel.ee.nctu.edu.tw,103,cars,hivit_base_patch16_224.dino,False,,,,sgd,0.0,0.01,,0,200,448,8,196,8041,,,,1.0,6.044,42.2584,,7.9356,7.633924915296908,100.0,100.0,,0.0069,42.1048,0.4121,78.51,86.7772,86.7772,
camel.ee.nctu.edu.tw,103,cars,hivit_base_patch16_224.dino,False,,,,sgd,0.0,0.03,,0,200,448,8,196,8041,,,,1.0,4.7009,32.981,,10.4224,5.942471662000539,100.0,100.0,,0.0014,43.0155,0.4121,78.51,86.7772,86.7772,
camel.ee.nctu.edu.tw,103,cars,hivit_base_patch16_224.dino,False,,,,sgd,0.0,0.1,,0,200,448,8,196,8041,,,,1.0,1.6913,22.0246,,16.8893,2.584013030778237,100.0,97.3958,,0.0872,42.2102,0.4121,78.51,86.7772,86.7772,
camel.ee.nctu.edu.tw,103,cars,hivit_base_patch16_224.in1k_mocov3,False,,,,adamw,0.05,5e-06,,0,200,448,8,196,8041,,,,1.0,5.3103,44.9571,,6.9227,7.050876453298795,100.0,100.0,,0.6629,43.6841,0.4121,78.51,86.7772,86.7772,
camel.ee.nctu.edu.tw,103,cars,hivit_base_patch16_224.in1k_mocov3,False,,,,adamw,0.05,1e-05,,0,200,448,8,196,8041,,,,1.0,5.4968,45.5913,,6.992,7.257075779313944,100.0,100.0,,0.4006,44.0678,0.4121,78.51,86.7772,86.7772,
camel.ee.nctu.edu.tw,103,cars,hivit_base_patch16_224.in1k_mocov3,False,,,,adamw,0.05,5e-05,,0,200,448,8,196,8041,,,,1.0,6.7902,47.2951,,7.3858,8.568464667360267,100.0,100.0,,0.0199,43.4821,0.4121,78.51,86.7772,86.7772,
camel.ee.nctu.edu.tw,103,cars,hivit_base_patch16_224.in1k_mocov3,False,,,,adamw,0.05,0.0001,,0,200,448,8,196,8041,,,,1.0,6.9519,49.3347,,7.5438,8.81257943284569,100.0,100.0,,0.0055,43.4661,0.4121,78.51,86.7772,86.7772,
camel.ee.nctu.edu.tw,103,cars,hivit_base_patch16_224.in1k_mocov3,False,,,,adamw,0.05,0.0005,,0,200,448,8,196,8041,,,,1.0,4.875,39.0996,,11.1572,6.377558913009849,100.0,100.0,,0.0005,43.0687,0.4121,78.51,86.7772,86.7772,
camel.ee.nctu.edu.tw,103,cars,hivit_base_patch16_224.in1k_mocov3,False,,,,adamw,0.05,0.001,,0,200,448,8,196,8041,,,,1.0,2.8976,28.8646,,15.1325,4.037660647717035,100.0,99.4792,,0.0118,43.1976,0.4121,78.51,86.7772,86.7772,
camel.ee.nctu.edu.tw,103,cars,hivit_base_patch16_224.in1k_mocov3,False,,,,sgd,0.0,0.003,,0,200,448,8,196,8041,,,,1.0,5.5217,47.7179,,6.8421,7.374219321101306,100.0,100.0,,0.2701,42.9851,0.4121,78.51,86.7772,86.7772,
camel.ee.nctu.edu.tw,103,cars,hivit_base_patch16_224.in1k_mocov3,False,,,,sgd,0.0,0.01,,0,200,448,8,196,8041,,,,1.0,6.0067,48.688,,7.4833,7.880526933611581,100.0,100.0,,0.0068,42.6154,0.4121,78.51,86.7772,86.7772,
camel.ee.nctu.edu.tw,103,cars,hivit_base_patch16_224.in1k_mocov3,False,,,,sgd,0.0,0.03,,0,200,448,8,196,8041,,,,1.0,6.2554,49.5088,,8.1655,8.154367403641702,100.0,100.0,,0.0014,42.9143,0.4121,78.51,86.7772,86.7772,
camel.ee.nctu.edu.tw,103,cars,hivit_base_patch16_224.in1k_mocov3,False,,,,sgd,0.0,0.1,,0,200,448,8,196,8041,,,,1.0,4.6885,39.7463,,12.6125,6.227595766817014,100.0,100.0,,0.0004,43.4628,0.4121,78.51,86.7772,86.7772,
camel.ee.nctu.edu.tw,103,cars,hivit_base_patch16_224.mae,False,,,,adamw,0.05,5e-06,,0,200,448,8,196,8041,,,,1.0,2.6365,35.1698,,7.6843,4.064777770026177,100.0,100.0,,0.6605,42.5392,0.4121,78.51,86.7772,86.7772,
camel.ee.nctu.edu.tw,103,cars,hivit_base_patch16_224.mae,False,,,,adamw,0.05,1e-05,,0,200,448,8,196,8041,,,,1.0,2.9971,36.6621,,7.8036,4.47511382214929,100.0,100.0,,0.3919,42.7534,0.4121,78.51,86.7772,86.7772,
camel.ee.nctu.edu.tw,103,cars,hivit_base_patch16_224.mae,False,,,,adamw,0.05,5e-05,,0,200,448,8,196,8041,,,,1.0,4.2408,41.7112,,8.2742,5.88581082925616,100.0,100.0,,0.0185,42.7995,0.4121,78.51,86.7772,86.7772,
camel.ee.nctu.edu.tw,103,cars,hivit_base_patch16_224.mae,False,,,,adamw,0.05,0.0001,,0,200,448,8,196,8041,,,,1.0,5.1984,45.467,,8.7106,6.966249192401139,100.0,100.0,,0.0051,42.8406,0.4121,78.51,86.7772,86.7772,
camel.ee.nctu.edu.tw,103,cars,hivit_base_patch16_224.mae,False,,,,adamw,0.05,0.0005,,0,200,448,8,196,8041,,,,1.0,3.6065,36.2517,,12.3635,5.03972021438906,100.0,100.0,,0.0006,42.5475,0.4121,78.51,86.7772,86.7772,
camel.ee.nctu.edu.tw,103,cars,hivit_base_patch16_224.mae,False,,,,adamw,0.05,0.001,,0,200,448,8,196,8041,,,,1.0,2.537,27.0116,,14.7121,3.611491108071135,100.0,100.0,,0.0008,42.7456,0.4121,78.51,86.7772,86.7772,
camel.ee.nctu.edu.tw,103,cars,hivit_base_patch16_224.mae,False,,,,sgd,0.0,0.003,,0,200,448,8,196,8041,,,,1.0,2.6116,33.6028,,7.7082,3.972203433015551,100.0,100.0,,1.4497,42.6286,0.4121,78.51,86.7772,86.7772,
camel.ee.nctu.edu.tw,103,cars,hivit_base_patch16_224.mae,False,,,,sgd,0.0,0.01,,0,200,448,8,196,8041,,,,1.0,3.3205,38.5897,,8.533,4.8688884103117855,100.0,100.0,,0.0106,42.1979,0.4121,78.51,86.7772,86.7772,
camel.ee.nctu.edu.tw,103,cars,hivit_base_patch16_224.mae,False,,,,sgd,0.0,0.03,,0,200,448,8,196,8041,,,,1.0,4.4397,44.7706,,8.9798,6.21036699112172,100.0,100.0,,0.0015,41.8451,0.4121,78.51,86.7772,86.7772,
camel.ee.nctu.edu.tw,103,cars,hivit_base_patch16_224.mae,False,,,,sgd,0.0,0.1,,0,200,448,8,196,8041,,,,1.0,3.8552,39.7712,,13.5347,5.432038849675898,100.0,100.0,,0.0006,42.6148,0.4121,78.51,86.7772,86.7772,
camel.ee.nctu.edu.tw,103,cars,hivit_base_patch16_224.orig_in21k,False,,,,adamw,0.05,5e-06,,0,200,448,8,196,8041,,,,1.0,5.5714,54.7693,,6.5829,7.731352428559728,100.0,100.0,,0.7684,44.3886,0.4121,78.51,86.7772,86.7772,
camel.ee.nctu.edu.tw,103,cars,hivit_base_patch16_224.orig_in21k,False,,,,adamw,0.05,1e-05,,0,200,448,8,196,8041,,,,1.0,5.7331,55.5528,,6.6491,7.920322978879584,100.0,100.0,,0.4647,44.4166,0.4121,78.51,86.7772,86.7772,
camel.ee.nctu.edu.tw,103,cars,hivit_base_patch16_224.orig_in21k,False,,,,adamw,0.05,5e-05,,0,200,448,8,196,8041,,,,1.0,7.2006,56.6472,,7.178,9.37142267828598,100.0,100.0,,0.0222,44.1063,0.4121,78.51,86.7772,86.7772,
camel.ee.nctu.edu.tw,103,cars,hivit_base_patch16_224.orig_in21k,False,,,,adamw,0.05,0.0001,,0,200,448,8,196,8041,,,,1.0,7.5861,55.8264,,7.7439,9.703986580967662,100.0,100.0,,0.0058,43.6237,0.4121,78.51,86.7772,86.7772,
camel.ee.nctu.edu.tw,103,cars,hivit_base_patch16_224.orig_in21k,False,,,,adamw,0.05,0.0005,,0,200,448,8,196,8041,,,,1.0,4.0542,36.3761,,12.7842,5.4732301831164065,100.0,100.0,,0.0005,43.7125,0.4121,78.51,86.7772,86.7772,
camel.ee.nctu.edu.tw,103,cars,hivit_base_patch16_224.orig_in21k,False,,,,adamw,0.05,0.001,,0,200,448,8,196,8041,,,,1.0,2.6365,27.5836,,16.4181,3.731728549719274,100.0,100.0,,0.0006,44.0242,0.4121,78.51,86.7772,86.7772,
camel.ee.nctu.edu.tw,103,cars,hivit_base_patch16_224.orig_in21k,False,,,,sgd,0.0,0.003,,0,200,448,8,196,8041,,,,1.0,8.4691,63.3752,,6.0381,10.879607863358824,100.0,100.0,,0.2174,43.7686,0.4121,78.51,86.7772,86.7772,
camel.ee.nctu.edu.tw,103,cars,hivit_base_patch16_224.orig_in21k,False,,,,sgd,0.0,0.01,,0,200,448,8,196,8041,,,,1.0,8.8671,64.0716,,6.5528,11.290671891919764,100.0,100.0,,0.0065,43.989,0.4121,78.51,86.7772,86.7772,
camel.ee.nctu.edu.tw,103,cars,hivit_base_patch16_224.orig_in21k,False,,,,sgd,0.0,0.03,,0,200,448,8,196,8041,,,,1.0,9.663,64.9173,,6.9778,12.088776726593284,100.0,100.0,,0.0014,43.6944,0.4121,78.51,86.7772,86.7772,
camel.ee.nctu.edu.tw,103,cars,hivit_base_patch16_224.orig_in21k,False,,,,sgd,0.0,0.1,,0,200,448,8,196,8041,,,,1.0,6.4171,46.0266,,12.3351,8.15606601532997,100.0,100.0,,0.0002,44.3778,0.4121,78.51,86.7772,86.7772,
camel.ee.nctu.edu.tw,103,cars,hivit_base_patch16_224_miil.in21k,False,,,,adamw,0.05,5e-06,,0,200,448,8,196,8041,,,,1.0,3.022,31.3021,,7.6706,4.263576002256727,100.0,100.0,,0.8361,43.4033,0.4121,78.51,86.7496,86.7496,
camel.ee.nctu.edu.tw,103,cars,hivit_base_patch16_224_miil.in21k,False,,,,adamw,0.05,1e-05,,0,200,448,8,196,8041,,,,1.0,3.1712,31.5384,,7.8278,4.416633048310336,100.0,100.0,,0.504,44.0221,0.4121,78.51,86.7496,86.7496,
camel.ee.nctu.edu.tw,103,cars,hivit_base_patch16_224_miil.in21k,False,,,,adamw,0.05,5e-05,,0,200,448,8,196,8041,,,,1.0,3.8552,32.3965,,8.9448,5.10827132895132,100.0,100.0,,0.023,43.9661,0.4121,78.51,86.7496,86.7496,
camel.ee.nctu.edu.tw,103,cars,hivit_base_patch16_224_miil.in21k,False,,,,adamw,0.05,0.0001,,0,200,448,8,196,8041,,,,1.0,4.0542,33.466,,9.8496,5.345470318277365,100.0,100.0,,0.0059,43.4943,0.4121,78.51,86.7496,86.7496,
camel.ee.nctu.edu.tw,103,cars,hivit_base_patch16_224_miil.in21k,False,,,,adamw,0.05,0.0005,,0,200,448,8,196,8041,,,,1.0,3.5692,29.8346,,12.8078,4.722322487495488,100.0,100.0,,0.0018,43.8541,0.4121,78.51,86.7496,86.7496,
camel.ee.nctu.edu.tw,103,cars,hivit_base_patch16_224_miil.in21k,False,,,,adamw,0.05,0.001,,0,200,448,8,196,8041,,,,1.0,2.9723,28.4915,,13.5541,4.092622868773147,100.0,100.0,,0.0022,43.7028,0.4121,78.51,86.7496,86.7496,
camel.ee.nctu.edu.tw,103,cars,hivit_base_patch16_224_miil.in21k,False,,,,sgd,0.0,0.003,,0,200,448,8,196,8041,,,,1.0,2.8852,30.9414,,7.9159,4.1169494147372765,100.0,100.0,,0.6843,43.2191,0.4121,78.51,86.7496,86.7496,
camel.ee.nctu.edu.tw,103,cars,hivit_base_patch16_224_miil.in21k,False,,,,sgd,0.0,0.01,,0,200,448,8,196,8041,,,,1.0,3.0718,30.8917,,9.425,4.293119712691965,100.0,100.0,,0.0095,43.3422,0.4121,78.51,86.7496,86.7496,
camel.ee.nctu.edu.tw,103,cars,hivit_base_patch16_224_miil.in21k,False,,,,sgd,0.0,0.03,,0,200,448,8,196,8041,,,,1.0,3.7558,32.1975,,10.8675,5.00441335715434,100.0,100.0,,0.0016,42.8324,0.4121,78.51,86.7496,86.7496,
camel.ee.nctu.edu.tw,103,cars,hivit_base_patch16_224_miil.in21k,False,,,,sgd,0.0,0.1,,0,200,448,8,196,8041,,,,1.0,3.8926,30.9787,,16.3122,5.08170018897055,100.0,100.0,,0.0003,42.8803,0.4121,78.51,86.7496,86.7496,
camel.ee.nctu.edu.tw,103,cars,hivit_base_patch16_clip_224.laion2b,False,,,,adamw,0.05,5e-06,,0,200,448,8,196,8041,,,,1.0,16.3039,68.6357,,6.0329,18.601435933523614,100.0,100.0,,0.4096,42.6427,0.4121,78.5106,86.778,86.778,
camel.ee.nctu.edu.tw,103,cars,hivit_base_patch16_clip_224.laion2b,False,,,,adamw,0.05,1e-05,,0,200,448,8,196,8041,,,,1.0,17.8087,69.556,,6.0137,20.08056272578644,100.0,100.0,,0.2357,42.9564,0.4121,78.5106,86.778,86.778,
camel.ee.nctu.edu.tw,103,cars,hivit_base_patch16_clip_224.laion2b,False,,,,adamw,0.05,5e-05,,0,200,448,8,196,8041,,,,1.0,18.3062,66.5962,,6.8915,20.426230204349057,100.0,100.0,,0.0116,42.8141,0.4121,78.5106,86.778,86.778,
camel.ee.nctu.edu.tw,103,cars,hivit_base_patch16_clip_224.laion2b,False,,,,adamw,0.05,0.0001,,0,200,448,8,196,8041,,,,1.0,11.6403,52.1328,,9.364,13.418061702069576,100.0,100.0,,0.0027,42.5794,0.4121,78.5106,86.778,86.778,
camel.ee.nctu.edu.tw,103,cars,hivit_base_patch16_clip_224.laion2b,False,,,,adamw,0.05,0.0005,,0,200,448,8,196,8041,,,,1.0,1.4675,22.3355,,14.0524,2.3836375162657237,100.0,98.4375,,0.0721,42.9775,0.4121,78.5106,86.778,86.778,
camel.ee.nctu.edu.tw,103,cars,hivit_base_patch16_clip_224.laion2b,False,,,,adamw,0.05,0.001,,0,200,448,8,196,8041,,,,1.0,1.3307,21.5894,,16.088,2.2200854765667417,100.0,97.3958,,0.1,43.0736,0.4121,78.5106,86.778,86.778,
camel.ee.nctu.edu.tw,103,cars,hivit_base_patch16_clip_224.laion2b,False,,,,sgd,0.0,0.003,,0,200,448,8,196,8041,,,,1.0,2.7733,28.1681,,7.8258,3.88818281914942,100.0,100.0,,1.3322,42.388,0.4121,78.5106,86.778,86.778,
camel.ee.nctu.edu.tw,103,cars,hivit_base_patch16_clip_224.laion2b,False,,,,sgd,0.0,0.01,,0,200,448,8,196,8041,,,,1.0,3.42,28.1308,,9.5226,4.504839526693987,100.0,100.0,,0.0134,42.6809,0.4121,78.5106,86.778,86.778,
camel.ee.nctu.edu.tw,103,cars,hivit_base_patch16_clip_224.laion2b,False,,,,sgd,0.0,0.03,,0,200,448,8,196,8041,,,,1.0,2.338,26.2156,,11.6175,3.386303729969273,100.0,100.0,,0.0053,42.4423,0.4121,78.5106,86.778,86.778,
camel.ee.nctu.edu.tw,103,cars,hivit_base_patch16_clip_224.laion2b,False,,,,sgd,0.0,0.1,,0,200,448,8,196,8041,,,,1.0,1.455,22.9822,,16.2301,2.4001383155231872,100.0,98.4375,,0.0563,42.8027,0.4121,78.5106,86.778,86.778,
camel.ee.nctu.edu.tw,103,cars,hivit_base_patch16_siglip_224.v2_webli,False,,,,adamw,0.05,5e-06,,0,200,448,8,196,8041,,,,1.0,5.4595,43.1041,,7.2732,7.112208468185913,100.0,100.0,,0.4383,44.0488,0.4512,79.3281,93.8628,93.8628,
camel.ee.nctu.edu.tw,103,cars,hivit_base_patch16_siglip_224.v2_webli,False,,,,adamw,0.05,1e-05,,0,200,448,8,196,8041,,,,1.0,6.9892,46.2878,,7.2851,8.714484607848192,100.0,100.0,,0.2598,43.5121,0.4512,79.3281,93.8628,93.8628,
camel.ee.nctu.edu.tw,103,cars,hivit_base_patch16_siglip_224.v2_webli,False,,,,adamw,0.05,5e-05,,0,200,448,8,196,8041,,,,1.0,10.1231,52.8044,,7.9206,11.996930366020486,100.0,100.0,,0.0141,44.1011,0.4512,79.3281,93.8628,93.8628,
camel.ee.nctu.edu.tw,103,cars,hivit_base_patch16_siglip_224.v2_webli,False,,,,adamw,0.05,0.0001,,0,200,448,8,196,8041,,,,1.0,9.5013,51.1379,,8.6766,11.329254643124717,100.0,100.0,,0.0035,44.196,0.4512,79.3281,93.8628,93.8628,
camel.ee.nctu.edu.tw,103,cars,hivit_base_patch16_siglip_224.v2_webli,False,,,,adamw,0.05,0.0005,,0,200,448,8,196,8041,,,,1.0,1.7535,23.3056,,14.341,2.699700619689943,100.0,98.4375,,0.0655,43.9707,0.4512,79.3281,93.8628,93.8628,
camel.ee.nctu.edu.tw,103,cars,hivit_base_patch16_siglip_224.v2_webli,False,,,,adamw,0.05,0.001,,0,200,448,8,196,8041,,,,1.0,1.2561,21.2784,,15.9651,2.135094227450171,99.4792,86.4583,,0.509,44.0847,0.4512,79.3281,93.8628,93.8628,
camel.ee.nctu.edu.tw,103,cars,hivit_base_patch16_siglip_224.v2_webli,False,,,,sgd,0.0,0.003,,0,200,448,8,196,8041,,,,1.0,3.3329,37.6819,,7.213,4.840921982158511,100.0,100.0,,1.1257,43.6906,0.4512,79.3281,93.8628,93.8628,
camel.ee.nctu.edu.tw,103,cars,hivit_base_patch16_siglip_224.v2_webli,False,,,,sgd,0.0,0.01,,0,200,448,8,196,8041,,,,1.0,8.4069,54.4335,,7.1738,10.427595160169982,100.0,100.0,,0.0087,43.7095,0.4512,79.3281,93.8628,93.8628,
camel.ee.nctu.edu.tw,103,cars,hivit_base_patch16_siglip_224.v2_webli,False,,,,sgd,0.0,0.03,,0,200,448,8,196,8041,,,,1.0,11.516,57.9903,,7.9608,13.556316560553991,100.0,100.0,,0.0014,43.7523,0.4512,79.3281,93.8628,93.8628,
camel.ee.nctu.edu.tw,103,cars,hivit_base_patch16_siglip_224.v2_webli,False,,,,sgd,0.0,0.1,,0,200,448,8,196,8041,,,,1.0,2.4126,27.223,,17.2247,3.501869989474674,100.0,100.0,,0.0045,43.5568,0.4512,79.3281,93.8628,93.8628,
camel.ee.nctu.edu.tw,103,cub,hideit3_base_patch16_224.fb_in1k,False,,,,adamw,0.05,5e-06,,0,200,448,8,200,5794,,,,1.0,17.9669,63.0652,89.2302,7.0664,22.316270190467392,100.0,100.0,99.5,2.0164,34.9756,0.4121,78.5245,86.7938,86.7938,
camel.ee.nctu.edu.tw,103,cub,hideit3_base_patch16_224.fb_in1k,False,,,,adamw,0.05,1e-05,,0,200,448,8,200,5794,,,,1.0,20.3314,63.8764,89.9551,6.8037,24.580714062305024,100.0,100.0,99.5,1.5446,34.9758,0.4121,78.5245,86.7938,86.7938,
camel.ee.nctu.edu.tw,103,cub,hideit3_base_patch16_224.fb_in1k,False,,,,adamw,0.05,5e-05,,0,200,448,8,200,5794,,,,1.0,26.5447,65.5333,89.6962,6.0244,30.39902051823077,100.0,100.0,100.0,0.0892,35.3146,0.4121,78.5245,86.7938,86.7938,
camel.ee.nctu.edu.tw,103,cub,hideit3_base_patch16_224.fb_in1k,False,,,,adamw,0.05,0.0001,,0,200,448,8,200,5794,,,,1.0,28.029,67.3455,91.3186,5.7238,31.891741659252492,100.0,100.0,100.0,0.0132,35.3159,0.4121,78.5245,86.7938,86.7938,
camel.ee.nctu.edu.tw,103,cub,hideit3_base_patch16_224.fb_in1k,False,,,,adamw,0.05,0.0005,,0,200,448,8,200,5794,,,,1.0,11.8226,42.9237,77.3386,12.0829,15.821207303653932,100.0,100.0,100.0,0.0007,35.0004,0.4121,78.5245,86.7938,86.7938,
camel.ee.nctu.edu.tw,103,cub,hideit3_base_patch16_224.fb_in1k,False,,,,adamw,0.05,0.001,,0,200,448,8,200,5794,,,,1.0,7.1281,36.0545,70.7629,13.9465,11.011877269832318,100.0,100.0,100.0,0.0004,35.2527,0.4121,78.5245,86.7938,86.7938,
camel.ee.nctu.edu.tw,103,cub,hideit3_base_patch16_224.fb_in1k,False,,,,sgd,0.0,0.003,,0,200,448,8,200,5794,,,,1.0,24.5254,67.7943,90.9562,5.6637,28.57983246388931,100.0,100.0,100.0,0.5423,34.5969,0.4121,78.5245,86.7938,86.7938,
camel.ee.nctu.edu.tw,103,cub,hideit3_base_patch16_224.fb_in1k,False,,,,sgd,0.0,0.01,,0,200,448,8,200,5794,,,,1.0,28.8057,70.5385,92.1298,5.0036,32.670513936223486,100.0,100.0,100.0,0.0086,34.0605,0.4121,78.5245,86.7938,86.7938,
camel.ee.nctu.edu.tw,103,cub,hideit3_base_patch16_224.fb_in1k,False,,,,sgd,0.0,0.03,,0,200,448,8,200,5794,,,,1.0,31.4636,71.5913,92.7166,4.7743,35.20203026929266,100.0,100.0,100.0,0.0017,34.0972,0.4121,78.5245,86.7938,86.7938,
camel.ee.nctu.edu.tw,103,cub,hideit3_base_patch16_224.fb_in1k,False,,,,sgd,0.0,0.1,,0,200,448,8,200,5794,,,,1.0,26.4239,65.6541,88.7297,6.8155,30.226590239862833,100.0,100.0,100.0,0.0003,34.4451,0.4121,78.5245,86.7938,86.7938,
camel.ee.nctu.edu.tw,103,cub,hideit3_base_patch16_224.fb_in22k_ft_in1k,False,,,,adamw,0.05,5e-06,,0,200,448,8,200,5794,,,,1.0,26.0269,74.0939,91.8364,6.3727,30.04346409836305,100.0,100.0,99.5,2.0136,35.3631,0.4121,78.5245,86.7938,86.7938,
camel.ee.nctu.edu.tw,103,cub,hideit3_base_patch16_224.fb_in22k_ft_in1k,False,,,,adamw,0.05,1e-05,,0,200,448,8,200,5794,,,,1.0,28.6676,74.698,92.4232,6.107,32.55877457820216,100.0,100.0,100.0,1.5458,35.2738,0.4121,78.5245,86.7938,86.7938,
camel.ee.nctu.edu.tw,103,cub,hideit3_base_patch16_224.fb_in22k_ft_in1k,False,,,,adamw,0.05,5e-05,,0,200,448,8,200,5794,,,,1.0,38.9886,78.2016,93.2171,4.9658,42.29833031094171,100.0,100.0,100.0,0.0927,35.3019,0.4121,78.5245,86.7938,86.7938,
camel.ee.nctu.edu.tw,103,cub,hideit3_base_patch16_224.fb_in22k_ft_in1k,False,,,,adamw,0.05,0.0001,,0,200,448,8,200,5794,,,,1.0,41.4222,79.5133,93.9075,4.4885,44.62549083477971,100.0,100.0,100.0,0.0139,35.4449,0.4121,78.5245,86.7938,86.7938,
camel.ee.nctu.edu.tw,103,cub,hideit3_base_patch16_224.fb_in22k_ft_in1k,False,,,,adamw,0.05,0.0005,,0,200,448,8,200,5794,,,,1.0,14.5668,43.476,73.9731,12.403,18.19252877754387,100.0,100.0,100.0,0.0007,35.2034,0.4121,78.5245,86.7938,86.7938,
camel.ee.nctu.edu.tw,103,cub,hideit3_base_patch16_224.fb_in22k_ft_in1k,False,,,,adamw,0.05,0.001,,0,200,448,8,200,5794,,,,1.0,6.5585,33.4484,68.9679,13.8578,10.36753254540475,100.0,100.0,100.0,0.0008,35.243,0.4121,78.5245,86.7938,86.7938,
camel.ee.nctu.edu.tw,103,cub,hideit3_base_patch16_224.fb_in22k_ft_in1k,False,,,,sgd,0.0,0.003,,0,200,448,8,200,5794,,,,1.0,42.8719,83.8108,95.1674,4.1401,46.06367927968223,100.0,100.0,100.0,0.4607,34.5952,0.4121,78.5245,86.7938,86.7938,
camel.ee.nctu.edu.tw,103,cub,hideit3_base_patch16_224.fb_in22k_ft_in1k,False,,,,sgd,0.0,0.01,,0,200,448,8,200,5794,,,,1.0,47.8253,86.0028,95.7542,3.1993,50.750574092350675,100.0,100.0,100.0,0.0087,34.6849,0.4121,78.5245,86.7938,86.7938,
camel.ee.nctu.edu.tw,103,cub,hideit3_base_patch16_224.fb_in22k_ft_in1k,False,,,,sgd,0.0,0.03,,0,200,448,8,200,5794,,,,1.0,52.6061,88.281,96.4446,2.7908,55.28173065547815,100.0,100.0,100.0,0.0018,34.5518,0.4121,78.5245,86.7938,86.7938,
camel.ee.nctu.edu.tw,103,cub,hideit3_base_patch16_224.fb_in22k_ft_in1k,False,,,,sgd,0.0,0.1,,0,200,448,8,200,5794,,,,1.0,43.2171,77.7874,92.9582,4.7349,46.25296364540944,100.0,100.0,100.0,0.0003,34.7542,0.4121,78.5245,86.7938,86.7938,
camel.ee.nctu.edu.tw,103,cub,hideit_base_patch16_224.fb_in1k,False,,,,adamw,0.05,5e-06,,0,200,448,8,200,5794,,,,1.0,11.5982,55.8509,85.8647,7.5894,16.13090115888056,100.0,100.0,100.0,2.0549,35.0224,0.4121,78.51,86.7761,86.7761,
camel.ee.nctu.edu.tw,103,cub,hideit_base_patch16_224.fb_in1k,False,,,,adamw,0.05,1e-05,,0,200,448,8,200,5794,,,,1.0,13.0307,57.1798,86.9348,7.3259,17.541296565493525,100.0,100.0,100.0,1.5704,34.8355,0.4121,78.51,86.7761,86.7761,
camel.ee.nctu.edu.tw,103,cub,hideit_base_patch16_224.fb_in1k,False,,,,adamw,0.05,5e-05,,0,200,448,8,200,5794,,,,1.0,22.5578,61.7535,88.8851,6.4322,26.605959540466824,100.0,100.0,100.0,0.0935,34.9674,0.4121,78.51,86.7761,86.7761,
camel.ee.nctu.edu.tw,103,cub,hideit_base_patch16_224.fb_in1k,False,,,,adamw,0.05,0.0001,,0,200,448,8,200,5794,,,,1.0,25.1985,64.2216,89.5064,6.1419,29.123376781225844,100.0,100.0,100.0,0.014,35.033,0.4121,78.51,86.7761,86.7761,
camel.ee.nctu.edu.tw,103,cub,hideit_base_patch16_224.fb_in1k,False,,,,adamw,0.05,0.0005,,0,200,448,8,200,5794,,,,1.0,13.5312,44.7359,77.8737,9.9782,17.45824156768942,100.0,100.0,100.0,0.0007,35.1188,0.4121,78.51,86.7761,86.7761,
camel.ee.nctu.edu.tw,103,cub,hideit_base_patch16_224.fb_in1k,False,,,,adamw,0.05,0.001,,0,200,448,8,200,5794,,,,1.0,5.2813,31.0494,68.0359,15.107,9.111416861542054,100.0,100.0,100.0,0.0004,34.9463,0.4121,78.51,86.7761,86.7761,
camel.ee.nctu.edu.tw,103,cub,hideit_base_patch16_224.fb_in1k,False,,,,sgd,0.0,0.003,,0,200,448,8,200,5794,,,,1.0,25.5954,64.981,89.6617,5.6256,29.505591829657035,100.0,100.0,100.0,0.4189,34.3441,0.4121,78.51,86.7761,86.7761,
camel.ee.nctu.edu.tw,103,cub,hideit_base_patch16_224.fb_in1k,False,,,,sgd,0.0,0.01,,0,200,448,8,200,5794,,,,1.0,27.6148,67.708,90.8181,5.1656,31.472253148392134,100.0,100.0,100.0,0.0085,34.3659,0.4121,78.51,86.7761,86.7761,
camel.ee.nctu.edu.tw,103,cub,hideit_base_patch16_224.fb_in1k,False,,,,sgd,0.0,0.03,,0,200,448,8,200,5794,,,,1.0,30.6006,70.3486,92.1125,4.954,34.354869291690775,100.0,100.0,100.0,0.0018,33.9304,0.4121,78.51,86.7761,86.7761,
camel.ee.nctu.edu.tw,103,cub,hideit_base_patch16_224.fb_in1k,False,,,,sgd,0.0,0.1,,0,200,448,8,200,5794,,,,1.0,27.632,64.7221,89.8343,6.3914,31.428416315404796,100.0,100.0,100.0,0.0003,34.1855,0.4121,78.51,86.7761,86.7761,
camel.ee.nctu.edu.tw,103,cub,hiresnet50.a1_in1k,False,,,,adamw,0.05,5e-06,,0,200,448,8,200,5794,,,,1.0,11.8053,54.0214,84.0525,7.3886,16.214766449346175,100.0,99.5,99.0,2.3096,28.8234,4.3984,16.3943,24.8019,24.8019,
camel.ee.nctu.edu.tw,103,cub,hiresnet50.a1_in1k,False,,,,adamw,0.05,1e-05,,0,200,448,8,200,5794,,,,1.0,13.9109,56.8347,85.5885,7.0391,18.285631404350625,100.0,100.0,99.5,1.3292,28.9169,4.3984,16.3943,24.8019,24.8019,
camel.ee.nctu.edu.tw,103,cub,hiresnet50.a1_in1k,False,,,,adamw,0.05,5e-05,,0,200,448,8,200,5794,,,,1.0,18.5537,60.8215,88.1084,6.2536,22.79879947039272,100.0,100.0,100.0,0.0321,28.9629,4.3984,16.3943,24.8019,24.8019,
camel.ee.nctu.edu.tw,103,cub,hiresnet50.a1_in1k,False,,,,adamw,0.05,0.0001,,0,200,448,8,200,5794,,,,1.0,19.244,61.0287,88.4018,6.2008,23.464941067414728,100.0,100.0,100.0,0.0058,28.9678,4.3984,16.3943,24.8019,24.8019,
camel.ee.nctu.edu.tw,103,cub,hiresnet50.a1_in1k,False,,,,adamw,0.05,0.0005,,0,200,448,8,200,5794,,,,1.0,19.6928,60.321,87.8668,6.5659,23.853638457137947,100.0,100.0,100.0,0.0004,28.8968,4.3984,16.3943,24.8019,24.8019,
camel.ee.nctu.edu.tw,103,cub,hiresnet50.a1_in1k,False,,,,adamw,0.05,0.001,,0,200,448,8,200,5794,,,,1.0,18.312,57.2489,86.0718,7.1851,22.447618630897107,100.0,100.0,100.0,0.0002,28.817,4.3984,16.3943,24.8019,24.8019,
camel.ee.nctu.edu.tw,103,cub,hiresnet50.a1_in1k,False,,,,sgd,0.0,0.003,,0,200,448,8,200,5794,,,,1.0,10.4073,47.8426,81.9296,7.4078,14.772526541136129,100.0,100.0,100.0,1.3884,28.4768,4.3984,16.3943,24.8019,24.8019,
camel.ee.nctu.edu.tw,103,cub,hiresnet50.a1_in1k,False,,,,sgd,0.0,0.01,,0,200,448,8,200,5794,,,,1.0,14.5323,53.3483,84.6911,6.9799,18.814266336715495,100.0,100.0,100.0,0.0181,28.4377,4.3984,16.3943,24.8019,24.8019,
camel.ee.nctu.edu.tw,103,cub,hiresnet50.a1_in1k,False,,,,sgd,0.0,0.03,,0,200,448,8,200,5794,,,,1.0,15.3089,55.2813,85.3987,7.1096,19.586718330926765,100.0,100.0,100.0,0.0021,28.6466,4.3984,16.3943,24.8019,24.8019,
camel.ee.nctu.edu.tw,103,cub,hiresnet50.a1_in1k,False,,,,sgd,0.0,0.1,,0,200,448,8,200,5794,,,,1.0,16.6724,55.9027,85.7957,7.9522,20.891208486681226,100.0,100.0,100.0,0.0005,28.783,4.3984,16.3943,24.8019,24.8019,
camel.ee.nctu.edu.tw,103,cub,hiresnet50.fb_ssl_yfcc100m_ft_in1k,False,,,,adamw,0.05,5e-06,,0,200,448,8,200,5794,,,,1.0,23.4208,65.0155,88.9541,6.5566,27.420465723810125,100.0,100.0,99.0,0.3575,29.0276,4.3984,16.3943,24.8019,24.8019,
camel.ee.nctu.edu.tw,103,cub,hiresnet50.fb_ssl_yfcc100m_ft_in1k,False,,,,adamw,0.05,1e-05,,0,200,448,8,200,5794,,,,1.0,24.7325,64.2043,88.1774,6.4284,28.604708448597464,100.0,100.0,99.5,0.2156,29.1034,4.3984,16.3943,24.8019,24.8019,
camel.ee.nctu.edu.tw,103,cub,hiresnet50.fb_ssl_yfcc100m_ft_in1k,False,,,,adamw,0.05,5e-05,,0,200,448,8,200,5794,,,,1.0,25.8198,62.2023,84.6393,6.4078,29.409734207801176,100.0,100.0,100.0,0.0157,28.8555,4.3984,16.3943,24.8019,24.8019,
camel.ee.nctu.edu.tw,103,cub,hiresnet50.fb_ssl_yfcc100m_ft_in1k,False,,,,adamw,0.05,0.0001,,0,200,448,8,200,5794,,,,1.0,24.0594,60.5281,85.7266,6.3937,27.823100147311205,100.0,100.0,100.0,0.0033,28.8246,4.3984,16.3943,24.8019,24.8019,
camel.ee.nctu.edu.tw,103,cub,hiresnet50.fb_ssl_yfcc100m_ft_in1k,False,,,,adamw,0.05,0.0005,,0,200,448,8,200,5794,,,,1.0,11.719,49.1025,79.8585,8.5812,15.877765731426877,100.0,100.0,100.0,0.0003,28.9867,4.3984,16.3943,24.8019,24.8019,
camel.ee.nctu.edu.tw,103,cub,hiresnet50.fb_ssl_yfcc100m_ft_in1k,False,,,,adamw,0.05,0.001,,0,200,448,8,200,5794,,,,1.0,7.1108,40.2313,75.4229,12.8136,11.28008414078997,100.0,100.0,100.0,0.0006,28.9245,4.3984,16.3943,24.8019,24.8019,
camel.ee.nctu.edu.tw,103,cub,hiresnet50.fb_ssl_yfcc100m_ft_in1k,False,,,,sgd,0.0,0.003,,0,200,448,8,200,5794,,,,1.0,23.1619,67.0003,90.5247,6.2678,27.27323554721494,100.0,100.0,100.0,0.38,28.6482,4.3984,16.3943,24.8019,24.8019,
camel.ee.nctu.edu.tw,103,cub,hiresnet50.fb_ssl_yfcc100m_ft_in1k,False,,,,sgd,0.0,0.01,,0,200,448,8,200,5794,,,,1.0,26.3548,67.3455,89.7653,5.7572,30.224969654539827,100.0,100.0,100.0,0.0115,28.3354,4.3984,16.3943,24.8019,24.8019,
camel.ee.nctu.edu.tw,103,cub,hiresnet50.fb_ssl_yfcc100m_ft_in1k,False,,,,sgd,0.0,0.03,,0,200,448,8,200,5794,,,,1.0,24.3528,65.1709,89.6962,5.7925,28.340877158011928,100.0,100.0,100.0,0.0019,28.6192,4.3984,16.3943,24.8019,24.8019,
camel.ee.nctu.edu.tw,103,cub,hiresnet50.fb_ssl_yfcc100m_ft_in1k,False,,,,sgd,0.0,0.1,,0,200,448,8,200,5794,,,,1.0,14.8947,52.6061,82.4128,8.3743,19.01554303383296,100.0,100.0,100.0,0.0004,28.296,4.3984,16.3943,24.8019,24.8019,
camel.ee.nctu.edu.tw,103,cub,hiresnet50.fb_swsl_ig1b_ft_in1k,False,,,,adamw,0.05,5e-06,,0,200,448,8,200,5794,,,,1.0,24.3528,65.0501,90.5419,6.5581,28.392492800549704,100.0,100.0,99.5,0.3401,28.8053,4.3984,16.3943,24.8019,24.8019,
camel.ee.nctu.edu.tw,103,cub,hiresnet50.fb_swsl_ig1b_ft_in1k,False,,,,adamw,0.05,1e-05,,0,200,448,8,200,5794,,,,1.0,24.9051,64.0835,89.5927,6.4444,28.853144178614436,100.0,100.0,99.5,0.2005,28.8257,4.3984,16.3943,24.8019,24.8019,
camel.ee.nctu.edu.tw,103,cub,hiresnet50.fb_swsl_ig1b_ft_in1k,False,,,,adamw,0.05,5e-05,,0,200,448,8,200,5794,,,,1.0,26.7,62.7891,85.1398,6.4159,30.266780755873405,100.0,100.0,100.0,0.0178,28.8255,4.3984,16.3943,24.8019,24.8019,
camel.ee.nctu.edu.tw,103,cub,hiresnet50.fb_swsl_ig1b_ft_in1k,False,,,,adamw,0.05,0.0001,,0,200,448,8,200,5794,,,,1.0,25.164,61.9779,86.5723,6.3045,28.911890396573433,100.0,100.0,100.0,0.003,29.1076,4.3984,16.3943,24.8019,24.8019,
camel.ee.nctu.edu.tw,103,cub,hiresnet50.fb_swsl_ig1b_ft_in1k,False,,,,adamw,0.05,0.0005,,0,200,448,8,200,5794,,,,1.0,10.9078,47.4111,79.5133,8.9888,15.095023020414512,100.0,100.0,100.0,0.0003,28.7773,4.3984,16.3943,24.8019,24.8019,
camel.ee.nctu.edu.tw,103,cub,hiresnet50.fb_swsl_ig1b_ft_in1k,False,,,,adamw,0.05,0.001,,0,200,448,8,200,5794,,,,1.0,8.4743,39.6617,75.164,13.0942,12.544545839066153,100.0,100.0,100.0,0.0004,29.0454,4.3984,16.3943,24.8019,24.8019,
camel.ee.nctu.edu.tw,103,cub,hiresnet50.fb_swsl_ig1b_ft_in1k,False,,,,sgd,0.0,0.003,,0,200,448,8,200,5794,,,,1.0,23.7142,66.4826,91.0252,6.3922,27.822370883915855,100.0,100.0,100.0,0.4494,28.4223,4.3984,16.3943,24.8019,24.8019,
camel.ee.nctu.edu.tw,103,cub,hiresnet50.fb_swsl_ig1b_ft_in1k,False,,,,sgd,0.0,0.01,,0,200,448,8,200,5794,,,,1.0,27.9945,66.1201,90.1968,5.8258,31.790860222895304,100.0,100.0,100.0,0.0131,28.6099,4.3984,16.3943,24.8019,24.8019,
camel.ee.nctu.edu.tw,103,cub,hiresnet50.fb_swsl_ig1b_ft_in1k,False,,,,sgd,0.0,0.03,,0,200,448,8,200,5794,,,,1.0,25.5782,65.0846,89.9896,5.8058,29.509400205166106,100.0,100.0,100.0,0.0019,28.5762,4.3984,16.3943,24.8019,24.8019,
camel.ee.nctu.edu.tw,103,cub,hiresnet50.fb_swsl_ig1b_ft_in1k,False,,,,sgd,0.0,0.1,,0,200,448,8,200,5794,,,,1.0,13.9109,50.6041,81.9468,8.5669,18.06336812730022,100.0,100.0,100.0,0.0004,28.5798,4.3984,16.3943,24.8019,24.8019,
camel.ee.nctu.edu.tw,103,cub,hiresnet50.gluon_in1k,False,,,,adamw,0.05,5e-06,,0,200,448,8,200,5794,,,,1.0,20.1415,62.3576,88.7815,6.7429,24.33081980549735,100.0,100.0,99.0,0.4651,29.0007,4.3984,16.3943,24.8019,24.8019,
camel.ee.nctu.edu.tw,103,cub,hiresnet50.gluon_in1k,False,,,,adamw,0.05,5e-06,,0,200,448,8,600,5794,,,,3.0,53.9351,79.8412,93.2171,3.8884,56.33259920818202,100.0,100.0,99.8333,0.0676,39.9646,4.3984,16.3943,24.8019,24.8019,
camel.ee.nctu.edu.tw,103,cub,hiresnet50.gluon_in1k,False,,,,adamw,0.05,1e-05,,0,200,448,8,200,5794,,,,1.0,22.2817,62.8409,89.1957,6.5286,26.365626737064893,100.0,100.0,99.5,0.2794,28.8978,4.3984,16.3943,24.8019,24.8019,
camel.ee.nctu.edu.tw,103,cub,hiresnet50.gluon_in1k,False,,,,adamw,0.05,1e-05,,0,200,448,8,600,5794,,,,3.0,54.9534,80.3417,93.3379,3.7264,57.29611821197581,100.0,100.0,99.8333,0.0261,40.152,4.3984,16.3943,24.8019,24.8019,
camel.ee.nctu.edu.tw,103,cub,hiresnet50.gluon_in1k,False,,,,adamw,0.05,5e-05,,0,200,448,8,200,5794,,,,1.0,25.1122,62.7028,86.2616,6.2897,28.844311988604048,100.0,100.0,100.0,0.0181,28.9732,4.3984,16.3943,24.8019,24.8019,
camel.ee.nctu.edu.tw,103,cub,hiresnet50.gluon_in1k,False,,,,adamw,0.05,5e-05,,0,200,448,8,600,5794,,,,3.0,55.1087,79.5996,92.8547,3.6781,57.4124762381677,100.0,100.0,100.0,0.0009,39.8479,4.3984,16.3943,24.8019,24.8019,
camel.ee.nctu.edu.tw,103,cub,hiresnet50.gluon_in1k,False,,,,adamw,0.05,0.0001,,0,200,448,8,200,5794,,,,1.0,24.5944,61.8916,87.1074,6.3063,28.409752034239727,100.0,100.0,100.0,0.0041,29.0224,4.3984,16.3943,24.8019,24.8019,
camel.ee.nctu.edu.tw,103,cub,hiresnet50.gluon_in1k,False,,,,adamw,0.05,0.0001,,0,200,448,8,600,5794,,,,3.0,52.8823,78.5123,92.1816,3.9491,55.28083933355049,100.0,100.0,100.0,0.0003,40.4965,4.3984,16.3943,24.8019,24.8019,
camel.ee.nctu.edu.tw,103,cub,hiresnet50.gluon_in1k,False,,,,adamw,0.05,0.0005,,0,200,448,8,200,5794,,,,1.0,11.9606,48.0842,80.8595,8.5752,16.165743743325216,100.0,100.0,100.0,0.0003,28.6548,4.3984,16.3943,24.8019,24.8019,
camel.ee.nctu.edu.tw,103,cub,hiresnet50.gluon_in1k,False,,,,adamw,0.05,0.0005,,0,200,448,8,600,5794,,,,3.0,32.9134,69.0542,87.0728,6.3319,36.21886653021338,100.0,100.0,100.0,0.0013,39.6602,4.3984,16.3943,24.8019,24.8019,
camel.ee.nctu.edu.tw,103,cub,hiresnet50.gluon_in1k,False,,,,adamw,0.05,0.001,,0,200,448,8,200,5794,,,,1.0,8.2499,42.8029,76.4066,11.697,12.409713140191975,100.0,100.0,100.0,0.001,28.7405,4.3984,16.3943,24.8019,24.8019,
camel.ee.nctu.edu.tw,103,cub,hiresnet50.gluon_in1k,False,,,,adamw,0.05,0.001,,0,200,448,8,600,5794,,,,3.0,21.4187,54.8498,81.0494,10.1373,25.05813849846287,100.0,100.0,100.0,0.0006,40.3282,4.3984,16.3943,24.8019,24.8019,
camel.ee.nctu.edu.tw,103,cub,hiresnet50.gluon_in1k,False,,,,sgd,0.0,0.003,,0,200,448,8,200,5794,,,,1.0,16.5516,58.388,86.0718,6.7119,20.79462160143001,100.0,100.0,100.0,0.473,28.6414,4.3984,16.3943,24.8019,24.8019,
camel.ee.nctu.edu.tw,103,cub,hiresnet50.gluon_in1k,False,,,,sgd,0.0,0.003,,0,200,448,8,600,5794,,,,3.0,52.1229,79.7377,93.8039,3.6381,54.66679955466315,100.0,100.0,100.0,0.0809,39.5837,4.3984,16.3943,24.8019,24.8019,
camel.ee.nctu.edu.tw,103,cub,hiresnet50.gluon_in1k,False,,,,sgd,0.0,0.01,,0,200,448,8,200,5794,,,,1.0,21.2634,62.7201,88.2982,6.0986,25.35470561257315,100.0,100.0,100.0,0.0108,28.5917,4.3984,16.3943,24.8019,24.8019,
camel.ee.nctu.edu.tw,103,cub,hiresnet50.gluon_in1k,False,,,,sgd,0.0,0.01,,0,200,448,8,600,5794,,,,3.0,55.4884,81.4636,94.2527,3.1895,57.85432882648555,100.0,100.0,100.0,0.0036,39.4625,4.3984,16.3943,24.8019,24.8019,
camel.ee.nctu.edu.tw,103,cub,hiresnet50.gluon_in1k,False,,,,sgd,0.0,0.03,,0,200,448,8,200,5794,,,,1.0,20.9009,62.3404,88.5226,6.1881,25.028076640721096,100.0,100.0,100.0,0.0019,28.7054,4.3984,16.3943,24.8019,24.8019,
camel.ee.nctu.edu.tw,103,cub,hiresnet50.gluon_in1k,False,,,,sgd,0.0,0.03,,0,200,448,8,600,5794,,,,3.0,54.2285,80.359,93.079,3.4203,56.59967166941356,100.0,100.0,100.0,0.0009,39.1911,4.3984,16.3943,24.8019,24.8019,
camel.ee.nctu.edu.tw,103,cub,hiresnet50.gluon_in1k,False,,,,sgd,0.0,0.1,,0,200,448,8,200,5794,,,,1.0,14.8947,52.9858,83.2585,8.2806,19.06715867637073,100.0,100.0,100.0,0.0003,28.5081,4.3984,16.3943,24.8019,24.8019,
camel.ee.nctu.edu.tw,103,cub,hiresnet50.gluon_in1k,False,,,,sgd,0.0,0.1,,0,200,448,8,600,5794,,,,3.0,37.4698,70.5903,88.5226,6.67,40.58569574158795,100.0,100.0,100.0,0.0016,39.5464,4.3984,16.3943,24.8019,24.8019,
camel.ee.nctu.edu.tw,103,cub,hiresnet50.in1k_mocov3,False,,,,adamw,0.05,5e-06,,0,200,448,8,200,5794,,,,1.0,13.5658,53.6417,83.9489,7.528,17.86144319605355,100.0,100.0,100.0,0.7587,28.7427,4.3984,16.3943,24.8019,24.8019,
camel.ee.nctu.edu.tw,103,cub,hiresnet50.in1k_mocov3,False,,,,adamw,0.05,1e-05,,0,200,448,8,200,5794,,,,1.0,14.7739,54.7118,85.4677,7.2829,19.088550402634425,100.0,100.0,100.0,0.4042,28.7647,4.3984,16.3943,24.8019,24.8019,
camel.ee.nctu.edu.tw,103,cub,hiresnet50.in1k_mocov3,False,,,,adamw,0.05,5e-05,,0,200,448,8,200,5794,,,,1.0,18.0532,55.2468,86.9693,6.7663,22.259306616363695,100.0,100.0,100.0,0.0221,28.7666,4.3984,16.3943,24.8019,24.8019,
camel.ee.nctu.edu.tw,103,cub,hiresnet50.in1k_mocov3,False,,,,adamw,0.05,0.0001,,0,200,448,8,200,5794,,,,1.0,18.2603,54.729,86.3479,6.7556,22.415855158566167,100.0,100.0,100.0,0.0057,28.7209,4.3984,16.3943,24.8019,24.8019,
camel.ee.nctu.edu.tw,103,cub,hiresnet50.in1k_mocov3,False,,,,adamw,0.05,0.0005,,0,200,448,8,200,5794,,,,1.0,15.5506,52.9513,85.2088,7.1795,19.80201309108824,100.0,100.0,100.0,0.0004,28.7469,4.3984,16.3943,24.8019,24.8019,
camel.ee.nctu.edu.tw,103,cub,hiresnet50.in1k_mocov3,False,,,,adamw,0.05,0.001,,0,200,448,8,200,5794,,,,1.0,11.3911,47.4111,81.7397,8.8001,15.684672990190595,100.0,100.0,100.0,0.0003,28.892,4.3984,16.3943,24.8019,24.8019,
camel.ee.nctu.edu.tw,103,cub,hiresnet50.in1k_mocov3,False,,,,sgd,0.0,0.003,,0,200,448,8,200,5794,,,,1.0,12.2541,49.2751,83.9317,7.2488,16.6287449701083,100.0,100.0,100.0,0.2703,28.507,4.3984,16.3943,24.8019,24.8019,
camel.ee.nctu.edu.tw,103,cub,hiresnet50.in1k_mocov3,False,,,,sgd,0.0,0.01,,0,200,448,8,200,5794,,,,1.0,15.1018,52.33,85.7266,7.0499,19.412262320905064,100.0,100.0,100.0,0.0087,28.5539,4.3984,16.3943,24.8019,24.8019,
camel.ee.nctu.edu.tw,103,cub,hiresnet50.in1k_mocov3,False,,,,sgd,0.0,0.03,,0,200,448,8,200,5794,,,,1.0,16.379,52.8478,86.1408,7.1599,20.636776590969127,100.0,100.0,100.0,0.0019,28.3933,4.3984,16.3943,24.8019,24.8019,
camel.ee.nctu.edu.tw,103,cub,hiresnet50.in1k_mocov3,False,,,,sgd,0.0,0.1,,0,200,448,8,200,5794,,,,1.0,,,,,,,,,,,,,,,
camel.ee.nctu.edu.tw,103,cub,hiresnet50.in1k_mocov3,False,,,,sgd,0.0,0.1,,0,200,448,8,200,5794,,,,1.0,16.5861,54.9189,86.1063,7.6624,20.829140068810055,100.0,100.0,100.0,0.0004,28.1897,4.3984,16.3943,24.8019,24.8019,
camel.ee.nctu.edu.tw,103,cub,hiresnet50.in1k_spark,False,,,,adamw,0.05,5e-06,,0,200,448,8,200,5794,,,,1.0,5.1778,33.5002,73.1964,8.8541,9.32914249968804,100.0,100.0,100.0,0.5503,28.7933,4.3984,16.3943,24.8019,24.8019,
camel.ee.nctu.edu.tw,103,cub,hiresnet50.in1k_spark,False,,,,adamw,0.05,1e-05,,0,200,448,8,200,5794,,,,1.0,5.8336,35.1053,76.1132,8.6442,10.122986220163,100.0,100.0,99.5,0.3123,28.7594,4.3984,16.3943,24.8019,24.8019,
camel.ee.nctu.edu.tw,103,cub,hiresnet50.in1k_spark,False,,,,adamw,0.05,5e-05,,0,200,448,8,200,5794,,,,1.0,8.0083,39.0749,77.6148,8.8264,12.256567827167816,100.0,100.0,100.0,0.0123,28.6203,4.3984,16.3943,24.8019,24.8019,
camel.ee.nctu.edu.tw,103,cub,hiresnet50.in1k_spark,False,,,,adamw,0.05,0.0001,,0,200,448,8,200,5794,,,,1.0,8.1464,39.8171,78.1498,8.9474,12.418869447266964,100.0,100.0,100.0,0.003,28.7968,4.3984,16.3943,24.8019,24.8019,
camel.ee.nctu.edu.tw,103,cub,hiresnet50.in1k_spark,False,,,,adamw,0.05,0.0005,,0,200,448,8,200,5794,,,,1.0,4.3321,29.824,70.7801,14.3479,8.387582427020991,100.0,100.0,100.0,0.0014,28.674,4.3984,16.3943,24.8019,24.8019,
camel.ee.nctu.edu.tw,103,cub,hiresnet50.in1k_spark,False,,,,adamw,0.05,0.001,,0,200,448,8,200,5794,,,,1.0,3.262,24.5944,68.1049,19.326,7.219545555463722,100.0,100.0,100.0,0.0048,28.8241,4.3984,16.3943,24.8019,24.8019,
camel.ee.nctu.edu.tw,103,cub,hiresnet50.in1k_spark,False,,,,sgd,0.0,0.003,,0,200,448,8,200,5794,,,,1.0,2.7097,24.1457,66.7415,9.6934,6.6177411957650865,100.0,95.5,99.5,2.5523,28.4614,4.3984,16.3943,24.8019,24.8019,
camel.ee.nctu.edu.tw,103,cub,hiresnet50.in1k_spark,False,,,,sgd,0.0,0.01,,0,200,448,8,200,5794,,,,1.0,4.0387,28.426,70.0207,9.744,8.065734181871807,100.0,100.0,100.0,0.0871,28.4029,4.3984,16.3943,24.8019,24.8019,
camel.ee.nctu.edu.tw,103,cub,hiresnet50.in1k_spark,False,,,,sgd,0.0,0.03,,0,200,448,8,200,5794,,,,1.0,4.3838,29.0645,71.1253,11.9655,8.457267595910292,100.0,100.0,100.0,0.003,28.5164,4.3984,16.3943,24.8019,24.8019,
camel.ee.nctu.edu.tw,103,cub,hiresnet50.in1k_spark,False,,,,sgd,0.0,0.1,,0,200,448,8,200,5794,,,,1.0,4.125,25.8889,69.1405,20.3142,8.093041044564476,100.0,100.0,100.0,0.001,28.6249,4.3984,16.3943,24.8019,24.8019,
camel.ee.nctu.edu.tw,103,cub,hiresnet50.in1k_supcon,False,,,,adamw,0.05,5e-06,,0,200,448,8,200,5794,,,,1.0,16.1892,57.2489,87.7977,7.0303,20.559636729593997,100.0,100.0,99.5,0.3557,28.7744,4.3984,16.3943,24.8019,24.8019,
camel.ee.nctu.edu.tw,103,cub,hiresnet50.in1k_supcon,False,,,,adamw,0.05,1e-05,,0,200,448,8,200,5794,,,,1.0,16.8968,56.6793,87.2282,6.935,21.18931515684835,100.0,100.0,100.0,0.2108,28.8019,4.3984,16.3943,24.8019,24.8019,
camel.ee.nctu.edu.tw,103,cub,hiresnet50.in1k_supcon,False,,,,adamw,0.05,5e-05,,0,200,448,8,200,5794,,,,1.0,19.5029,54.5047,83.9662,7.086,23.43731008765746,100.0,100.0,100.0,0.0169,28.7413,4.3984,16.3943,24.8019,24.8019,
camel.ee.nctu.edu.tw,103,cub,hiresnet50.in1k_supcon,False,,,,adamw,0.05,0.0001,,0,200,448,8,200,5794,,,,1.0,19.2268,55.7818,83.4311,7.1664,23.145361641717756,100.0,100.0,100.0,0.0035,28.8567,4.3984,16.3943,24.8019,24.8019,
camel.ee.nctu.edu.tw,103,cub,hiresnet50.in1k_supcon,False,,,,adamw,0.05,0.0005,,0,200,448,8,200,5794,,,,1.0,10.321,46.0304,79.6514,9.4308,14.55245105427178,100.0,100.0,100.0,0.0004,28.6675,4.3984,16.3943,24.8019,24.8019,
camel.ee.nctu.edu.tw,103,cub,hiresnet50.in1k_supcon,False,,,,adamw,0.05,0.001,,0,200,448,8,200,5794,,,,1.0,7.2834,38.2637,74.3873,13.7899,11.378939845493395,100.0,100.0,100.0,0.0005,28.7629,4.3984,16.3943,24.8019,24.8019,
camel.ee.nctu.edu.tw,103,cub,hiresnet50.in1k_supcon,False,,,,sgd,0.0,0.003,,0,200,448,8,200,5794,,,,1.0,17.3455,60.7007,88.7988,6.6219,21.70652496268602,100.0,100.0,100.0,0.4463,27.9847,4.3984,16.3943,24.8019,24.8019,
camel.ee.nctu.edu.tw,103,cub,hiresnet50.in1k_supcon,False,,,,sgd,0.0,0.01,,0,200,448,8,200,5794,,,,1.0,20.0035,61.65,88.2982,6.3017,24.171678326778068,100.0,100.0,100.0,0.0124,28.266,4.3984,16.3943,24.8019,24.8019,
camel.ee.nctu.edu.tw,103,cub,hiresnet50.in1k_supcon,False,,,,sgd,0.0,0.03,,0,200,448,8,200,5794,,,,1.0,19.106,60.8043,88.2637,6.3487,23.326867197894533,100.0,100.0,100.0,0.002,28.328,4.3984,16.3943,24.8019,24.8019,
camel.ee.nctu.edu.tw,103,cub,hiresnet50.in1k_supcon,False,,,,sgd,0.0,0.1,,0,200,448,8,200,5794,,,,1.0,11.8226,49.603,82.0331,9.0205,16.107726788761564,100.0,100.0,100.0,0.0002,28.4823,4.3984,16.3943,24.8019,24.8019,
camel.ee.nctu.edu.tw,103,cub,hiresnet50.in1k_swav,False,,,,adamw,0.05,5e-06,,0,200,448,8,200,5794,,,,1.0,9.9586,48.1705,83.086,7.7138,14.421750847971271,100.0,100.0,98.5,1.0108,28.7037,4.3984,16.3943,24.8019,24.8019,
camel.ee.nctu.edu.tw,103,cub,hiresnet50.in1k_swav,False,,,,adamw,0.05,1e-05,,0,200,448,8,200,5794,,,,1.0,10.6662,49.6721,84.5875,7.5073,15.177834930420168,100.0,100.0,99.0,0.5522,28.7957,4.3984,16.3943,24.8019,24.8019,
camel.ee.nctu.edu.tw,103,cub,hiresnet50.in1k_swav,False,,,,adamw,0.05,5e-05,,0,200,448,8,200,5794,,,,1.0,13.3586,51.5706,85.088,7.1336,17.736496067649714,100.0,100.0,100.0,0.0276,28.6122,4.3984,16.3943,24.8019,24.8019,
camel.ee.nctu.edu.tw,103,cub,hiresnet50.in1k_swav,False,,,,adamw,0.05,0.0001,,0,200,448,8,200,5794,,,,1.0,13.9282,52.1229,85.2951,7.1027,18.283929789761466,100.0,100.0,100.0,0.0063,28.5402,4.3984,16.3943,24.8019,24.8019,
camel.ee.nctu.edu.tw,103,cub,hiresnet50.in1k_swav,False,,,,adamw,0.05,0.0005,,0,200,448,8,200,5794,,,,1.0,13.1343,50.1208,83.9662,7.7777,17.457350245761766,100.0,100.0,100.0,0.0005,28.8557,4.3984,16.3943,24.8019,24.8019,
camel.ee.nctu.edu.tw,103,cub,hiresnet50.in1k_swav,False,,,,adamw,0.05,0.001,,0,200,448,8,200,5794,,,,1.0,10.3728,46.5136,80.894,9.7918,14.676912007078716,100.0,100.0,100.0,0.0002,28.6481,4.3984,16.3943,24.8019,24.8019,
camel.ee.nctu.edu.tw,103,cub,hiresnet50.in1k_swav,False,,,,sgd,0.0,0.003,,0,200,448,8,200,5794,,,,1.0,9.6479,46.203,81.688,7.5979,14.0447216725737,100.0,100.0,100.0,0.4717,28.6078,4.3984,16.3943,24.8019,24.8019,
camel.ee.nctu.edu.tw,103,cub,hiresnet50.in1k_swav,False,,,,sgd,0.0,0.01,,0,200,448,8,200,5794,,,,1.0,11.6845,49.3614,83.6555,7.5075,16.077097726156733,100.0,100.0,100.0,0.0109,28.505,4.3984,16.3943,24.8019,24.8019,
camel.ee.nctu.edu.tw,103,cub,hiresnet50.in1k_swav,False,,,,sgd,0.0,0.03,,0,200,448,8,200,5794,,,,1.0,12.582,50.6041,85.2434,7.6246,17.01671309643617,100.0,100.0,100.0,0.0022,28.4356,4.3984,16.3943,24.8019,24.8019,
camel.ee.nctu.edu.tw,103,cub,hiresnet50.in1k_swav,False,,,,sgd,0.0,0.1,,0,200,448,8,200,5794,,,,1.0,13.6521,52.4508,84.9672,8.5209,18.004621909341214,100.0,100.0,100.0,0.0004,28.6483,4.3984,16.3943,24.8019,24.8019,
camel.ee.nctu.edu.tw,103,cub,hiresnet50.in21k_miil,False,,,,adamw,0.05,5e-06,,0,200,448,8,200,5794,,,,1.0,31.6707,77.3731,93.01,5.6964,35.41440797587273,100.0,100.0,99.0,1.1214,28.8373,4.3984,16.3943,24.8019,24.8019,
camel.ee.nctu.edu.tw,103,cub,hiresnet50.in21k_miil,False,,,,adamw,0.05,1e-05,,0,200,448,8,200,5794,,,,1.0,33.8108,78.098,93.5623,5.3984,37.45764195111991,100.0,100.0,99.5,0.6142,28.721,4.3984,16.3943,24.8019,24.8019,
camel.ee.nctu.edu.tw,103,cub,hiresnet50.in21k_miil,False,,,,adamw,0.05,5e-05,,0,200,448,8,200,5794,,,,1.0,38.2465,78.3914,93.545,4.6619,41.621492850787845,100.0,100.0,100.0,0.0251,28.8559,4.3984,16.3943,24.8019,24.8019,
camel.ee.nctu.edu.tw,103,cub,hiresnet50.in21k_miil,False,,,,adamw,0.05,0.0001,,0,200,448,8,200,5794,,,,1.0,38.1947,77.2523,93.5105,4.5747,41.57076853017773,100.0,100.0,100.0,0.0058,28.8747,4.3984,16.3943,24.8019,24.8019,
camel.ee.nctu.edu.tw,103,cub,hiresnet50.in21k_miil,False,,,,adamw,0.05,0.0005,,0,200,448,8,200,5794,,,,1.0,27.6148,67.4146,90.3866,5.7156,31.44591863689327,100.0,100.0,100.0,0.0005,28.5187,4.3984,16.3943,24.8019,24.8019,
camel.ee.nctu.edu.tw,103,cub,hiresnet50.in21k_miil,False,,,,adamw,0.05,0.0005,,0,200,448,8,600,5794,,,,3.0,55.1605,80.7042,92.4232,3.8062,57.434759286359046,100.0,100.0,100.0,0.0012,42.6269,4.3984,16.3943,24.8019,24.8019,
camel.ee.nctu.edu.tw,103,cub,hiresnet50.in21k_miil,False,,,,adamw,0.05,0.001,,0,200,448,8,200,5794,,,,1.0,17.9151,56.8519,83.9317,7.5717,21.944264829571143,100.0,100.0,100.0,0.0003,28.8075,4.3984,16.3943,24.8019,24.8019,
camel.ee.nctu.edu.tw,103,cub,hiresnet50.in21k_miil,False,,,,adamw,0.05,0.001,,0,200,448,8,600,5794,,,,3.0,44.874,75.0949,90.4039,5.1472,47.65282524742286,100.0,100.0,100.0,0.0001,40.3971,4.3984,16.3943,24.8019,24.8019,
camel.ee.nctu.edu.tw,103,cub,hiresnet50.in21k_miil,False,,,,sgd,0.0,0.003,,0,200,448,8,200,5794,,,,1.0,24.8188,68.5537,88.9368,5.7839,28.73208645498581,100.0,100.0,100.0,0.4461,28.7388,4.3984,16.3943,24.8019,24.8019,
camel.ee.nctu.edu.tw,103,cub,hiresnet50.in21k_miil,False,,,,sgd,0.0,0.003,,0,200,448,8,600,5794,,,,3.0,63.9282,89.8516,96.1167,2.3056,65.89275614566469,100.0,99.8333,99.6667,0.0838,39.702,4.3984,16.3943,24.8019,24.8019,
camel.ee.nctu.edu.tw,103,cub,hiresnet50.in21k_miil,False,,,,sgd,0.0,0.01,,0,200,448,8,200,5794,,,,1.0,30.5488,73.2482,91.4912,5.0282,34.268330035442204,100.0,100.0,100.0,0.0105,28.5233,4.3984,16.3943,24.8019,24.8019,
camel.ee.nctu.edu.tw,103,cub,hiresnet50.in21k_miil,False,,,,sgd,0.0,0.01,,0,200,448,8,600,5794,,,,3.0,66.3445,90.1277,96.8761,1.9751,68.20792433811243,100.0,100.0,100.0,0.0047,39.2258,4.3984,16.3943,24.8019,24.8019,
camel.ee.nctu.edu.tw,103,cub,hiresnet50.in21k_miil,False,,,,sgd,0.0,0.03,,0,200,448,8,200,5794,,,,1.0,32.1022,74.8533,92.4405,4.8046,35.78479275144596,100.0,100.0,100.0,0.0021,28.4764,4.3984,16.3943,24.8019,24.8019,
camel.ee.nctu.edu.tw,103,cub,hiresnet50.in21k_miil,False,,,,sgd,0.0,0.03,,0,200,448,8,600,5794,,,,3.0,66.7932,89.9724,96.807,1.9946,68.62506300025444,100.0,100.0,100.0,0.0017,39.1264,4.3984,16.3943,24.8019,24.8019,
camel.ee.nctu.edu.tw,103,cub,hiresnet50.in21k_miil,False,,,,sgd,0.0,0.1,,0,200,448,8,200,5794,,,,1.0,28.9092,70.5385,91.2323,5.5659,32.712973271686266,100.0,100.0,100.0,0.0004,28.2785,4.3984,16.3943,24.8019,24.8019,
camel.ee.nctu.edu.tw,103,cub,hiresnet50.in21k_miil,False,,,,sgd,0.0,0.1,,0,200,448,8,600,5794,,,,3.0,58.0601,84.4494,94.943,3.5065,60.311136176164105,100.0,99.8333,99.8333,0.0033,39.1476,4.3984,16.3943,24.8019,24.8019,
camel.ee.nctu.edu.tw,103,cub,hiresnet50.tv2_in1k,False,,,,adamw,0.05,5e-06,,0,200,448,8,200,5794,,,,1.0,15.7922,59.1301,86.9002,7.1363,20.132126321384757,100.0,100.0,99.5,0.7283,28.9889,4.3984,16.3943,24.8019,24.8019,
camel.ee.nctu.edu.tw,103,cub,hiresnet50.tv2_in1k,False,,,,adamw,0.05,5e-06,,0,200,448,8,600,5794,,,,3.0,50.466,79.8585,93.2862,4.0299,53.07943623077784,100.0,100.0,100.0,0.1276,40.6499,4.3984,16.3943,24.8019,24.8019,
camel.ee.nctu.edu.tw,103,cub,hiresnet50.tv2_in1k,False,,,,adamw,0.05,1e-05,,0,200,448,8,200,5794,,,,1.0,17.6735,60.5972,88.2982,6.8408,21.983888140718665,100.0,100.0,99.5,0.3965,29.002,4.3984,16.3943,24.8019,24.8019,
camel.ee.nctu.edu.tw,103,cub,hiresnet50.tv2_in1k,False,,,,adamw,0.05,1e-05,,0,200,448,8,600,5794,,,,3.0,53.1067,80.7214,93.1481,3.7737,55.55050473129885,100.0,100.0,100.0,0.0394,40.0718,4.3984,16.3943,24.8019,24.8019,
camel.ee.nctu.edu.tw,103,cub,hiresnet50.tv2_in1k,False,,,,adamw,0.05,5e-05,,0,200,448,8,200,5794,,,,1.0,22.1091,61.9261,87.9703,6.2605,26.128778192107426,100.0,100.0,100.0,0.0189,28.6422,4.3984,16.3943,24.8019,24.8019,
camel.ee.nctu.edu.tw,103,cub,hiresnet50.tv2_in1k,False,,,,adamw,0.05,5e-05,,0,200,448,8,600,5794,,,,3.0,55.1605,81.5326,93.5623,3.4483,57.50428239671604,100.0,100.0,100.0,0.001,40.5372,4.3984,16.3943,24.8019,24.8019,
camel.ee.nctu.edu.tw,103,cub,hiresnet50.tv2_in1k,False,,,,adamw,0.05,0.0001,,0,200,448,8,200,5794,,,,1.0,21.2979,61.3566,87.8322,6.2995,25.35867604661452,100.0,100.0,100.0,0.0047,28.7168,4.3984,16.3943,24.8019,24.8019,
camel.ee.nctu.edu.tw,103,cub,hiresnet50.tv2_in1k,False,,,,adamw,0.05,0.0001,,0,200,448,8,600,5794,,,,3.0,53.7798,80.5834,93.5105,3.6118,56.20465399693062,100.0,100.0,100.0,0.0003,40.5042,4.3984,16.3943,24.8019,24.8019,
camel.ee.nctu.edu.tw,103,cub,hiresnet50.tv2_in1k,False,,,,adamw,0.05,0.0005,,0,200,448,8,200,5794,,,,1.0,13.5658,52.4508,82.1022,7.7587,17.748731486838416,100.0,100.0,100.0,0.0003,28.8159,4.3984,16.3943,24.8019,24.8019,
camel.ee.nctu.edu.tw,103,cub,hiresnet50.tv2_in1k,False,,,,adamw,0.05,0.0005,,0,200,448,8,600,5794,,,,3.0,36.3134,69.5375,88.0221,7.3358,39.469355541834595,100.0,100.0,100.0,0.0004,40.221,4.3984,16.3943,24.8019,24.8019,
camel.ee.nctu.edu.tw,103,cub,hiresnet50.tv2_in1k,False,,,,adamw,0.05,0.001,,0,200,448,8,200,5794,,,,1.0,10.4764,45.2019,78.7884,9.8243,14.64563471034468,100.0,100.0,100.0,0.0003,28.9798,4.3984,16.3943,24.8019,24.8019,
camel.ee.nctu.edu.tw,103,cub,hiresnet50.tv2_in1k,False,,,,adamw,0.05,0.001,,0,200,448,8,600,5794,,,,3.0,32.0504,65.378,85.8819,7.4093,35.33589061697304,100.0,100.0,100.0,0.001,39.9421,4.3984,16.3943,24.8019,24.8019,
camel.ee.nctu.edu.tw,103,cub,hiresnet50.tv2_in1k,False,,,,sgd,0.0,0.003,,0,200,448,8,200,5794,,,,1.0,12.2368,54.5392,84.7601,6.9653,16.663101378956053,100.0,100.0,100.0,0.5991,28.7084,4.3984,16.3943,24.8019,24.8019,
camel.ee.nctu.edu.tw,103,cub,hiresnet50.tv2_in1k,False,,,,sgd,0.0,0.003,,0,200,448,8,600,5794,,,,3.0,45.2365,78.9783,93.2689,3.9341,48.168009321606775,100.0,100.0,99.6667,0.1096,38.9478,4.3984,16.3943,24.8019,24.8019,
camel.ee.nctu.edu.tw,103,cub,hiresnet50.tv2_in1k,False,,,,sgd,0.0,0.01,,0,200,448,8,200,5794,,,,1.0,16.2927,57.2489,86.5205,6.923,20.57892169493778,100.0,100.0,100.0,0.0104,28.8963,4.3984,16.3943,24.8019,24.8019,
camel.ee.nctu.edu.tw,103,cub,hiresnet50.tv2_in1k,False,,,,sgd,0.0,0.01,,0,200,448,8,600,5794,,,,3.0,50.5005,81.0839,94.0283,3.4159,53.15714329701601,100.0,100.0,99.8333,0.0062,39.5666,4.3984,16.3943,24.8019,24.8019,
camel.ee.nctu.edu.tw,103,cub,hiresnet50.tv2_in1k,False,,,,sgd,0.0,0.03,,0,200,448,8,200,5794,,,,1.0,17.2592,59.4753,87.6769,6.5196,21.557025966638633,100.0,100.0,100.0,0.0019,28.6452,4.3984,16.3943,24.8019,24.8019,
camel.ee.nctu.edu.tw,103,cub,hiresnet50.tv2_in1k,False,,,,sgd,0.0,0.03,,0,200,448,8,600,5794,,,,3.0,48.8781,79.893,93.3379,4.2123,51.59165787499129,100.0,100.0,100.0,0.001,39.5045,4.3984,16.3943,24.8019,24.8019,
camel.ee.nctu.edu.tw,103,cub,hiresnet50.tv2_in1k,False,,,,sgd,0.0,0.1,,0,200,448,8,200,5794,,,,1.0,14.6013,54.0387,84.3804,8.1175,18.860128901356592,100.0,100.0,100.0,0.0003,28.6351,4.3984,16.3943,24.8019,24.8019,
camel.ee.nctu.edu.tw,103,cub,hiresnet50.tv2_in1k,False,,,,sgd,0.0,0.1,,0,200,448,8,600,5794,,,,3.0,42.7339,74.0939,90.4384,5.3489,45.64540620781413,100.0,100.0,100.0,0.0002,39.1767,4.3984,16.3943,24.8019,24.8019,
camel.ee.nctu.edu.tw,103,cub,hiresnet50.tv_in1k,False,,,,adamw,0.05,5e-06,,0,200,448,8,200,5794,,,,1.0,16.4998,59.5271,87.5734,6.9535,20.83764814175584,100.0,100.0,98.5,0.4619,29.014,4.3984,16.3943,24.8019,24.8019,
camel.ee.nctu.edu.tw,103,cub,hiresnet50.tv_in1k,False,,,,adamw,0.05,5e-06,,0,200,448,8,600,5794,,,,3.0,51.0356,78.0635,92.475,4.3593,53.56472050575227,100.0,100.0,100.0,0.0768,40.2872,4.3984,16.3943,24.8019,24.8019,
camel.ee.nctu.edu.tw,103,cub,hiresnet50.tv_in1k,False,,,,adamw,0.05,1e-05,,0,200,448,8,200,5794,,,,1.0,17.777,59.3372,87.5734,6.7691,22.036881280780992,100.0,100.0,99.0,0.2749,28.6289,4.3984,16.3943,24.8019,24.8019,
camel.ee.nctu.edu.tw,103,cub,hiresnet50.tv_in1k,False,,,,adamw,0.05,1e-05,,0,200,448,8,600,5794,,,,3.0,51.5878,77.9945,92.4232,4.2227,54.08014766773464,100.0,100.0,99.8333,0.0294,39.9296,4.3984,16.3943,24.8019,24.8019,
camel.ee.nctu.edu.tw,103,cub,hiresnet50.tv_in1k,False,,,,adamw,0.05,5e-05,,0,200,448,8,200,5794,,,,1.0,20.6075,58.7332,83.8971,6.6068,24.4702711725421,100.0,100.0,100.0,0.0199,29.0322,4.3984,16.3943,24.8019,24.8019,
camel.ee.nctu.edu.tw,103,cub,hiresnet50.tv_in1k,False,,,,adamw,0.05,5e-05,,0,200,448,8,600,5794,,,,3.0,53.9351,78.8574,92.475,3.6175,56.28730384840397,100.0,100.0,99.8333,0.0024,40.0881,4.3984,16.3943,24.8019,24.8019,
camel.ee.nctu.edu.tw,103,cub,hiresnet50.tv_in1k,False,,,,adamw,0.05,0.0001,,0,200,448,8,200,5794,,,,1.0,20.4177,58.1118,84.8809,6.5884,24.35204947322874,100.0,100.0,100.0,0.0043,29.1098,4.3984,16.3943,24.8019,24.8019,
camel.ee.nctu.edu.tw,103,cub,hiresnet50.tv_in1k,False,,,,adamw,0.05,0.0001,,0,200,448,8,600,5794,,,,3.0,52.5198,78.6848,92.4577,3.6188,54.9573705030783,100.0,100.0,100.0,0.0005,40.6288,4.3984,16.3943,24.8019,24.8019,
camel.ee.nctu.edu.tw,103,cub,hiresnet50.tv_in1k,False,,,,adamw,0.05,0.0005,,0,200,448,8,200,5794,,,,1.0,11.3911,49.603,80.6351,8.9224,15.617256640753508,100.0,100.0,100.0,0.0005,28.8713,4.3984,16.3943,24.8019,24.8019,
camel.ee.nctu.edu.tw,103,cub,hiresnet50.tv_in1k,False,,,,adamw,0.05,0.0005,,0,200,448,8,600,5794,,,,3.0,28.3397,67.0694,86.0718,7.0911,31.86321935756757,100.0,99.8333,100.0,0.003,40.4896,4.3984,16.3943,24.8019,24.8019,
camel.ee.nctu.edu.tw,103,cub,hiresnet50.tv_in1k,False,,,,adamw,0.05,0.001,,0,200,448,8,200,5794,,,,1.0,7.5595,41.4912,76.4929,13.1477,11.76674591328896,100.0,100.0,100.0,0.0011,29.0467,4.3984,16.3943,24.8019,24.8019,
camel.ee.nctu.edu.tw,103,cub,hiresnet50.tv_in1k,False,,,,adamw,0.05,0.001,,0,200,448,8,600,5794,,,,3.0,16.7242,50.1208,78.9783,11.5652,20.523740764689393,100.0,99.8333,99.6667,0.0098,40.0025,4.3984,16.3943,24.8019,24.8019,
camel.ee.nctu.edu.tw,103,cub,hiresnet50.tv_in1k,False,,,,sgd,0.0,0.003,,0,200,448,8,200,5794,,,,1.0,15.913,57.6976,86.2444,6.7098,20.205538836516972,100.0,100.0,100.0,0.387,28.532,4.3984,16.3943,24.8019,24.8019,
camel.ee.nctu.edu.tw,103,cub,hiresnet50.tv_in1k,False,,,,sgd,0.0,0.003,,0,200,448,8,600,5794,,,,3.0,50.3797,77.7356,92.2679,3.9847,52.93625751749017,100.0,100.0,99.6667,0.0781,39.596,4.3984,16.3943,24.8019,24.8019,
camel.ee.nctu.edu.tw,103,cub,hiresnet50.tv_in1k,False,,,,sgd,0.0,0.01,,0,200,448,8,200,5794,,,,1.0,19.5202,60.4418,87.6596,6.2853,23.6789393593178,100.0,100.0,100.0,0.0107,28.6875,4.3984,16.3943,24.8019,24.8019,
camel.ee.nctu.edu.tw,103,cub,hiresnet50.tv_in1k,False,,,,sgd,0.0,0.01,,0,200,448,8,600,5794,,,,3.0,53.6072,79.1681,93.1826,3.4543,56.02258123589078,100.0,100.0,100.0,0.0035,39.3748,4.3984,16.3943,24.8019,24.8019,
camel.ee.nctu.edu.tw,103,cub,hiresnet50.tv_in1k,False,,,,sgd,0.0,0.03,,0,200,448,8,200,5794,,,,1.0,19.641,60.0276,87.6079,6.3174,23.78922019054842,100.0,100.0,100.0,0.0019,28.3908,4.3984,16.3943,24.8019,24.8019,
camel.ee.nctu.edu.tw,103,cub,hiresnet50.tv_in1k,False,,,,sgd,0.0,0.03,,0,200,448,8,600,5794,,,,3.0,52.8823,79.7722,93.0618,3.3986,55.33456173700817,100.0,100.0,100.0,0.0005,39.1506,4.3984,16.3943,24.8019,24.8019,
camel.ee.nctu.edu.tw,103,cub,hiresnet50.tv_in1k,False,,,,sgd,0.0,0.1,,0,200,448,8,200,5794,,,,1.0,14.049,53.262,83.6555,8.9621,18.297299618676274,100.0,100.0,100.0,0.0003,28.4444,4.3984,16.3943,24.8019,24.8019,
camel.ee.nctu.edu.tw,103,cub,hiresnet50.tv_in1k,False,,,,sgd,0.0,0.1,,0,200,448,8,600,5794,,,,3.0,36.1754,70.0552,88.35,7.5539,39.35972294473318,100.0,100.0,99.8333,0.0044,38.7695,4.3984,16.3943,24.8019,24.8019,
camel.ee.nctu.edu.tw,103,cub,hivit_base_patch16_224.dino,False,,,,adamw,0.05,5e-06,,0,200,448,8,200,5794,,,,1.0,13.4622,52.33,84.7083,7.6943,17.81055681691113,100.0,100.0,100.0,1.8196,35.1684,0.4121,78.51,86.7761,86.7761,
camel.ee.nctu.edu.tw,103,cub,hivit_base_patch16_224.dino,False,,,,adamw,0.05,1e-05,,0,200,448,8,200,5794,,,,1.0,14.9292,53.0376,84.3804,7.5169,19.168040112727915,100.0,100.0,99.5,1.383,35.2027,0.4121,78.51,86.7761,86.7761,
camel.ee.nctu.edu.tw,103,cub,hivit_base_patch16_224.dino,False,,,,adamw,0.05,5e-05,,0,200,448,8,200,5794,,,,1.0,19.8999,54.7981,82.9824,7.5603,23.750002025731657,100.0,100.0,100.0,0.0712,35.1005,0.4121,78.51,86.7761,86.7761,
camel.ee.nctu.edu.tw,103,cub,hivit_base_patch16_224.dino,False,,,,adamw,0.05,0.0001,,0,200,448,8,200,5794,,,,1.0,20.4867,56.1961,83.9834,7.775,24.362097102231388,100.0,100.0,100.0,0.0112,35.4536,0.4121,78.51,86.7761,86.7761,
camel.ee.nctu.edu.tw,103,cub,hivit_base_patch16_224.dino,False,,,,adamw,0.05,0.0005,,0,200,448,8,200,5794,,,,1.0,4.5737,26.9244,66.6724,15.2006,8.363759822772789,100.0,100.0,100.0,0.0005,35.0921,0.4121,78.51,86.7761,86.7761,
camel.ee.nctu.edu.tw,103,cub,hivit_base_patch16_224.dino,False,,,,adamw,0.05,0.001,,0,200,448,8,200,5794,,,,1.0,2.5716,21.5223,64.1698,17.2173,6.331140681391306,99.5,92.5,94.5,0.5683,35.265,0.4121,78.51,86.7761,86.7761,
camel.ee.nctu.edu.tw,103,cub,hivit_base_patch16_224.dino,False,,,,sgd,0.0,0.003,,0,200,448,8,200,5794,,,,1.0,13.8074,52.8478,85.4677,7.1761,18.18102262175052,100.0,100.0,100.0,1.1807,34.7489,0.4121,78.51,86.7761,86.7761,
camel.ee.nctu.edu.tw,103,cub,hivit_base_patch16_224.dino,False,,,,sgd,0.0,0.01,,0,200,448,8,200,5794,,,,1.0,15.8612,52.0711,83.7245,7.0544,20.0031277296734,100.0,100.0,100.0,0.0102,34.7932,0.4121,78.51,86.7761,86.7761,
camel.ee.nctu.edu.tw,103,cub,hivit_base_patch16_224.dino,False,,,,sgd,0.0,0.03,,0,200,448,8,200,5794,,,,1.0,15.6196,51.2254,83.0342,7.6004,19.734110566054248,100.0,100.0,100.0,0.0018,34.5277,0.4121,78.51,86.7761,86.7761,
camel.ee.nctu.edu.tw,103,cub,hivit_base_patch16_224.dino,False,,,,sgd,0.0,0.1,,0,200,448,8,200,5794,,,,1.0,6.8001,33.155,72.0573,14.6994,10.782969592957585,100.0,100.0,100.0,0.0003,34.6966,0.4121,78.51,86.7761,86.7761,
camel.ee.nctu.edu.tw,103,cub,hivit_base_patch16_224.in1k_mocov3,False,,,,adamw,0.05,5e-06,,0,200,448,8,200,5794,,,,1.0,8.6987,45.2537,82.6717,8.071,13.213442431137278,100.0,100.0,100.0,2.1231,35.0035,0.4121,78.51,86.7761,86.7761,
camel.ee.nctu.edu.tw,103,cub,hivit_base_patch16_224.in1k_mocov3,False,,,,adamw,0.05,1e-05,,0,200,448,8,200,5794,,,,1.0,9.4235,46.6344,83.9317,7.8315,13.970985040376885,100.0,100.0,100.0,1.6184,35.0117,0.4121,78.51,86.7761,86.7761,
camel.ee.nctu.edu.tw,103,cub,hivit_base_patch16_224.in1k_mocov3,False,,,,adamw,0.05,5e-05,,0,200,448,8,200,5794,,,,1.0,15.1363,53.0894,86.5896,7.0478,19.49734305036293,100.0,100.0,100.0,0.0956,34.9375,0.4121,78.51,86.7761,86.7761,
camel.ee.nctu.edu.tw,103,cub,hivit_base_patch16_224.in1k_mocov3,False,,,,adamw,0.05,0.0001,,0,200,448,8,200,5794,,,,1.0,18.2603,57.059,87.4871,6.8207,22.485378268923167,100.0,100.0,100.0,0.0143,34.9467,0.4121,78.51,86.7761,86.7761,
camel.ee.nctu.edu.tw,103,cub,hivit_base_patch16_224.in1k_mocov3,False,,,,adamw,0.05,0.0005,,0,200,448,8,200,5794,,,,1.0,13.7901,48.2741,80.7387,9.2166,17.876190522492912,100.0,100.0,100.0,0.0007,34.6208,0.4121,78.51,86.7761,86.7761,
camel.ee.nctu.edu.tw,103,cub,hivit_base_patch16_224.in1k_mocov3,False,,,,adamw,0.05,0.001,,0,200,448,8,200,5794,,,,1.0,6.8174,34.6738,70.1243,14.1798,10.681196834672749,100.0,100.0,100.0,0.0003,34.8994,0.4121,78.51,86.7761,86.7761,
camel.ee.nctu.edu.tw,103,cub,hivit_base_patch16_224.in1k_mocov3,False,,,,sgd,0.0,0.003,,0,200,448,8,200,5794,,,,1.0,17.7598,58.5951,88.4708,6.2308,22.075451211468557,100.0,100.0,100.0,0.5103,34.6417,0.4121,78.51,86.7761,86.7761,
camel.ee.nctu.edu.tw,103,cub,hivit_base_patch16_224.in1k_mocov3,False,,,,sgd,0.0,0.01,,0,200,448,8,200,5794,,,,1.0,19.175,60.321,89.5582,6.0566,23.47069414531141,100.0,100.0,100.0,0.0085,34.3575,0.4121,78.51,86.7761,86.7761,
camel.ee.nctu.edu.tw,103,cub,hivit_base_patch16_224.in1k_mocov3,False,,,,sgd,0.0,0.03,,0,200,448,8,200,5794,,,,1.0,20.6248,61.4084,90.0932,6.1222,24.86464061089584,100.0,100.0,100.0,0.0018,34.193,0.4121,78.51,86.7761,86.7761,
camel.ee.nctu.edu.tw,103,cub,hivit_base_patch16_224.in1k_mocov3,False,,,,sgd,0.0,0.1,,0,200,448,8,200,5794,,,,1.0,19.4166,57.5078,85.9165,7.8321,23.475312813481978,100.0,100.0,100.0,0.0003,34.3431,0.4121,78.51,86.7761,86.7761,
camel.ee.nctu.edu.tw,103,cub,hivit_base_patch16_224.mae,False,,,,adamw,0.05,5e-06,,0,200,448,8,200,5794,,,,1.0,4.0041,31.5326,71.7639,9.141,8.139713901867076,100.0,100.0,99.5,2.0772,35.5573,0.4121,78.51,86.7761,86.7761,
camel.ee.nctu.edu.tw,103,cub,hivit_base_patch16_224.mae,False,,,,adamw,0.05,1e-05,,0,200,448,8,200,5794,,,,1.0,4.3666,33.8454,73.1274,8.9584,8.563253876034945,100.0,100.0,99.5,1.5662,35.4329,0.4121,78.51,86.7761,86.7761,
camel.ee.nctu.edu.tw,103,cub,hivit_base_patch16_224.mae,False,,,,adamw,0.05,5e-05,,0,200,448,8,200,5794,,,,1.0,8.5261,42.3887,77.7356,8.6326,12.750117087289588,100.0,100.0,100.0,0.0889,35.6254,0.4121,78.51,86.7761,86.7761,
camel.ee.nctu.edu.tw,103,cub,hivit_base_patch16_224.mae,False,,,,adamw,0.05,0.0001,,0,200,448,8,200,5794,,,,1.0,10.4764,47.1522,79.7204,8.6696,14.702517255182226,100.0,100.0,100.0,0.0135,35.3587,0.4121,78.51,86.7761,86.7761,
camel.ee.nctu.edu.tw,103,cub,hivit_base_patch16_224.mae,False,,,,adamw,0.05,0.0005,,0,200,448,8,200,5794,,,,1.0,7.853,37.8322,75.8716,12.0069,12.004323721641782,100.0,100.0,100.0,0.0006,35.4879,0.4121,78.51,86.7761,86.7761,
camel.ee.nctu.edu.tw,103,cub,hivit_base_patch16_224.mae,False,,,,adamw,0.05,0.001,,0,200,448,8,200,5794,,,,1.0,4.9879,29.2371,68.3638,15.7077,8.855931585370005,100.0,100.0,100.0,0.0007,35.2964,0.4121,78.51,86.7761,86.7761,
camel.ee.nctu.edu.tw,103,cub,hivit_base_patch16_224.mae,False,,,,sgd,0.0,0.003,,0,200,448,8,200,5794,,,,1.0,4.2458,32.2402,72.6614,8.7182,8.421371631005687,100.0,100.0,100.0,2.3688,34.7498,0.4121,78.51,86.7761,86.7761,
camel.ee.nctu.edu.tw,103,cub,hivit_base_patch16_224.mae,False,,,,sgd,0.0,0.01,,0,200,448,8,200,5794,,,,1.0,6.8692,38.9541,77.3731,8.5873,11.172234187543856,100.0,100.0,100.0,0.0146,35.0271,0.4121,78.51,86.7761,86.7761,
camel.ee.nctu.edu.tw,103,cub,hivit_base_patch16_224.mae,False,,,,sgd,0.0,0.03,,0,200,448,8,200,5794,,,,1.0,9.1474,46.2375,81.2392,8.4517,13.547364036942865,100.0,100.0,100.0,0.0019,34.8415,0.4121,78.51,86.7761,86.7761,
camel.ee.nctu.edu.tw,103,cub,hivit_base_patch16_224.mae,False,,,,sgd,0.0,0.1,,0,200,448,8,200,5794,,,,1.0,8.4052,42.9755,77.1833,12.0252,12.602967939960555,100.0,100.0,100.0,0.0004,34.8024,0.4121,78.51,86.7761,86.7761,
camel.ee.nctu.edu.tw,103,cub,hivit_base_patch16_224.orig_in21k,False,,,,adamw,0.05,5e-06,,0,200,448,8,200,5794,,,,1.0,15.3089,66.5689,88.4191,7.0386,19.771059911418806,100.0,100.0,99.5,2.171,34.5629,0.4121,78.51,86.7761,86.7761,
camel.ee.nctu.edu.tw,103,cub,hivit_base_patch16_224.orig_in21k,False,,,,adamw,0.05,1e-05,,0,200,448,8,200,5794,,,,1.0,17.0521,67.5354,89.0231,6.766,21.44471940375425,100.0,100.0,99.5,1.658,34.5721,0.4121,78.51,86.7761,86.7761,
camel.ee.nctu.edu.tw,103,cub,hivit_base_patch16_224.orig_in21k,False,,,,adamw,0.05,5e-05,,0,200,448,8,200,5794,,,,1.0,28.892,72.0573,90.3521,5.745,32.64304501499852,100.0,100.0,100.0,0.1054,34.6581,0.4121,78.51,86.7761,86.7761,
camel.ee.nctu.edu.tw,103,cub,hivit_base_patch16_224.orig_in21k,False,,,,adamw,0.05,0.0001,,0,200,448,8,200,5794,,,,1.0,36.6414,76.1823,91.8364,5.0472,40.01006383485587,100.0,100.0,100.0,0.0152,34.729,0.4121,78.51,86.7761,86.7761,
camel.ee.nctu.edu.tw,103,cub,hivit_base_patch16_224.orig_in21k,False,,,,adamw,0.05,0.0005,,0,200,448,8,200,5794,,,,1.0,16.6552,49.7066,75.4574,10.2334,20.24402773793839,100.0,100.0,100.0,0.0009,34.5415,0.4121,78.51,86.7761,86.7761,
camel.ee.nctu.edu.tw,103,cub,hivit_base_patch16_224.orig_in21k,False,,,,adamw,0.05,0.001,,0,200,448,8,200,5794,,,,1.0,6.1098,29.5133,66.5516,16.4654,9.798707097029304,100.0,100.0,100.0,0.0005,34.5927,0.4121,78.51,86.7761,86.7761,
camel.ee.nctu.edu.tw,103,cub,hivit_base_patch16_224.orig_in21k,False,,,,sgd,0.0,0.003,,0,200,448,8,200,5794,,,,1.0,58.8712,90.7145,95.5816,2.6653,61.111786354995694,100.0,100.0,100.0,0.2277,34.3684,0.4121,78.51,86.7761,86.7761,
camel.ee.nctu.edu.tw,103,cub,hivit_base_patch16_224.orig_in21k,False,,,,sgd,0.0,0.01,,0,200,448,8,200,5794,,,,1.0,59.9758,91.2841,96.1857,2.301,62.18582927781857,100.0,100.0,100.0,0.0081,34.177,0.4121,78.51,86.7761,86.7761,
camel.ee.nctu.edu.tw,103,cub,hivit_base_patch16_224.orig_in21k,False,,,,sgd,0.0,0.03,,0,200,448,8,200,5794,,,,1.0,63.3069,92.1816,96.807,2.094,65.35148064778036,100.0,100.0,100.0,0.0018,33.8959,0.4121,78.51,86.7761,86.7761,
camel.ee.nctu.edu.tw,103,cub,hivit_base_patch16_224.orig_in21k,False,,,,sgd,0.0,0.1,,0,200,448,8,200,5794,,,,1.0,58.4225,86.1581,94.9948,3.4167,60.65461923537543,100.0,100.0,100.0,0.0003,34.2779,0.4121,78.51,86.7761,86.7761,
camel.ee.nctu.edu.tw,103,cub,hivit_base_patch16_224_miil.in21k,False,,,,adamw,0.05,5e-06,,0,200,448,8,200,5794,,,,1.0,5.6955,34.6738,72.7477,8.8167,9.787930204631309,100.0,100.0,100.0,2.2152,34.5561,0.4121,78.51,86.7484,86.7484,
camel.ee.nctu.edu.tw,103,cub,hivit_base_patch16_224_miil.in21k,False,,,,adamw,0.05,1e-05,,0,200,448,8,200,5794,,,,1.0,6.2478,36.0718,73.7487,8.6706,10.3676135746709,100.0,100.0,100.0,1.6827,34.5927,0.4121,78.51,86.7484,86.7484,
camel.ee.nctu.edu.tw,103,cub,hivit_base_patch16_224_miil.in21k,False,,,,adamw,0.05,5e-05,,0,200,448,8,200,5794,,,,1.0,10.3728,41.3531,77.6666,8.4824,14.47992986106722,100.0,100.0,100.0,0.1048,34.5092,0.4121,78.51,86.7484,86.7484,
camel.ee.nctu.edu.tw,103,cub,hivit_base_patch16_224_miil.in21k,False,,,,adamw,0.05,0.0001,,0,200,448,8,200,5794,,,,1.0,11.3566,43.7694,78.9955,8.6524,15.48477379059769,100.0,100.0,100.0,0.015,34.5439,0.4121,78.51,86.7484,86.7484,
camel.ee.nctu.edu.tw,103,cub,hivit_base_patch16_224_miil.in21k,False,,,,adamw,0.05,0.0005,,0,200,448,8,200,5794,,,,1.0,11.3393,40.9044,73.4035,12.1319,15.12727266834235,100.0,100.0,100.0,0.0008,34.5335,0.4121,78.51,86.7484,86.7484,
camel.ee.nctu.edu.tw,103,cub,hivit_base_patch16_224_miil.in21k,False,,,,adamw,0.05,0.001,,0,200,448,8,200,5794,,,,1.0,5.5575,30.0138,67.8978,14.9423,9.362283469543527,100.0,100.0,100.0,0.0004,34.7024,0.4121,78.51,86.7484,86.7484,
camel.ee.nctu.edu.tw,103,cub,hivit_base_patch16_224_miil.in21k,False,,,,sgd,0.0,0.003,,0,200,448,8,200,5794,,,,1.0,13.8937,46.6344,77.494,7.474,17.77539011540188,100.0,100.0,100.0,0.9978,33.9616,0.4121,78.51,86.7484,86.7484,
camel.ee.nctu.edu.tw,103,cub,hivit_base_patch16_224_miil.in21k,False,,,,sgd,0.0,0.01,,0,200,448,8,200,5794,,,,1.0,15.2399,49.3441,78.4432,7.7924,19.097382592644813,100.0,100.0,100.0,0.0096,33.8631,0.4121,78.51,86.7484,86.7484,
camel.ee.nctu.edu.tw,103,cub,hivit_base_patch16_224_miil.in21k,False,,,,sgd,0.0,0.03,,0,200,448,8,200,5794,,,,1.0,20.5212,56.1098,82.1194,7.3408,24.28074371901643,100.0,100.0,100.0,0.0018,33.9166,0.4121,78.51,86.7484,86.7484,
camel.ee.nctu.edu.tw,103,cub,hivit_base_patch16_224_miil.in21k,False,,,,sgd,0.0,0.1,,0,200,448,8,200,5794,,,,1.0,22.9893,58.5778,83.9834,9.2241,26.71194582059148,100.0,100.0,100.0,0.0003,34.1195,0.4121,78.51,86.7484,86.7484,
camel.ee.nctu.edu.tw,103,cub,hivit_base_patch16_clip_224.laion2b,False,,,,adamw,0.05,5e-06,,0,200,448,8,200,5794,,,,1.0,11.9089,50.2934,84.5702,7.6572,16.34360298252523,100.0,100.0,100.0,1.7096,35.4536,0.4121,78.5106,86.7769,86.7769,
camel.ee.nctu.edu.tw,103,cub,hivit_base_patch16_clip_224.laion2b,False,,,,adamw,0.05,1e-05,,0,200,448,8,200,5794,,,,1.0,13.7211,51.5016,84.1215,7.5368,18.01782967972372,100.0,100.0,100.0,1.2752,35.2751,0.4121,78.5106,86.7769,86.7769,
camel.ee.nctu.edu.tw,103,cub,hivit_base_patch16_clip_224.laion2b,False,,,,adamw,0.05,5e-05,,0,200,448,8,200,5794,,,,1.0,18.8643,57.922,84.8291,7.2547,22.890362541142608,100.0,100.0,100.0,0.059,35.3404,0.4121,78.5106,86.7769,86.7769,
camel.ee.nctu.edu.tw,103,cub,hivit_base_patch16_clip_224.laion2b,False,,,,adamw,0.05,0.0001,,0,200,448,8,200,5794,,,,1.0,17.2247,54.4356,84.5357,8.4314,21.33289901646677,100.0,100.0,100.0,0.009,35.4823,0.4121,78.5106,86.7769,86.7769,
camel.ee.nctu.edu.tw,103,cub,hivit_base_patch16_clip_224.laion2b,False,,,,adamw,0.05,0.0005,,0,200,448,8,200,5794,,,,1.0,2.7615,20.5212,66.5516,17.5954,6.654771570395795,100.0,99.5,100.0,0.0164,35.3056,0.4121,78.5106,86.7769,86.7769,
camel.ee.nctu.edu.tw,103,cub,hivit_base_patch16_clip_224.laion2b,False,,,,adamw,0.05,0.001,,0,200,448,8,200,5794,,,,1.0,2.2955,18.4156,64.0318,18.1859,6.063419986030555,100.0,94.5,97.0,0.4811,35.3533,0.4121,78.5106,86.7769,86.7769,
camel.ee.nctu.edu.tw,103,cub,hivit_base_patch16_clip_224.laion2b,False,,,,sgd,0.0,0.003,,0,200,448,8,200,5794,,,,1.0,2.727,25.302,68.5192,9.6385,6.7424452363704725,100.0,100.0,100.0,2.569,34.9476,0.4121,78.5106,86.7769,86.7769,
camel.ee.nctu.edu.tw,103,cub,hivit_base_patch16_clip_224.laion2b,False,,,,sgd,0.0,0.01,,0,200,448,8,200,5794,,,,1.0,2.9513,24.9914,68.0014,12.2066,6.921519914562742,100.0,100.0,100.0,0.0199,34.8863,0.4121,78.5106,86.7769,86.7769,
camel.ee.nctu.edu.tw,103,cub,hivit_base_patch16_clip_224.laion2b,False,,,,sgd,0.0,0.03,,0,200,448,8,200,5794,,,,1.0,3.8661,26.631,66.2409,14.6415,7.672985328841071,100.0,100.0,100.0,0.0024,34.6892,0.4121,78.5106,86.7769,86.7769,
camel.ee.nctu.edu.tw,103,cub,hivit_base_patch16_clip_224.laion2b,False,,,,sgd,0.0,0.1,,0,200,448,8,200,5794,,,,1.0,2.4163,18.243,63.9109,24.0804,6.16948729542136,100.0,100.0,100.0,0.0053,34.635,0.4121,78.5106,86.7769,86.7769,
camel.ee.nctu.edu.tw,103,cub,hivit_base_patch16_siglip_224.v2_webli,False,,,,adamw,0.05,5e-06,,0,200,448,8,200,5794,,,,1.0,7.8184,38.5916,77.1833,8.5867,12.051968930138187,100.0,100.0,99.5,1.7591,36.0277,0.4512,79.3281,93.8617,93.8617,
camel.ee.nctu.edu.tw,103,cub,hivit_base_patch16_siglip_224.v2_webli,False,,,,adamw,0.05,1e-05,,0,200,448,8,200,5794,,,,1.0,9.4581,42.1298,78.0808,8.3895,13.646300770912436,100.0,100.0,100.0,1.3245,36.1333,0.4512,79.3281,93.8617,93.8617,
camel.ee.nctu.edu.tw,103,cub,hivit_base_patch16_siglip_224.v2_webli,False,,,,adamw,0.05,5e-05,,0,200,448,8,200,5794,,,,1.0,15.5506,52.5716,82.6372,7.6523,19.645059402555013,100.0,100.0,100.0,0.0711,36.2317,0.4512,79.3281,93.8617,93.8617,
camel.ee.nctu.edu.tw,103,cub,hivit_base_patch16_siglip_224.v2_webli,False,,,,adamw,0.05,0.0001,,0,200,448,8,200,5794,,,,1.0,17.311,55.4021,83.2585,7.6154,21.33597812858048,100.0,100.0,100.0,0.0115,36.4465,0.4512,79.3281,93.8617,93.8617,
camel.ee.nctu.edu.tw,103,cub,hivit_base_patch16_siglip_224.v2_webli,False,,,,adamw,0.05,0.0005,,0,200,448,8,200,5794,,,,1.0,3.1757,22.6096,65.8612,17.0196,7.001576829519286,100.0,100.0,100.0,0.0157,36.1783,0.4512,79.3281,93.8617,93.8617,
camel.ee.nctu.edu.tw,103,cub,hivit_base_patch16_siglip_224.v2_webli,False,,,,adamw,0.05,0.001,,0,200,448,8,200,5794,,,,1.0,1.8295,17.6907,62.5129,19.8579,5.533164468342676,100.0,95.5,95.5,0.3691,36.2794,0.4512,79.3281,93.8617,93.8617,
camel.ee.nctu.edu.tw,103,cub,hivit_base_patch16_siglip_224.v2_webli,False,,,,sgd,0.0,0.003,,0,200,448,8,200,5794,,,,1.0,6.1961,38.6779,77.2696,8.4513,10.533885628811417,100.0,100.0,100.0,2.1727,35.7556,0.4512,79.3281,93.8617,93.8617,
camel.ee.nctu.edu.tw,103,cub,hivit_base_patch16_siglip_224.v2_webli,False,,,,sgd,0.0,0.01,,0,200,448,8,200,5794,,,,1.0,13.583,52.0538,82.9651,7.2613,17.817606363066215,100.0,100.0,100.0,0.0154,35.4889,0.4512,79.3281,93.8617,93.8617,
camel.ee.nctu.edu.tw,103,cub,hivit_base_patch16_siglip_224.v2_webli,False,,,,sgd,0.0,0.03,,0,200,448,8,200,5794,,,,1.0,18.3293,56.7138,85.6231,7.1674,22.436436592168363,100.0,100.0,100.0,0.0019,35.4669,0.4512,79.3281,93.8617,93.8617,
camel.ee.nctu.edu.tw,103,cub,hivit_base_patch16_siglip_224.v2_webli,False,,,,sgd,0.0,0.1,,0,200,448,8,200,5794,,,,1.0,9.5789,41.9399,74.6117,13.1619,13.548012271072066,100.0,100.0,100.0,0.0005,35.8217,0.4512,79.3281,93.8617,93.8617,
